sample_index,pc_time_ns,experiment_time_s,phase_code,phase_name,frame_index,frame_time_ns,stimulus_active,stimulus_on_mask,serial_channel_count,sequence,device_time_us,device_time_unwrapped_us,protocol_version,ch1,ch2,ch3,ch4,ch5,ch6,ch7,ch8,ch9,ch10,ch11,ch12,ch13,ch14,ch15,ch16,crc_ok,sequence_gap,parse_error
0,110495394121300,0.0199494,1,fixation_before,2,110495389521500,0,0,16,1,1699283495,1699283495,2,164833,164411,166181,168154,1436806,879674,1471578,458320,125186,124363,127403,127439,1266244,1272319,1777361,1021455,1,0,
1,110495394121300,0.0199494,1,fixation_before,2,110495389521500,0,0,16,2,1699284499,1699284499,2,164860,164432,166195,168174,1436823,879702,1471608,458341,125227,124401,127433,127481,1266269,1272331,1777375,1021481,1,0,
2,110495394121300,0.0199494,1,fixation_before,2,110495389521500,0,0,16,3,1699285504,1699285504,2,164763,164337,166095,168087,1436744,879615,1471522,458239,125135,124319,127356,127374,1266159,1272227,1777264,1021359,1,0,
3,110495394121300,0.0199494,1,fixation_before,2,110495389521500,0,0,16,4,1699286509,1699286509,2,164606,164191,165940,167939,1436609,879471,1471364,458080,124981,124176,127213,127221,1265996,1272064,1777095,1021175,1,0,
4,110495394121300,0.0199494,1,fixation_before,2,110495389521500,0,0,16,5,1699287514,1699287514,2,164520,164106,165862,167854,1436525,879385,1471292,457986,124898,124102,127131,127152,1265904,1271977,1776999,1021076,1,0,
5,110495394121300,0.0199494,1,fixation_before,2,110495389521500,0,0,16,6,1699288519,1699288519,2,164538,164116,165869,167858,1436546,879399,1471302,457999,124930,124138,127162,127181,1265923,1271994,1777019,1021100,1,0,
6,110495394121300,0.0199494,1,fixation_before,2,110495389521500,0,0,16,7,1699289523,1699289523,2,164709,164268,166024,168003,1436700,879561,1471469,458157,125119,124312,127332,127348,1266084,1272161,1777179,1021271,1,0,
7,110495401069200,0.0268973,1,fixation_before,2,110495389521500,0,0,16,8,1699290528,1699290528,2,164777,164337,166099,168066,1436764,879630,1471544,458215,125201,124399,127417,127428,1266154,1272226,1777238,1021338,1,0,
8,110495401069200,0.0268973,1,fixation_before,2,110495389521500,0,0,16,9,1699291533,1699291533,2,164356,163971,165741,167733,1436428,879285,1471186,457826,124782,124026,127053,127078,1265784,1271853,1776843,1020920,1,0,
9,110495401069200,0.0268973,1,fixation_before,2,110495389521500,0,0,16,10,1699292538,1699292538,2,164302,163932,165706,167712,1436431,879276,1471185,457798,124730,123988,127020,127060,1265788,1271859,1776830,1020907,1,0,
10,110495401069200,0.0268973,1,fixation_before,2,110495389521500,0,0,16,11,1699293543,1699293543,2,164422,164051,165821,167826,1436584,879431,1471341,457948,124873,124123,127151,127201,1265964,1272025,1777008,1021084,1,0,
11,110495401069200,0.0268973,1,fixation_before,2,110495389521500,0,0,16,12,1699294548,1699294548,2,164529,164147,165913,167904,1436706,879552,1471470,458065,124989,124224,127258,127310,1266097,1272161,1777153,1021226,1,0,
12,110495401069200,0.0268973,1,fixation_before,2,110495389521500,0,0,16,13,1699295553,1699295553,2,164601,164216,165965,167958,1436784,879636,1471553,458153,125069,124296,127332,127381,1266194,1272261,1777250,1021332,1,0,
13,110495401069200,0.0268973,1,fixation_before,2,110495389521500,0,0,16,14,1699296557,1699296557,2,164662,164264,165996,167990,1436838,879694,1471617,458206,125134,124359,127381,127439,1266258,1272331,1777313,1021426,1,0,
14,110495408417300,0.0342454,1,fixation_before,3,110495408393900,0,0,16,15,1699297562,1699297562,2,164821,164386,166112,168121,1436980,879839,1471761,458349,125295,124506,127529,127587,1266404,1272479,1777478,1021597,1,0,
15,110495408417300,0.0342454,1,fixation_before,3,110495408393900,0,0,16,16,1699298567,1699298567,2,164854,164417,166129,168148,1437023,879871,1471798,458375,125351,124566,127579,127629,1266438,1272518,1777513,1021641,1,0,
16,110495408417300,0.0342454,1,fixation_before,3,110495408393900,0,0,16,17,1699299572,1699299572,2,164619,164211,165925,167944,1436818,879668,1471588,458142,125134,124374,127386,127431,1266229,1272308,1777298,1021421,1,0,
17,110495408417300,0.0342454,1,fixation_before,3,110495408393900,0,0,16,18,1699300577,1699300577,2,164586,164176,165907,167911,1436799,879653,1471571,458111,125118,124353,127361,127414,1266219,1272306,1777292,1021418,1,0,
18,110495408417300,0.0342454,1,fixation_before,3,110495408393900,0,0,16,19,1699301582,1699301582,2,164601,164188,165912,167911,1436806,879656,1471588,458121,125139,124373,127375,127432,1266241,1272324,1777311,1021437,1,0,
19,110495408417300,0.0342454,1,fixation_before,3,110495408393900,0,0,16,20,1699302587,1699302587,2,164539,164136,165849,167846,1436763,879605,1471529,458054,125108,124335,127328,127389,1266183,1272262,1777253,1021389,1,0,
20,110495408417300,0.0342454,1,fixation_before,3,110495408393900,0,0,16,21,1699303592,1699303592,2,164556,164152,165872,167863,1436788,879629,1471547,458067,125147,124368,127361,127414,1266198,1272284,1777274,1021416,1,0,
21,110495415043600,0.0408717,1,fixation_before,3,110495408393900,0,0,16,22,1699304597,1699304597,2,164574,164174,165893,167886,1436813,879658,1471579,458095,125181,124401,127399,127446,1266222,1272304,1777296,1021435,1,0,
22,110495415043600,0.0408717,1,fixation_before,3,110495408393900,0,0,16,23,1699305601,1699305601,2,164471,164069,165790,167796,1436715,879561,1471481,457980,125088,124301,127304,127346,1266108,1272187,1777174,1021305,1,0,
23,110495415043600,0.0408717,1,fixation_before,3,110495408393900,0,0,16,24,1699306606,1699306606,2,164293,163899,165625,167631,1436554,879389,1471313,457791,124917,124138,127148,127169,1265927,1272006,1776975,1021107,1,0,
24,110495415043600,0.0408717,1,fixation_before,3,110495408393900,0,0,16,25,1699307611,1699307611,2,164193,163801,165533,167522,1436463,879299,1471214,457687,124821,124043,127067,127076,1265831,1271910,1776859,1020993,1,0,
25,110495415043600,0.0408717,1,fixation_before,3,110495408393900,0,0,16,26,1699308616,1699308616,2,164226,163826,165557,167543,1436491,879330,1471246,457706,124854,124084,127103,127105,1265859,1271939,1776897,1021023,1,0,
26,110495415043600,0.0408717,1,fixation_before,3,110495408393900,0,0,16,27,1699309621,1699309621,2,164393,163986,165704,167693,1436649,879491,1471409,457866,125037,124263,127271,127273,1266021,1272098,1777063,1021195,1,0,
27,110495415043600,0.0408717,1,fixation_before,3,110495408393900,0,0,16,28,1699310626,1699310626,2,164458,164045,165758,167761,1436713,879554,1471468,457920,125108,124352,127340,127346,1266083,1272158,1777114,1021251,1,0,
28,110495422159700,0.0479878,1,fixation_before,3,110495408393900,0,0,16,29,1699311631,1699311631,2,164032,163665,165399,167409,1436368,879201,1471098,457515,124702,123971,126967,126980,1265702,1271774,1776723,1020820,1,0,
29,110495422159700,0.0479878,1,fixation_before,3,110495408393900,0,0,16,30,1699312636,1699312636,2,163968,163621,165381,167386,1436361,879203,1471097,457486,124656,123936,126953,126953,1265701,1271769,1776712,1020811,1,0,
30,110495422159700,0.0479878,1,fixation_before,3,110495408393900,0,0,16,31,1699313641,1699313641,2,164081,163727,165492,167489,1436499,879345,1471243,457628,124783,124048,127077,127086,1265858,1271932,1776866,1020984,1,0,
31,110495422159700,0.0479878,1,fixation_before,3,110495408393900,0,0,16,32,1699314646,1699314646,2,164191,163823,165579,167579,1436630,879468,1471378,457754,124908,124156,127184,127191,1266003,1272078,1777015,1021136,1,0,
32,110495422159700,0.0479878,1,fixation_before,3,110495408393900,0,0,16,33,1699315651,1699315651,2,164256,163873,165617,167632,1436704,879540,1471463,457818,124986,124224,127248,127250,1266087,1272166,1777104,1021237,1,0,
33,110495422159700,0.0479878,1,fixation_before,3,110495408393900,0,0,16,34,1699316656,1699316656,2,164313,163931,165657,167665,1436761,879595,1471526,457881,125051,124284,127304,127311,1266153,1272230,1777176,1021318,1,0,
34,110495422159700,0.0479878,1,fixation_before,3,110495408393900,0,0,16,35,1699317660,1699317660,2,164456,164057,165764,167772,1436886,879722,1471652,458012,125201,124419,127425,127450,1266296,1272366,1777323,1021486,1,0,
35,110495429011000,0.0548391,1,fixation_before,4,110495425046700,0,0,16,36,1699318665,1699318665,2,164484,164074,165790,167791,1436908,879742,1471671,458024,125253,124446,127454,127470,1266315,1272391,1777350,1021523,1,0,
36,110495429011000,0.0548391,1,fixation_before,4,110495425046700,0,0,16,37,1699319670,1699319670,2,164260,163869,165604,167599,1436716,879544,1471464,457808,125044,124241,127268,127275,1266106,1272197,1777136,1021306,1,0,
37,110495429011000,0.0548391,1,fixation_before,4,110495425046700,0,0,16,38,1699320675,1699320675,2,164243,163848,165590,167590,1436705,879539,1471459,457788,125041,124229,127263,127271,1266110,1272192,1777143,1021308,1,0,
38,110495429011000,0.0548391,1,fixation_before,4,110495425046700,0,0,16,39,1699321680,1699321680,2,164265,163848,165598,167591,1436721,879556,1471471,457788,125056,124249,127279,127289,1266119,1272201,1777154,1021333,1,0,
39,110495429011000,0.0548391,1,fixation_before,4,110495425046700,0,0,16,40,1699322685,1699322685,2,164230,163813,165557,167545,1436698,879516,1471436,457733,125026,124226,127251,127262,1266088,1272163,1777116,1021301,1,0,
40,110495429011000,0.0548391,1,fixation_before,4,110495425046700,0,0,16,41,1699323690,1699323690,2,164246,163831,165566,167559,1436700,879534,1471454,457749,125054,124250,127282,127281,1266100,1272182,1777128,1021319,1,0,
41,110495429011000,0.0548391,1,fixation_before,4,110495425046700,0,0,16,42,1699324694,1699324694,2,164263,163847,165564,167560,1436703,879538,1471454,457743,125073,124258,127304,127288,1266099,1272186,1777123,1021318,1,0,
42,110495436088500,0.0619166,1,fixation_before,4,110495425046700,0,0,16,43,1699325699,1699325699,2,164139,163721,165449,167440,1436588,879421,1471338,457606,124963,124148,127179,127170,1265965,1272042,1776981,1021165,1,0,
43,110495436088500,0.0619166,1,fixation_before,4,110495425046700,0,0,16,44,1699326704,1699326704,2,163936,163543,165286,167275,1436412,879245,1471156,457416,124789,123969,127009,126993,1265770,1271850,1776779,1020956,1,0,
44,110495436088500,0.0619166,1,fixation_before,4,110495425046700,0,0,16,45,1699327709,1699327709,2,163845,163453,165193,167190,1436329,879162,1471067,457321,124714,123894,126926,126913,1265676,1271763,1776686,1020855,1,0,
45,110495436088500,0.0619166,1,fixation_before,4,110495425046700,0,0,16,46,1699328714,1699328714,2,163871,163469,165211,167210,1436353,879182,1471084,457328,124751,123931,126951,126939,1265697,1271778,1776699,1020879,1,0,
46,110495436088500,0.0619166,1,fixation_before,4,110495425046700,0,0,16,47,1699329718,1699329718,2,164008,163608,165343,167336,1436486,879309,1471229,457456,124908,124080,127093,127086,1265834,1271918,1776836,1021019,1,0,
47,110495436088500,0.0619166,1,fixation_before,4,110495425046700,0,0,16,48,1699330723,1699330723,2,164025,163634,165356,167358,1436510,879332,1471266,457479,124951,124122,127121,127127,1265868,1271949,1776853,1021044,1,0,
48,110495436088500,0.0619166,1,fixation_before,4,110495425046700,0,0,16,49,1699331728,1699331728,2,163592,163246,164984,167009,1436160,878976,1470882,457071,124529,123743,126760,126758,1265491,1271563,1776452,1020618,1,0,
49,110495443293400,0.0691215,1,fixation_before,5,110495441311400,0,0,16,50,1699332733,1699332733,2,163553,163222,164968,166999,1436169,878990,1470893,457061,124486,123721,126754,126743,1265504,1271573,1776456,1020617,1,0,
50,110495443293400,0.0691215,1,fixation_before,5,110495441311400,0,0,16,51,1699333738,1699333738,2,163694,163344,165090,167128,1436331,879151,1471068,457223,124619,123864,126907,126890,1265678,1271755,1776639,1020806,1,0,
51,110495443293400,0.0691215,1,fixation_before,5,110495441311400,0,0,16,52,1699334743,1699334743,2,163815,163455,165191,167228,1436467,879290,1471210,457364,124748,123983,127034,127013,1265832,1271908,1776794,1020974,1,0,
52,110495443293400,0.0691215,1,fixation_before,5,110495441311400,0,0,16,53,1699335748,1699335748,2,163907,163531,165261,167287,1436555,879384,1471300,457459,124847,124066,127122,127095,1265932,1272013,1776894,1021090,1,0,
53,110495443293400,0.0691215,1,fixation_before,5,110495441311400,0,0,16,54,1699336752,1699336752,2,163978,163580,165309,167321,1436614,879447,1471371,457513,124934,124130,127183,127139,1265997,1272084,1776964,1021173,1,0,
54,110495443293400,0.0691215,1,fixation_before,5,110495441311400,0,0,16,55,1699337757,1699337757,2,164129,163697,165426,167448,1436749,879581,1471517,457653,125092,124276,127314,127267,1266139,1272229,1777119,1021347,1,0,
55,110495443293400,0.0691215,1,fixation_before,5,110495441311400,0,0,16,56,1699338762,1699338762,2,164154,163717,165428,167451,1436755,879594,1471527,457659,125118,124307,127341,127295,1266160,1272246,1777146,1021376,1,0,
56,110495450104600,0.0759327,1,fixation_before,5,110495441311400,0,0,16,57,1699339767,1699339767,2,163932,163530,165243,167257,1436571,879403,1471326,457433,124921,124114,127155,127119,1265968,1272056,1776946,1021168,1,0,
57,110495450104600,0.0759327,1,fixation_before,5,110495441311400,0,0,16,58,1699340772,1699340772,2,163911,163512,165234,167233,1436566,879389,1471315,457408,124911,124110,127140,127114,1265956,1272045,1776938,1021163,1,0,
58,110495450104600,0.0759327,1,fixation_before,5,110495441311400,0,0,16,59,1699341777,1699341777,2,163920,163505,165231,167220,1436578,879391,1471313,457407,124931,124134,127157,127129,1265971,1272054,1776958,1021182,1,0,
59,110495450104600,0.0759327,1,fixation_before,5,110495441311400,0,0,16,60,1699342782,1699342782,2,163875,163456,165181,167185,1436534,879350,1471278,457353,124897,124113,127122,127102,1265926,1272019,1776914,1021146,1,0,
60,110495450104600,0.0759327,1,fixation_before,5,110495441311400,0,0,16,61,1699343786,1699343786,2,163888,163464,165203,167196,1436543,879361,1471292,457349,124914,124132,127140,127123,1265931,1272026,1776918,1021154,1,0,
61,110495450104600,0.0759327,1,fixation_before,5,110495441311400,0,0,16,62,1699344791,1699344791,2,163905,163478,165214,167211,1436556,879376,1471309,457363,124951,124162,127173,127147,1265943,1272035,1776926,1021161,1,0,
62,110495450104600,0.0759327,1,fixation_before,5,110495441311400,0,0,16,63,1699345796,1699345796,2,163808,163372,165103,167111,1436454,879273,1471206,457249,124860,124056,127089,127039,1265827,1271924,1776801,1021029,1,0,
63,110495457113600,0.0829417,1,fixation_before,6,110495456540100,0,0,16,64,1699346801,1699346801,2,163637,163211,164943,166944,1436303,879118,1471041,457070,124703,123903,126917,126875,1265647,1271743,1776608,1020831,1,0,
64,110495457113600,0.0829417,1,fixation_before,6,110495456540100,0,0,16,65,1699347806,1699347806,2,163540,163123,164862,166860,1436225,879034,1470953,456977,124618,123821,126830,126802,1265551,1271648,1776509,1020728,1,0,
65,110495457113600,0.0829417,1,fixation_before,6,110495456540100,0,0,16,66,1699348811,1699348811,2,163561,163141,164871,166879,1436246,879060,1470969,456993,124651,123848,126859,126831,1265570,1271664,1776526,1020751,1,0,
66,110495457113600,0.0829417,1,fixation_before,6,110495456540100,0,0,16,67,1699349815,1699349815,2,163729,163287,165021,167023,1436391,879205,1471122,457146,124836,124023,127031,126979,1265733,1271826,1776682,1020918,1,0,
67,110495457113600,0.0829417,1,fixation_before,6,110495456540100,0,0,16,68,1699350820,1699350820,2,163782,163336,165078,167076,1436438,879263,1471182,457188,124901,124089,127092,127044,1265788,1271874,1776726,1020965,1,0,
68,110495457113600,0.0829417,1,fixation_before,6,110495456540100,0,0,16,69,1699351825,1699351825,2,163371,162966,164726,166739,1436096,878915,1470814,456793,124508,123712,126730,126700,1265416,1271505,1776338,1020545,1,0,
69,110495457113600,0.0829417,1,fixation_before,6,110495456540100,0,0,16,70,1699352830,1699352830,2,163334,162953,164723,166738,1436128,878936,1470826,456789,124481,123701,126729,126707,1265437,1271518,1776351,1020555,1,0,
70,110495464016700,0.0898448,1,fixation_before,6,110495456540100,0,0,16,71,1699353834,1699353834,2,163436,163054,164823,166852,1436259,879078,1470979,456923,124591,123821,126844,126829,1265600,1271680,1776501,1020723,1,0,
71,110495464016700,0.0898448,1,fixation_before,6,110495456540100,0,0,16,72,1699354839,1699354839,2,163547,163143,164914,166947,1436371,879199,1471102,457049,124706,123929,126953,126937,1265740,1271819,1776639,1020873,1,0,
72,110495464016700,0.0898448,1,fixation_before,6,110495456540100,0,0,16,73,1699355844,1699355844,2,163615,163201,164971,166991,1436442,879267,1471184,457116,124779,123997,127016,126998,1265810,1271904,1776726,1020970,1,0,
73,110495464016700,0.0898448,1,fixation_before,6,110495456540100,0,0,16,74,1699356849,1699356849,2,163671,163239,164989,167019,1436493,879310,1471234,457159,124832,124048,127069,127036,1265859,1271949,1776789,1021039,1,0,
74,110495464016700,0.0898448,1,fixation_before,6,110495456540100,0,0,16,75,1699357854,1699357854,2,163828,163366,165111,167140,1436624,879446,1471376,457306,124993,124194,127215,127174,1266009,1272103,1776941,1021214,1,0,
75,110495464016700,0.0898448,1,fixation_before,6,110495456540100,0,0,16,76,1699358859,1699358859,2,163861,163379,165141,167155,1436645,879471,1471393,457324,125038,124224,127245,127209,1266034,1272137,1776968,1021247,1,0,
76,110495464016700,0.0898448,1,fixation_before,6,110495456540100,0,0,16,77,1699359864,1699359864,2,163628,163165,164936,166952,1436441,879265,1471178,457084,124813,124009,127046,127008,1265811,1271927,1776750,1021013,1,0,
77,110495471071700,0.0968998,1,fixation_before,6,110495456540100,0,0,16,78,1699360868,1699360868,2,163608,163158,164910,166924,1436424,879246,1471164,457056,124796,124001,127028,126996,1265795,1271910,1776738,1021013,1,0,
78,110495471071700,0.0968998,1,fixation_before,6,110495456540100,0,0,16,79,1699361873,1699361873,2,163621,163170,164911,166935,1436443,879267,1471178,457065,124821,124035,127064,127015,1265823,1271934,1776759,1021046,1,0,
79,110495471071700,0.0968998,1,fixation_before,6,110495456540100,0,0,16,80,1699362878,1699362878,2,163584,163130,164868,166897,1436412,879239,1471145,457022,124793,124016,127044,127003,1265794,1271909,1776738,1021013,1,0,
80,110495471071700,0.0968998,1,fixation_before,6,110495456540100,0,0,16,81,1699363883,1699363883,2,163587,163137,164875,166901,1436415,879242,1471159,457018,124821,124024,127047,127032,1265806,1271911,1776739,1021024,1,0,
81,110495471071700,0.0968998,1,fixation_before,6,110495456540100,0,0,16,82,1699364888,1699364888,2,163606,163153,164896,166916,1436438,879262,1471173,457031,124857,124046,127058,127057,1265812,1271919,1776743,1021036,1,0,
82,110495471071700,0.0968998,1,fixation_before,6,110495456540100,0,0,16,83,1699365893,1699365893,2,163493,163048,164790,166804,1436333,879153,1471053,456906,124749,123938,126950,126953,1265682,1271781,1776606,1020892,1,0,
83,110495471071700,0.0968998,1,fixation_before,6,110495456540100,0,0,16,84,1699366898,1699366898,2,163328,162889,164644,166649,1436173,878994,1470886,456724,124585,123783,126788,126791,1265501,1271604,1776423,1020696,1,0,
84,110495478011500,0.1038396,1,fixation_before,7,110495474912400,0,0,16,85,1699367903,1699367903,2,163238,162807,164571,166566,1436099,878916,1470815,456634,124508,123721,126723,126725,1265411,1271515,1776332,1020600,1,0,
85,110495478011500,0.1038396,1,fixation_before,7,110495474912400,0,0,16,86,1699368907,1699368907,2,163283,162854,164604,166589,1436141,878949,1470855,456670,124559,123761,126774,126776,1265450,1271552,1776363,1020636,1,0,
86,110495478011500,0.1038396,1,fixation_before,7,110495474912400,0,0,16,87,1699369912,1699369912,2,163458,163013,164759,166743,1436296,879109,1471013,456826,124743,123926,126938,126945,1265614,1271717,1776523,1020804,1,0,
87,110495478011500,0.1038396,1,fixation_before,7,110495474912400,0,0,16,88,1699370917,1699370917,2,163474,163029,164792,166781,1436325,879143,1471042,456841,124771,123972,126977,126989,1265646,1271743,1776553,1020828,1,0,
88,110495478011500,0.1038396,1,fixation_before,7,110495474912400,0,0,16,89,1699371922,1699371922,2,163044,162660,164434,166431,1435974,878789,1470665,456434,124355,123583,126613,126623,1265266,1271359,1776151,1020397,1,0,
89,110495478011500,0.1038396,1,fixation_before,7,110495474912400,0,0,16,90,1699372927,1699372927,2,163027,162660,164438,166425,1436003,878817,1470699,456439,124340,123568,126623,126643,1265292,1271393,1776171,1020425,1,0,
90,110495478011500,0.1038396,1,fixation_before,7,110495474912400,0,0,16,91,1699373931,1699373931,2,163166,162788,164568,166550,1436155,878968,1470861,456590,124485,123707,126758,126786,1265465,1271571,1776336,1020598,1,0,
91,110495485043900,0.110872,1,fixation_before,7,110495474912400,0,0,16,92,1699374936,1699374936,2,163291,162897,164657,166654,1436278,879106,1471006,456725,124608,123833,126878,126891,1265616,1271718,1776482,1020758,1,0,
92,110495485043900,0.110872,1,fixation_before,7,110495474912400,0,0,16,93,1699375941,1699375941,2,163364,162954,164695,166684,1436349,879181,1471070,456796,124684,123897,126937,126947,1265687,1271795,1776571,1020854,1,0,
93,110495485043900,0.110872,1,fixation_before,7,110495474912400,0,0,16,94,1699376946,1699376946,2,163414,162999,164734,166713,1436393,879228,1471119,456835,124744,123949,126980,126990,1265736,1271846,1776628,1020921,1,0,
94,110495485043900,0.110872,1,fixation_before,7,110495474912400,0,0,16,95,1699377950,1699377950,2,163546,163118,164856,166819,1436517,879348,1471248,456963,124889,124093,127119,127126,1265877,1271984,1776775,1021091,1,0,
95,110495485043900,0.110872,1,fixation_before,7,110495474912400,0,0,16,96,1699378955,1699378955,2,163558,163115,164864,166818,1436519,879351,1471256,456958,124910,124104,127129,127139,1265883,1271993,1776785,1021098,1,0,
96,110495485043900,0.110872,1,fixation_before,7,110495474912400,0,0,16,97,1699379960,1699379960,2,163343,162909,164676,166629,1436332,879158,1471053,456734,124694,123907,126930,126949,1265679,1271783,1776573,1020877,1,0,
97,110495485043900,0.110872,1,fixation_before,7,110495474912400,0,0,16,98,1699380965,1699380965,2,163328,162892,164648,166622,1436316,879146,1471039,456711,124672,123901,126914,126942,1265667,1271776,1776564,1020879,1,0,
98,110495491998300,0.1178264,1,fixation_before,8,110495488829400,0,0,16,99,1699381969,1699381969,2,163324,162888,164635,166616,1436308,879146,1471032,456696,124676,123910,126919,126948,1265669,1271773,1776564,1020884,1,0,
99,110495491998300,0.1178264,1,fixation_before,8,110495488829400,0,0,16,100,1699382974,1699382974,2,163279,162849,164597,166582,1436271,879106,1470994,456656,124651,123875,126901,126916,1265628,1271740,1776533,1020844,1,0,
100,110495491998300,0.1178264,1,fixation_before,8,110495488829400,0,0,16,101,1699383979,1699383979,2,163288,162858,164614,166586,1436282,879118,1471008,456655,124691,123890,126924,126931,1265642,1271760,1776541,1020863,1,0,
101,110495491998300,0.1178264,1,fixation_before,8,110495488829400,0,0,16,102,1699384984,1699384984,2,163318,162868,164631,166594,1436301,879132,1471023,456666,124734,123906,126949,126946,1265643,1271760,1776539,1020872,1,0,
102,110495491998300,0.1178264,1,fixation_before,8,110495488829400,0,0,16,103,1699385989,1699385989,2,163205,162739,164526,166486,1436186,879019,1470906,456536,124631,123794,126846,126838,1265506,1271625,1776396,1020730,1,0,
103,110495491998300,0.1178264,1,fixation_before,8,110495488829400,0,0,16,104,1699386993,1699386993,2,163036,162574,164363,166322,1436025,878855,1470728,456344,124464,123623,126685,126670,1265322,1271437,1776206,1020526,1,0,
104,110495491998300,0.1178264,1,fixation_before,8,110495488829400,0,0,16,105,1699387998,1699387998,2,162953,162483,164277,166239,1435947,878779,1470649,456250,124368,123558,126616,126590,1265240,1271350,1776114,1020424,1,0,
105,110495499058700,0.1248868,1,fixation_before,8,110495488829400,0,0,16,106,1699389003,1699389003,2,162993,162528,164313,166273,1435980,878824,1470683,456284,124418,123609,126655,126632,1265274,1271383,1776148,1020459,1,0,
106,110495499058700,0.1248868,1,fixation_before,8,110495488829400,0,0,16,107,1699390008,1699390008,2,163139,162675,164450,166411,1436124,878956,1470826,456425,124600,123767,126804,126786,1265421,1271533,1776286,1020619,1,0,
107,110495499058700,0.1248868,1,fixation_before,8,110495488829400,0,0,16,108,1699391013,1699391013,2,163150,162685,164453,166427,1436134,878964,1470837,456419,124618,123773,126828,126806,1265424,1271534,1776285,1020619,1,0,
108,110495499058700,0.1248868,1,fixation_before,8,110495488829400,0,0,16,109,1699392018,1699392018,2,162729,162316,164105,166079,1435786,878611,1470466,456015,124204,123401,126458,126444,1265042,1271155,1775884,1020184,1,0,
109,110495499058700,0.1248868,1,fixation_before,8,110495488829400,0,0,16,110,1699393023,1699393023,2,162716,162326,164117,166096,1435823,878651,1470504,456026,124191,123408,126474,126471,1265081,1271188,1775918,1020224,1,0,
110,110495499058700,0.1248868,1,fixation_before,8,110495488829400,0,0,16,111,1699394028,1699394028,2,162828,162428,164223,166211,1435957,878788,1470649,456159,124308,123531,126599,126598,1265241,1271347,1776073,1020389,1,0,
111,110495499058700,0.1248868,1,fixation_before,8,110495488829400,0,0,16,112,1699395033,1699395033,2,162931,162512,164308,166306,1436069,878903,1470770,456273,124419,123641,126706,126691,1265376,1271483,1776206,1020531,1,0,
112,110495506015100,0.1318432,1,fixation_before,9,110495506020000,0,0,16,113,1699396038,1699396038,2,163011,162567,164351,166363,1436144,878983,1470853,456354,124504,123717,126781,126747,1265457,1271569,1776295,1020630,1,0,
113,110495506015100,0.1318432,1,fixation_before,9,110495506020000,0,0,16,114,1699397043,1699397043,2,163064,162606,164386,166391,1436196,879036,1470909,456402,124558,123772,126838,126791,1265519,1271630,1776361,1020709,1,0,
114,110495506015100,0.1318432,1,fixation_before,9,110495506020000,0,0,16,115,1699398047,1699398047,2,163204,162736,164511,166513,1436323,879163,1471049,456538,124704,123917,126974,126932,1265660,1271770,1776516,1020874,1,0,
115,110495506015100,0.1318432,1,fixation_before,9,110495506020000,0,0,16,116,1699399052,1699399052,2,163228,162749,164530,166534,1436343,879181,1471063,456551,124739,123953,126994,126966,1265673,1271793,1776538,1020904,1,0,
116,110495506015100,0.1318432,1,fixation_before,9,110495506020000,0,0,16,117,1699400057,1699400057,2,163031,162559,164353,166370,1436169,878999,1470868,456341,124544,123776,126822,126785,1265484,1271604,1776344,1020704,1,0,
117,110495506015100,0.1318432,1,fixation_before,9,110495506020000,0,0,16,118,1699401062,1699401062,2,163043,162567,164371,166382,1436179,879013,1470880,456342,124562,123800,126833,126804,1265498,1271621,1776362,1020728,1,0,
118,110495506015100,0.1318432,1,fixation_before,9,110495506020000,0,0,16,119,1699402067,1699402067,2,163051,162577,164376,166389,1436181,879026,1470878,456341,124578,123821,126859,126826,1265506,1271629,1776368,1020742,1,0,
119,110495513024500,0.1388526,1,fixation_before,9,110495506020000,0,0,16,120,1699403071,1699403071,2,163013,162538,164330,166346,1436137,878981,1470833,456279,124533,123791,126820,126803,1265463,1271584,1776326,1020703,1,0,
120,110495513024500,0.1388526,1,fixation_before,9,110495506020000,0,0,16,121,1699404076,1699404076,2,163052,162561,164358,166370,1436163,879016,1470864,456301,124583,123833,126851,126838,1265489,1271613,1776354,1020736,1,0,
121,110495513024500,0.1388526,1,fixation_before,9,110495506020000,0,0,16,122,1699405081,1699405081,2,163084,162585,164367,166393,1436179,879029,1470882,456309,124621,123867,126870,126866,1265494,1271624,1776363,1020744,1,0,
122,110495513024500,0.1388526,1,fixation_before,9,110495506020000,0,0,16,123,1699406086,1699406086,2,162984,162483,164251,166281,1436066,878908,1470763,456184,124516,123751,126754,126756,1265370,1271491,1776220,1020599,1,0,
123,110495513024500,0.1388526,1,fixation_before,9,110495506020000,0,0,16,124,1699407091,1699407091,2,162825,162341,164098,166128,1435915,878756,1470608,456008,124368,123583,126612,126603,1265195,1271318,1776041,1020411,1,0,
124,110495513024500,0.1388526,1,fixation_before,9,110495506020000,0,0,16,125,1699408096,1699408096,2,162736,162280,164026,166044,1435844,878690,1470533,455931,124299,123525,126553,126532,1265116,1271234,1775952,1020324,1,0,
125,110495513024500,0.1388526,1,fixation_before,9,110495506020000,0,0,16,126,1699409101,1699409101,2,162781,162318,164074,166085,1435881,878729,1470572,455968,124361,123574,126610,126583,1265151,1271278,1775993,1020366,1,0,
126,110495520154500,0.1459826,1,fixation_before,9,110495506020000,0,0,16,127,1699410106,1699410106,2,162948,162464,164229,166215,1436021,878870,1470727,456101,124541,123723,126771,126740,1265293,1271428,1776141,1020528,1,0,
127,110495520154500,0.1459826,1,fixation_before,9,110495506020000,0,0,16,128,1699411111,1699411111,2,162941,162471,164232,166214,1436021,878871,1470717,456093,124551,123730,126794,126748,1265297,1271423,1776131,1020520,1,0,
128,110495520154500,0.1459826,1,fixation_before,9,110495506020000,0,0,16,129,1699412116,1699412116,2,162516,162094,163872,165869,1435680,878523,1470348,455691,124138,123344,126433,126385,1264929,1271038,1775732,1020085,1,0,
129,110495520154500,0.1459826,1,fixation_before,9,110495506020000,0,0,16,130,1699413121,1699413121,2,162508,162104,163889,165891,1435713,878563,1470385,455708,124134,123353,126441,126410,1264973,1271091,1775768,1020119,1,0,
130,110495520154500,0.1459826,1,fixation_before,9,110495506020000,0,0,16,131,1699414126,1699414126,2,162616,162215,164009,166002,1435845,878704,1470538,455843,124253,123464,126559,126541,1265119,1271239,1775919,1020287,1,0,
131,110495520154500,0.1459826,1,fixation_before,9,110495506020000,0,0,16,132,1699415130,1699415130,2,162723,162317,164116,166087,1435968,878829,1470669,455969,124378,123578,126660,126648,1265257,1271373,1776069,1020436,1,0,
132,110495520154500,0.1459826,1,fixation_before,9,110495506020000,0,0,16,133,1699416135,1699416135,2,162796,162384,164175,166133,1436039,878905,1470746,456044,124470,123654,126725,126720,1265344,1271466,1776164,1020538,1,0,
133,110495527081600,0.1529097,1,fixation_before,10,110495523775500,0,0,16,134,1699417140,1699417140,2,162851,162429,164224,166171,1436100,878966,1470799,456089,124537,123714,126785,126770,1265410,1271536,1776230,1020618,1,0,
134,110495527081600,0.1529097,1,fixation_before,10,110495523775500,0,0,16,135,1699418145,1699418145,2,163011,162563,164364,166296,1436238,879104,1470946,456237,124701,123879,126939,126914,1265561,1271688,1776383,1020793,1,0,
135,110495527081600,0.1529097,1,fixation_before,10,110495523775500,0,0,16,136,1699419150,1699419150,2,163018,162556,164349,166293,1436237,879086,1470945,456224,124699,123897,126950,126926,1265551,1271686,1776383,1020801,1,0,
136,110495527081600,0.1529097,1,fixation_before,10,110495523775500,0,0,16,137,1699420155,1699420155,2,162799,162356,164146,166108,1436035,878889,1470728,455996,124491,123697,126754,126729,1265341,1271473,1776168,1020586,1,0,
137,110495527081600,0.1529097,1,fixation_before,10,110495523775500,0,0,16,138,1699421160,1699421160,2,162809,162354,164141,166102,1436039,878888,1470723,455975,124498,123699,126749,126730,1265343,1271471,1776164,1020590,1,0,
138,110495527081600,0.1529097,1,fixation_before,10,110495523775500,0,0,16,139,1699422165,1699422165,2,162834,162359,164159,166110,1436045,878897,1470731,455984,124526,123727,126775,126754,1265355,1271488,1776185,1020613,1,0,
139,110495527081600,0.1529097,1,fixation_before,10,110495523775500,0,0,16,140,1699423170,1699423170,2,162787,162321,164118,166065,1435996,878852,1470684,455931,124490,123697,126738,126716,1265314,1271445,1776142,1020569,1,0,
140,110495534079600,0.1599077,1,fixation_before,10,110495523775500,0,0,16,141,1699424175,1699424175,2,162809,162343,164141,166084,1436022,878875,1470709,455941,124528,123737,126784,126752,1265332,1271466,1776171,1020586,1,0,
141,110495534079600,0.1599077,1,fixation_before,10,110495523775500,0,0,16,142,1699425180,1699425180,2,162821,162353,164147,166088,1436021,878878,1470708,455928,124548,123755,126790,126764,1265328,1271463,1776159,1020573,1,0,
142,110495534079600,0.1599077,1,fixation_before,10,110495523775500,0,0,16,143,1699426185,1699426185,2,162699,162239,164039,165978,1435902,878758,1470589,455799,124436,123644,126681,126654,1265196,1271319,1776011,1020426,1,0,
143,110495534079600,0.1599077,1,fixation_before,10,110495523775500,0,0,16,144,1699427190,1699427190,2,162537,162077,163873,165817,1435749,878599,1470427,455627,124267,123483,126538,126495,1265021,1271138,1775822,1020230,1,0,
144,110495534079600,0.1599077,1,fixation_before,10,110495523775500,0,0,16,145,1699428195,1699428195,2,162452,162004,163792,165733,1435661,878518,1470342,455526,124192,123402,126454,126416,1264928,1271046,1775724,1020133,1,0,
145,110495534079600,0.1599077,1,fixation_before,10,110495523775500,0,0,16,146,1699429200,1699429200,2,162488,162043,163827,165772,1435693,878559,1470375,455555,124248,123442,126484,126467,1264954,1271081,1775753,1020158,1,0,
146,110495534079600,0.1599077,1,fixation_before,10,110495523775500,0,0,16,147,1699430205,1699430205,2,162651,162184,163967,165910,1435835,878698,1470521,455697,124419,123608,126631,126640,1265098,1271226,1775908,1020323,1,0,
147,110495540990300,0.1668184,1,fixation_before,11,110495540280700,0,0,16,148,1699431209,1699431209,2,162655,162194,163970,165930,1435844,878704,1470528,455681,124429,123643,126653,126668,1265103,1271224,1775899,1020318,1,0,
148,110495540990300,0.1668184,1,fixation_before,11,110495540280700,0,0,16,149,1699432214,1699432214,2,162233,161835,163615,165595,1435498,878356,1470168,455293,124011,123272,126298,126308,1264741,1270854,1775501,1019899,1,0,
149,110495540990300,0.1668184,1,fixation_before,11,110495540280700,0,0,16,150,1699433219,1699433219,2,162239,161851,163649,165621,1435551,878409,1470216,455324,124018,123279,126328,126346,1264796,1270908,1775554,1019948,1,0,
150,110495540990300,0.1668184,1,fixation_before,11,110495540280700,0,0,16,151,1699434224,1699434224,2,162379,161981,163788,165751,1435714,878570,1470382,455484,124166,123406,126472,126506,1264975,1271083,1775735,1020135,1,0,
151,110495540990300,0.1668184,1,fixation_before,11,110495540280700,0,0,16,152,1699435229,1699435229,2,162497,162086,163887,165848,1435845,878696,1470515,455610,124293,123524,126587,126626,1265119,1271233,1775878,1020299,1,0,
152,110495540990300,0.1668184,1,fixation_before,11,110495540280700,0,0,16,153,1699436234,1699436234,2,162585,162168,163949,165904,1435927,878787,1470603,455699,124381,123618,126654,126703,1265216,1271336,1775984,1020408,1,0,
153,110495540990300,0.1668184,1,fixation_before,11,110495540280700,0,0,16,154,1699437239,1699437239,2,162638,162207,163989,165941,1435973,878839,1470657,455748,124429,123673,126700,126759,1265275,1271391,1776052,1020475,1,0,
154,110495548055400,0.1738835,1,fixation_before,11,110495540280700,0,0,16,155,1699438244,1699438244,2,162793,162331,164113,166060,1436096,878973,1470795,455886,124597,123811,126844,126900,1265416,1271533,1776198,1020643,1,0,
155,110495548055400,0.1738835,1,fixation_before,11,110495540280700,0,0,16,156,1699439249,1699439249,2,162779,162319,164106,166041,1436076,878948,1470779,455857,124607,123811,126836,126881,1265393,1271513,1776171,1020632,1,0,
156,110495548055400,0.1738835,1,fixation_before,11,110495540280700,0,0,16,157,1699440254,1699440254,2,162556,162133,163916,165866,1435892,878755,1470575,455639,124408,123624,126643,126693,1265192,1271317,1775964,1020418,1,0,
157,110495548055400,0.1738835,1,fixation_before,11,110495540280700,0,0,16,158,1699441259,1699441259,2,162558,162140,163913,165860,1435903,878755,1470568,455638,124411,123620,126640,126694,1265194,1271322,1775969,1020436,1,0,
158,110495548055400,0.1738835,1,fixation_before,11,110495540280700,0,0,16,159,1699442264,1699442264,2,162557,162129,163909,165848,1435889,878743,1470559,455621,124422,123623,126641,126678,1265189,1271315,1775965,1020446,1,0,
159,110495548055400,0.1738835,1,fixation_before,11,110495540280700,0,0,16,160,1699443269,1699443269,2,162525,162083,163869,165809,1435836,878699,1470523,455561,124402,123591,126609,126642,1265154,1271274,1775925,1020401,1,0,
160,110495548055400,0.1738835,1,fixation_before,11,110495540280700,0,0,16,161,1699444274,1699444274,2,162543,162098,163884,165819,1435841,878705,1470523,455562,124428,123620,126637,126659,1265154,1271287,1775936,1020408,1,0,
161,110495555092500,0.1809206,1,fixation_before,11,110495540280700,0,0,16,162,1699445279,1699445279,2,162554,162112,163894,165820,1435843,878711,1470530,455556,124449,123646,126649,126673,1265151,1271282,1775929,1020401,1,0,
162,110495555092500,0.1809206,1,fixation_before,11,110495540280700,0,0,16,163,1699446284,1699446284,2,162435,161998,163774,165711,1435731,878594,1470409,455421,124341,123531,126531,126548,1265016,1271144,1775778,1020246,1,0,
163,110495555092500,0.1809206,1,fixation_before,11,110495540280700,0,0,16,164,1699447289,1699447289,2,162269,161842,163614,165556,1435577,878439,1470244,455248,124181,123370,126375,126382,1264837,1270962,1775590,1020049,1,0,
164,110495555092500,0.1809206,1,fixation_before,11,110495540280700,0,0,16,165,1699448294,1699448294,2,162188,161767,163535,165475,1435500,878363,1470166,455154,124111,123298,126298,126301,1264754,1270875,1775501,1019962,1,0,
165,110495555092500,0.1809206,1,fixation_before,11,110495540280700,0,0,16,166,1699449299,1699449299,2,162255,161816,163583,165528,1435549,878418,1470215,455190,124173,123348,126357,126362,1264802,1270925,1775544,1020013,1,0,
166,110495555092500,0.1809206,1,fixation_before,11,110495540280700,0,0,16,167,1699450304,1699450304,2,162434,161987,163744,165684,1435698,878566,1470379,455355,124357,123523,126540,126545,1264966,1271090,1775708,1020187,1,0,
167,110495555092500,0.1809206,1,fixation_before,11,110495540280700,0,0,16,168,1699451308,1699451308,2,162429,161991,163748,165686,1435706,878569,1470378,455348,124361,123542,126547,126569,1264963,1271082,1775698,1020170,1,0,
168,110495562062200,0.1878903,1,fixation_before,12,110495556049700,0,0,16,169,1699452313,1699452313,2,162006,161624,163397,165339,1435357,878213,1470000,454939,123955,123161,126177,126204,1264583,1270704,1775304,1019738,1,0,
169,110495562062200,0.1878903,1,fixation_before,12,110495556049700,0,0,16,170,1699453318,1699453318,2,162026,161652,163431,165368,1435406,878263,1470051,454967,123963,123184,126213,126241,1264638,1270760,1775350,1019790,1,0,
170,110495562062200,0.1878903,1,fixation_before,12,110495556049700,0,0,16,171,1699454323,1699454323,2,162148,161761,163541,165488,1435545,878402,1470212,455102,124091,123307,126349,126369,1264803,1270914,1775511,1019968,1,0,
171,110495562062200,0.1878903,1,fixation_before,12,110495556049700,0,0,16,172,1699455328,1699455328,2,162256,161865,163641,165588,1435666,878537,1470340,455223,124214,123421,126453,126484,1264945,1271049,1775658,1020114,1,0,
172,110495562062200,0.1878903,1,fixation_before,12,110495556049700,0,0,16,173,1699456333,1699456333,2,162328,161936,163694,165638,1435739,878618,1470417,455299,124301,123491,126518,126555,1265018,1271137,1775742,1020214,1,0,
173,110495562062200,0.1878903,1,fixation_before,12,110495556049700,0,0,16,174,1699457338,1699457338,2,162401,161998,163748,165691,1435804,878684,1470492,455364,124390,123566,126597,126616,1265093,1271214,1775821,1020310,1,0,
174,110495562062200,0.1878903,1,fixation_before,12,110495556049700,0,0,16,175,1699458342,1699458342,2,162571,162149,163902,165832,1435951,878823,1470644,455518,124560,123729,126763,126779,1265251,1271378,1775989,1020494,1,0,
175,110495569172700,0.1950008,1,fixation_before,12,110495556049700,0,0,16,176,1699459347,1699459347,2,162564,162135,163884,165814,1435931,878806,1470626,455496,124554,123726,126755,126781,1265231,1271363,1775969,1020484,1,0,
176,110495569172700,0.1950008,1,fixation_before,12,110495556049700,0,0,16,177,1699460352,1699460352,2,162363,161953,163704,165647,1435753,878631,1470431,455288,124355,123541,126569,126606,1265039,1271174,1775773,1020278,1,0,
177,110495569172700,0.1950008,1,fixation_before,12,110495556049700,0,0,16,178,1699461357,1699461357,2,162373,161969,163721,165671,1435764,878641,1470445,455289,124373,123559,126579,126626,1265056,1271186,1775801,1020299,1,0,
178,110495569172700,0.1950008,1,fixation_before,12,110495556049700,0,0,16,179,1699462362,1699462362,2,162388,161970,163719,165668,1435762,878640,1470446,455284,124400,123569,126586,126633,1265055,1271194,1775801,1020315,1,0,
179,110495569172700,0.1950008,1,fixation_before,12,110495556049700,0,0,16,180,1699463367,1699463367,2,162354,161933,163678,165629,1435718,878600,1470398,455229,124368,123543,126552,126594,1265016,1271150,1775756,1020272,1,0,
180,110495569172700,0.1950008,1,fixation_before,12,110495556049700,0,0,16,181,1699464372,1699464372,2,162382,161964,163702,165666,1435744,878622,1470413,455246,124410,123576,126586,126626,1265038,1271172,1775774,1020299,1,0,
181,110495569172700,0.1950008,1,fixation_before,12,110495556049700,0,0,16,182,1699465377,1699465377,2,162420,162001,163736,165701,1435781,878654,1470446,455263,124456,123617,126618,126658,1265062,1271195,1775797,1020315,1,0,
182,110495576022100,0.2018502,1,fixation_before,13,110495573490000,0,0,16,183,1699466382,1699466382,2,162301,161887,163616,165594,1435666,878541,1470323,455126,124344,123499,126504,126537,1264929,1271061,1775652,1020163,1,0,
183,110495576022100,0.2018502,1,fixation_before,13,110495573490000,0,0,16,184,1699467387,1699467387,2,162143,161734,163461,165442,1435501,878380,1470155,454948,124178,123338,126358,126376,1264749,1270882,1775465,1019972,1,0,
184,110495576022100,0.2018502,1,fixation_before,13,110495573490000,0,0,16,185,1699468392,1699468392,2,162069,161678,163398,165381,1435444,878311,1470089,454866,124119,123284,126296,126316,1264669,1270811,1775381,1019881,1,0,
185,110495576022100,0.2018502,1,fixation_before,13,110495573490000,0,0,16,186,1699469397,1699469397,2,162119,161718,163438,165431,1435482,878356,1470139,454907,124182,123349,126351,126374,1264716,1270851,1775419,1019932,1,0,
186,110495576022100,0.2018502,1,fixation_before,13,110495573490000,0,0,16,187,1699470402,1699470402,2,162296,161885,163591,165591,1435636,878513,1470303,455067,124361,123529,126524,126544,1264888,1271019,1775586,1020111,1,0,
187,110495576022100,0.2018502,1,fixation_before,13,110495573490000,0,0,16,188,1699471407,1699471407,2,162271,161858,163583,165579,1435619,878498,1470289,455039,124349,123534,126533,126539,1264860,1270990,1775562,1020078,1,0,
188,110495576022100,0.2018502,1,fixation_before,13,110495573490000,0,0,16,189,1699472412,1699472412,2,161844,161484,163229,165229,1435266,878146,1469913,454628,123922,123148,126169,126175,1264482,1270606,1775157,1019645,1,0,
189,110495583043800,0.2088719,1,fixation_before,13,110495573490000,0,0,16,190,1699473417,1699473417,2,161854,161508,163267,165257,1435323,878206,1469963,454663,123927,123164,126208,126206,1264536,1270669,1775206,1019699,1,0,
190,110495583043800,0.2088719,1,fixation_before,13,110495573490000,0,0,16,191,1699474422,1699474422,2,161985,161623,163390,165378,1435474,878349,1470122,454813,124071,123292,126348,126341,1264704,1270831,1775373,1019865,1,0,
191,110495583043800,0.2088719,1,fixation_before,13,110495573490000,0,0,16,192,1699475427,1699475427,2,162104,161736,163493,165483,1435598,878473,1470254,454945,124198,123416,126468,126466,1264846,1270976,1775521,1020024,1,0,
192,110495583043800,0.2088719,1,fixation_before,13,110495573490000,0,0,16,193,1699476432,1699476432,2,162172,161789,163548,165529,1435666,878543,1470324,455010,124279,123491,126534,126528,1264923,1271057,1775604,1020125,1,0,
193,110495583043800,0.2088719,1,fixation_before,13,110495573490000,0,0,16,194,1699477437,1699477437,2,162249,161849,163598,165575,1435722,878606,1470390,455071,124358,123560,126599,126589,1264992,1271122,1775680,1020206,1,0,
194,110495583043800,0.2088719,1,fixation_before,13,110495573490000,0,0,16,195,1699478442,1699478442,2,162426,162007,163743,165711,1435873,878760,1470559,455229,124543,123733,126761,126747,1265158,1271298,1775858,1020405,1,0,
195,110495583043800,0.2088719,1,fixation_before,13,110495573490000,0,0,16,196,1699479447,1699479447,2,162414,161989,163731,165694,1435851,878742,1470534,455193,124526,123719,126749,126731,1265134,1271271,1775829,1020393,1,0,
196,110495590182900,0.216011,1,fixation_before,14,110495588068900,0,0,16,197,1699480452,1699480452,2,162206,161795,163550,165501,1435658,878541,1470321,454975,124321,123528,126563,126546,1264934,1271069,1775628,1020175,1,0,
197,110495590182900,0.216011,1,fixation_before,14,110495588068900,0,0,16,198,1699481457,1699481457,2,162222,161821,163563,165515,1435669,878550,1470329,454976,124341,123554,126579,126568,1264944,1271089,1775644,1020196,1,0,
198,110495590182900,0.216011,1,fixation_before,14,110495588068900,0,0,16,199,1699482462,1699482462,2,162233,161832,163583,165521,1435678,878561,1470346,454981,124361,123593,126599,126595,1264959,1271099,1775658,1020221,1,0,
199,110495590182900,0.216011,1,fixation_before,14,110495588068900,0,0,16,200,1699483467,1699483467,2,162190,161804,163559,165496,1435646,878524,1470310,454933,124343,123576,126584,126581,1264926,1271073,1775631,1020196,1,0,
200,110495590182900,0.216011,1,fixation_before,14,110495588068900,0,0,16,201,1699484472,1699484472,2,162215,161831,163572,165525,1435668,878543,1470326,454946,124379,123606,126612,126619,1264941,1271093,1775644,1020209,1,0,
201,110495590182900,0.216011,1,fixation_before,14,110495588068900,0,0,16,202,1699485477,1699485477,2,162224,161826,163574,165525,1435668,878544,1470320,454931,124398,123611,126622,126623,1264930,1271079,1775630,1020194,1,0,
202,110495590182900,0.216011,1,fixation_before,14,110495588068900,0,0,16,203,1699486482,1699486482,2,162096,161698,163458,165407,1435538,878412,1470189,454785,124287,123496,126490,126497,1264780,1270929,1775468,1020024,1,0,
203,110495597004300,0.2228324,1,fixation_before,14,110495588068900,0,0,16,204,1699487487,1699487487,2,161928,161548,163321,165246,1435384,878258,1470025,454611,124126,123338,126331,126348,1264610,1270750,1775279,1019844,1,0,
204,110495597004300,0.2228324,1,fixation_before,14,110495588068900,0,0,16,205,1699488492,1699488492,2,161850,161476,163257,165163,1435302,878193,1469956,454529,124060,123270,126257,126279,1264533,1270669,1775196,1019761,1,0,
205,110495597004300,0.2228324,1,fixation_before,14,110495588068900,0,0,16,206,1699489497,1699489497,2,161908,161529,163310,165218,1435354,878242,1470001,454574,124136,123343,126313,126345,1264581,1270716,1775241,1019810,1,0,
206,110495597004300,0.2228324,1,fixation_before,14,110495588068900,0,0,16,207,1699490502,1699490502,2,162101,161698,163467,165384,1435511,878401,1470166,454738,124331,123521,126497,126514,1264744,1270877,1775412,1019989,1,0,
207,110495597004300,0.2228324,1,fixation_before,14,110495588068900,0,0,16,208,1699491507,1699491507,2,162063,161683,163451,165364,1435488,878373,1470136,454698,124313,123506,126486,126513,1264712,1270856,1775367,1019941,1,0,
208,110495597004300,0.2228324,1,fixation_before,14,110495588068900,0,0,16,209,1699492512,1699492512,2,161640,161306,163093,165028,1435138,878016,1469758,454305,123884,123123,126120,126153,1264336,1270475,1774967,1019507,1,0,
209,110495597004300,0.2228324,1,fixation_before,14,110495588068900,0,0,16,210,1699493517,1699493517,2,161669,161321,163131,165076,1435205,878081,1469828,454343,123911,123162,126158,126199,1264404,1270541,1775034,1019566,1,0,
210,110495604168000,0.2299961,1,fixation_before,14,110495588068900,0,0,16,211,1699494522,1699494522,2,161792,161448,163251,165185,1435346,878223,1469981,454484,124049,123284,126282,126319,1264563,1270694,1775191,1019738,1,0,
211,110495604168000,0.2299961,1,fixation_before,14,110495588068900,0,0,16,212,1699495527,1699495527,2,161906,161554,163353,165283,1435459,878342,1470108,454601,124172,123403,126389,126420,1264697,1270828,1775337,1019893,1,0,
212,110495604168000,0.2299961,1,fixation_before,14,110495588068900,0,0,16,213,1699496532,1699496532,2,161988,161604,163414,165341,1435532,878416,1470179,454676,124245,123468,126451,126481,1264770,1270909,1775424,1019988,1,0,
213,110495604168000,0.2299961,1,fixation_before,14,110495588068900,0,0,16,214,1699497537,1699497537,2,162068,161664,163465,165390,1435591,878477,1470244,454737,124315,123538,126506,126549,1264843,1270985,1775489,1020071,1,0,
214,110495604168000,0.2299961,1,fixation_before,14,110495588068900,0,0,16,215,1699498542,1699498542,2,162233,161814,163596,165522,1435728,878621,1470389,454877,124478,123697,126659,126697,1264999,1271146,1775653,1020253,1,0,
215,110495604168000,0.2299961,1,fixation_before,14,110495588068900,0,0,16,216,1699499547,1699499547,2,162218,161786,163571,165498,1435699,878596,1470358,454844,124466,123680,126646,126693,1264964,1271116,1775623,1020225,1,0,
216,110495604168000,0.2299961,1,fixation_before,14,110495588068900,0,0,16,217,1699500552,1699500552,2,161996,161583,163380,165308,1435499,878391,1470152,454612,124249,123479,126450,126500,1264753,1270909,1775405,1020008,1,0,
217,110495611033100,0.2368612,1,fixation_before,15,110495605960400,0,0,16,218,1699501557,1699501557,2,162018,161620,163399,165324,1435519,878416,1470166,454619,124275,123499,126476,126522,1264777,1270936,1775438,1020043,1,0,
218,110495611033100,0.2368612,1,fixation_before,15,110495605960400,0,0,16,219,1699502562,1699502562,2,162024,161622,163388,165319,1435516,878418,1470165,454617,124288,123511,126486,126544,1264781,1270946,1775445,1020051,1,0,
219,110495611033100,0.2368612,1,fixation_before,15,110495605960400,0,0,16,220,1699503567,1699503567,2,162005,161599,163371,165308,1435503,878395,1470141,454585,124277,123502,126484,126545,1264763,1270923,1775421,1020038,1,0,
220,110495611033100,0.2368612,1,fixation_before,15,110495605960400,0,0,16,221,1699504572,1699504572,2,162038,161626,163406,165337,1435526,878420,1470168,454598,124311,123528,126520,126576,1264783,1270942,1775453,1020064,1,0,
221,110495611033100,0.2368612,1,fixation_before,15,110495605960400,0,0,16,222,1699505577,1699505577,2,162049,161638,163408,165350,1435527,878421,1470175,454599,124313,123544,126539,126588,1264779,1270935,1775443,1020055,1,0,
222,110495611033100,0.2368612,1,fixation_before,15,110495605960400,0,0,16,223,1699506582,1699506582,2,161939,161526,163301,165250,1435414,878297,1470050,454469,124205,123437,126423,126473,1264644,1270804,1775293,1019902,1,0,
223,110495611033100,0.2368612,1,fixation_before,15,110495605960400,0,0,16,224,1699507587,1699507587,2,161776,161368,163140,165100,1435256,878139,1469877,454283,124035,123275,126263,126314,1264460,1270621,1775106,1019696,1,0,
224,110495618085900,0.243914,1,fixation_before,15,110495605960400,0,0,16,225,1699508591,1699508591,2,161686,161281,163067,165027,1435168,878058,1469784,454188,123972,123200,126183,126227,1264371,1270523,1775007,1019596,1,0,
225,110495618085900,0.243914,1,fixation_before,15,110495605960400,0,0,16,226,1699509596,1699509596,2,161736,161329,163130,165074,1435213,878108,1469830,454229,124048,123258,126253,126280,1264424,1270573,1775051,1019649,1,0,
226,110495618085900,0.243914,1,fixation_before,15,110495605960400,0,0,16,227,1699510601,1699510601,2,161919,161496,163288,165228,1435372,878261,1469994,454389,124229,123446,126434,126449,1264581,1270742,1775217,1019826,1,0,
227,110495618085900,0.243914,1,fixation_before,15,110495605960400,0,0,16,228,1699511606,1699511606,2,161879,161468,163255,165211,1435340,878233,1469961,454336,124203,123423,126411,126423,1264546,1270698,1775169,1019778,1,0,
228,110495618085900,0.243914,1,fixation_before,15,110495605960400,0,0,16,229,1699512611,1699512611,2,161463,161103,162914,164873,1434996,877887,1469599,453934,123801,123036,126051,126055,1264174,1270317,1774777,1019353,1,0,
229,110495618085900,0.243914,1,fixation_before,15,110495605960400,0,0,16,230,1699513616,1699513616,2,161504,161143,162967,164927,1435061,877966,1469669,453991,123834,123083,126116,126119,1264251,1270401,1774849,1019428,1,0,
230,110495618085900,0.243914,1,fixation_before,15,110495605960400,0,0,16,231,1699514621,1699514621,2,161648,161274,163090,165051,1435209,878121,1469833,454141,123978,123216,126249,126254,1264423,1270568,1775013,1019602,1,0,
231,110495625091100,0.2509192,1,fixation_before,16,110495622085900,0,0,16,232,1699515626,1699515626,2,161762,161380,163201,165139,1435331,878237,1469963,454264,124099,123324,126354,126354,1264556,1270699,1775154,1019754,1,0,
232,110495625091100,0.2509192,1,fixation_before,16,110495622085900,0,0,16,233,1699516631,1699516631,2,161835,161439,163261,165188,1435396,878301,1470044,454336,124163,123397,126413,126414,1264634,1270781,1775230,1019847,1,0,
233,110495625091100,0.2509192,1,fixation_before,16,110495622085900,0,0,16,234,1699517635,1699517635,2,161916,161498,163309,165239,1435455,878364,1470106,454401,124227,123470,126478,126481,1264708,1270856,1775313,1019934,1,0,
234,110495625091100,0.2509192,1,fixation_before,16,110495622085900,0,0,16,235,1699518640,1699518640,2,162077,161627,163450,165372,1435583,878496,1470240,454534,124395,123618,126626,126623,1264846,1271003,1775466,1020107,1,0,
235,110495625091100,0.2509192,1,fixation_before,16,110495622085900,0,0,16,236,1699519645,1699519645,2,162047,161584,163419,165348,1435539,878450,1470194,454471,124371,123587,126594,126593,1264794,1270961,1775420,1020062,1,0,
236,110495625091100,0.2509192,1,fixation_before,16,110495622085900,0,0,16,237,1699520650,1699520650,2,161845,161385,163233,165165,1435362,878259,1469993,454251,124171,123372,126414,126409,1264600,1270759,1775208,1019851,1,0,
237,110495625091100,0.2509192,1,fixation_before,16,110495622085900,0,0,16,238,1699521655,1699521655,2,161849,161398,163234,165159,1435361,878258,1469993,454242,124174,123374,126418,126425,1264601,1270763,1775223,1019860,1,0,
238,110495631901300,0.2577294,1,fixation_before,16,110495622085900,0,0,16,239,1699522660,1699522660,2,161850,161395,163238,165159,1435352,878255,1469981,454232,124182,123383,126438,126432,1264592,1270760,1775223,1019862,1,0,
239,110495631901300,0.2577294,1,fixation_before,16,110495622085900,0,0,16,240,1699523664,1699523664,2,161816,161358,163200,165128,1435318,878223,1469946,454189,124160,123351,126434,126405,1264557,1270728,1775192,1019833,1,0,
240,110495631901300,0.2577294,1,fixation_before,16,110495622085900,0,0,16,241,1699524669,1699524669,2,161856,161392,163235,165159,1435346,878250,1469979,454211,124204,123393,126471,126434,1264593,1270758,1775218,1019864,1,0,
241,110495631901300,0.2577294,1,fixation_before,16,110495622085900,0,0,16,242,1699525674,1699525674,2,161883,161421,163256,165178,1435362,878268,1469989,454228,124246,123424,126494,126450,1264597,1270764,1775217,1019867,1,0,
242,110495631901300,0.2577294,1,fixation_before,16,110495622085900,0,0,16,243,1699526679,1699526679,2,161756,161308,163146,165066,1435240,878149,1469863,454086,124131,123319,126380,126319,1264460,1270618,1775066,1019714,1,0,
243,110495631901300,0.2577294,1,fixation_before,16,110495622085900,0,0,16,244,1699527684,1699527684,2,161588,161154,162978,164906,1435068,877990,1469700,453897,123963,123173,126228,126153,1264279,1270439,1774880,1019525,1,0,
244,110495631901300,0.2577294,1,fixation_before,16,110495622085900,0,0,16,245,1699528689,1699528689,2,161521,161083,162892,164827,1434995,877913,1469615,453811,123901,123101,126160,126077,1264198,1270353,1774787,1019428,1,0,
245,110495639050700,0.2648788,1,fixation_before,17,110495639014300,0,0,16,246,1699529694,1699529694,2,161601,161142,162951,164886,1435056,877968,1469674,453868,123988,123176,126234,126144,1264256,1270414,1774848,1019496,1,0,
246,110495639050700,0.2648788,1,fixation_before,17,110495639014300,0,0,16,247,1699530699,1699530699,2,161788,161298,163111,165044,1435211,878113,1469828,454019,124168,123341,126406,126313,1264414,1270568,1775002,1019662,1,0,
247,110495639050700,0.2648788,1,fixation_before,17,110495639014300,0,0,16,248,1699531704,1699531704,2,161742,161269,163086,165014,1435168,878079,1469790,453967,124135,123315,126377,126301,1264361,1270516,1774948,1019599,1,0,
248,110495639050700,0.2648788,1,fixation_before,17,110495639014300,0,0,16,249,1699532709,1699532709,2,161322,160910,162744,164686,1434826,877734,1469430,453566,123714,122946,126019,125960,1263996,1270149,1774555,1019171,1,0,
249,110495639050700,0.2648788,1,fixation_before,17,110495639014300,0,0,16,250,1699533714,1699533714,2,161365,160958,162798,164735,1434898,877812,1469506,453618,123739,122990,126068,126023,1264079,1270236,1774634,1019245,1,0,
250,110495639050700,0.2648788,1,fixation_before,17,110495639014300,0,0,16,251,1699534719,1699534719,2,161491,161078,162909,164853,1435044,877963,1469661,453767,123869,123129,126192,126152,1264238,1270395,1774796,1019426,1,0,
251,110495639050700,0.2648788,1,fixation_before,17,110495639014300,0,0,16,252,1699535723,1699535723,2,161607,161173,163014,164948,1435165,878087,1469797,453894,123998,123249,126304,126266,1264379,1270534,1774933,1019581,1,0,
252,110495646021400,0.2718495,1,fixation_before,17,110495639014300,0,0,16,253,1699536728,1699536728,2,161673,161229,163068,164989,1435224,878154,1469860,453951,124071,123318,126358,126329,1264448,1270609,1775014,1019674,1,0,
253,110495646021400,0.2718495,1,fixation_before,17,110495639014300,0,0,16,254,1699537733,1699537733,2,161736,161281,163101,165029,1435278,878198,1469913,454004,124138,123381,126397,126386,1264503,1270676,1775082,1019751,1,0,
254,110495646021400,0.2718495,1,fixation_before,17,110495639014300,0,0,16,255,1699538738,1699538738,2,161900,161422,163224,165151,1435410,878324,1470046,454147,124309,123534,126540,126522,1264646,1270819,1775228,1019919,1,0,
255,110495646021400,0.2718495,1,fixation_before,17,110495639014300,0,0,16,256,1699539743,1699539743,2,161874,161391,163194,165122,1435371,878288,1470004,454100,124285,123523,126529,126499,1264606,1270778,1775195,1019880,1,0,
256,110495646021400,0.2718495,1,fixation_before,17,110495639014300,0,0,16,257,1699540748,1699540748,2,161663,161209,163013,164943,1435183,878105,1469806,453886,124084,123339,126353,126328,1264414,1270586,1774993,1019673,1,0,
257,110495646021400,0.2718495,1,fixation_before,17,110495639014300,0,0,16,258,1699541753,1699541753,2,161674,161233,163029,164961,1435197,878116,1469821,453882,124099,123354,126377,126352,1264419,1270609,1775011,1019701,1,0,
258,110495646021400,0.2718495,1,fixation_before,17,110495639014300,0,0,16,259,1699542757,1699542757,2,161667,161221,163024,164953,1435182,878101,1469804,453863,124098,123354,126371,126344,1264406,1270593,1774998,1019694,1,0,
259,110495653084700,0.2789128,1,fixation_before,17,110495639014300,0,0,16,260,1699543762,1699543762,2,161636,161192,162996,164916,1435145,878068,1469768,453813,124075,123330,126345,126324,1264379,1270559,1774964,1019658,1,0,
260,110495653084700,0.2789128,1,fixation_before,17,110495639014300,0,0,16,261,1699544767,1699544767,2,161673,161224,163029,164944,1435169,878086,1469789,453828,124123,123366,126371,126353,1264394,1270576,1774989,1019683,1,0,
261,110495653084700,0.2789128,1,fixation_before,17,110495639014300,0,0,16,262,1699545772,1699545772,2,161682,161234,163031,164946,1435163,878082,1469786,453819,124144,123371,126368,126358,1264382,1270568,1774976,1019666,1,0,
262,110495653084700,0.2789128,1,fixation_before,17,110495639014300,0,0,16,263,1699546777,1699546777,2,161550,161112,162898,164831,1435033,877949,1469641,453667,124021,123247,126234,126228,1264224,1270416,1774808,1019491,1,0,
263,110495653084700,0.2789128,1,fixation_before,17,110495639014300,0,0,16,264,1699547781,1699547781,2,161394,160961,162746,164693,1434881,877784,1469479,453483,123860,123094,126089,126061,1264054,1270233,1774617,1019308,1,0,
264,110495653084700,0.2789128,1,fixation_before,17,110495639014300,0,0,16,265,1699548786,1699548786,2,161326,160898,162673,164639,1434812,877719,1469411,453402,123793,123034,126026,125994,1263981,1270153,1774538,1019222,1,0,
265,110495653084700,0.2789128,1,fixation_before,17,110495639014300,0,0,16,266,1699549791,1699549791,2,161394,160966,162739,164704,1434865,877782,1469476,453459,123869,123113,126101,126069,1264044,1270219,1774602,1019284,1,0,
266,110495660058700,0.2858868,1,fixation_before,18,110495654688500,0,0,16,267,1699550796,1699550796,2,161594,161136,162916,164862,1435027,877947,1469644,453624,124063,123298,126290,126262,1264211,1270386,1774764,1019468,1,0,
267,110495660058700,0.2858868,1,fixation_before,18,110495654688500,0,0,16,268,1699551801,1699551801,2,161536,161092,162881,164818,1434987,877899,1469596,453568,124018,123253,126266,126242,1264155,1270331,1774702,1019403,1,0,
268,110495660058700,0.2858868,1,fixation_before,18,110495654688500,0,0,16,269,1699552806,1699552806,2,161134,160735,162528,164481,1434654,877561,1469231,453174,123626,122871,125912,125897,1263794,1269968,1774322,1018984,1,0,
269,110495660058700,0.2858868,1,fixation_before,18,110495654688500,0,0,16,270,1699553810,1699553810,2,161183,160791,162588,164546,1434737,877644,1469319,453241,123671,122930,125975,125971,1263881,1270057,1774403,1019072,1,0,
270,110495660058700,0.2858868,1,fixation_before,18,110495654688500,0,0,16,271,1699554815,1699554815,2,161306,160908,162716,164670,1434874,877782,1469464,453379,123784,123056,126093,126093,1264035,1270218,1774561,1019234,1,0,
271,110495660058700,0.2858868,1,fixation_before,18,110495654688500,0,0,16,272,1699555820,1699555820,2,161429,161009,162820,164773,1434990,877915,1469594,453501,123909,123181,126207,126203,1264185,1270356,1774713,1019389,1,0,
272,110495660058700,0.2858868,1,fixation_before,18,110495654688500,0,0,16,273,1699556825,1699556825,2,161512,161069,162885,164829,1435064,877991,1469671,453576,123988,123246,126286,126261,1264271,1270439,1774796,1019489,1,0,
273,110495666984300,0.2928124,1,fixation_before,18,110495654688500,0,0,16,274,1699557830,1699557830,2,161588,161133,162940,164890,1435127,878053,1469744,453644,124066,123320,126354,126337,1264336,1270516,1774883,1019584,1,0,
274,110495666984300,0.2928124,1,fixation_before,18,110495654688500,0,0,16,275,1699558835,1699558835,2,161768,161283,163088,165028,1435265,878194,1469896,453797,124248,123491,126511,126503,1264491,1270676,1775040,1019768,1,0,
275,110495666984300,0.2928124,1,fixation_before,18,110495654688500,0,0,16,276,1699559839,1699559839,2,161726,161231,163039,164981,1435208,878134,1469833,453728,124196,123459,126458,126460,1264424,1270617,1774975,1019708,1,0,
276,110495666984300,0.2928124,1,fixation_before,18,110495654688500,0,0,16,277,1699560845,1699560845,2,161519,161051,162867,164813,1435032,877948,1469629,453514,123994,123289,126277,126277,1264231,1270429,1774779,1019504,1,0,
277,110495666984300,0.2928124,1,fixation_before,18,110495654688500,0,0,16,278,1699561849,1699561849,2,161569,161092,162908,164856,1435073,877992,1469664,453544,124046,123334,126331,126318,1264278,1270466,1774824,1019559,1,0,
278,110495666984300,0.2928124,1,fixation_before,18,110495654688500,0,0,16,279,1699562854,1699562854,2,161572,161084,162899,164856,1435055,877979,1469658,453526,124048,123333,126327,126324,1264264,1270459,1774810,1019559,1,0,
279,110495666984300,0.2928124,1,fixation_before,18,110495654688500,0,0,16,280,1699563859,1699563859,2,161543,161054,162876,164837,1435029,877949,1469629,453485,124043,123327,126319,126309,1264232,1270433,1774784,1019528,1,0,
280,110495674037000,0.2998651,1,fixation_before,19,110495671558100,0,0,16,281,1699564864,1699564864,2,161579,161106,162921,164878,1435069,877988,1469666,453512,124112,123376,126376,126351,1264273,1270472,1774818,1019564,1,0,
281,110495674037000,0.2998651,1,fixation_before,19,110495671558100,0,0,16,282,1699565869,1699565869,2,161593,161123,162931,164893,1435068,877988,1469669,453508,124133,123389,126397,126361,1264263,1270460,1774808,1019558,1,0,
282,110495674037000,0.2998651,1,fixation_before,19,110495671558100,0,0,16,283,1699566874,1699566874,2,161463,160998,162811,164768,1434929,877845,1469528,453361,124013,123252,126259,126239,1264109,1270298,1774644,1019388,1,0,
283,110495674037000,0.2998651,1,fixation_before,19,110495671558100,0,0,16,284,1699567879,1699567879,2,161316,160842,162671,164609,1434771,877684,1469368,453180,123849,123099,126103,126080,1263936,1270116,1774456,1019195,1,0,
284,110495674037000,0.2998651,1,fixation_before,19,110495671558100,0,0,16,285,1699568883,1699568883,2,161255,160773,162611,164548,1434709,877622,1469296,453096,123793,123041,126043,126017,1263858,1270038,1774376,1019115,1,0,
285,110495674037000,0.2998651,1,fixation_before,19,110495671558100,0,0,16,286,1699569888,1699569888,2,161339,160851,162693,164621,1434779,877696,1469366,453170,123892,123118,126121,126099,1263929,1270108,1774442,1019194,1,0,
286,110495674037000,0.2998651,1,fixation_before,19,110495671558100,0,0,16,287,1699570893,1699570893,2,161533,161039,162879,164791,1434948,877863,1469536,453342,124099,123311,126299,126284,1264098,1270283,1774619,1019381,1,0,
287,110495681090600,0.3069187,1,fixation_before,19,110495671558100,0,0,16,288,1699571898,1699571898,2,161483,160993,162845,164763,1434901,877824,1469489,453269,124057,123279,126269,126265,1264055,1270226,1774552,1019314,1,0,
288,110495681090600,0.3069187,1,fixation_before,19,110495671558100,0,0,16,289,1699572903,1699572903,2,161100,160659,162528,164451,1434588,877507,1469160,452901,123661,122935,125937,125935,1263719,1269884,1774188,1018924,1,0,
289,110495681090600,0.3069187,1,fixation_before,19,110495671558100,0,0,16,290,1699573908,1699573908,2,161166,160738,162604,164529,1434686,877604,1469256,452987,123721,123011,126020,126013,1263822,1269989,1774299,1019033,1,0,
290,110495681090600,0.3069187,1,fixation_before,19,110495671558100,0,0,16,291,1699574912,1699574912,2,161303,160868,162734,164673,1434846,877764,1469423,453150,123870,123136,126163,126158,1263991,1270163,1774474,1019214,1,0,
291,110495681090600,0.3069187,1,fixation_before,19,110495671558100,0,0,16,292,1699575917,1699575917,2,161421,160981,162841,164774,1434971,877883,1469554,453273,124004,123248,126263,126268,1264123,1270303,1774608,1019358,1,0,
292,110495681090600,0.3069187,1,fixation_before,19,110495671558100,0,0,16,293,1699576922,1699576922,2,161488,161043,162888,164820,1435028,877950,1469619,453332,124074,123313,126317,126326,1264196,1270379,1774688,1019443,1,0,
293,110495681090600,0.3069187,1,fixation_before,19,110495671558100,0,0,16,294,1699577927,1699577927,2,161560,161096,162946,164874,1435086,878019,1469681,453397,124148,123381,126380,126389,1264269,1270449,1774763,1019536,1,0,
294,110495688184000,0.3140121,1,fixation_before,20,110495687576600,0,0,16,295,1699578932,1699578932,2,161734,161234,163098,165012,1435231,878159,1469837,453544,124329,123539,126542,126546,1264416,1270607,1774929,1019720,1,0,
295,110495688184000,0.3140121,1,fixation_before,20,110495687576600,0,0,16,296,1699579937,1699579937,2,161699,161196,163056,164970,1435186,878111,1469783,453486,124286,123504,126515,126503,1264368,1270553,1774870,1019673,1,0,
296,110495688184000,0.3140121,1,fixation_before,20,110495687576600,0,0,16,297,1699580942,1699580942,2,161501,161008,162878,164797,1435002,877929,1469586,453264,124071,123314,126338,126329,1264175,1270361,1774668,1019469,1,0,
297,110495688184000,0.3140121,1,fixation_before,20,110495687576600,0,0,16,298,1699581947,1699581947,2,161543,161036,162908,164826,1435033,877958,1469614,453287,124109,123351,126372,126369,1264204,1270399,1774717,1019511,1,0,
298,110495688184000,0.3140121,1,fixation_before,20,110495687576600,0,0,16,299,1699582951,1699582951,2,161551,161046,162908,164828,1435023,877953,1469611,453278,124132,123367,126380,126379,1264205,1270405,1774706,1019522,1,0,
299,110495688184000,0.3140121,1,fixation_before,20,110495687576600,0,0,16,300,1699583956,1699583956,2,161526,161014,162889,164803,1434999,877926,1469576,453239,124126,123342,126359,126360,1264173,1270369,1774672,1019493,1,0,
300,110495688184000,0.3140121,1,fixation_before,20,110495687576600,0,0,16,301,1699584961,1699584961,2,161582,161064,162934,164848,1435034,877961,1469608,453266,124191,123386,126401,126409,1264211,1270409,1774704,1019533,1,0,
301,110495695000500,0.3208286,1,fixation_before,20,110495687576600,0,0,16,302,1699585966,1699585966,2,161613,161093,162941,164866,1435042,877968,1469616,453266,124213,123401,126421,126436,1264207,1270404,1774699,1019519,1,0,
302,110495695000500,0.3208286,1,fixation_before,20,110495687576600,0,0,16,303,1699586971,1699586971,2,161483,160969,162800,164741,1434906,877834,1469478,453109,124086,123269,126293,126315,1264052,1270242,1774531,1019343,1,0,
303,110495695000500,0.3208286,1,fixation_before,20,110495687576600,0,0,16,304,1699587976,1699587976,2,161329,160828,162654,164604,1434754,877687,1469324,452938,123945,123127,126143,126176,1263891,1270078,1774356,1019161,1,0,
304,110495695000500,0.3208286,1,fixation_before,20,110495687576600,0,0,16,305,1699588980,1699588980,2,161280,160790,162606,164565,1434708,877631,1469269,452875,123902,123094,126099,126128,1263833,1270023,1774293,1019100,1,0,
305,110495695000500,0.3208286,1,fixation_before,20,110495687576600,0,0,16,306,1699589985,1699589985,2,161363,160855,162681,164647,1434778,877699,1469348,452949,123981,123181,126172,126217,1263902,1270094,1774368,1019165,1,0,
306,110495695000500,0.3208286,1,fixation_before,20,110495687576600,0,0,16,307,1699590990,1699590990,2,161549,161016,162849,164803,1434926,877857,1469510,453101,124172,123368,126340,126393,1264059,1270247,1774526,1019341,1,0,
307,110495695000500,0.3208286,1,fixation_before,20,110495687576600,0,0,16,308,1699591995,1699591995,2,161489,160960,162809,164758,1434873,877804,1469448,453028,124131,123328,126306,126352,1263998,1270181,1774444,1019258,1,0,
308,110495702091700,0.3279198,1,fixation_before,20,110495687576600,0,0,16,309,1699593000,1699593000,2,161102,160618,162474,164448,1434551,877480,1469097,452656,123743,122965,125963,126019,1263646,1269829,1774070,1018861,1,0,
309,110495702091700,0.3279198,1,fixation_before,20,110495687576600,0,0,16,310,1699594005,1699594005,2,161168,160692,162548,164530,1434651,877586,1469206,452740,123806,123036,126044,126099,1263762,1269942,1774187,1018974,1,0,
310,110495702091700,0.3279198,1,fixation_before,20,110495687576600,0,0,16,311,1699595010,1699595010,2,161296,160825,162682,164651,1434801,877734,1469367,452896,123927,123174,126175,126238,1263929,1270110,1774353,1019147,1,0,
311,110495702091700,0.3279198,1,fixation_before,20,110495687576600,0,0,16,312,1699596015,1699596015,2,161424,160938,162788,164747,1434919,877856,1469500,453016,124046,123286,126284,126357,1264064,1270243,1774489,1019293,1,0,
312,110495702091700,0.3279198,1,fixation_before,20,110495687576600,0,0,16,313,1699597019,1699597019,2,161510,161009,162863,164811,1434994,877934,1469587,453092,124138,123355,126363,126423,1264148,1270338,1774582,1019406,1,0,
313,110495702091700,0.3279198,1,fixation_before,20,110495687576600,0,0,16,314,1699598024,1699598024,2,161575,161076,162909,164863,1435058,877995,1469642,453161,124222,123421,126421,126468,1264214,1270420,1774664,1019502,1,0,
314,110495702091700,0.3279198,1,fixation_before,20,110495687576600,0,0,16,315,1699599029,1699599029,2,161721,161201,163026,164986,1435172,878114,1469768,453285,124372,123551,126552,126589,1264347,1270549,1774808,1019659,1,0,
315,110495709065100,0.3348932,1,fixation_before,21,110495704600500,0,0,16,316,1699600034,1699600034,2,161667,161159,162966,164929,1435105,878053,1469711,453211,124319,123507,126504,126539,1264287,1270479,1774740,1019594,1,0,
316,110495709065100,0.3348932,1,fixation_before,21,110495704600500,0,0,16,317,1699601039,1699601039,2,161484,161003,162818,164787,1434951,877891,1469536,453018,124135,123348,126348,126386,1264113,1270317,1774566,1019411,1,0,
317,110495709065100,0.3348932,1,fixation_before,21,110495704600500,0,0,16,318,1699602044,1699602044,2,161534,161033,162860,164831,1434996,877925,1469571,453048,124189,123407,126388,126436,1264160,1270364,1774607,1019464,1,0,
318,110495709065100,0.3348932,1,fixation_before,21,110495704600500,0,0,16,319,1699603049,1699603049,2,161522,161018,162843,164816,1434971,877905,1469549,453021,124181,123399,126381,126426,1264138,1270341,1774593,1019453,1,0,
319,110495709065100,0.3348932,1,fixation_before,21,110495704600500,0,0,16,320,1699604054,1699604054,2,161494,160989,162814,164776,1434933,877868,1469506,452975,124163,123365,126360,126396,1264099,1270301,1774557,1019418,1,0,
320,110495709065100,0.3348932,1,fixation_before,21,110495704600500,0,0,16,321,1699605059,1699605059,2,161539,161029,162844,164809,1434965,877898,1469543,452996,124207,123410,126409,126452,1264130,1270336,1774585,1019453,1,0,
321,110495709065100,0.3348932,1,fixation_before,21,110495704600500,0,0,16,322,1699606063,1699606063,2,161559,161053,162851,164833,1434971,877907,1469548,452995,124226,123436,126424,126469,1264127,1270328,1774568,1019445,1,0,
322,110495716026600,0.3418547,1,fixation_before,21,110495704600500,0,0,16,323,1699607068,1699607068,2,161419,160939,162726,164698,1434832,877768,1469398,452840,124097,123311,126289,126333,1263965,1270168,1774404,1019268,1,0,
323,110495716026600,0.3418547,1,fixation_before,21,110495704600500,0,0,16,324,1699608073,1699608073,2,161259,160791,162588,164557,1434683,877613,1469241,452669,123953,123159,126149,126179,1263802,1270005,1774229,1019086,1,0,
324,110495716026600,0.3418547,1,fixation_before,21,110495704600500,0,0,16,325,1699609078,1699609078,2,161182,160724,162515,164487,1434606,877531,1469157,452579,123882,123085,126078,126108,1263718,1269921,1774134,1018992,1,0,
325,110495716026600,0.3418547,1,fixation_before,21,110495704600500,0,0,16,326,1699610083,1699610083,2,161251,160777,162569,164536,1434643,877576,1469193,452622,123938,123142,126129,126168,1263765,1269961,1774179,1019039,1,0,
326,110495716026600,0.3418547,1,fixation_before,21,110495704600500,0,0,16,327,1699611088,1699611088,2,161436,160946,162743,164704,1434801,877739,1469377,452786,124129,123329,126314,126343,1263926,1270124,1774352,1019216,1,0,
327,110495716026600,0.3418547,1,fixation_before,21,110495704600500,0,0,16,328,1699612092,1699612092,2,161352,160874,162694,164658,1434736,877678,1469309,452701,124063,123274,126266,126290,1263846,1270048,1774271,1019117,1,0,
328,110495716026600,0.3418547,1,fixation_before,21,110495704600500,0,0,16,329,1699613097,1699613097,2,160954,160519,162372,164342,1434411,877351,1468958,452318,123666,122918,125943,125944,1263499,1269692,1773894,1018718,1,0,
329,110495723054400,0.3488825,1,fixation_before,22,110495720997400,0,0,16,330,1699614102,1699614102,2,161030,160603,162465,164434,1434523,877469,1469072,452417,123749,123003,126029,126031,1263613,1269814,1774013,1018839,1,0,
330,110495723054400,0.3488825,1,fixation_before,22,110495720997400,0,0,16,331,1699615106,1699615106,2,161168,160730,162599,164561,1434677,877625,1469236,452574,123879,123135,126164,126174,1263785,1269993,1774184,1019026,1,0,
331,110495723054400,0.3488825,1,fixation_before,22,110495720997400,0,0,16,332,1699616111,1699616111,2,161300,160841,162703,164670,1434802,877748,1469384,452705,124009,123248,126271,126284,1263931,1270136,1774328,1019181,1,0,
332,110495723054400,0.3488825,1,fixation_before,22,110495720997400,0,0,16,333,1699617116,1699617116,2,161373,160896,162753,164720,1434865,877810,1469441,452763,124081,123313,126322,126338,1263997,1270204,1774404,1019258,1,0,
333,110495723054400,0.3488825,1,fixation_before,22,110495720997400,0,0,16,334,1699618120,1699618120,2,161467,160981,162833,164791,1434948,877888,1469527,452843,124182,123406,126404,126417,1264088,1270296,1774501,1019369,1,0,
334,110495723054400,0.3488825,1,fixation_before,22,110495720997400,0,0,16,335,1699619125,1699619125,2,161644,161134,162975,164928,1435093,878039,1469676,452994,124359,123570,126560,126563,1264241,1270453,1774654,1019551,1,0,
335,110495723054400,0.3488825,1,fixation_before,22,110495720997400,0,0,16,336,1699620130,1699620130,2,161585,161070,162913,164863,1435019,877971,1469601,452914,124308,123509,126509,126510,1264164,1270384,1774578,1019479,1,0,
336,110495730081000,0.3559091,1,fixation_before,22,110495720997400,0,0,16,337,1699621135,1699621135,2,161397,160902,162749,164697,1434846,877791,1469415,452709,124111,123340,126356,126348,1263985,1270208,1774397,1019291,1,0,
337,110495730081000,0.3559091,1,fixation_before,22,110495720997400,0,0,16,338,1699622139,1699622139,2,161448,160961,162794,164741,1434895,877838,1469458,452756,124171,123395,126407,126399,1264034,1270262,1774454,1019352,1,0,
338,110495730081000,0.3559091,1,fixation_before,22,110495720997400,0,0,16,339,1699623144,1699623144,2,161455,160978,162808,164756,1434899,877842,1469461,452755,124203,123411,126411,126425,1264041,1270266,1774467,1019368,1,0,
339,110495730081000,0.3559091,1,fixation_before,22,110495720997400,0,0,16,340,1699624149,1699624149,2,161444,160957,162791,164747,1434886,877829,1469441,452724,124195,123403,126406,126421,1264024,1270254,1774451,1019353,1,0,
340,110495730081000,0.3559091,1,fixation_before,22,110495720997400,0,0,16,341,1699625153,1699625153,2,161472,160982,162818,164764,1434902,877844,1469460,452734,124227,123433,126438,126443,1264046,1270267,1774463,1019371,1,0,
341,110495730081000,0.3559091,1,fixation_before,22,110495720997400,0,0,16,342,1699626158,1699626158,2,161477,160984,162817,164773,1434885,877838,1469450,452719,124234,123444,126438,126428,1264023,1270246,1774444,1019346,1,0,
342,110495730081000,0.3559091,1,fixation_before,22,110495720997400,0,0,16,343,1699627163,1699627163,2,161351,160863,162689,164657,1434754,877704,1469316,452569,124110,123320,126312,126302,1263863,1270095,1774286,1019175,1,0,
343,110495737224500,0.3630526,1,fixation_before,22,110495720997400,0,0,16,344,1699628168,1699628168,2,161192,160716,162549,164513,1434597,877548,1469159,452394,123958,123166,126159,126164,1263694,1269926,1774097,1018992,1,0,
344,110495737224500,0.3630526,1,fixation_before,22,110495720997400,0,0,16,345,1699629173,1699629173,2,161134,160647,162488,164458,1434539,877477,1469085,452321,123901,123107,126102,126105,1263623,1269848,1774018,1018908,1,0,
345,110495737224500,0.3630526,1,fixation_before,22,110495720997400,0,0,16,346,1699630178,1699630178,2,161208,160708,162551,164514,1434589,877534,1469141,452372,123970,123186,126181,126169,1263680,1269898,1774068,1018973,1,0,
346,110495737224500,0.3630526,1,fixation_before,22,110495720997400,0,0,16,347,1699631182,1699631182,2,161396,160890,162727,164676,1434751,877706,1469314,452534,124169,123368,126371,126357,1263849,1270066,1774241,1019154,1,0,
347,110495737224500,0.3630526,1,fixation_before,22,110495720997400,0,0,16,348,1699632187,1699632187,2,161314,160827,162673,164628,1434683,877640,1469239,452447,124102,123297,126316,126303,1263766,1269988,1774149,1019048,1,0,
348,110495737224500,0.3630526,1,fixation_before,22,110495720997400,0,0,16,349,1699633192,1699633192,2,160933,160499,162352,164319,1434377,877324,1468908,452084,123723,122959,125988,125994,1263438,1269650,1773796,1018661,1,0,
349,110495737224500,0.3630526,1,fixation_before,22,110495720997400,0,0,16,350,1699634197,1699634197,2,161012,160585,162429,164401,1434479,877428,1469011,452179,123796,123039,126073,126086,1263557,1269769,1773908,1018786,1,0,
350,110495744081400,0.3699095,1,fixation_before,23,110495737596300,0,0,16,351,1699635202,1699635202,2,161153,160718,162551,164522,1434630,877579,1469174,452333,123933,123170,126204,126230,1263719,1269935,1774078,1018959,1,0,
351,110495744081400,0.3699095,1,fixation_before,23,110495737596300,0,0,16,352,1699636207,1699636207,2,161268,160820,162648,164618,1434738,877698,1469296,452446,124046,123292,126304,126324,1263849,1270069,1774209,1019104,1,0,
352,110495744081400,0.3699095,1,fixation_before,23,110495737596300,0,0,16,353,1699637211,1699637211,2,161331,160884,162701,164671,1434801,877766,1469362,452509,124125,123364,126368,126378,1263921,1270144,1774286,1019200,1,0,
353,110495744081400,0.3699095,1,fixation_before,23,110495737596300,0,0,16,354,1699638216,1699638216,2,161413,160949,162777,164741,1434883,877841,1469436,452589,124224,123432,126447,126461,1264001,1270228,1774376,1019294,1,0,
354,110495744081400,0.3699095,1,fixation_before,23,110495737596300,0,0,16,355,1699639221,1699639221,2,161581,161114,162918,164878,1435020,877982,1469584,452739,124406,123597,126604,126616,1264153,1270382,1774539,1019474,1,0,
355,110495744081400,0.3699095,1,fixation_before,23,110495737596300,0,0,16,356,1699640226,1699640226,2,161523,161061,162850,164818,1434957,877919,1469522,452659,124361,123552,126546,126560,1264086,1270320,1774469,1019409,1,0,
356,110495744081400,0.3699095,1,fixation_before,23,110495737596300,0,0,16,357,1699641230,1699641230,2,161348,160907,162701,164668,1434794,877751,1469353,452473,124183,123393,126394,126411,1263921,1270154,1774298,1019236,1,0,
357,110495751065500,0.3768936,1,fixation_before,23,110495737596300,0,0,16,358,1699642235,1699642235,2,161391,160936,162744,164696,1434828,877788,1469382,452499,124224,123429,126436,126453,1263955,1270191,1774341,1019286,1,0,
358,110495751065500,0.3768936,1,fixation_before,23,110495737596300,0,0,16,359,1699643240,1699643240,2,161384,160926,162732,164683,1434809,877776,1469366,452473,124209,123424,126432,126453,1263941,1270172,1774322,1019274,1,0,
359,110495751065500,0.3768936,1,fixation_before,23,110495737596300,0,0,16,360,1699644245,1699644245,2,161367,160913,162711,164673,1434792,877753,1469345,452444,124197,123428,126424,126453,1263926,1270167,1774305,1019256,1,0,
360,110495751065500,0.3768936,1,fixation_before,23,110495737596300,0,0,16,361,1699645249,1699645249,2,161401,160951,162757,164708,1434816,877781,1469375,452469,124242,123481,126463,126485,1263955,1270189,1774325,1019283,1,0,
361,110495751065500,0.3768936,1,fixation_before,23,110495737596300,0,0,16,362,1699646254,1699646254,2,161413,160959,162764,164708,1434817,877771,1469364,452457,124258,123497,126474,126483,1263935,1270176,1774308,1019271,1,0,
362,110495751065500,0.3768936,1,fixation_before,23,110495737596300,0,0,16,363,1699647259,1699647259,2,161285,160827,162632,164570,1434679,877639,1469220,452300,124132,123363,126338,126348,1263780,1270011,1774142,1019098,1,0,
363,110495751065500,0.3768936,1,fixation_before,23,110495737596300,0,0,16,364,1699648263,1699648263,2,161134,160676,162493,164436,1434536,877493,1469066,452136,123995,123222,126201,126210,1263618,1269848,1773974,1018911,1,0,
364,110495757949100,0.3837772,1,fixation_before,23,110495737596300,0,0,16,365,1699649268,1699649268,2,161061,160619,162431,164372,1434471,877424,1469005,452061,123942,123164,126144,126165,1263548,1269769,1773893,1018825,1,0,
365,110495757949100,0.3837772,1,fixation_before,23,110495737596300,0,0,16,366,1699650273,1699650273,2,161125,160678,162501,164434,1434531,877474,1469064,452109,124021,123234,126214,126242,1263597,1269824,1773949,1018891,1,0,
366,110495757949100,0.3837772,1,fixation_before,23,110495737596300,0,0,16,367,1699651278,1699651278,2,161301,160840,162659,164595,1434678,877621,1469224,452260,124194,123406,126375,126419,1263759,1269980,1774101,1019067,1,0,
367,110495757949100,0.3837772,1,fixation_before,23,110495737596300,0,0,16,368,1699652282,1699652282,2,161197,160756,162584,164516,1434596,877544,1469135,452163,124103,123329,126292,126355,1263668,1269884,1773996,1018954,1,0,
368,110495757949100,0.3837772,1,fixation_before,23,110495737596300,0,0,16,369,1699653287,1699653287,2,160819,160429,162268,164211,1434283,877237,1468798,451806,123721,122982,125961,126029,1263334,1269547,1773644,1018567,1,0,
369,110495757949100,0.3837772,1,fixation_before,23,110495737596300,0,0,16,370,1699654292,1699654292,2,160901,160519,162360,164295,1434393,877351,1468922,451898,123801,123064,126064,126123,1263454,1269668,1773758,1018684,1,0,
370,110495757949100,0.3837772,1,fixation_before,23,110495737596300,0,0,16,371,1699655296,1699655296,2,161037,160636,162482,164414,1434539,877501,1469082,452043,123934,123193,126203,126256,1263619,1269839,1773918,1018860,1,0,
371,110495765042600,0.3908707,1,fixation_before,24,110495755508300,0,0,16,372,1699656301,1699656301,2,161146,160728,162575,164499,1434646,877601,1469184,452154,124050,123291,126298,126362,1263741,1269954,1774042,1018998,1,0,
372,110495765042600,0.3908707,1,fixation_before,24,110495755508300,0,0,16,373,1699657306,1699657306,2,161221,160796,162617,164553,1434705,877664,1469244,452218,124127,123343,126355,126409,1263808,1270024,1774114,1019086,1,0,
373,110495765042600,0.3908707,1,fixation_before,24,110495755508300,0,0,16,374,1699658311,1699658311,2,161321,160869,162679,164628,1434784,877735,1469323,452297,124221,123423,126448,126476,1263888,1270113,1774206,1019184,1,0,
374,110495765042600,0.3908707,1,fixation_before,24,110495755508300,0,0,16,375,1699659316,1699659316,2,161489,161018,162822,164767,1434922,877881,1469474,452444,124397,123589,126604,126621,1264038,1270268,1774361,1019367,1,0,
375,110495765042600,0.3908707,1,fixation_before,24,110495755508300,0,0,16,376,1699660321,1699660321,2,161423,160959,162767,164704,1434849,877801,1469397,452356,124328,123526,126538,126561,1263965,1270193,1774286,1019289,1,0,
376,110495765042600,0.3908707,1,fixation_before,24,110495755508300,0,0,16,377,1699661326,1699661326,2,161253,160804,162618,164556,1434693,877641,1469226,452169,124158,123364,126371,126413,1263799,1270026,1774114,1019118,1,0,
377,110495765042600,0.3908707,1,fixation_before,24,110495755508300,0,0,16,378,1699662330,1699662330,2,161308,160852,162672,164599,1434734,877689,1469272,452209,124213,123427,126420,126471,1263845,1270077,1774169,1019181,1,0,
378,110495772327700,0.3981558,1,fixation_before,24,110495755508300,0,0,16,379,1699663335,1699663335,2,161292,160836,162660,164590,1434718,877662,1469253,452182,124214,123423,126408,126467,1263826,1270063,1774153,1019171,1,0,
379,110495772327700,0.3981558,1,fixation_before,24,110495755508300,0,0,16,380,1699664340,1699664340,2,161283,160818,162644,164583,1434689,877648,1469235,452156,124220,123401,126402,126453,1263805,1270043,1774138,1019150,1,0,
380,110495772327700,0.3981558,1,fixation_before,24,110495755508300,0,0,16,381,1699665344,1699665344,2,161323,160862,162684,164626,1434722,877681,1469264,452184,124274,123438,126447,126501,1263840,1270070,1774169,1019190,1,0,
381,110495772327700,0.3981558,1,fixation_before,24,110495755508300,0,0,16,382,1699666349,1699666349,2,161319,160874,162698,164621,1434717,877673,1469248,452158,124284,123441,126446,126500,1263814,1270046,1774134,1019165,1,0,
382,110495772327700,0.3981558,1,fixation_before,24,110495755508300,0,0,16,383,1699667354,1699667354,2,161185,160756,162573,164494,1434583,877537,1469103,452003,124153,123317,126326,126373,1263659,1269897,1773963,1018994,1,0,
383,110495772327700,0.3981558,1,fixation_before,24,110495755508300,0,0,16,384,1699668359,1699668359,2,161034,160628,162438,164368,1434448,877404,1468959,451845,124022,123197,126183,126242,1263508,1269736,1773807,1018819,1,0,
384,110495772327700,0.3981558,1,fixation_before,24,110495755508300,0,0,16,385,1699669364,1699669364,2,160968,160578,162391,164331,1434395,877343,1468908,451779,123973,123145,126138,126194,1263451,1269673,1773739,1018750,1,0,
385,110495779046700,0.4048748,1,fixation_before,25,110495773818300,0,0,16,386,1699670368,1699670368,2,161073,160666,162478,164412,1434468,877419,1468996,451859,124064,123233,126236,126288,1263527,1269754,1773824,1018836,1,0,
386,110495779046700,0.4048748,1,fixation_before,25,110495773818300,0,0,16,387,1699671373,1699671373,2,161275,160845,162653,164576,1434623,877574,1469163,452028,124252,123418,126413,126464,1263697,1269919,1773992,1019014,1,0,
387,110495779046700,0.4048748,1,fixation_before,25,110495773818300,0,0,16,388,1699672378,1699672378,2,161163,160744,162562,164496,1434523,877473,1469056,451906,124145,123327,126321,126380,1263585,1269803,1773864,1018879,1,0,
388,110495779046700,0.4048748,1,fixation_before,25,110495773818300,0,0,16,389,1699673383,1699673383,2,160812,160430,162269,164215,1434236,877190,1468746,451561,123788,123001,126018,126081,1263276,1269493,1773529,1018522,1,0,
389,110495779046700,0.4048748,1,fixation_before,25,110495773818300,0,0,16,390,1699674388,1699674388,2,160905,160525,162369,164312,1434355,877309,1468869,451671,123869,123092,126121,126178,1263411,1269616,1773655,1018651,1,0,
390,110495779046700,0.4048748,1,fixation_before,25,110495773818300,0,0,16,391,1699675392,1699675392,2,161021,160636,162489,164425,1434485,877442,1469011,451798,123991,123213,126243,126291,1263556,1269764,1773808,1018813,1,0,
391,110495779046700,0.4048748,1,fixation_before,25,110495773818300,0,0,16,392,1699676397,1699676397,2,161138,160737,162584,164533,1434602,877567,1469132,451910,124118,123329,126349,126401,1263687,1269903,1773944,1018958,1,0,
392,110495786079900,0.411908,1,fixation_before,25,110495773818300,0,0,16,393,1699677402,1699677402,2,161216,160789,162636,164580,1434660,877631,1469201,451979,124189,123392,126406,126467,1263761,1269974,1774025,1019051,1,0,
393,110495786079900,0.411908,1,fixation_before,25,110495773818300,0,0,16,394,1699678406,1699678406,2,161299,160846,162690,164635,1434724,877699,1469271,452049,124271,123458,126474,126541,1263826,1270050,1774101,1019139,1,0,
394,110495786079900,0.411908,1,fixation_before,25,110495773818300,0,0,16,395,1699679411,1699679411,2,161471,161007,162841,164769,1434866,877836,1469414,452201,124453,123624,126628,126696,1263979,1270209,1774269,1019322,1,0,
395,110495786079900,0.411908,1,fixation_before,25,110495773818300,0,0,16,396,1699680416,1699680416,2,161407,160939,162773,164699,1434788,877756,1469329,452098,124392,123572,126559,126627,1263904,1270130,1774191,1019241,1,0,
396,110495786079900,0.411908,1,fixation_before,25,110495773818300,0,0,16,397,1699681421,1699681421,2,161231,160783,162611,164553,1434624,877591,1469156,451913,124213,123394,126402,126466,1263729,1269959,1774010,1019056,1,0,
397,110495786079900,0.411908,1,fixation_before,25,110495773818300,0,0,16,398,1699682425,1699682425,2,161276,160829,162646,164591,1434662,877629,1469186,451931,124254,123424,126441,126505,1263761,1269998,1774045,1019109,1,0,
398,110495786079900,0.411908,1,fixation_before,25,110495773818300,0,0,16,399,1699683430,1699683430,2,161272,160832,162641,164580,1434651,877617,1469172,451911,124255,123436,126436,126512,1263756,1269982,1774031,1019105,1,0,
399,110495792983400,0.4188115,1,fixation_before,26,110495790403400,0,0,16,400,1699684435,1699684435,2,161249,160821,162629,164568,1434627,877593,1469146,451881,124236,123429,126438,126500,1263731,1269962,1774008,1019076,1,0,
400,110495792983400,0.4188115,1,fixation_before,26,110495790403400,0,0,16,401,1699685439,1699685439,2,161289,160859,162668,164606,1434652,877617,1469177,451899,124279,123462,126479,126540,1263753,1269992,1774037,1019109,1,0,
401,110495792983400,0.4188115,1,fixation_before,26,110495790403400,0,0,16,402,1699686444,1699686444,2,161304,160869,162674,164610,1434644,877601,1469170,451884,124286,123468,126479,126542,1263736,1269977,1774016,1019086,1,0,
402,110495792983400,0.4188115,1,fixation_before,26,110495790403400,0,0,16,403,1699687449,1699687449,2,161151,160733,162534,164471,1434495,877456,1469008,451716,124136,123327,126330,126388,1263564,1269802,1773831,1018899,1,0,
403,110495792983400,0.4188115,1,fixation_before,26,110495790403400,0,0,16,404,1699688454,1699688454,2,160988,160587,162385,164317,1434336,877299,1468841,451539,123971,123172,126169,126222,1263394,1269629,1773648,1018702,1,0,
404,110495792983400,0.4188115,1,fixation_before,26,110495790403400,0,0,16,405,1699689459,1699689459,2,160943,160539,162339,164271,1434287,877249,1468788,451481,123927,123129,126124,126174,1263334,1269566,1773591,1018633,1,0,
405,110495792983400,0.4188115,1,fixation_before,26,110495790403400,0,0,16,406,1699690464,1699690464,2,161033,160623,162420,164348,1434363,877331,1468866,451553,124023,123218,126219,126266,1263414,1269638,1773664,1018716,1,0,
406,110495800001500,0.4258296,1,fixation_before,26,110495790403400,0,0,16,407,1699691469,1699691469,2,161213,160798,162596,164518,1434524,877484,1469039,451713,124222,123397,126408,126453,1263578,1269809,1773829,1018899,1,0,
407,110495800001500,0.4258296,1,fixation_before,26,110495790403400,0,0,16,408,1699692474,1699692474,2,161081,160691,162508,164433,1434414,877383,1468936,451585,124102,123298,126312,126369,1263461,1269691,1773702,1018767,1,0,
408,110495800001500,0.4258296,1,fixation_before,26,110495790403400,0,0,16,409,1699693478,1699693478,2,160716,160372,162196,164135,1434121,877076,1468608,451238,123737,122963,125987,126054,1263139,1269365,1773356,1018404,1,0,
409,110495800001500,0.4258296,1,fixation_before,26,110495790403400,0,0,16,410,1699694483,1699694483,2,160789,160451,162280,164218,1434224,877188,1468717,451334,123819,123042,126077,126143,1263264,1269484,1773474,1018515,1,0,
410,110495800001500,0.4258296,1,fixation_before,26,110495790403400,0,0,16,411,1699695488,1699695488,2,160912,160583,162405,164343,1434370,877338,1468876,451479,123954,123173,126206,126280,1263428,1269643,1773640,1018691,1,0,
411,110495800001500,0.4258296,1,fixation_before,26,110495790403400,0,0,16,412,1699696492,1699696492,2,161054,160708,162526,164456,1434504,877467,1469013,451621,124087,123304,126331,126406,1263572,1269799,1773797,1018854,1,0,
412,110495800001500,0.4258296,1,fixation_before,26,110495790403400,0,0,16,413,1699697497,1699697497,2,161134,160759,162581,164507,1434564,877538,1469086,451682,124144,123370,126398,126462,1263643,1269868,1773873,1018942,1,0,
413,110495807015200,0.4328433,1,fixation_before,27,110495805140300,0,0,16,414,1699698502,1699698502,2,161216,160823,162631,164569,1434621,877603,1469153,451748,124215,123444,126467,126519,1263716,1269940,1773948,1019023,1,0,
414,110495807015200,0.4328433,1,fixation_before,27,110495805140300,0,0,16,415,1699699507,1699699507,2,161381,160958,162768,164696,1434751,877731,1469286,451886,124377,123591,126613,126659,1263858,1270091,1774103,1019203,1,0,
415,110495807015200,0.4328433,1,fixation_before,27,110495805140300,0,0,16,416,1699700511,1699700511,2,161314,160880,162694,164626,1434667,877649,1469197,451795,124298,123518,126539,126586,1263773,1270006,1774013,1019116,1,0,
416,110495807015200,0.4328433,1,fixation_before,27,110495805140300,0,0,16,417,1699701516,1699701516,2,161130,160728,162525,164468,1434502,877477,1469019,451592,124109,123356,126370,126421,1263599,1269831,1773831,1018934,1,0,
417,110495807015200,0.4328433,1,fixation_before,27,110495805140300,0,0,16,418,1699702521,1699702521,2,161173,160768,162552,164495,1434529,877511,1469054,451614,124151,123404,126409,126456,1263636,1269868,1773868,1018981,1,0,
418,110495807015200,0.4328433,1,fixation_before,27,110495805140300,0,0,16,419,1699703526,1699703526,2,161166,160756,162543,164485,1434513,877489,1469034,451591,124158,123390,126399,126461,1263618,1269854,1773858,1018966,1,0,
419,110495807015200,0.4328433,1,fixation_before,27,110495805140300,0,0,16,420,1699704530,1699704530,2,161150,160731,162524,164474,1434484,877461,1468998,451553,124153,123370,126382,126441,1263594,1269821,1773829,1018935,1,0,
420,110495814148200,0.4399763,1,fixation_before,27,110495805140300,0,0,16,421,1699705535,1699705535,2,161185,160762,162554,164501,1434501,877483,1469022,451566,124201,123412,126411,126466,1263611,1269838,1773851,1018961,1,0,
421,110495814148200,0.4399763,1,fixation_before,27,110495805140300,0,0,16,422,1699706540,1699706540,2,161164,160744,162534,164468,1434471,877451,1468991,451528,124185,123401,126384,126429,1263571,1269796,1773801,1018915,1,0,
422,110495814148200,0.4399763,1,fixation_before,27,110495805140300,0,0,16,423,1699707545,1699707545,2,161013,160602,162385,164326,1434315,877291,1468817,451349,124025,123246,126231,126266,1263389,1269619,1773603,1018719,1,0,
423,110495814148200,0.4399763,1,fixation_before,27,110495805140300,0,0,16,424,1699708549,1699708549,2,160874,160469,162239,164198,1434178,877154,1468668,451194,123892,123114,126095,126128,1263236,1269461,1773441,1018551,1,0,
424,110495814148200,0.4399763,1,fixation_before,27,110495805140300,0,0,16,425,1699709554,1699709554,2,160831,160426,162193,164143,1434123,877096,1468617,451119,123850,123066,126045,126070,1263179,1269400,1773374,1018473,1,0,
425,110495814148200,0.4399763,1,fixation_before,27,110495805140300,0,0,16,426,1699710559,1699710559,2,160935,160513,162283,164236,1434203,877178,1468710,451199,123944,123162,126136,126164,1263260,1269482,1773459,1018565,1,0,
426,110495814148200,0.4399763,1,fixation_before,27,110495805140300,0,0,16,427,1699711564,1699711564,2,161123,160677,162460,164402,1434354,877338,1468865,451368,124127,123343,126303,126336,1263420,1269644,1773621,1018736,1,0,
427,110495821401200,0.4472293,1,fixation_before,27,110495805140300,0,0,16,428,1699712569,1699712569,2,160986,160561,162342,164306,1434241,877223,1468745,451232,124003,123233,126188,126222,1263289,1269514,1773481,1018581,1,0,
428,110495821401200,0.4472293,1,fixation_before,27,110495805140300,0,0,16,429,1699713573,1699713573,2,160626,160241,162048,164026,1433954,876934,1468434,450886,123645,122893,125875,125923,1262987,1269200,1773144,1018231,1,0,
429,110495821401200,0.4472293,1,fixation_before,27,110495805140300,0,0,16,430,1699714578,1699714578,2,160730,160341,162164,164135,1434081,877064,1468570,451008,123749,122985,125988,126043,1263127,1269338,1773288,1018377,1,0,
430,110495821401200,0.4472293,1,fixation_before,27,110495805140300,0,0,16,431,1699715583,1699715583,2,160869,160457,162281,164251,1434218,877215,1468719,451144,123874,123108,126131,126177,1263283,1269500,1773447,1018545,1,0,
431,110495821401200,0.4472293,1,fixation_before,27,110495805140300,0,0,16,432,1699716587,1699716587,2,160981,160574,162382,164350,1434339,877334,1468847,451273,123997,123218,126253,126279,1263416,1269643,1773584,1018695,1,0,
432,110495821401200,0.4472293,1,fixation_before,27,110495805140300,0,0,16,433,1699717592,1699717592,2,161048,160634,162443,164394,1434403,877392,1468916,451339,124061,123284,126303,126343,1263491,1269722,1773663,1018782,1,0,
433,110495821401200,0.4472293,1,fixation_before,27,110495805140300,0,0,16,434,1699718597,1699718597,2,161128,160703,162531,164463,1434479,877465,1468993,451410,124159,123376,126374,126415,1263574,1269803,1773757,1018884,1,0,
434,110495828056000,0.4538841,1,fixation_before,28,110495822436100,0,0,16,435,1699719601,1699719601,2,161294,160849,162673,164593,1434604,877596,1469128,451548,124330,123531,126517,126563,1263715,1269947,1773908,1019054,1,0,
435,110495828056000,0.4538841,1,fixation_before,28,110495822436100,0,0,16,436,1699720606,1699720606,2,161198,160764,162581,164485,1434506,877496,1469016,451431,124241,123436,126426,126469,1263603,1269844,1773793,1018951,1,0,
436,110495828056000,0.4538841,1,fixation_before,28,110495822436100,0,0,16,437,1699721611,1699721611,2,161006,160596,162411,164331,1434331,877324,1468838,451234,124065,123270,126262,126295,1263425,1269660,1773615,1018768,1,0,
437,110495828056000,0.4538841,1,fixation_before,28,110495822436100,0,0,16,438,1699722615,1699722615,2,161059,160644,162453,164381,1434372,877364,1468879,451266,124116,123313,126315,126344,1263469,1269711,1773663,1018813,1,0,
438,110495828056000,0.4538841,1,fixation_before,28,110495822436100,0,0,16,439,1699723620,1699723620,2,161053,160631,162448,164381,1434365,877349,1468863,451253,124123,123313,126320,126342,1263469,1269704,1773649,1018816,1,0,
439,110495828056000,0.4538841,1,fixation_before,28,110495822436100,0,0,16,440,1699724625,1699724625,2,161040,160616,162453,164374,1434346,877336,1468852,451233,124120,123319,126317,126334,1263451,1269689,1773634,1018803,1,0,
440,110495828056000,0.4538841,1,fixation_before,28,110495822436100,0,0,16,441,1699725630,1699725630,2,161058,160637,162483,164405,1434349,877346,1468869,451236,124143,123339,126340,126354,1263458,1269691,1773648,1018816,1,0,
441,110495835073200,0.4609013,1,fixation_before,28,110495822436100,0,0,16,442,1699726635,1699726635,2,161054,160627,162468,164388,1434327,877324,1468847,451198,124148,123323,126317,126344,1263428,1269663,1773615,1018773,1,0,
442,110495835073200,0.4609013,1,fixation_before,28,110495822436100,0,0,16,443,1699727639,1699727639,2,160928,160496,162335,164258,1434198,877186,1468694,451048,124012,123186,126180,126213,1263266,1269504,1773445,1018595,1,0,
443,110495835073200,0.4609013,1,fixation_before,28,110495822436100,0,0,16,444,1699728644,1699728644,2,160801,160364,162193,164143,1434062,877053,1468554,450886,123874,123050,126043,126078,1263109,1269347,1773276,1018418,1,0,
444,110495835073200,0.4609013,1,fixation_before,28,110495822436100,0,0,16,445,1699729649,1699729649,2,160747,160311,162143,164099,1434006,876993,1468495,450824,123831,123001,125998,126027,1263052,1269287,1773213,1018351,1,0,
445,110495835073200,0.4609013,1,fixation_before,28,110495822436100,0,0,16,446,1699730654,1699730654,2,160846,160397,162244,164189,1434093,877075,1468582,450908,123928,123115,126103,126122,1263134,1269372,1773298,1018445,1,0,
446,110495835073200,0.4609013,1,fixation_before,28,110495822436100,0,0,16,447,1699731659,1699731659,2,161036,160579,162416,164358,1434254,877236,1468756,451076,124124,123319,126281,126304,1263311,1269543,1773473,1018630,1,0,
447,110495835073200,0.4609013,1,fixation_before,28,110495822436100,0,0,16,448,1699732663,1699732663,2,160891,160451,162302,164239,1434119,877106,1468613,450924,123984,123196,126163,126171,1263168,1269398,1773313,1018455,1,0,
448,110495842030800,0.4678589,1,fixation_before,29,110495839021200,0,0,16,449,1699733668,1699733668,2,160545,160149,162009,163957,1433836,876820,1468315,450589,123636,122869,125867,125878,1262853,1269088,1772989,1018104,1,0,
449,110495842030800,0.4678589,1,fixation_before,29,110495839021200,0,0,16,450,1699734673,1699734673,2,160652,160251,162119,164059,1433964,876953,1468444,450706,123737,122964,125988,125995,1262998,1269229,1773127,1018251,1,0,
450,110495842030800,0.4678589,1,fixation_before,29,110495839021200,0,0,16,451,1699735678,1699735678,2,160781,160370,162228,164178,1434101,877090,1468582,450839,123860,123083,126116,126116,1263156,1269383,1773284,1018406,1,0,
451,110495842030800,0.4678589,1,fixation_before,29,110495839021200,0,0,16,452,1699736682,1699736682,2,160905,160488,162330,164281,1434221,877207,1468711,450970,123982,123206,126228,126232,1263288,1269516,1773423,1018563,1,0,
452,110495842030800,0.4678589,1,fixation_before,29,110495839021200,0,0,16,453,1699737687,1699737687,2,160956,160531,162383,164323,1434275,877263,1468769,451025,124035,123258,126275,126276,1263344,1269584,1773485,1018642,1,0,
453,110495842030800,0.4678589,1,fixation_before,29,110495839021200,0,0,16,454,1699738692,1699738692,2,161040,160593,162438,164389,1434341,877330,1468836,451087,124120,123326,126346,126348,1263418,1269661,1773569,1018741,1,0,
454,110495842030800,0.4678589,1,fixation_before,29,110495839021200,0,0,16,455,1699739696,1699739696,2,161206,160738,162559,164518,1434453,877460,1468971,451219,124284,123470,126483,126491,1263556,1269796,1773721,1018900,1,0,
455,110495849003400,0.4748315,1,fixation_before,29,110495839021200,0,0,16,456,1699740701,1699740701,2,161106,160653,162468,164436,1434353,877358,1468871,451102,124195,123378,126394,126397,1263457,1269691,1773613,1018789,1,0,
456,110495849003400,0.4748315,1,fixation_before,29,110495839021200,0,0,16,457,1699741706,1699741706,2,160936,160498,162310,164288,1434205,877191,1468698,450920,124021,123221,126231,126240,1263292,1269524,1773438,1018617,1,0,
457,110495849003400,0.4748315,1,fixation_before,29,110495839021200,0,0,16,458,1699742711,1699742711,2,160993,160538,162361,164327,1434241,877227,1468726,450947,124069,123273,126266,126286,1263335,1269564,1773480,1018669,1,0,
458,110495849003400,0.4748315,1,fixation_before,29,110495839021200,0,0,16,459,1699743715,1699743715,2,160996,160543,162358,164320,1434234,877216,1468713,450925,124081,123273,126272,126298,1263319,1269561,1773474,1018664,1,0,
459,110495849003400,0.4748315,1,fixation_before,29,110495839021200,0,0,16,460,1699744720,1699744720,2,160994,160549,162354,164311,1434219,877205,1468706,450909,124083,123268,126273,126297,1263302,1269549,1773465,1018651,1,0,
460,110495849003400,0.4748315,1,fixation_before,29,110495839021200,0,0,16,461,1699745725,1699745725,2,161025,160572,162383,164340,1434233,877228,1468735,450929,124118,123298,126306,126321,1263329,1269571,1773479,1018670,1,0,
461,110495849003400,0.4748315,1,fixation_before,29,110495839021200,0,0,16,462,1699746730,1699746730,2,161025,160568,162375,164330,1434216,877208,1468710,450905,124123,123294,126301,126311,1263299,1269544,1773441,1018644,1,0,
462,110495856039300,0.4818674,2,stimulus,30,110495854769700,1,1,16,463,1699747735,1699747735,2,160882,160416,162229,164182,1434056,877048,1468537,450723,123966,123149,126152,126153,1263119,1269364,1773258,1018448,1,0,
463,110495856039300,0.4818674,2,stimulus,30,110495854769700,1,1,16,464,1699748739,1699748739,2,160726,160283,162106,164051,1433913,876904,1468387,450564,123817,123012,126015,126005,1262956,1269194,1773084,1018273,1,0,
464,110495856039300,0.4818674,2,stimulus,30,110495854769700,1,1,16,465,1699749744,1699749744,2,160681,160236,162077,164015,1433872,876862,1468345,450516,123786,122986,125986,125979,1262911,1269146,1773029,1018218,1,0,
465,110495856039300,0.4818674,2,stimulus,30,110495854769700,1,1,16,466,1699750749,1699750749,2,160782,160332,162168,164102,1433960,876947,1468441,450598,123900,123082,126091,126091,1262999,1269239,1773117,1018313,1,0,
466,110495856039300,0.4818674,2,stimulus,30,110495854769700,1,1,16,467,1699751753,1699751753,2,160950,160496,162324,164251,1434101,877096,1468592,450743,124076,123248,126261,126254,1263150,1269387,1773273,1018471,1,0,
467,110495856039300,0.4818674,2,stimulus,30,110495854769700,1,1,16,468,1699752758,1699752758,2,160779,160364,162191,164119,1433959,876956,1468442,450579,123915,123116,126128,126109,1262993,1269227,1773098,1018287,1,0,
468,110495856039300,0.4818674,2,stimulus,30,110495854769700,1,1,16,469,1699753763,1699753763,2,160426,160058,161908,163836,1433683,876669,1468137,450241,123551,122803,125824,125811,1262694,1268930,1772772,1017947,1,0,
469,110495863083500,0.4889116,2,stimulus,30,110495854769700,1,1,16,470,1699754768,1699754768,2,160518,160164,162007,163941,1433803,876791,1468256,450355,123649,122900,125929,125916,1262826,1269059,1772903,1018069,1,0,
470,110495863083500,0.4889116,2,stimulus,30,110495854769700,1,1,16,471,1699755773,1699755773,2,160631,160276,162119,164055,1433932,876918,1468386,450483,123765,123014,126051,126028,1262973,1269206,1773051,1018226,1,0,
471,110495863083500,0.4889116,2,stimulus,30,110495854769700,1,1,16,472,1699756777,1699756777,2,160753,160375,162222,164148,1434044,877033,1468511,450599,123868,123113,126158,126132,1263106,1269333,1773182,1018369,1,0,
472,110495863083500,0.4889116,2,stimulus,30,110495854769700,1,1,16,473,1699757782,1699757782,2,160825,160431,162275,164195,1434098,877091,1468577,450663,123941,123169,126208,126190,1263173,1269405,1773254,1018454,1,0,
473,110495863083500,0.4889116,2,stimulus,30,110495854769700,1,1,16,474,1699758787,1699758787,2,160914,160508,162339,164266,1434174,877166,1468659,450737,124038,123254,126286,126274,1263255,1269493,1773346,1018557,1,0,
474,110495863083500,0.4889116,2,stimulus,30,110495854769700,1,1,16,475,1699759792,1699759792,2,161074,160652,162470,164390,1434304,877294,1468793,450873,124202,123400,126431,126419,1263391,1269634,1773499,1018725,1,0,
475,110495863083500,0.4889116,2,stimulus,30,110495854769700,1,1,16,476,1699760797,1699760797,2,160995,160579,162388,164310,1434211,877197,1468695,450769,124108,123320,126351,126338,1263289,1269543,1773399,1018627,1,0,
476,110495870229700,0.4960578,2,stimulus,30,110495854769700,1,1,16,477,1699761802,1699761802,2,160846,160441,162249,164173,1434071,877055,1468544,450599,123949,123178,126202,126205,1263144,1269391,1773250,1018476,1,0,
477,110495870229700,0.4960578,2,stimulus,30,110495854769700,1,1,16,478,1699762807,1699762807,2,160918,160506,162313,164241,1434131,877114,1468597,450656,124026,123242,126263,126264,1263204,1269457,1773318,1018551,1,0,
478,110495870229700,0.4960578,2,stimulus,30,110495854769700,1,1,16,479,1699763812,1699763812,2,160915,160479,162286,164229,1434103,877091,1468578,450631,124026,123234,126259,126244,1263187,1269440,1773296,1018523,1,0,
479,110495870229700,0.4960578,2,stimulus,30,110495854769700,1,1,16,480,1699764817,1699764817,2,160908,160474,162268,164213,1434083,877073,1468554,450598,124019,123238,126254,126238,1263171,1269421,1773281,1018508,1,0,
480,110495870229700,0.4960578,2,stimulus,30,110495854769700,1,1,16,481,1699765822,1699765822,2,160955,160517,162311,164243,1434104,877104,1468579,450623,124066,123288,126303,126289,1263203,1269449,1773305,1018544,1,0,
481,110495870229700,0.4960578,2,stimulus,30,110495854769700,1,1,16,482,1699766827,1699766827,2,160950,160523,162311,164241,1434091,877094,1468564,450599,124081,123279,126296,126292,1263179,1269428,1773274,1018521,1,0,
482,110495870229700,0.4960578,2,stimulus,30,110495854769700,1,1,16,483,1699767832,1699767832,2,160810,160386,162169,164109,1433948,876942,1468413,450436,123932,123154,126146,126155,1263009,1269257,1773095,1018336,1,0,
483,110495876996100,0.5028242,2,stimulus,31,110495871408200,1,1,16,484,1699768837,1699768837,2,160664,160254,162043,163986,1433813,876804,1468271,450276,123791,123028,126000,126033,1262858,1269102,1772932,1018161,1,0,
484,110495876996100,0.5028242,2,stimulus,31,110495871408200,1,1,16,485,1699769841,1699769841,2,160629,160220,162019,163961,1433776,876769,1468226,450225,123766,122998,125963,126005,1262809,1269056,1772878,1018115,1,0,
485,110495876996100,0.5028242,2,stimulus,31,110495871408200,1,1,16,486,1699770846,1699770846,2,160740,160308,162123,164051,1433864,876855,1468313,450311,123881,123095,126065,126104,1262899,1269143,1772977,1018208,1,0,
486,110495876996100,0.5028242,2,stimulus,31,110495871408200,1,1,16,487,1699771851,1699771851,2,160922,160486,162287,164206,1434019,877008,1468473,450461,124061,123264,126239,126273,1263051,1269300,1773136,1018382,1,0,
487,110495876996100,0.5028242,2,stimulus,31,110495871408200,1,1,16,488,1699772856,1699772856,2,160760,160326,162138,164080,1433861,876855,1468317,450283,123883,123112,126099,126138,1262881,1269128,1772954,1018189,1,0,
488,110495876996100,0.5028242,2,stimulus,31,110495871408200,1,1,16,489,1699773861,1699773861,2,160418,160032,161858,163804,1433575,876578,1468021,449962,123539,122804,125794,125851,1262584,1268831,1772640,1017845,1,0,
489,110495876996100,0.5028242,2,stimulus,31,110495871408200,1,1,16,490,1699774866,1699774866,2,160521,160148,161969,163909,1433716,876718,1468158,450080,123641,122904,125896,125968,1262731,1268972,1772778,1017986,1,0,
490,110495884197700,0.5100258,2,stimulus,31,110495871408200,1,1,16,491,1699775871,1699775871,2,160660,160278,162092,164030,1433871,876864,1468309,450227,123773,123045,126034,126104,1262894,1269131,1772939,1018153,1,0,
491,110495884197700,0.5100258,2,stimulus,31,110495871408200,1,1,16,492,1699776876,1699776876,2,160783,160385,162193,164129,1433984,876981,1468439,450354,123886,123161,126154,126223,1263031,1269269,1773083,1018308,1,0,
492,110495884197700,0.5100258,2,stimulus,31,110495871408200,1,1,16,493,1699777880,1699777880,2,160870,160442,162246,164178,1434046,877040,1468504,450418,123958,123211,126221,126293,1263108,1269350,1773162,1018403,1,0,
493,110495884197700,0.5100258,2,stimulus,31,110495871408200,1,1,16,494,1699778885,1699778885,2,160978,160521,162328,164237,1434116,877118,1468588,450495,124051,123291,126297,126373,1263186,1269439,1773256,1018511,1,0,
494,110495884197700,0.5100258,2,stimulus,31,110495871408200,1,1,16,495,1699779890,1699779890,2,161132,160663,162465,164359,1434243,877249,1468723,450626,124218,123439,126438,126514,1263323,1269575,1773402,1018670,1,0,
495,110495884197700,0.5100258,2,stimulus,31,110495871408200,1,1,16,496,1699780895,1699780895,2,161031,160564,162378,164266,1434143,877134,1468604,450503,124114,123344,126342,126417,1263213,1269466,1773286,1018553,1,0,
496,110495884197700,0.5100258,2,stimulus,31,110495871408200,1,1,16,497,1699781900,1699781900,2,160871,160401,162243,164124,1433990,876980,1468448,450329,123949,123187,126197,126274,1263053,1269305,1773123,1018386,1,0,
497,110495890981500,0.5168096,2,stimulus,32,110495887808700,1,1,16,498,1699782905,1699782905,2,160930,160448,162292,164171,1434028,877024,1468490,450370,124018,123237,126241,126332,1263104,1269351,1773176,1018456,1,0,
498,110495890981500,0.5168096,2,stimulus,32,110495887808700,1,1,16,499,1699783910,1699783910,2,160906,160428,162271,164146,1433991,876990,1468458,450330,124013,123223,126213,126307,1263076,1269325,1773149,1018433,1,0,
499,110495890981500,0.5168096,2,stimulus,32,110495887808700,1,1,16,500,1699784915,1699784915,2,160902,160425,162269,164145,1433981,876979,1468436,450306,124019,123221,126218,126298,1263061,1269308,1773138,1018423,1,0,
500,110495890981500,0.5168096,2,stimulus,32,110495887808700,1,1,16,501,1699785920,1699785920,2,160958,160480,162327,164202,1434016,877019,1468476,450346,124074,123281,126266,126354,1263099,1269346,1773170,1018461,1,0,
501,110495890981500,0.5168096,2,stimulus,32,110495887808700,1,1,16,502,1699786924,1699786924,2,160958,160474,162327,164195,1433999,877001,1468460,450326,124062,123274,126257,126343,1263072,1269314,1773130,1018419,1,0,
502,110495890981500,0.5168096,2,stimulus,32,110495887808700,1,1,16,503,1699787929,1699787929,2,160816,160344,162183,164053,1433856,876857,1468304,450158,123918,123141,126116,126203,1262902,1269146,1772958,1018243,1,0,
503,110495890981500,0.5168096,2,stimulus,32,110495887808700,1,1,16,504,1699788934,1699788934,2,160688,160232,162065,163928,1433733,876720,1468163,450002,123794,123027,125999,126081,1262759,1269008,1772807,1018082,1,0,
504,110495898057900,0.523886,2,stimulus,32,110495887808700,1,1,16,505,1699789939,1699789939,2,160649,160197,162031,163898,1433691,876673,1468113,449948,123764,122988,125974,126041,1262716,1268964,1772744,1018021,1,0,
505,110495898057900,0.523886,2,stimulus,32,110495887808700,1,1,16,506,1699790944,1699790944,2,160760,160296,162137,163989,1433776,876765,1468209,450031,123879,123092,126089,126140,1262811,1269049,1772837,1018120,1,0,
506,110495898057900,0.523886,2,stimulus,32,110495887808700,1,1,16,507,1699791949,1699791949,2,160929,160440,162283,164139,1433914,876908,1468355,450166,124052,123251,126244,126303,1262948,1269188,1772984,1018282,1,0,
507,110495898057900,0.523886,2,stimulus,32,110495887808700,1,1,16,508,1699792954,1699792954,2,160743,160278,162128,164002,1433748,876748,1468188,449990,123881,123096,126086,126155,1262769,1269009,1772784,1018081,1,0,
508,110495898057900,0.523886,2,stimulus,32,110495887808700,1,1,16,509,1699793959,1699793959,2,160438,160009,161876,163761,1433499,876497,1467916,449696,123570,122825,125814,125890,1262503,1268755,1772506,1017774,1,0,
509,110495898057900,0.523886,2,stimulus,32,110495887808700,1,1,16,510,1699794964,1699794964,2,160558,160129,161997,163886,1433641,876638,1468069,449825,123674,122947,125930,126018,1262662,1268906,1772664,1017923,1,0,
510,110495898057900,0.523886,2,stimulus,32,110495887808700,1,1,16,511,1699795969,1699795969,2,160671,160240,162102,163988,1433771,876768,1468211,449956,123797,123058,126046,126136,1262811,1269050,1772810,1018079,1,0,
511,110495905143800,0.5309719,2,stimulus,32,110495887808700,1,1,16,512,1699796974,1699796974,2,160777,160334,162188,164074,1433873,876878,1468324,450070,123906,123160,126151,126234,1262931,1269170,1772932,1018221,1,0,
512,110495905143800,0.5309719,2,stimulus,32,110495887808700,1,1,16,513,1699797979,1699797979,2,160839,160395,162237,164118,1433930,876940,1468383,450132,123977,123213,126203,126286,1262997,1269243,1773013,1018306,1,0,
513,110495905143800,0.5309719,2,stimulus,32,110495887808700,1,1,16,514,1699798984,1699798984,2,160933,160477,162297,164183,1434004,877012,1468460,450196,124081,123286,126277,126358,1263073,1269325,1773101,1018403,1,0,
514,110495905143800,0.5309719,2,stimulus,32,110495887808700,1,1,16,515,1699799989,1699799989,2,161079,160611,162411,164296,1434114,877124,1468581,450314,124236,123424,126416,126484,1263198,1269453,1773233,1018553,1,0,
515,110495905143800,0.5309719,2,stimulus,32,110495887808700,1,1,16,516,1699800995,1699800995,2,160976,160503,162313,164186,1434001,877012,1468460,450187,124137,123313,126317,126379,1263086,1269338,1773116,1018440,1,0,
516,110495905143800,0.5309719,2,stimulus,32,110495887808700,1,1,16,517,1699802000,1699802000,2,160837,160365,162194,164059,1433868,876873,1468318,450029,123983,123176,126189,126263,1262944,1269201,1772969,1018293,1,0,
517,110495905143800,0.5309719,2,stimulus,32,110495887808700,1,1,16,518,1699803005,1699803005,2,160906,160419,162253,164114,1433913,876919,1468364,450073,124034,123228,126253,126313,1262997,1269267,1773026,1018356,1,0,
518,110495912060600,0.5378887,2,stimulus,33,110495904759100,1,0,16,519,1699804010,1699804010,2,160871,160398,162229,164089,1433887,876888,1468341,450034,124024,123212,126244,126293,1262969,1269233,1772996,1018335,1,0,
519,110495912060600,0.5378887,2,stimulus,33,110495904759100,1,0,16,520,1699805015,1699805015,2,160864,160393,162226,164089,1433870,876881,1468322,450004,124024,123209,126242,126299,1262953,1269221,1772983,1018318,1,0,
520,110495912060600,0.5378887,2,stimulus,33,110495904759100,1,0,16,521,1699806020,1699806020,2,160918,160438,162271,164141,1433908,876919,1468361,450042,124085,123267,126284,126349,1262988,1269256,1773017,1018355,1,0,
521,110495912060600,0.5378887,2,stimulus,33,110495904759100,1,0,16,522,1699807025,1699807025,2,160893,160431,162264,164136,1433882,876895,1468339,450008,124075,123253,126269,126326,1262946,1269214,1772974,1018313,1,0,
522,110495912060600,0.5378887,2,stimulus,33,110495904759100,1,0,16,523,1699808030,1699808030,2,160744,160295,162129,164007,1433734,876751,1468184,449838,123933,123105,126125,126184,1262786,1269039,1772794,1018121,1,0,
523,110495912060600,0.5378887,2,stimulus,33,110495904759100,1,0,16,524,1699809035,1699809035,2,160608,160168,161996,163888,1433596,876611,1468031,449681,123803,122973,125989,126041,1262638,1268884,1772635,1017954,1,0,
524,110495912060600,0.5378887,2,stimulus,33,110495904759100,1,0,16,525,1699810040,1699810040,2,160555,160123,161945,163841,1433534,876554,1467965,449613,123763,122926,125943,125992,1262573,1268821,1772573,1017887,1,0,
525,110495919076000,0.5449041,2,stimulus,33,110495904759100,1,0,16,526,1699811045,1699811045,2,160668,160223,162054,163947,1433633,876649,1468065,449703,123877,123035,126042,126094,1262669,1268918,1772666,1017988,1,0,
526,110495919076000,0.5449041,2,stimulus,33,110495904759100,1,0,16,527,1699812050,1699812050,2,160855,160402,162226,164126,1433788,876809,1468232,449869,124072,123223,126214,126279,1262834,1269079,1772837,1018168,1,0,
527,110495919076000,0.5449041,2,stimulus,33,110495904759100,1,0,16,528,1699813054,1699813054,2,160650,160228,162051,163967,1433617,876627,1468051,449670,123883,123046,126052,126116,1262646,1268889,1772623,1017950,1,0,
528,110495919076000,0.5449041,2,stimulus,33,110495904759100,1,0,16,529,1699814059,1699814059,2,160322,159941,161788,163718,1433360,876366,1467776,449367,123549,122753,125777,125844,1262373,1268618,1772328,1017628,1,0,
529,110495919076000,0.5449041,2,stimulus,33,110495904759100,1,0,16,530,1699815064,1699815064,2,160441,160051,161916,163837,1433494,876509,1467918,449489,123648,122874,125906,125965,1262524,1268771,1772476,1017774,1,0,
530,110495919076000,0.5449041,2,stimulus,33,110495904759100,1,0,16,531,1699816069,1699816069,2,160576,160178,162046,163959,1433634,876658,1468071,449641,123783,123002,126035,126098,1262684,1268936,1772643,1017954,1,0,
531,110495919076000,0.5449041,2,stimulus,33,110495904759100,1,0,16,532,1699817074,1699817074,2,160709,160296,162156,164069,1433763,876788,1468206,449771,123931,123113,126149,126228,1262819,1269071,1772789,1018115,1,0,
532,110495926059800,0.5518879,2,stimulus,34,110495921343800,1,0,16,533,1699818079,1699818079,2,160792,160364,162211,164127,1433831,876857,1468273,449839,124014,123176,126221,126293,1262900,1269148,1772874,1018208,1,0,
533,110495926059800,0.5518879,2,stimulus,34,110495921343800,1,0,16,534,1699819084,1699819084,2,160905,160456,162288,164214,1433916,876938,1468366,449932,124111,123269,126309,126380,1262993,1269249,1772978,1018329,1,0,
534,110495926059800,0.5518879,2,stimulus,34,110495921343800,1,0,16,535,1699820089,1699820089,2,161061,160587,162410,164343,1434038,877059,1468499,450063,124257,123417,126446,126520,1263123,1269384,1773116,1018498,1,0,
535,110495926059800,0.5518879,2,stimulus,34,110495921343800,1,0,16,536,1699821094,1699821094,2,160952,160504,162304,164259,1433934,876951,1468380,449936,124150,123326,126344,126424,1263016,1269269,1773003,1018377,1,0,
536,110495926059800,0.5518879,2,stimulus,34,110495921343800,1,0,16,537,1699822098,1699822098,2,160808,160379,162179,164136,1433803,876819,1468237,449771,124003,123204,126211,126291,1262882,1269132,1772856,1018226,1,0,
537,110495926059800,0.5518879,2,stimulus,34,110495921343800,1,0,16,538,1699823103,1699823103,2,160876,160438,162231,164191,1433846,876862,1468285,449811,124069,123261,126269,126346,1262930,1269191,1772909,1018287,1,0,
538,110495926059800,0.5518879,2,stimulus,34,110495921343800,1,0,16,539,1699824108,1699824108,2,160859,160428,162203,164165,1433818,876841,1468259,449779,124063,123246,126258,126327,1262906,1269169,1772891,1018269,1,0,
539,110495933060100,0.5588882,2,stimulus,34,110495921343800,1,0,16,540,1699825113,1699825113,2,160849,160415,162191,164146,1433803,876823,1468241,449756,124060,123243,126250,126306,1262889,1269145,1772872,1018254,1,0,
540,110495933060100,0.5588882,2,stimulus,34,110495921343800,1,0,16,541,1699826118,1699826118,2,160891,160439,162229,164181,1433826,876844,1468258,449774,124110,123281,126286,126339,1262909,1269162,1772886,1018276,1,0,
541,110495933060100,0.5588882,2,stimulus,34,110495921343800,1,0,16,542,1699827122,1699827122,2,160881,160417,162210,164168,1433796,876818,1468226,449731,124098,123262,126268,126316,1262868,1269120,1772840,1018231,1,0,
542,110495933060100,0.5588882,2,stimulus,34,110495921343800,1,0,16,543,1699828127,1699828127,2,160729,160268,162059,164034,1433643,876663,1468071,449560,123937,123107,126117,126161,1262699,1268946,1772665,1018032,1,0,
543,110495933060100,0.5588882,2,stimulus,34,110495921343800,1,0,16,544,1699829132,1699829132,2,160602,160141,161941,163910,1433511,876522,1467923,449408,123811,122982,125974,126023,1262540,1268793,1772497,1017869,1,0,
544,110495933060100,0.5588882,2,stimulus,34,110495921343800,1,0,16,545,1699830137,1699830137,2,160566,160101,161914,163865,1433461,876479,1467875,449348,123781,122952,125939,125976,1262489,1268742,1772443,1017814,1,0,
545,110495933060100,0.5588882,2,stimulus,34,110495921343800,1,0,16,546,1699831142,1699831142,2,160696,160214,162035,163976,1433566,876589,1467989,449460,123909,123073,126071,126107,1262601,1268849,1772557,1017937,1,0,
546,110495940139200,0.5659673,2,stimulus,35,110495938783700,1,0,16,547,1699832147,1699832147,2,160865,160373,162199,164135,1433716,876737,1468148,449618,124090,123245,126234,126279,1262758,1269013,1772719,1018105,1,0,
547,110495940139200,0.5659673,2,stimulus,35,110495938783700,1,0,16,548,1699833152,1699833152,2,160649,160188,162019,163962,1433536,876554,1467953,449408,123888,123065,126049,126094,1262554,1268816,1772499,1017873,1,0,
548,110495940139200,0.5659673,2,stimulus,35,110495938783700,1,0,16,549,1699834157,1699834157,2,160324,159918,161754,163720,1433283,876296,1467680,449110,123559,122778,125780,125818,1262281,1268541,1772216,1017566,1,0,
549,110495940139200,0.5659673,2,stimulus,35,110495938783700,1,0,16,550,1699835161,1699835161,2,160421,160028,161868,163826,1433421,876419,1467818,449228,123663,122889,125891,125929,1262421,1268681,1772354,1017718,1,0,
550,110495940139200,0.5659673,2,stimulus,35,110495938783700,1,0,16,551,1699836166,1699836166,2,160551,160151,161996,163946,1433552,876566,1467972,449368,123796,123008,126019,126059,1262581,1268841,1772510,1017886,1,0,
551,110495940139200,0.5659673,2,stimulus,35,110495938783700,1,0,16,552,1699837171,1699837171,2,160654,160244,162075,164028,1433651,876669,1468069,449474,123886,123094,126118,126153,1262695,1268959,1772631,1018014,1,0,
552,110495940139200,0.5659673,2,stimulus,35,110495938783700,1,0,16,553,1699838176,1699838176,2,160718,160297,162106,164069,1433700,876723,1468126,449523,123931,123155,126164,126201,1262756,1269026,1772694,1018089,1,0,
553,110495947021100,0.5728492,2,stimulus,35,110495938783700,1,0,16,554,1699839181,1699839181,2,160818,160384,162181,164139,1433779,876796,1468211,449608,124029,123241,126240,126281,1262835,1269114,1772785,1018188,1,0,
554,110495947021100,0.5728492,2,stimulus,35,110495938783700,1,0,16,555,1699840186,1699840186,2,160980,160536,162322,164266,1433899,876924,1468341,449743,124194,123379,126391,126424,1262976,1269252,1772937,1018349,1,0,
555,110495947021100,0.5728492,2,stimulus,35,110495938783700,1,0,16,556,1699841191,1699841191,2,160848,160421,162217,164149,1433776,876801,1468212,449600,124079,123260,126292,126319,1262849,1269129,1772814,1018219,1,0,
556,110495947021100,0.5728492,2,stimulus,35,110495938783700,1,0,16,557,1699842196,1699842196,2,160712,160289,162085,164039,1433643,876669,1468073,449440,123935,123126,126166,126199,1262713,1268989,1772674,1018081,1,0,
557,110495947021100,0.5728492,2,stimulus,35,110495938783700,1,0,16,558,1699843201,1699843201,2,160774,160334,162129,164075,1433681,876718,1468114,449486,123989,123184,126231,126249,1262763,1269031,1772716,1018146,1,0,
558,110495947021100,0.5728492,2,stimulus,35,110495938783700,1,0,16,559,1699844206,1699844206,2,160755,160311,162107,164040,1433650,876679,1468085,449448,123983,123171,126220,126227,1262736,1268998,1772686,1018120,1,0,
559,110495947021100,0.5728492,2,stimulus,35,110495938783700,1,0,16,560,1699845211,1699845211,2,160755,160303,162095,164036,1433636,876665,1468073,449424,123991,123177,126206,126223,1262717,1268993,1772668,1018110,1,0,
560,110495954065900,0.579894,2,stimulus,35,110495938783700,1,0,16,561,1699846216,1699846216,2,160807,160335,162132,164080,1433671,876697,1468102,449446,124036,123219,126243,126253,1262742,1269024,1772699,1018138,1,0,
561,110495954065900,0.579894,2,stimulus,35,110495938783700,1,0,16,562,1699847221,1699847221,2,160790,160318,162113,164065,1433646,876666,1468076,449406,124023,123206,126233,126229,1262704,1268983,1772654,1018094,1,0,
562,110495954065900,0.579894,2,stimulus,35,110495938783700,1,0,16,563,1699848226,1699848226,2,160639,160178,161976,163929,1433497,876518,1467911,449246,123873,123063,126089,126068,1262531,1268811,1772467,1017897,1,0,
563,110495954065900,0.579894,2,stimulus,35,110495938783700,1,0,16,564,1699849231,1699849231,2,160508,160063,161861,163815,1433378,876399,1467775,449102,123743,122942,125970,125940,1262395,1268669,1772321,1017736,1,0,
564,110495954065900,0.579894,2,stimulus,35,110495938783700,1,0,16,565,1699850236,1699850236,2,160491,160036,161837,163791,1433346,876367,1467751,449061,123733,122915,125951,125929,1262361,1268637,1772289,1017698,1,0,
565,110495954065900,0.579894,2,stimulus,35,110495938783700,1,0,16,566,1699851240,1699851240,2,160603,160126,161934,163891,1433433,876454,1467844,449146,123855,123031,126063,126046,1262466,1268729,1772381,1017803,1,0,
566,110495954065900,0.579894,2,stimulus,35,110495938783700,1,0,16,567,1699852245,1699852245,2,160773,160289,162091,164043,1433573,876600,1467998,449297,124036,123199,126230,126220,1262607,1268880,1772527,1017968,1,0,
567,110495961067800,0.5868959,2,stimulus,36,110495954172400,1,1,16,568,1699853250,1699853250,2,160551,160111,161924,163886,1433393,876418,1467802,449094,123834,123016,126046,126053,1262414,1268683,1772315,1017738,1,0,
568,110495961067800,0.5868959,2,stimulus,36,110495954172400,1,1,16,569,1699854255,1699854255,2,160254,159859,161684,163671,1433163,876180,1467558,448816,123538,122746,125790,125820,1262168,1268426,1772054,1017454,1,0,
569,110495961067800,0.5868959,2,stimulus,36,110495954172400,1,1,16,570,1699855260,1699855260,2,160381,159978,161808,163806,1433311,876332,1467708,448953,123651,122871,125909,125966,1262325,1268590,1772208,1017608,1,0,
570,110495961067800,0.5868959,2,stimulus,36,110495954172400,1,1,16,571,1699856265,1699856265,2,160508,160100,161944,163938,1433456,876479,1467860,449108,123787,123003,126045,126105,1262488,1268754,1772369,1017790,1,0,
571,110495961067800,0.5868959,2,stimulus,36,110495954172400,1,1,16,572,1699857269,1699857269,2,160611,160198,162031,164026,1433553,876582,1467970,449222,123887,123109,126141,126208,1262599,1268873,1772492,1017921,1,0,
572,110495961067800,0.5868959,2,stimulus,36,110495954172400,1,1,16,573,1699858274,1699858274,2,160658,160234,162049,164058,1433582,876617,1468002,449254,123929,123140,126153,126237,1262639,1268918,1772545,1017981,1,0,
573,110495961067800,0.5868959,2,stimulus,36,110495954172400,1,1,16,574,1699859279,1699859279,2,160761,160341,162134,164137,1433665,876704,1468090,449341,124044,123230,126238,126318,1262732,1269015,1772649,1018104,1,0,
574,110495968125800,0.5939539,2,stimulus,36,110495954172400,1,1,16,575,1699860284,1699860284,2,160921,160478,162273,164274,1433802,876841,1468235,449481,124215,123386,126391,126464,1262878,1269159,1772797,1018269,1,0,
575,110495968125800,0.5939539,2,stimulus,36,110495954172400,1,1,16,576,1699861289,1699861289,2,160814,160368,162163,164176,1433689,876726,1468115,449345,124096,123281,126286,126364,1262760,1269045,1772679,1018141,1,0,
576,110495968125800,0.5939539,2,stimulus,36,110495954172400,1,1,16,577,1699862294,1699862294,2,160664,160232,162036,164052,1433563,876588,1467969,449183,123942,123145,126153,126236,1262621,1268899,1772531,1017991,1,0,
577,110495968125800,0.5939539,2,stimulus,36,110495954172400,1,1,16,578,1699863298,1699863298,2,160732,160293,162109,164105,1433617,876638,1468030,449238,124009,123219,126222,126299,1262677,1268957,1772596,1018068,1,0,
578,110495968125800,0.5939539,2,stimulus,36,110495954172400,1,1,16,579,1699864303,1699864303,2,160721,160281,162096,164095,1433593,876623,1468012,449223,124017,123227,126218,126294,1262668,1268949,1772582,1018066,1,0,
579,110495968125800,0.5939539,2,stimulus,36,110495954172400,1,1,16,580,1699865308,1699865308,2,160719,160288,162108,164101,1433594,876622,1467999,449207,124032,123236,126227,126300,1262669,1268952,1772578,1018060,1,0,
580,110495968125800,0.5939539,2,stimulus,36,110495954172400,1,1,16,581,1699866312,1699866312,2,160791,160341,162154,164146,1433633,876672,1468054,449234,124087,123294,126278,126341,1262708,1268991,1772615,1018096,1,0,
581,110495974994400,0.6008225,2,stimulus,37,110495970875200,1,1,16,582,1699867317,1699867317,2,160789,160340,162146,164128,1433609,876650,1468026,449211,124079,123285,126261,126315,1262674,1268965,1772585,1018057,1,0,
582,110495974994400,0.6008225,2,stimulus,37,110495970875200,1,1,16,583,1699868322,1699868322,2,160630,160193,161998,163981,1433448,876488,1467857,449033,123933,123123,126108,126161,1262489,1268785,1772393,1017865,1,0,
583,110495974994400,0.6008225,2,stimulus,37,110495970875200,1,1,16,584,1699869327,1699869327,2,160499,160078,161874,163857,1433326,876358,1467720,448879,123805,122995,125984,126044,1262351,1268636,1772238,1017704,1,0,
584,110495974994400,0.6008225,2,stimulus,37,110495970875200,1,1,16,585,1699870331,1699870331,2,160480,160063,161862,163835,1433296,876325,1467689,448841,123783,122974,125963,126029,1262311,1268591,1772197,1017665,1,0,
585,110495974994400,0.6008225,2,stimulus,37,110495970875200,1,1,16,586,1699871336,1699871336,2,160611,160181,161978,163948,1433393,876425,1467798,448946,123905,123091,126083,126154,1262410,1268694,1772303,1017783,1,0,
586,110495974994400,0.6008225,2,stimulus,37,110495970875200,1,1,16,587,1699872341,1699872341,2,160775,160348,162146,164104,1433543,876570,1467956,449096,124094,123258,126257,126318,1262569,1268853,1772466,1017948,1,0,
587,110495974994400,0.6008225,2,stimulus,37,110495970875200,1,1,16,588,1699873346,1699873346,2,160533,160146,161960,163919,1433339,876376,1467742,448861,123876,123053,126053,126119,1262352,1268634,1772229,1017696,1,0,
588,110495981989200,0.6078173,2,stimulus,37,110495970875200,1,1,16,589,1699874350,1699874350,2,160234,159899,161715,163690,1433107,876137,1467491,448585,123565,122778,125798,125867,1262096,1268389,1771953,1017409,1,0,
589,110495981989200,0.6078173,2,stimulus,37,110495970875200,1,1,16,590,1699875355,1699875355,2,160343,160017,161839,163802,1433232,876269,1467627,448711,123667,122889,125924,125983,1262249,1268534,1772097,1017556,1,0,
590,110495981989200,0.6078173,2,stimulus,37,110495970875200,1,1,16,591,1699876360,1699876360,2,160476,160130,161963,163922,1433371,876403,1467773,448849,123799,123018,126054,126095,1262399,1268678,1772253,1017719,1,0,
591,110495981989200,0.6078173,2,stimulus,37,110495970875200,1,1,16,592,1699877365,1699877365,2,160596,160221,162056,164028,1433473,876514,1467890,448964,123914,123125,126156,126189,1262518,1268805,1772387,1017859,1,0,
592,110495981989200,0.6078173,2,stimulus,37,110495970875200,1,1,16,593,1699878369,1699878369,2,160656,160274,162091,164071,1433527,876572,1467949,449024,123977,123174,126201,126244,1262583,1268874,1772455,1017945,1,0,
593,110495981989200,0.6078173,2,stimulus,37,110495970875200,1,1,16,594,1699879374,1699879374,2,160763,160366,162183,164145,1433619,876666,1468048,449119,124083,123281,126284,126333,1262687,1268976,1772558,1018063,1,0,
594,110495981989200,0.6078173,2,stimulus,37,110495970875200,1,1,16,595,1699880379,1699880379,2,160927,160513,162319,164281,1433737,876790,1468179,449249,124238,123442,126426,126468,1262818,1269113,1772709,1018219,1,0,
595,110495989043000,0.6148711,2,stimulus,38,110495986786100,1,1,16,596,1699881383,1699881383,2,160805,160399,162196,164161,1433614,876661,1468047,449108,124121,123332,126308,126344,1262681,1268983,1772577,1018086,1,0,
596,110495989043000,0.6148711,2,stimulus,38,110495986786100,1,1,16,597,1699882388,1699882388,2,160671,160281,162091,164043,1433488,876539,1467914,448959,123995,123218,126198,126221,1262559,1268864,1772450,1017966,1,0,
597,110495989043000,0.6148711,2,stimulus,38,110495986786100,1,1,16,598,1699883393,1699883393,2,160729,160329,162153,164097,1433539,876589,1467963,449008,124065,123279,126269,126274,1262608,1268924,1772509,1018039,1,0,
598,110495989043000,0.6148711,2,stimulus,38,110495986786100,1,1,16,599,1699884397,1699884397,2,160718,160309,162131,164086,1433521,876566,1467934,448979,124052,123273,126265,126271,1262589,1268899,1772488,1018017,1,0,
599,110495989043000,0.6148711,2,stimulus,38,110495986786100,1,1,16,600,1699885402,1699885402,2,160720,160301,162139,164081,1433513,876549,1467919,448956,124054,123275,126274,126278,1262584,1268891,1772471,1018004,1,0,
600,110495989043000,0.6148711,2,stimulus,38,110495986786100,1,1,16,601,1699886407,1699886407,2,160762,160336,162175,164111,1433531,876573,1467943,448966,124099,123304,126311,126309,1262603,1268909,1772484,1018023,1,0,
601,110495989043000,0.6148711,2,stimulus,38,110495986786100,1,1,16,602,1699887411,1699887411,2,160764,160328,162164,164092,1433511,876552,1467908,448933,124088,123293,126296,126279,1262564,1268868,1772441,1017974,1,0,
602,110495995988100,0.6218162,2,stimulus,38,110495986786100,1,1,16,603,1699888416,1699888416,2,160615,160188,162021,163946,1433361,876397,1467748,448764,123935,123143,126144,126131,1262391,1268694,1772258,1017783,1,0,
603,110495995988100,0.6218162,2,stimulus,38,110495986786100,1,1,16,604,1699889421,1699889421,2,160479,160053,161899,163818,1433219,876268,1467609,448614,123802,123013,126020,126007,1262239,1268541,1772099,1017621,1,0,
604,110495995988100,0.6218162,2,stimulus,38,110495986786100,1,1,16,605,1699890425,1699890425,2,160439,160010,161856,163770,1433168,876215,1467560,448556,123771,122969,125976,125968,1262186,1268485,1772040,1017559,1,0,
605,110495995988100,0.6218162,2,stimulus,38,110495986786100,1,1,16,606,1699891430,1699891430,2,160562,160118,161966,163875,1433269,876309,1467664,448657,123909,123078,126084,126083,1262286,1268585,1772152,1017669,1,0,
606,110495995988100,0.6218162,2,stimulus,38,110495986786100,1,1,16,607,1699892435,1699892435,2,160743,160290,162124,164045,1433417,876461,1467818,448813,124092,123249,126274,126264,1262451,1268744,1772316,1017841,1,0,
607,110495995988100,0.6218162,2,stimulus,38,110495986786100,1,1,16,608,1699893439,1699893439,2,160515,160100,161927,163863,1433219,876266,1467609,448583,123862,123049,126077,126085,1262238,1268531,1772078,1017593,1,0,
608,110495995988100,0.6218162,2,stimulus,38,110495986786100,1,1,16,609,1699894444,1699894444,2,160249,159865,161709,163644,1433007,876056,1467382,448323,123578,122794,125841,125860,1262011,1268295,1771828,1017328,1,0,
609,110496003074700,0.6289028,2,stimulus,38,110495986786100,1,1,16,610,1699895449,1699895449,2,160371,159983,161836,163770,1433147,876193,1467524,448456,123689,122914,125974,125994,1262154,1268456,1771982,1017485,1,0,
610,110496003074700,0.6289028,2,stimulus,38,110495986786100,1,1,16,611,1699896454,1699896454,2,160514,160109,161967,163893,1433298,876338,1467681,448613,123818,123044,126118,126132,1262323,1268629,1772159,1017661,1,0,
611,110496003074700,0.6289028,2,stimulus,38,110495986786100,1,1,16,612,1699897459,1699897459,2,160654,160231,162089,163998,1433423,876478,1467818,448745,123942,123161,126246,126251,1262468,1268772,1772304,1017826,1,0,
612,110496003074700,0.6289028,2,stimulus,38,110495986786100,1,1,16,613,1699898463,1699898463,2,160729,160291,162140,164039,1433473,876533,1467884,448806,123998,123211,126309,126298,1262533,1268841,1772367,1017902,1,0,
613,110496003074700,0.6289028,2,stimulus,38,110495986786100,1,1,16,614,1699899468,1699899468,2,160847,160376,162228,164118,1433554,876618,1467976,448893,124094,123303,126398,126386,1262624,1268933,1772466,1018018,1,0,
614,110496003074700,0.6289028,2,stimulus,38,110495986786100,1,1,16,615,1699900472,1699900472,2,160988,160496,162349,164233,1433664,876723,1468087,449007,124237,123424,126520,126508,1262749,1269061,1772601,1018161,1,0,
615,110496003074700,0.6289028,2,stimulus,38,110495986786100,1,1,16,616,1699901477,1699901477,2,160846,160354,162204,164105,1433522,876578,1467929,448838,124101,123283,126368,126368,1262590,1268901,1772443,1018007,1,0,
616,110496009925500,0.6357536,2,stimulus,39,110496004503900,1,0,16,617,1699902482,1699902482,2,160705,160231,162076,163986,1433394,876443,1467788,448681,123959,123153,126226,126245,1262453,1268769,1772299,1017862,1,0,
617,110496009925500,0.6357536,2,stimulus,39,110496004503900,1,0,16,618,1699903487,1699903487,2,160745,160279,162116,164027,1433423,876472,1467817,448710,124005,123206,126264,126286,1262504,1268810,1772351,1017916,1,0,
618,110496009925500,0.6357536,2,stimulus,39,110496004503900,1,0,16,619,1699904491,1699904491,2,160728,160266,162088,164004,1433393,876443,1467791,448669,123996,123193,126259,126264,1262472,1268782,1772325,1017891,1,0,
619,110496009925500,0.6357536,2,stimulus,39,110496004503900,1,0,16,620,1699905496,1699905496,2,160749,160264,162089,164006,1433389,876436,1467793,448654,124008,123213,126270,126269,1262472,1268784,1772317,1017898,1,0,
620,110496009925500,0.6357536,2,stimulus,39,110496004503900,1,0,16,621,1699906501,1699906501,2,160787,160296,162118,164037,1433421,876464,1467816,448672,124052,123261,126303,126287,1262493,1268805,1772339,1017928,1,0,
621,110496009925500,0.6357536,2,stimulus,39,110496004503900,1,0,16,622,1699907506,1699907506,2,160744,160269,162083,164011,1433376,876430,1467773,448619,124028,123239,126266,126224,1262429,1268741,1772279,1017864,1,0,
622,110496009925500,0.6357536,2,stimulus,39,110496004503900,1,0,16,623,1699908511,1699908511,2,160598,160136,161945,163883,1433222,876275,1467613,448443,123875,123099,126130,126064,1262263,1268565,1772103,1017671,1,0,
623,110496017074100,0.6429022,2,stimulus,39,110496004503900,1,0,16,624,1699909516,1699909516,2,160487,160030,161832,163786,1433107,876158,1467489,448309,123761,122997,126023,125957,1262146,1268435,1771960,1017526,1,0,
624,110496017074100,0.6429022,2,stimulus,39,110496004503900,1,0,16,625,1699910520,1699910520,2,160478,160018,161821,163772,1433089,876135,1467466,448274,123753,122990,125994,125951,1262121,1268417,1771931,1017496,1,0,
625,110496017074100,0.6429022,2,stimulus,39,110496004503900,1,0,16,626,1699911525,1699911525,2,160596,160136,161941,163890,1433192,876238,1467576,448368,123889,123118,126111,126066,1262224,1268524,1772041,1017606,1,0,
626,110496017074100,0.6429022,2,stimulus,39,110496004503900,1,0,16,627,1699912530,1699912530,2,160780,160313,162118,164059,1433341,876391,1467740,448531,124079,123296,126284,126241,1262374,1268678,1772194,1017777,1,0,
627,110496017074100,0.6429022,2,stimulus,39,110496004503900,1,0,16,628,1699913534,1699913534,2,160553,160109,161921,163873,1433140,876188,1467526,448302,123849,123083,126088,126053,1262162,1268456,1771960,1017525,1,0,
628,110496017074100,0.6429022,2,stimulus,39,110496004503900,1,0,16,629,1699914539,1699914539,2,160265,159858,161691,163644,1432923,875963,1467281,448033,123559,122814,125847,125822,1261921,1268213,1771699,1017244,1,0,
629,110496017074100,0.6429022,2,stimulus,39,110496004503900,1,0,16,630,1699915544,1699915544,2,160367,159976,161811,163763,1433057,876098,1467424,448164,123669,122927,125963,125954,1262068,1268362,1771856,1017399,1,0,
630,110496024022400,0.6498505,2,stimulus,40,110496020543400,1,0,16,631,1699916549,1699916549,2,160494,160091,161930,163874,1433185,876237,1467559,448302,123791,123047,126073,126075,1262212,1268513,1772009,1017566,1,0,
631,110496024022400,0.6498505,2,stimulus,40,110496020543400,1,0,16,632,1699917553,1699917553,2,160617,160189,162021,163967,1433293,876348,1467681,448420,123909,123153,126173,126183,1262339,1268643,1772135,1017708,1,0,
632,110496024022400,0.6498505,2,stimulus,40,110496020543400,1,0,16,633,1699918558,1699918558,2,160671,160220,162056,163996,1433333,876388,1467721,448462,123964,123191,126199,126215,1262387,1268699,1772189,1017774,1,0,
633,110496024022400,0.6498505,2,stimulus,40,110496020543400,1,0,16,634,1699919563,1699919563,2,160783,160307,162142,164067,1433409,876473,1467808,448548,124065,123287,126281,126302,1262480,1268786,1772288,1017883,1,0,
634,110496024022400,0.6498505,2,stimulus,40,110496020543400,1,0,16,635,1699920568,1699920568,2,160929,160438,162271,164183,1433524,876594,1467927,448672,124201,123437,126409,126435,1262605,1268916,1772415,1018032,1,0,
635,110496024022400,0.6498505,2,stimulus,40,110496020543400,1,0,16,636,1699921573,1699921573,2,160795,160313,162149,164060,1433392,876458,1467786,448516,124058,123322,126300,126313,1262469,1268775,1772272,1017887,1,0,
636,110496024022400,0.6498505,2,stimulus,40,110496020543400,1,0,16,637,1699922578,1699922578,2,160668,160211,162047,163963,1433278,876343,1467667,448383,123946,123212,126199,126205,1262351,1268668,1772161,1017774,1,0,
637,110496031008500,0.6568366,2,stimulus,40,110496020543400,1,0,16,638,1699923583,1699923583,2,160749,160271,162111,164034,1433336,876404,1467729,448430,124034,123279,126263,126275,1262411,1268733,1772231,1017853,1,0,
638,110496031008500,0.6568366,2,stimulus,40,110496020543400,1,0,16,639,1699924587,1699924587,2,160729,160253,162084,164011,1433311,876364,1467705,448393,124020,123260,126239,126271,1262389,1268704,1772204,1017824,1,0,
639,110496031008500,0.6568366,2,stimulus,40,110496020543400,1,0,16,640,1699925592,1699925592,2,160734,160253,162083,164027,1433303,876359,1467695,448380,124036,123261,126239,126276,1262383,1268702,1772196,1017828,1,0,
640,110496031008500,0.6568366,2,stimulus,40,110496020543400,1,0,16,641,1699926597,1699926597,2,160786,160306,162126,164080,1433344,876397,1467720,448414,124098,123306,126286,126307,1262415,1268738,1772228,1017858,1,0,
641,110496031008500,0.6568366,2,stimulus,40,110496020543400,1,0,16,642,1699927602,1699927602,2,160765,160288,162104,164053,1433306,876364,1467686,448361,124088,123284,126261,126268,1262372,1268689,1772179,1017804,1,0,
642,110496031008500,0.6568366,2,stimulus,40,110496020543400,1,0,16,643,1699928607,1699928607,2,160604,160143,161946,163904,1433141,876197,1467518,448186,123927,123125,126094,126093,1262189,1268498,1771980,1017601,1,0,
643,110496031008500,0.6568366,2,stimulus,40,110496020543400,1,0,16,644,1699929611,1699929611,2,160479,160031,161838,163793,1433021,876074,1467395,448052,123800,123004,125983,125972,1262051,1268366,1771833,1017453,1,0,
644,110496038147900,0.663976,2,stimulus,41,110496037028100,1,0,16,645,1699930616,1699930616,2,160457,160006,161813,163759,1432986,876047,1467363,448002,123766,122980,125960,125944,1262017,1268329,1771795,1017408,1,0,
645,110496038147900,0.663976,2,stimulus,41,110496037028100,1,0,16,646,1699931621,1699931621,2,160600,160138,161934,163880,1433109,876167,1467483,448118,123903,123114,126089,126075,1262135,1268452,1771918,1017545,1,0,
646,110496038147900,0.663976,2,stimulus,41,110496037028100,1,0,16,647,1699932625,1699932625,2,160778,160306,162102,164051,1433266,876320,1467640,448276,124104,123283,126265,126242,1262301,1268613,1772081,1017715,1,0,
647,110496038147900,0.663976,2,stimulus,41,110496037028100,1,0,16,648,1699933630,1699933630,2,160519,160073,161881,163850,1433037,876093,1467396,448023,123869,123053,126041,126021,1262054,1268358,1771813,1017434,1,0,
648,110496038147900,0.663976,2,stimulus,41,110496037028100,1,0,16,649,1699934635,1699934635,2,160257,159845,161669,163648,1432834,875888,1467182,447776,123602,122816,125821,125794,1261833,1268141,1771583,1017174,1,0,
649,110496038147900,0.663976,2,stimulus,41,110496037028100,1,0,16,650,1699935640,1699935640,2,160388,159960,161789,163771,1432971,876029,1467332,447913,123719,122934,125950,125926,1261995,1268301,1771741,1017335,1,0,
650,110496038147900,0.663976,2,stimulus,41,110496037028100,1,0,16,651,1699936644,1699936644,2,160513,160073,161909,163880,1433103,876168,1467475,448052,123840,123058,126071,126048,1262143,1268449,1771888,1017496,1,0,
651,110496045003300,0.6708314,2,stimulus,41,110496037028100,1,0,16,652,1699937649,1699937649,2,160630,160177,162032,163963,1433216,876286,1467594,448169,123961,123163,126171,126150,1262268,1268578,1772021,1017640,1,0,
652,110496045003300,0.6708314,2,stimulus,41,110496037028100,1,0,16,653,1699938654,1699938654,2,160708,160236,162087,164008,1433280,876356,1467664,448233,124037,123219,126228,126213,1262336,1268654,1772099,1017728,1,0,
653,110496045003300,0.6708314,2,stimulus,41,110496037028100,1,0,16,654,1699939658,1699939658,2,160819,160334,162180,164097,1433366,876449,1467763,448340,124147,123327,126334,126321,1262441,1268764,1772214,1017858,1,0,
654,110496045003300,0.6708314,2,stimulus,41,110496037028100,1,0,16,655,1699940663,1699940663,2,160963,160461,162298,164218,1433479,876561,1467882,448458,124284,123455,126468,126451,1262573,1268887,1772347,1018005,1,0,
655,110496045003300,0.6708314,2,stimulus,41,110496037028100,1,0,16,656,1699941667,1699941667,2,160817,160333,162168,164083,1433333,876405,1467733,448292,124138,123320,126341,126324,1262416,1268728,1772193,1017843,1,0,
656,110496045003300,0.6708314,2,stimulus,41,110496037028100,1,0,16,657,1699942672,1699942672,2,160694,160233,162062,163981,1433221,876291,1467610,448154,124019,123203,126226,126220,1262296,1268614,1772076,1017726,1,0,
657,110496045003300,0.6708314,2,stimulus,41,110496037028100,1,0,16,658,1699943677,1699943677,2,160755,160300,162116,164031,1433270,876340,1467658,448200,124093,123269,126290,126276,1262351,1268677,1772135,1017798,1,0,
658,110496052138000,0.6779661,2,stimulus,41,110496037028100,1,0,16,659,1699944681,1699944681,2,160734,160291,162098,164011,1433241,876313,1467629,448163,124086,123263,126277,126262,1262327,1268650,1772108,1017768,1,0,
659,110496052138000,0.6779661,2,stimulus,41,110496037028100,1,0,16,660,1699945686,1699945686,2,160732,160304,162111,164020,1433239,876317,1467627,448156,124084,123273,126288,126268,1262318,1268646,1772107,1017771,1,0,
660,110496052138000,0.6779661,2,stimulus,41,110496037028100,1,0,16,661,1699946690,1699946690,2,160790,160366,162169,164073,1433279,876362,1467671,448191,124137,123331,126338,126326,1262364,1268688,1772148,1017817,1,0,
661,110496052138000,0.6779661,2,stimulus,41,110496037028100,1,0,16,662,1699947695,1699947695,2,160772,160346,162141,164047,1433238,876326,1467638,448153,124121,123302,126301,126303,1262318,1268640,1772088,1017756,1,0,
662,110496052138000,0.6779661,2,stimulus,41,110496037028100,1,0,16,663,1699948699,1699948699,2,160606,160194,161979,163901,1433078,876154,1467456,447966,123959,123134,126140,126143,1262129,1268449,1771891,1017553,1,0,
663,110496052138000,0.6779661,2,stimulus,41,110496037028100,1,0,16,664,1699949704,1699949704,2,160476,160071,161866,163781,1432958,876026,1467320,447821,123817,123016,126016,126021,1261993,1268306,1771739,1017398,1,0,
664,110496052138000,0.6779661,2,stimulus,41,110496037028100,1,0,16,665,1699950709,1699950709,2,160459,160043,161842,163761,1432921,875997,1467286,447779,123795,122998,125987,125997,1261956,1268273,1771693,1017351,1,0,
665,110496058926600,0.6847547,2,stimulus,42,110496054560100,1,1,16,666,1699951713,1699951713,2,160598,160169,161972,163886,1433038,876107,1467408,447903,123936,123120,126118,126139,1262076,1268391,1771814,1017481,1,0,
666,110496058926600,0.6847547,2,stimulus,42,110496054560100,1,1,16,667,1699952718,1699952718,2,160788,160339,162143,164047,1433206,876273,1467578,448070,124126,123299,126290,126328,1262246,1268552,1771981,1017653,1,0,
667,110496058926600,0.6847547,2,stimulus,42,110496054560100,1,1,16,668,1699953722,1699953722,2,160529,160114,161927,163848,1432980,876046,1467342,447804,123875,123061,126067,126105,1261994,1268303,1771721,1017373,1,0,
668,110496058926600,0.6847547,2,stimulus,42,110496054560100,1,1,16,669,1699954727,1699954727,2,160281,159896,161723,163668,1432783,875854,1467135,447563,123619,122840,125853,125883,1261793,1268091,1771502,1017128,1,0,
669,110496058926600,0.6847547,2,stimulus,42,110496054560100,1,1,16,670,1699955732,1699955732,2,160409,160014,161858,163809,1432941,876016,1467296,447716,123754,122975,125991,126014,1261965,1268258,1771665,1017304,1,0,
670,110496058926600,0.6847547,2,stimulus,42,110496054560100,1,1,16,671,1699956736,1699956736,2,160545,160132,161984,163930,1433073,876152,1467438,447854,123880,123098,126113,126147,1262126,1268420,1771827,1017474,1,0,
671,110496058926600,0.6847547,2,stimulus,42,110496054560100,1,1,16,672,1699957740,1699957740,2,160660,160218,162082,164011,1433173,876249,1467549,447960,123979,123193,126199,126231,1262236,1268528,1771937,1017606,1,0,
672,110496065977800,0.6918059,2,stimulus,42,110496054560100,1,1,16,673,1699958745,1699958745,2,160709,160251,162118,164041,1433211,876287,1467593,448006,124025,123238,126234,126259,1262277,1268579,1771993,1017665,1,0,
673,110496065977800,0.6918059,2,stimulus,42,110496054560100,1,1,16,674,1699959749,1699959749,2,160816,160344,162198,164124,1433289,876368,1467678,448093,124131,123334,126334,126340,1262364,1268686,1772101,1017778,1,0,
674,110496065977800,0.6918059,2,stimulus,42,110496054560100,1,1,16,675,1699960754,1699960754,2,160958,160467,162330,164236,1433400,876483,1467792,448209,124281,123467,126464,126458,1262491,1268803,1772228,1017919,1,0,
675,110496065977800,0.6918059,2,stimulus,42,110496054560100,1,1,16,676,1699961758,1699961758,2,160800,160333,162189,164103,1433250,876332,1467643,448038,124136,123319,126328,126331,1262336,1268649,1772063,1017759,1,0,
676,110496065977800,0.6918059,2,stimulus,42,110496054560100,1,1,16,677,1699962763,1699962763,2,160698,160243,162088,164007,1433157,876236,1467526,447914,124026,123228,126228,126230,1262235,1268551,1771960,1017651,1,0,
677,110496065977800,0.6918059,2,stimulus,42,110496054560100,1,1,16,678,1699963768,1699963768,2,160788,160317,162154,164083,1433223,876304,1467587,447981,124113,123312,126303,126308,1262308,1268626,1772041,1017738,1,0,
678,110496065977800,0.6918059,2,stimulus,42,110496054560100,1,1,16,679,1699964772,1699964772,2,160776,160316,162136,164075,1433209,876287,1467581,447960,124113,123316,126313,126309,1262288,1268617,1772028,1017730,1,0,
679,110496073150200,0.6989783,2,stimulus,42,110496054560100,1,1,16,680,1699965777,1699965777,2,160795,160334,162151,164093,1433219,876298,1467591,447961,124137,123339,126337,126330,1262305,1268627,1772039,1017739,1,0,
680,110496073150200,0.6989783,2,stimulus,43,110496072727500,1,1,16,681,1699966781,1699966781,2,160853,160395,162195,164138,1433260,876342,1467639,447999,124189,123388,126394,126390,1262349,1268664,1772066,1017783,1,0,
681,110496073150200,0.6989783,2,stimulus,43,110496072727500,1,1,16,682,1699967786,1699967786,2,160823,160355,162158,164106,1433216,876299,1467588,447950,124168,123364,126354,126347,1262289,1268603,1772001,1017713,1,0,
682,110496073150200,0.6989783,2,stimulus,43,110496072727500,1,1,16,683,1699968790,1699968790,2,160674,160200,162014,163963,1433064,876134,1467419,447771,124013,123221,126200,126187,1262113,1268426,1771816,1017513,1,0,
683,110496073150200,0.6989783,2,stimulus,43,110496072727500,1,1,16,684,1699969795,1699969795,2,160559,160088,161904,163861,1432946,876020,1467301,447637,123892,123112,126098,126086,1261989,1268298,1771685,1017371,1,0,
684,110496073150200,0.6989783,2,stimulus,43,110496072727500,1,1,16,685,1699970800,1699970800,2,160530,160073,161893,163850,1432916,875997,1467264,447608,123880,123093,126087,126053,1261958,1268263,1771651,1017339,1,0,
685,110496073150200,0.6989783,2,stimulus,43,110496072727500,1,1,16,686,1699971804,1699971804,2,160679,160217,162029,163994,1433049,876121,1467400,447739,124038,123230,126234,126188,1262083,1268396,1771784,1017482,1,0,
686,110496080044400,0.7058725,2,stimulus,43,110496072727500,1,1,16,687,1699972809,1699972809,2,160854,160386,162191,164144,1433196,876269,1467563,447889,124212,123400,126402,126364,1262242,1268545,1771934,1017648,1,0,
687,110496080044400,0.7058725,2,stimulus,43,110496072727500,1,1,16,688,1699973813,1699973813,2,160575,160148,161969,163922,1432964,876035,1467309,447623,123941,123164,126163,126129,1261986,1268293,1771661,1017354,1,0,
688,110496080044400,0.7058725,2,stimulus,43,110496072727500,1,1,16,689,1699974818,1699974818,2,160332,159951,161778,163740,1432781,875862,1467119,447398,123702,122944,125951,125937,1261793,1268098,1771459,1017132,1,0,
689,110496080044400,0.7058725,2,stimulus,43,110496072727500,1,1,16,690,1699975823,1699975823,2,160463,160078,161911,163875,1432936,876014,1467283,447546,123844,123070,126092,126087,1261962,1268267,1771626,1017298,1,0,
690,110496080044400,0.7058725,2,stimulus,43,110496072727500,1,1,16,691,1699976827,1699976827,2,160591,160196,162032,163989,1433070,876153,1467429,447698,123977,123193,126219,126209,1262117,1268415,1771779,1017468,1,0,
691,110496080044400,0.7058725,2,stimulus,43,110496072727500,1,1,16,692,1699977832,1699977832,2,160693,160290,162106,164068,1433163,876246,1467528,447792,124074,123288,126308,126295,1262224,1268528,1771888,1017593,1,0,
692,110496080044400,0.7058725,2,stimulus,43,110496072727500,1,1,16,693,1699978837,1699978837,2,160753,160336,162139,164103,1433209,876291,1467579,447839,124129,123323,126358,126342,1262276,1268585,1771943,1017657,1,0,
693,110496086954800,0.7127829,2,stimulus,43,110496072727500,1,1,16,694,1699979841,1699979841,2,160853,160420,162214,164171,1433287,876363,1467661,447927,124229,123398,126440,126425,1262356,1268676,1772042,1017766,1,0,
694,110496086954800,0.7127829,2,stimulus,43,110496072727500,1,1,16,695,1699980846,1699980846,2,160973,160521,162320,164259,1433375,876457,1467757,448019,124342,123508,126544,126533,1262454,1268764,1772139,1017891,1,0,
695,110496086954800,0.7127829,2,stimulus,43,110496072727500,1,1,16,696,1699981851,1699981851,2,160821,160380,162183,164120,1433228,876309,1467591,447848,124181,123373,126405,126395,1262296,1268613,1771982,1017728,1,0,
696,110496086954800,0.7127829,2,stimulus,43,110496072727500,1,1,16,697,1699982855,1699982855,2,160721,160289,162096,164019,1433120,876205,1467483,447726,124068,123272,126311,126300,1262197,1268514,1771884,1017614,1,0,
697,110496086954800,0.7127829,2,stimulus,43,110496072727500,1,1,16,698,1699983860,1699983860,2,160781,160332,162142,164058,1433161,876243,1467526,447756,124126,123321,126354,126343,1262237,1268564,1771934,1017672,1,0,
698,110496086954800,0.7127829,2,stimulus,43,110496072727500,1,1,16,699,1699984864,1699984864,2,160751,160305,162108,164042,1433124,876206,1467479,447711,124100,123301,126331,126313,1262203,1268529,1771901,1017638,1,0,
699,110496086954800,0.7127829,2,stimulus,43,110496072727500,1,1,16,700,1699985869,1699985869,2,160761,160306,162111,164038,1433119,876199,1467479,447701,124114,123313,126346,126323,1262198,1268525,1771900,1017639,1,0,
700,110496094030500,0.7198586,2,stimulus,44,110496087843500,1,1,16,701,1699986873,1699986873,2,160821,160358,162163,164079,1433156,876234,1467513,447739,124173,123371,126389,126371,1262233,1268558,1771929,1017673,1,0,
701,110496094030500,0.7198586,2,stimulus,44,110496087843500,1,1,16,702,1699987878,1699987878,2,160788,160320,162121,164051,1433102,876189,1467459,447676,124138,123332,126345,126318,1262169,1268494,1771855,1017606,1,0,
702,110496094030500,0.7198586,2,stimulus,44,110496087843500,1,1,16,703,1699988883,1699988883,2,160617,160157,161957,163892,1432937,876012,1467282,447481,123960,123164,126188,126139,1261975,1268300,1771650,1017391,1,0,
703,110496094030500,0.7198586,2,stimulus,44,110496087843500,1,1,16,704,1699989887,1699989887,2,160472,160030,161833,163763,1432794,875883,1467146,447339,123820,123028,126073,126009,1261841,1268156,1771496,1017233,1,0,
704,110496094030500,0.7198586,2,stimulus,44,110496087843500,1,1,16,705,1699990891,1699990891,2,160451,160016,161827,163753,1432776,875864,1467119,447312,123816,123019,126064,125994,1261809,1268124,1771469,1017200,1,0,
705,110496094030500,0.7198586,2,stimulus,44,110496087843500,1,1,16,706,1699991896,1699991896,2,160587,160143,161971,163876,1432896,875979,1467248,447433,123969,123163,126189,126128,1261938,1268244,1771593,1017339,1,0,
706,110496094030500,0.7198586,2,stimulus,44,110496087843500,1,1,16,707,1699992900,1699992900,2,160752,160294,162127,164024,1433021,876114,1467386,447566,124131,123331,126335,126289,1262078,1268388,1771731,1017490,1,0,
707,110496101082200,0.7269103,2,stimulus,44,110496087843500,1,1,16,708,1699993905,1699993905,2,160477,160055,161896,163813,1432789,875876,1467134,447295,123859,123088,126104,126056,1261823,1268124,1771456,1017191,1,0,
708,110496101082200,0.7269103,2,stimulus,44,110496087843500,1,1,16,709,1699994909,1699994909,2,160239,159858,161699,163638,1432618,875698,1466947,447070,123613,122879,125913,125868,1261640,1267931,1771248,1016969,1,0,
709,110496101082200,0.7269103,2,stimulus,44,110496087843500,1,1,16,710,1699995914,1699995914,2,160376,159983,161833,163783,1432777,875849,1467115,447225,123741,123021,126043,126021,1261808,1268106,1771422,1017144,1,0,
710,110496101082200,0.7269103,2,stimulus,44,110496087843500,1,1,16,711,1699996918,1699996918,2,160507,160093,161940,163901,1432907,875988,1467257,447365,123884,123144,126166,126143,1261953,1268254,1771573,1017310,1,0,
711,110496101082200,0.7269103,2,stimulus,44,110496087843500,1,1,16,712,1699997923,1699997923,2,160607,160183,162008,163979,1432991,876081,1467346,447448,123974,123228,126239,126212,1262056,1268361,1771685,1017429,1,0,
712,110496101082200,0.7269103,2,stimulus,44,110496087843500,1,1,16,713,1699998927,1699998927,2,160682,160242,162050,164021,1433041,876138,1467404,447508,124019,123289,126286,126265,1262118,1268422,1771743,1017499,1,0,
713,110496101082200,0.7269103,2,stimulus,44,110496087843500,1,1,16,714,1699999932,1699999932,2,160816,160357,162168,164121,1433157,876248,1467528,447631,124159,123405,126411,126377,1262236,1268556,1771882,1017649,1,0,
714,110496108031000,0.7338591,2,stimulus,45,110496106072800,1,0,16,715,1700000937,1700000937,2,160946,160472,162293,164230,1433258,876364,1467631,447741,124296,123535,126532,126498,1262353,1268674,1772008,1017791,1,0,
715,110496108031000,0.7338591,2,stimulus,45,110496106072800,1,0,16,716,1700001941,1700001941,2,160768,160316,162146,164083,1433099,876196,1467459,447550,124131,123375,126374,126351,1262185,1268502,1771830,1017611,1,0,
716,110496108031000,0.7338591,2,stimulus,45,110496106072800,1,0,16,717,1700002946,1700002946,2,160646,160206,162046,163984,1432984,876079,1467338,447416,124014,123249,126266,126251,1262064,1268383,1771709,1017489,1,0,
717,110496108031000,0.7338591,2,stimulus,45,110496106072800,1,0,16,718,1700003950,1700003950,2,160703,160254,162089,164024,1433013,876111,1467379,447456,124069,123309,126322,126302,1262108,1268424,1771751,1017552,1,0,
718,110496108031000,0.7338591,2,stimulus,45,110496106072800,1,0,16,719,1700004955,1700004955,2,160671,160218,162036,163979,1432968,876065,1467325,447401,124038,123279,126294,126261,1262062,1268376,1771704,1017506,1,0,
719,110496108031000,0.7338591,2,stimulus,45,110496106072800,1,0,16,720,1700005960,1700005960,2,160672,160216,162046,163979,1432965,876056,1467307,447378,124049,123294,126289,126257,1262054,1268364,1771699,1017494,1,0,
720,110496108031000,0.7338591,2,stimulus,45,110496106072800,1,0,16,721,1700006964,1700006964,2,160731,160254,162115,164027,1433004,876095,1467353,447406,124106,123354,126345,126308,1262088,1268399,1771726,1017538,1,0,
721,110496115075200,0.7409033,2,stimulus,45,110496106072800,1,0,16,722,1700007969,1700007969,2,160686,160211,162071,163981,1432939,876037,1467296,447341,124059,123309,126300,126260,1262014,1268330,1771650,1017453,1,0,
722,110496115075200,0.7409033,2,stimulus,45,110496106072800,1,0,16,723,1700008974,1700008974,2,160521,160056,161903,163833,1432767,875869,1467117,447156,123890,123139,126147,126097,1261825,1268141,1771451,1017243,1,0,
723,110496115075200,0.7409033,2,stimulus,45,110496106072800,1,0,16,724,1700009978,1700009978,2,160400,159954,161788,163724,1432654,875759,1466991,447028,123777,123019,126031,125998,1261698,1268012,1771326,1017101,1,0,
724,110496115075200,0.7409033,2,stimulus,45,110496106072800,1,0,16,725,1700010983,1700010983,2,160370,159941,161777,163708,1432628,875736,1466969,446990,123750,122992,126016,125988,1261665,1267981,1771288,1017067,1,0,
725,110496115075200,0.7409033,2,stimulus,45,110496106072800,1,0,16,726,1700011988,1700011988,2,160503,160047,161902,163814,1432728,875832,1467073,447093,123884,123116,126130,126109,1261779,1268085,1771387,1017178,1,0,
726,110496115075200,0.7409033,2,stimulus,45,110496106072800,1,0,16,727,1700012992,1700012992,2,160674,160197,162065,163953,1432866,875976,1467221,447239,124060,123281,126281,126263,1261925,1268229,1771533,1017330,1,0,
727,110496115075200,0.7409033,2,stimulus,45,110496106072800,1,0,16,728,1700013997,1700013997,2,160384,159943,161831,163721,1432619,875724,1466953,446941,123772,123010,126024,126014,1261647,1267953,1771236,1017021,1,0,
728,110496122398700,0.7482268,2,stimulus,45,110496106072800,1,0,16,729,1700015001,1700015001,2,160155,159761,161673,163570,1432464,875556,1466777,446743,123550,122816,125852,125833,1261474,1267781,1771056,1016816,1,0,
729,110496122398700,0.7482268,2,stimulus,45,110496106072800,1,0,16,730,1700016006,1700016006,2,160289,159889,161796,163705,1432619,875714,1466929,446894,123678,122946,125976,125980,1261642,1267950,1771223,1016989,1,0,
730,110496122398700,0.7482268,2,stimulus,45,110496106072800,1,0,16,731,1700017011,1700017011,2,160418,160012,161907,163804,1432748,875853,1467069,447026,123796,123061,126088,126098,1261788,1268094,1771372,1017148,1,0,
731,110496122398700,0.7482268,2,stimulus,45,110496106072800,1,0,16,732,1700018015,1700018015,2,160521,160110,161993,163884,1432839,875951,1467176,447136,123902,123160,126182,126189,1261899,1268213,1771487,1017278,1,0,
732,110496122398700,0.7482268,2,stimulus,45,110496106072800,1,0,16,733,1700019020,1700019020,2,160585,160164,162034,163933,1432893,876003,1467237,447188,123973,123216,126230,126244,1261968,1268276,1771555,1017355,1,0,
733,110496122398700,0.7482268,2,stimulus,45,110496106072800,1,0,16,734,1700020024,1700020024,2,160712,160256,162126,164024,1432983,876100,1467336,447283,124088,123323,126330,126344,1262064,1268384,1771672,1017479,1,0,
734,110496122398700,0.7482268,2,stimulus,45,110496106072800,1,0,16,735,1700021029,1700021029,2,160848,160369,162238,164134,1433079,876204,1467438,447393,124225,123446,126439,126456,1262172,1268501,1771787,1017616,1,0,
735,110496129038500,0.7548666,2,stimulus,46,110496123579800,1,0,16,736,1700022033,1700022033,2,160681,160219,162088,163989,1432928,876046,1467269,447222,124072,123289,126281,126311,1262006,1268335,1771616,1017443,1,0,
736,110496129038500,0.7548666,2,stimulus,46,110496123579800,1,0,16,737,1700023038,1700023038,2,160587,160133,162013,163908,1432837,875957,1467176,447121,123973,123212,126195,126231,1261923,1268246,1771524,1017351,1,0,
737,110496129038500,0.7548666,2,stimulus,46,110496123579800,1,0,16,738,1700024042,1700024042,2,160634,160174,162058,163951,1432872,875988,1467215,447144,124019,123260,126234,126273,1261969,1268288,1771563,1017405,1,0,
738,110496129038500,0.7548666,2,stimulus,46,110496123579800,1,0,16,739,1700025047,1700025047,2,160591,160128,162011,163906,1432814,875941,1467161,447086,123982,123221,126189,126231,1261910,1268235,1771519,1017353,1,0,
739,110496129038500,0.7548666,2,stimulus,46,110496123579800,1,0,16,740,1700026052,1700026052,2,160600,160131,162011,163914,1432812,875939,1467153,447074,123996,123218,126200,126245,1261898,1268228,1771518,1017351,1,0,
740,110496129038500,0.7548666,2,stimulus,46,110496123579800,1,0,16,741,1700027057,1700027057,2,160655,160182,162061,163967,1432854,875969,1467192,447107,124060,123261,126254,126292,1261939,1268262,1771550,1017389,1,0,
741,110496129038500,0.7548666,2,stimulus,46,110496123579800,1,0,16,742,1700028061,1700028061,2,160617,160149,162018,163936,1432803,875923,1467141,447040,124028,123216,126222,126243,1261880,1268199,1771479,1017321,1,0,
742,110496136080300,0.7619084,2,stimulus,46,110496123579800,1,0,16,743,1700029066,1700029066,2,160474,160008,161880,163798,1432657,875775,1466983,446874,123892,123071,126087,126085,1261716,1268033,1771293,1017129,1,0,
743,110496136080300,0.7619084,2,stimulus,46,110496123579800,1,0,16,744,1700030071,1700030071,2,160359,159889,161781,163698,1432545,875665,1466862,446745,123788,122961,125983,125979,1261588,1267907,1771161,1016983,1,0,
744,110496136080300,0.7619084,2,stimulus,46,110496123579800,1,0,16,745,1700031075,1700031075,2,160352,159874,161773,163684,1432523,875634,1466838,446709,123778,122942,125962,125976,1261553,1267874,1771129,1016950,1,0,
745,110496136080300,0.7619084,2,stimulus,46,110496123579800,1,0,16,746,1700032080,1700032080,2,160479,159991,161891,163793,1432623,875740,1466948,446825,123905,123078,126077,126092,1261669,1267986,1771241,1017070,1,0,
746,110496136080300,0.7619084,2,stimulus,46,110496123579800,1,0,16,747,1700033085,1700033085,2,160651,160149,162043,163943,1432758,875880,1467091,446970,124069,123243,126233,126253,1261818,1268127,1771397,1017219,1,0,
747,110496136080300,0.7619084,2,stimulus,46,110496123579800,1,0,16,748,1700034090,1700034090,2,160355,159893,161805,163714,1432512,875625,1466821,446682,123784,122977,125984,126008,1261544,1267851,1771098,1016904,1,0,
748,110496136080300,0.7619084,2,stimulus,46,110496123579800,1,0,16,749,1700035094,1700035094,2,160136,159705,161637,163551,1432348,875463,1466650,446481,123563,122774,125799,125823,1261368,1267679,1770905,1016699,1,0,
749,110496143054000,0.7688821,2,stimulus,47,110496137973600,1,0,16,750,1700036099,1700036099,2,160273,159839,161766,163674,1432498,875612,1466803,446633,123683,122898,125939,125956,1261533,1267849,1771074,1016879,1,0,
750,110496143054000,0.7688821,2,stimulus,47,110496137973600,1,0,16,751,1700037104,1700037104,2,160413,159961,161869,163788,1432630,875742,1466953,446769,123806,123020,126061,126083,1261688,1267998,1771223,1017043,1,0,
751,110496143054000,0.7688821,2,stimulus,47,110496137973600,1,0,16,752,1700038108,1700038108,2,160514,160044,161943,163865,1432722,875846,1467059,446864,123902,123114,126146,126174,1261797,1268106,1771333,1017168,1,0,
752,110496143054000,0.7688821,2,stimulus,47,110496137973600,1,0,16,753,1700039113,1700039113,2,160576,160096,161984,163907,1432778,875897,1467110,446919,123961,123171,126189,126215,1261851,1268174,1771397,1017242,1,0,
753,110496143054000,0.7688821,2,stimulus,47,110496137973600,1,0,16,754,1700040117,1700040117,2,160708,160205,162080,164008,1432878,876001,1467214,447026,124086,123299,126303,126315,1261956,1268276,1771522,1017384,1,0,
754,110496143054000,0.7688821,2,stimulus,47,110496137973600,1,0,16,755,1700041122,1700041122,2,160840,160327,162186,164113,1432974,876105,1467324,447133,124215,123432,126422,126429,1262074,1268386,1771643,1017524,1,0,
755,110496143054000,0.7688821,2,stimulus,47,110496137973600,1,0,16,756,1700042127,1700042127,2,160673,160172,162017,163951,1432799,875923,1467135,446936,124044,123270,126256,126268,1261885,1268201,1771448,1017323,1,0,
756,110496150036700,0.7758648,2,stimulus,47,110496137973600,1,0,16,757,1700043131,1700043131,2,160581,160085,161926,163879,1432711,875838,1467043,446825,123951,123177,126172,126180,1261789,1268114,1771356,1017223,1,0,
757,110496150036700,0.7758648,2,stimulus,47,110496137973600,1,0,16,758,1700044136,1700044136,2,160640,160144,161973,163939,1432759,875881,1467088,446869,124021,123245,126218,126233,1261840,1268165,1771411,1017287,1,0,
758,110496150036700,0.7758648,2,stimulus,47,110496137973600,1,0,16,759,1700045141,1700045141,2,160613,160117,161946,163903,1432715,875846,1467051,446826,123996,123216,126189,126207,1261809,1268124,1771368,1017258,1,0,
759,110496150036700,0.7758648,2,stimulus,47,110496137973600,1,0,16,760,1700046145,1700046145,2,160628,160126,161958,163921,1432723,875848,1467051,446829,124002,123230,126203,126234,1261813,1268131,1771377,1017268,1,0,
760,110496150036700,0.7758648,2,stimulus,47,110496137973600,1,0,16,761,1700047150,1700047150,2,160681,160168,161999,163954,1432754,875883,1467079,446849,124053,123286,126238,126275,1261837,1268161,1771402,1017292,1,0,
761,110496150036700,0.7758648,2,stimulus,47,110496137973600,1,0,16,762,1700048154,1700048154,2,160644,160124,161960,163909,1432694,875827,1467028,446784,124019,123243,126200,126234,1261771,1268098,1771326,1017213,1,0,
762,110496150036700,0.7758648,2,stimulus,47,110496137973600,1,0,16,763,1700049159,1700049159,2,160491,159974,161815,163769,1432539,875674,1466865,446615,123858,123087,126057,126090,1261599,1267923,1771141,1017014,1,0,
763,110496157044700,0.7828728,2,stimulus,48,110496155419800,1,1,16,764,1700050163,1700050163,2,160388,159872,161730,163672,1432442,875570,1466753,446494,123753,122989,125958,125993,1261479,1267803,1771019,1016890,1,0,
764,110496157044700,0.7828728,2,stimulus,48,110496155419800,1,1,16,765,1700051168,1700051168,2,160371,159854,161714,163653,1432418,875539,1466721,446459,123730,122978,125941,125978,1261446,1267764,1770989,1016855,1,0,
765,110496157044700,0.7828728,2,stimulus,48,110496155419800,1,1,16,766,1700052172,1700052172,2,160516,159996,161852,163788,1432529,875655,1466847,446582,123878,123116,126072,126124,1261577,1267888,1771116,1016989,1,0,
766,110496157044700,0.7828728,2,stimulus,48,110496155419800,1,1,16,767,1700053177,1700053177,2,160677,160152,162011,163948,1432674,875798,1467005,446736,124049,123273,126233,126298,1261721,1268038,1771259,1017142,1,0,
767,110496157044700,0.7828728,2,stimulus,48,110496155419800,1,1,16,768,1700054182,1700054182,2,160363,159876,161740,163695,1432406,875531,1466723,446434,123752,122997,125962,126028,1261432,1267740,1770946,1016809,1,0,
768,110496157044700,0.7828728,2,stimulus,48,110496155419800,1,1,16,769,1700055186,1700055186,2,160163,159716,161589,163554,1432275,875398,1466570,446259,123558,122823,125797,125869,1261279,1267590,1770788,1016633,1,0,
769,110496157044700,0.7828728,2,stimulus,48,110496155419800,1,1,16,770,1700056191,1700056191,2,160293,159844,161713,163683,1432427,875546,1466722,446399,123689,122949,125929,126014,1261450,1267755,1770958,1016811,1,0,
770,110496163923700,0.7897518,2,stimulus,48,110496155419800,1,1,16,771,1700057196,1700057196,2,160411,159956,161829,163793,1432551,875675,1466852,446533,123808,123057,126049,126144,1261595,1267898,1771106,1016971,1,0,
771,110496163923700,0.7897518,2,stimulus,48,110496155419800,1,1,16,772,1700058201,1700058201,2,160525,160050,161930,163874,1432658,875778,1466969,446646,123917,123148,126148,126253,1261706,1268020,1771225,1017104,1,0,
772,110496163923700,0.7897518,2,stimulus,48,110496155419800,1,1,16,773,1700059205,1700059205,2,160597,160102,161968,163906,1432709,875826,1467033,446698,123979,123203,126196,126298,1261764,1268089,1771291,1017178,1,0,
773,110496163923700,0.7897518,2,stimulus,48,110496155419800,1,1,16,774,1700060210,1700060210,2,160705,160206,162058,164001,1432801,875928,1467130,446798,124114,123307,126300,126402,1261867,1268196,1771411,1017301,1,0,
774,110496163923700,0.7897518,2,stimulus,48,110496155419800,1,1,16,775,1700061215,1700061215,2,160806,160303,162154,164081,1432879,876006,1467213,446882,124224,123406,126391,126501,1261948,1268279,1771507,1017410,1,0,
775,110496163923700,0.7897518,2,stimulus,48,110496155419800,1,1,16,776,1700062219,1700062219,2,160617,160120,161973,163906,1432689,875808,1467006,446669,124032,123226,126206,126311,1261751,1268081,1771298,1017200,1,0,
776,110496163923700,0.7897518,2,stimulus,48,110496155419800,1,1,16,777,1700063224,1700063224,2,160519,160039,161886,163817,1432597,875719,1466903,446552,123944,123137,126125,126216,1261664,1267989,1771200,1017107,1,0,
777,110496171239600,0.7970677,2,stimulus,48,110496155419800,1,1,16,778,1700064229,1700064229,2,160583,160101,161941,163863,1432635,875760,1466946,446588,124006,123202,126191,126268,1261703,1268044,1771254,1017166,1,0,
778,110496171239600,0.7970677,2,stimulus,48,110496155419800,1,1,16,779,1700065233,1700065233,2,160558,160069,161924,163834,1432604,875722,1466914,446551,123986,123189,126172,126254,1261669,1268010,1771218,1017137,1,0,
779,110496171239600,0.7970677,2,stimulus,48,110496155419800,1,1,16,780,1700066238,1700066238,2,160563,160071,161928,163832,1432598,875709,1466914,446544,123991,123192,126179,126256,1261670,1268002,1771216,1017139,1,0,
780,110496171239600,0.7970677,2,stimulus,48,110496155419800,1,1,16,781,1700067243,1700067243,2,160606,160111,161963,163861,1432618,875741,1466939,446561,124041,123215,126219,126298,1261698,1268029,1771234,1017158,1,0,
781,110496171239600,0.7970677,2,stimulus,48,110496155419800,1,1,16,782,1700068247,1700068247,2,160562,160066,161913,163826,1432566,875685,1466883,446501,124015,123159,126179,126246,1261624,1267961,1771165,1017079,1,0,
782,110496171239600,0.7970677,2,stimulus,48,110496155419800,1,1,16,783,1700069252,1700069252,2,160398,159916,161756,163682,1432396,875518,1466702,446314,123851,122996,126036,126094,1261436,1267770,1770961,1016874,1,0,
783,110496171239600,0.7970677,2,stimulus,48,110496155419800,1,1,16,784,1700070256,1700070256,2,160274,159814,161649,163578,1432281,875406,1466581,446178,123736,122883,125941,125992,1261311,1267641,1770829,1016731,1,0,
784,110496178023600,0.8038517,2,stimulus,49,110496172745700,1,1,16,785,1700071261,1700071261,2,160269,159812,161639,163574,1432270,875388,1466564,446158,123746,122883,125944,125993,1261298,1267623,1770806,1016713,1,0,
785,110496178023600,0.8038517,2,stimulus,49,110496172745700,1,1,16,786,1700072266,1700072266,2,160419,159949,161776,163709,1432398,875517,1466705,446290,123906,123041,126070,126133,1261428,1267755,1770942,1016854,1,0,
786,110496178023600,0.8038517,2,stimulus,49,110496172745700,1,1,16,787,1700073270,1700073270,2,160586,160101,161934,163863,1432538,875661,1466854,446444,124078,123198,126224,126290,1261575,1267910,1771090,1017010,1,0,
787,110496178023600,0.8038517,2,stimulus,49,110496172745700,1,1,16,788,1700074275,1700074275,2,160258,159834,161670,163599,1432267,875385,1466554,446119,123764,122904,125949,126014,1261278,1267601,1770763,1016667,1,0,
788,110496178023600,0.8038517,2,stimulus,49,110496172745700,1,1,16,789,1700075280,1700075280,2,160062,159666,161526,163455,1432129,875244,1466396,445941,123548,122726,125781,125856,1261122,1267443,1770601,1016489,1,0,
789,110496178023600,0.8038517,2,stimulus,49,110496172745700,1,1,16,790,1700076285,1700076285,2,160196,159788,161666,163584,1432280,875392,1466558,446095,123674,122863,125910,125999,1261288,1267608,1770764,1016654,1,0,
790,110496178023600,0.8038517,2,stimulus,49,110496172745700,1,1,16,791,1700077289,1700077289,2,160334,159923,161790,163714,1432415,875534,1466703,446234,123801,122993,126038,126129,1261445,1267765,1770921,1016824,1,0,
791,110496185152500,0.8109806,2,stimulus,49,110496172745700,1,1,16,792,1700078294,1700078294,2,160448,160009,161883,163792,1432503,875626,1466802,446337,123903,123086,126127,126220,1261548,1267878,1771036,1016948,1,0,
792,110496185152500,0.8109806,2,stimulus,49,110496172745700,1,1,16,793,1700079298,1700079298,2,160504,160041,161920,163831,1432544,875671,1466846,446379,123963,123128,126172,126253,1261604,1267930,1771093,1017018,1,0,
793,110496185152500,0.8109806,2,stimulus,49,110496172745700,1,1,16,794,1700080303,1700080303,2,160641,160157,162034,163931,1432664,875791,1466961,446499,124107,123248,126293,126371,1261731,1268059,1771228,1017165,1,0,
794,110496185152500,0.8109806,2,stimulus,49,110496172745700,1,1,16,795,1700081308,1700081308,2,160771,160272,162143,164036,1432766,875897,1467068,446606,124239,123379,126411,126485,1261844,1268163,1771346,1017299,1,0,
795,110496185152500,0.8109806,2,stimulus,49,110496172745700,1,1,16,796,1700082313,1700082313,2,160608,160118,161978,163880,1432597,875729,1466899,446414,124062,123223,126251,126329,1261666,1267993,1771166,1017111,1,0,
796,110496185152500,0.8109806,2,stimulus,49,110496172745700,1,1,16,797,1700083317,1700083317,2,160528,160051,161897,163811,1432520,875645,1466811,446316,123964,123145,126176,126251,1261584,1267919,1771081,1017027,1,0,
797,110496185152500,0.8109806,2,stimulus,49,110496172745700,1,1,16,798,1700084322,1700084322,2,160594,160115,161954,163874,1432568,875695,1466859,446368,124036,123216,126231,126307,1261644,1267971,1771146,1017091,1,0,
798,110496192158800,0.8179869,2,stimulus,50,110496191674900,1,1,16,799,1700085327,1700085327,2,160557,160074,161911,163836,1432518,875651,1466817,446324,124021,123182,126204,126277,1261598,1267926,1771096,1017054,1,0,
799,110496192158800,0.8179869,2,stimulus,50,110496191674900,1,1,16,800,1700086331,1700086331,2,160588,160098,161931,163865,1432521,875660,1466818,446324,124049,123202,126228,126301,1261609,1267938,1771100,1017070,1,0,
800,110496192158800,0.8179869,2,stimulus,50,110496191674900,1,1,16,801,1700087336,1700087336,2,160644,160147,161978,163919,1432558,875691,1466850,446356,124103,123258,126283,126348,1261643,1267969,1771128,1017104,1,0,
801,110496192158800,0.8179869,2,stimulus,50,110496191674900,1,1,16,802,1700088341,1700088341,2,160595,160110,161938,163882,1432508,875639,1466799,446284,124067,123215,126238,126293,1261570,1267903,1771054,1017028,1,0,
802,110496192158800,0.8179869,2,stimulus,50,110496191674900,1,1,16,803,1700089346,1700089346,2,160430,159950,161796,163728,1432351,875483,1466624,446106,123892,123051,126069,126134,1261383,1267712,1770861,1016816,1,0,
803,110496192158800,0.8179869,2,stimulus,50,110496191674900,1,1,16,804,1700090351,1700090351,2,160317,159843,161694,163620,1432233,875368,1466510,445979,123781,122949,125960,126028,1261254,1267583,1770732,1016674,1,0,
804,110496192158800,0.8179869,2,stimulus,50,110496191674900,1,1,16,805,1700091356,1700091356,2,160323,159853,161691,163638,1432229,875359,1466503,445971,123787,122953,125972,126042,1261246,1267576,1770721,1016660,1,0,
805,110496198985700,0.8248138,2,stimulus,50,110496191674900,1,1,16,806,1700092361,1700092361,2,160475,159991,161838,163777,1432359,875486,1466638,446100,123940,123098,126124,126194,1261378,1267708,1770861,1016810,1,0,
806,110496198985700,0.8248138,2,stimulus,50,110496191674900,1,1,16,807,1700093365,1700093365,2,160631,160152,161984,163914,1432503,875621,1466781,446238,124113,123259,126283,126338,1261520,1267852,1770999,1016959,1,0,
807,110496198985700,0.8248138,2,stimulus,50,110496191674900,1,1,16,808,1700094370,1700094370,2,160306,159878,161721,163660,1432227,875352,1466490,445937,123804,122982,126019,126056,1261224,1267553,1770680,1016618,1,0,
808,110496198985700,0.8248138,2,stimulus,50,110496191674900,1,1,16,809,1700095375,1700095375,2,160119,159726,161576,163515,1432087,875214,1466346,445768,123611,122811,125874,125906,1261080,1267405,1770523,1016445,1,0,
809,110496198985700,0.8248138,2,stimulus,50,110496191674900,1,1,16,810,1700096380,1700096380,2,160249,159862,161708,163633,1432239,875364,1466505,445911,123745,122935,125998,126036,1261247,1267569,1770691,1016620,1,0,
810,110496198985700,0.8248138,2,stimulus,50,110496191674900,1,1,16,811,1700097384,1700097384,2,160384,159978,161831,163751,1432364,875505,1466634,446046,123874,123058,126116,126148,1261407,1267726,1770833,1016783,1,0,
811,110496198985700,0.8248138,2,stimulus,50,110496191674900,1,1,16,812,1700098389,1700098389,2,160500,160081,161930,163838,1432476,875623,1466756,446171,123981,123173,126221,126253,1261526,1267854,1770962,1016924,1,0,
812,110496206279200,0.8321073,2,stimulus,51,110496205472700,1,0,16,813,1700099394,1700099394,2,160564,160126,161971,163873,1432520,875660,1466809,446220,124034,123229,126270,126302,1261571,1267906,1771026,1016989,1,0,
813,110496206279200,0.8321073,2,stimulus,51,110496205472700,1,0,16,814,1700100399,1700100399,2,160702,160231,162073,163976,1432628,875761,1466917,446326,124171,123348,126371,126414,1261688,1268018,1771147,1017129,1,0,
814,110496206279200,0.8321073,2,stimulus,51,110496205472700,1,0,16,815,1700101403,1700101403,2,160808,160329,162158,164059,1432699,875843,1467003,446412,124280,123448,126453,126506,1261762,1268107,1771241,1017233,1,0,
815,110496206279200,0.8321073,2,stimulus,51,110496205472700,1,0,16,816,1700102408,1700102408,2,160615,160161,161993,163886,1432523,875658,1466810,446204,124104,123282,126275,126340,1261576,1267914,1771047,1017023,1,0,
816,110496206279200,0.8321073,2,stimulus,51,110496205472700,1,0,16,817,1700103413,1700103413,2,160551,160104,161932,163825,1432451,875589,1466736,446111,124020,123213,126209,126272,1261501,1267837,1770966,1016955,1,0,
817,110496206279200,0.8321073,2,stimulus,51,110496205472700,1,0,16,818,1700104418,1700104418,2,160591,160141,161963,163852,1432472,875611,1466762,446127,124059,123238,126248,126301,1261529,1267872,1770999,1017002,1,0,
818,110496206279200,0.8321073,2,stimulus,51,110496205472700,1,0,16,819,1700105423,1700105423,2,160566,160114,161931,163831,1432434,875580,1466718,446089,124033,123211,126224,126281,1261489,1267843,1770968,1016966,1,0,
819,110496213030400,0.8388585,2,stimulus,51,110496205472700,1,0,16,820,1700106427,1700106427,2,160570,160116,161938,163845,1432433,875576,1466724,446083,124047,123228,126246,126287,1261490,1267837,1770963,1016963,1,0,
820,110496213030400,0.8388585,2,stimulus,51,110496205472700,1,0,16,821,1700107432,1700107432,2,160611,160162,161983,163891,1432466,875608,1466758,446114,124106,123281,126299,126335,1261524,1267868,1770991,1016999,1,0,
821,110496213030400,0.8388585,2,stimulus,51,110496205472700,1,0,16,822,1700108437,1700108437,2,160566,160115,161943,163843,1432408,875549,1466691,446048,124057,123227,126241,126272,1261449,1267789,1770907,1016914,1,0,
822,110496213030400,0.8388585,2,stimulus,51,110496205472700,1,0,16,823,1700109441,1700109441,2,160420,159969,161798,163709,1432259,875395,1466525,445869,123913,123075,126089,126118,1261280,1267609,1770724,1016717,1,0,
823,110496213030400,0.8388585,2,stimulus,51,110496205472700,1,0,16,824,1700110446,1700110446,2,160311,159861,161688,163604,1432143,875272,1466399,445735,123799,122959,125979,126008,1261153,1267481,1770591,1016575,1,0,
824,110496213030400,0.8388585,2,stimulus,51,110496205472700,1,0,16,825,1700111451,1700111451,2,160306,159846,161684,163589,1432116,875251,1466376,445708,123789,122956,125978,125991,1261129,1267460,1770568,1016551,1,0,
825,110496213030400,0.8388585,2,stimulus,51,110496205472700,1,0,16,826,1700112456,1700112456,2,160458,159989,161816,163721,1432243,875378,1466517,445835,123943,123111,126119,126133,1261262,1267595,1770698,1016693,1,0,
826,110496220138600,0.8459667,2,stimulus,51,110496205472700,1,0,16,827,1700113460,1700113460,2,160610,160143,161963,163871,1432377,875512,1466653,445970,124106,123265,126264,126288,1261399,1267721,1770831,1016835,1,0,
827,110496220138600,0.8459667,2,stimulus,51,110496205472700,1,0,16,828,1700114465,1700114465,2,160268,159841,161669,163597,1432078,875210,1466336,445627,123776,122953,125959,125991,1261075,1267400,1770493,1016461,1,0,
828,110496220138600,0.8459667,2,stimulus,51,110496205472700,1,0,16,829,1700115470,1700115470,2,160109,159688,161544,163468,1431961,875089,1466205,445472,123596,122789,125821,125851,1260946,1267270,1770351,1016306,1,0,
829,110496220138600,0.8459667,2,stimulus,51,110496205472700,1,0,16,830,1700116475,1700116475,2,160244,159816,161683,163604,1432116,875248,1466365,445630,123731,122923,125974,125992,1261116,1267436,1770517,1016491,1,0,
830,110496220138600,0.8459667,2,stimulus,51,110496205472700,1,0,16,831,1700117479,1700117479,2,160371,159936,161793,163714,1432251,875386,1466502,445778,123857,123033,126101,126123,1261266,1267589,1770668,1016655,1,0,
831,110496220138600,0.8459667,2,stimulus,51,110496205472700,1,0,16,832,1700118484,1700118484,2,160483,160033,161871,163801,1432354,875490,1466614,445888,123966,123129,126193,126226,1261380,1267699,1770792,1016780,1,0,
832,110496220138600,0.8459667,2,stimulus,51,110496205472700,1,0,16,833,1700119489,1700119489,2,160552,160086,161921,163846,1432405,875546,1466681,445936,124017,123202,126243,126278,1261444,1267772,1770871,1016863,1,0,
833,110496227118500,0.8529466,2,stimulus,52,110496222626100,1,0,16,834,1700120494,1700120494,2,160684,160204,162039,163961,1432518,875656,1466798,446049,124156,123340,126365,126384,1261561,1267896,1770998,1017010,1,0,
834,110496227118500,0.8529466,2,stimulus,52,110496222626100,1,0,16,835,1700121498,1700121498,2,160800,160316,162130,164057,1432599,875741,1466885,446139,124277,123451,126470,126479,1261652,1267989,1771093,1017121,1,0,
835,110496227118500,0.8529466,2,stimulus,52,110496222626100,1,0,16,836,1700122503,1700122503,2,160608,160126,161944,163871,1432410,875554,1466689,445929,124084,123270,126279,126305,1261456,1267786,1770886,1016916,1,0,
836,110496227118500,0.8529466,2,stimulus,52,110496222626100,1,0,16,837,1700123508,1700123508,2,160521,160054,161872,163800,1432324,875468,1466596,445826,124000,123199,126200,126226,1261369,1267705,1770805,1016831,1,0,
837,110496227118500,0.8529466,2,stimulus,52,110496222626100,1,0,16,838,1700124513,1700124513,2,160558,160091,161920,163841,1432350,875498,1466621,445857,124063,123243,126240,126262,1261402,1267741,1770844,1016879,1,0,
838,110496227118500,0.8529466,2,stimulus,52,110496222626100,1,0,16,839,1700125518,1700125518,2,160513,160043,161871,163802,1432305,875444,1466569,445797,124034,123199,126196,126221,1261357,1267690,1770794,1016831,1,0,
839,110496227118500,0.8529466,2,stimulus,52,110496222626100,1,0,16,840,1700126522,1700126522,2,160508,160042,161879,163804,1432295,875438,1466570,445783,124034,123212,126211,126231,1261356,1267687,1770786,1016821,1,0,
840,110496234102000,0.8599301,2,stimulus,52,110496222626100,1,0,16,841,1700127527,1700127527,2,160557,160073,161919,163834,1432314,875463,1466598,445811,124070,123248,126251,126283,1261373,1267710,1770807,1016839,1,0,
841,110496234102000,0.8599301,2,stimulus,52,110496222626100,1,0,16,842,1700128532,1700128532,2,160506,160019,161867,163787,1432251,875391,1466531,445735,124021,123191,126203,126213,1261295,1267629,1770721,1016752,1,0,
842,110496234102000,0.8599301,2,stimulus,52,110496222626100,1,0,16,843,1700129536,1700129536,2,160337,159863,161718,163645,1432089,875231,1466356,445553,123860,123030,126041,126048,1261113,1267446,1770523,1016546,1,0,
843,110496234102000,0.8599301,2,stimulus,52,110496222626100,1,0,16,844,1700130541,1700130541,2,160214,159758,161620,163536,1431982,875113,1466239,445426,123756,122915,125938,125949,1260994,1267320,1770391,1016414,1,0,
844,110496234102000,0.8599301,2,stimulus,52,110496222626100,1,0,16,845,1700131546,1700131546,2,160225,159771,161622,163538,1431976,875104,1466230,445416,123753,122917,125948,125964,1260991,1267315,1770382,1016402,1,0,
845,110496234102000,0.8599301,2,stimulus,52,110496222626100,1,0,16,846,1700132551,1700132551,2,160376,159900,161753,163671,1432100,875238,1466358,445550,123900,123064,126094,126106,1261118,1267444,1770513,1016541,1,0,
846,110496234102000,0.8599301,2,stimulus,52,110496222626100,1,0,16,847,1700133555,1700133555,2,160520,160033,161883,163797,1432221,875363,1466485,445667,124053,123211,126235,126243,1261238,1267563,1770635,1016671,1,0,
847,110496241065500,0.8668936,2,stimulus,53,110496238540900,1,0,16,848,1700134560,1700134560,2,160196,159760,161614,163536,1431941,875084,1466181,445348,123735,122913,125954,125968,1260936,1267254,1770315,1016317,1,0,
848,110496241065500,0.8668936,2,stimulus,53,110496238540900,1,0,16,849,1700135565,1700135565,2,160042,159632,161494,163419,1431831,874971,1466054,445200,123562,122763,125828,125835,1260821,1267139,1770183,1016180,1,0,
849,110496241065500,0.8668936,2,stimulus,53,110496238540900,1,0,16,850,1700136570,1700136570,2,160170,159758,161610,163549,1431971,875120,1466219,445346,123696,122888,125952,125971,1260988,1267307,1770346,1016359,1,0,
850,110496241065500,0.8668936,2,stimulus,53,110496238540900,1,0,16,851,1700137575,1700137575,2,160291,159878,161719,163667,1432103,875256,1466367,445484,123821,123009,126068,126089,1261133,1267453,1770502,1016523,1,0,
851,110496241065500,0.8668936,2,stimulus,53,110496238540900,1,0,16,852,1700138579,1700138579,2,160407,159978,161804,163761,1432201,875359,1466473,445588,123923,123101,126159,126177,1261244,1267573,1770619,1016643,1,0,
852,110496241065500,0.8668936,2,stimulus,53,110496238540900,1,0,16,853,1700139584,1700139584,2,160471,160023,161832,163798,1432254,875408,1466525,445636,123970,123141,126214,126219,1261296,1267625,1770670,1016704,1,0,
853,110496241065500,0.8668936,2,stimulus,53,110496238540900,1,0,16,854,1700140589,1700140589,2,160602,160141,161933,163903,1432355,875514,1466635,445749,124099,123255,126333,126337,1261409,1267745,1770791,1016846,1,0,
854,110496248159800,0.8739879,2,stimulus,53,110496238540900,1,0,16,855,1700141594,1700141594,2,160706,160241,162017,163985,1432423,875589,1466714,445831,124204,123359,126423,126427,1261488,1267829,1770885,1016946,1,0,
855,110496248159800,0.8739879,2,stimulus,53,110496238540900,1,0,16,856,1700142599,1700142599,2,160533,160081,161863,163845,1432259,875414,1466532,445639,124026,123199,126257,126266,1261311,1267658,1770698,1016764,1,0,
856,110496248159800,0.8739879,2,stimulus,53,110496238540900,1,0,16,857,1700143604,1700143604,2,160479,160033,161817,163796,1432208,875360,1466466,445555,123966,123146,126200,126219,1261257,1267594,1770639,1016713,1,0,
857,110496248159800,0.8739879,2,stimulus,53,110496238540900,1,0,16,858,1700144608,1700144608,2,160513,160067,161846,163826,1432223,875383,1466493,445578,124011,123189,126224,126254,1261284,1267619,1770673,1016747,1,0,
858,110496248159800,0.8739879,2,stimulus,53,110496238540900,1,0,16,859,1700145613,1700145613,2,160467,160025,161805,163791,1432171,875331,1466439,445519,123977,123157,126185,126209,1261234,1267579,1770626,1016703,1,0,
859,110496248159800,0.8739879,2,stimulus,53,110496238540900,1,0,16,860,1700146618,1700146618,2,160479,160048,161826,163791,1432177,875332,1466442,445517,123990,123176,126201,126226,1261239,1267587,1770628,1016708,1,0,
860,110496248159800,0.8739879,2,stimulus,53,110496238540900,1,0,16,861,1700147623,1700147623,2,160526,160091,161855,163822,1432199,875358,1466466,445544,124033,123213,126236,126266,1261263,1267602,1770644,1016731,1,0,
861,110496255114500,0.8809426,2,stimulus,53,110496238540900,1,0,16,862,1700148628,1700148628,2,160458,160011,161796,163753,1432113,875270,1466386,445447,123961,123137,126159,126191,1261162,1267496,1770541,1016617,1,0,
862,110496255114500,0.8809426,2,stimulus,53,110496238540900,1,0,16,863,1700149633,1700149633,2,160291,159856,161650,163605,1431953,875101,1466213,445269,123794,122983,125998,126031,1260977,1267313,1770346,1016415,1,0,
863,110496255114500,0.8809426,2,stimulus,53,110496238540900,1,0,16,864,1700150638,1700150638,2,160168,159747,161536,163500,1431834,874987,1466089,445133,123683,122878,125881,125914,1260849,1267177,1770204,1016268,1,0,
864,110496255114500,0.8809426,2,stimulus,54,110496255399300,1,1,16,865,1700151643,1700151643,2,160166,159750,161550,163509,1431826,874981,1466079,445119,123706,122892,125876,125911,1260840,1267168,1770191,1016253,1,0,
865,110496255114500,0.8809426,2,stimulus,54,110496255399300,1,1,16,866,1700152648,1700152648,2,160338,159918,161712,163661,1431974,875138,1466231,445269,123883,123064,126030,126079,1260990,1267326,1770355,1016418,1,0,
866,110496255114500,0.8809426,2,stimulus,54,110496255399300,1,1,16,867,1700153653,1700153653,2,160471,160047,161846,163783,1432089,875250,1466353,445386,124028,123194,126161,126218,1261108,1267446,1770475,1016548,1,0,
867,110496255114500,0.8809426,2,stimulus,54,110496255399300,1,1,16,868,1700154658,1700154658,2,160096,159731,161536,163495,1431773,874929,1466019,445029,123666,122861,125857,125890,1260768,1267103,1770103,1016163,1,0,
868,110496262125800,0.8879539,2,stimulus,54,110496255399300,1,1,16,869,1700155663,1700155663,2,159947,159616,161429,163398,1431679,874834,1465913,444901,123509,122727,125744,125772,1260669,1267001,1769988,1016034,1,0,
869,110496262125800,0.8879539,2,stimulus,54,110496255399300,1,1,16,870,1700156668,1700156668,2,160098,159770,161578,163538,1431845,875002,1466089,445074,123652,122878,125899,125931,1260850,1267179,1770176,1016215,1,0,
870,110496262125800,0.8879539,2,stimulus,54,110496255399300,1,1,16,871,1700157673,1700157673,2,160228,159879,161693,163651,1431979,875136,1466231,445209,123785,123001,126020,126059,1260998,1267329,1770323,1016384,1,0,
871,110496262125800,0.8879539,2,stimulus,54,110496255399300,1,1,16,872,1700158678,1700158678,2,160319,159961,161773,163729,1432076,875228,1466341,445308,123880,123098,126105,126148,1261106,1267434,1770428,1016505,1,0,
872,110496262125800,0.8879539,2,stimulus,54,110496255399300,1,1,16,873,1700159683,1700159683,2,160383,160010,161820,163765,1432117,875270,1466389,445355,123948,123156,126146,126200,1261164,1267496,1770492,1016581,1,0,
873,110496262125800,0.8879539,2,stimulus,54,110496255399300,1,1,16,874,1700160688,1700160688,2,160531,160141,161941,163887,1432240,875394,1466513,445481,124103,123291,126279,126334,1261295,1267628,1770636,1016734,1,0,
874,110496262125800,0.8879539,2,stimulus,54,110496255399300,1,1,16,875,1700161693,1700161693,2,160645,160243,162038,163969,1432322,875476,1466601,445569,124218,123398,126382,126434,1261378,1267727,1770736,1016844,1,0,
875,110496269164300,0.8949924,2,stimulus,54,110496255399300,1,1,16,876,1700162697,1700162697,2,160461,160077,161870,163807,1432148,875293,1466404,445368,124026,123229,126209,126266,1261191,1267536,1770540,1016647,1,0,
876,110496269164300,0.8949924,2,stimulus,54,110496255399300,1,1,16,877,1700163702,1700163702,2,160399,160028,161819,163748,1432081,875239,1466342,445282,123954,123167,126144,126208,1261124,1267471,1770483,1016583,1,0,
877,110496269164300,0.8949924,2,stimulus,54,110496255399300,1,1,16,878,1700164707,1700164707,2,160454,160079,161869,163796,1432116,875277,1466383,445328,124019,123221,126193,126257,1261171,1267515,1770526,1016644,1,0,
878,110496269164300,0.8949924,2,stimulus,54,110496255399300,1,1,16,879,1700165712,1700165712,2,160434,160052,161863,163795,1432099,875243,1466351,445296,124017,123201,126198,126249,1261151,1267501,1770499,1016621,1,0,
879,110496269164300,0.8949924,2,stimulus,54,110496255399300,1,1,16,880,1700166717,1700166717,2,160450,160078,161880,163829,1432112,875256,1466366,445299,124058,123224,126221,126267,1261158,1267517,1770511,1016634,1,0,
880,110496269164300,0.8949924,2,stimulus,54,110496255399300,1,1,16,881,1700167722,1700167722,2,160489,160129,161923,163869,1432142,875290,1466396,445319,124104,123267,126256,126304,1261180,1267537,1770536,1016653,1,0,
881,110496269164300,0.8949924,2,stimulus,54,110496255399300,1,1,16,882,1700168727,1700168727,2,160432,160073,161870,163815,1432076,875218,1466325,445238,124035,123203,126202,126234,1261104,1267445,1770436,1016554,1,0,
882,110496276051500,0.9018796,2,stimulus,55,110496275202600,1,1,16,883,1700169732,1700169732,2,160271,159918,161719,163676,1431903,875048,1466139,445060,123872,123044,126048,126064,1260923,1267261,1770239,1016348,1,0,
883,110496276051500,0.9018796,2,stimulus,55,110496275202600,1,1,16,884,1700170737,1700170737,2,160164,159806,161619,163580,1431791,874942,1466029,444936,123771,122944,125949,125953,1260798,1267136,1770106,1016210,1,0,
884,110496276051500,0.9018796,2,stimulus,55,110496275202600,1,1,16,885,1700171742,1700171742,2,160157,159807,161621,163571,1431779,874926,1466023,444924,123779,122951,125954,125943,1260779,1267123,1770096,1016196,1,0,
885,110496276051500,0.9018796,2,stimulus,55,110496275202600,1,1,16,886,1700172747,1700172747,2,160298,159933,161751,163695,1431899,875051,1466152,445050,123929,123091,126100,126075,1260905,1267248,1770228,1016330,1,0,
886,110496276051500,0.9018796,2,stimulus,55,110496275202600,1,1,16,887,1700173752,1700173752,2,160433,160041,161873,163807,1432005,875160,1466253,445162,124061,123216,126225,126192,1261016,1267355,1770329,1016443,1,0,
887,110496276051500,0.9018796,2,stimulus,55,110496275202600,1,1,16,888,1700174757,1700174757,2,160080,159722,161563,163511,1431696,874847,1465926,444805,123707,122883,125906,125895,1260676,1267015,1769972,1016061,1,0,
888,110496276051500,0.9018796,2,stimulus,55,110496275202600,1,1,16,889,1700175762,1700175762,2,159936,159610,161460,163426,1431605,874754,1465829,444682,123558,122757,125793,125800,1260574,1266923,1769868,1015947,1,0,
889,110496283030700,0.9088588,2,stimulus,55,110496275202600,1,1,16,890,1700176767,1700176767,2,160064,159736,161587,163566,1431753,874913,1465981,444839,123697,122894,125935,125932,1260743,1267098,1770033,1016114,1,0,
890,110496283030700,0.9088588,2,stimulus,55,110496275202600,1,1,16,891,1700177772,1700177772,2,160209,159855,161688,163680,1431886,875045,1466127,444971,123821,123029,126064,126050,1260896,1267245,1770184,1016275,1,0,
891,110496283030700,0.9088588,2,stimulus,55,110496275202600,1,1,16,892,1700178777,1700178777,2,160311,159956,161775,163763,1431985,875142,1466235,445070,123920,123134,126164,126141,1261004,1267350,1770300,1016404,1,0,
892,110496283030700,0.9088588,2,stimulus,55,110496275202600,1,1,16,893,1700179782,1700179782,2,160372,160007,161824,163803,1432039,875196,1466290,445121,123994,123184,126211,126193,1261068,1267421,1770361,1016487,1,0,
893,110496283030700,0.9088588,2,stimulus,55,110496275202600,1,1,16,894,1700180787,1700180787,2,160518,160124,161931,163915,1432148,875314,1466408,445244,124123,123324,126321,126308,1261193,1267546,1770496,1016631,1,0,
894,110496283030700,0.9088588,2,stimulus,55,110496275202600,1,1,16,895,1700181792,1700181792,2,160611,160208,162002,164002,1432219,875376,1466474,445313,124212,123413,126392,126383,1261259,1267614,1770571,1016722,1,0,
895,110496283030700,0.9088588,2,stimulus,55,110496275202600,1,1,16,896,1700182797,1700182797,2,160413,160033,161832,163826,1432028,875183,1466269,445101,124013,123224,126215,126193,1261056,1267420,1770363,1016512,1,0,
896,110496290120600,0.9159487,2,stimulus,56,110496289826500,1,1,16,897,1700183802,1700183802,2,160334,159966,161768,163756,1431941,875101,1466179,445008,123931,123147,126148,126132,1260979,1267336,1770294,1016436,1,0,
897,110496290120600,0.9159487,2,stimulus,56,110496289826500,1,1,16,898,1700184807,1700184807,2,160374,159999,161795,163784,1431964,875126,1466208,445027,123964,123191,126179,126184,1261011,1267369,1770324,1016479,1,0,
898,110496290120600,0.9159487,2,stimulus,56,110496289826500,1,1,16,899,1700185811,1700185811,2,160341,159966,161755,163755,1431922,875074,1466163,444969,123938,123153,126149,126158,1260963,1267326,1770278,1016435,1,0,
899,110496290120600,0.9159487,2,stimulus,56,110496289826500,1,1,16,900,1700186816,1700186816,2,160363,159984,161773,163771,1431928,875081,1466166,444971,123957,123166,126178,126165,1260968,1267328,1770284,1016447,1,0,
900,110496290120600,0.9159487,2,stimulus,56,110496289826500,1,1,16,901,1700187821,1700187821,2,160411,160026,161828,163803,1431957,875118,1466201,445001,124013,123206,126234,126204,1260991,1267353,1770310,1016478,1,0,
901,110496290120600,0.9159487,2,stimulus,56,110496289826500,1,1,16,902,1700188826,1700188826,2,160359,159970,161773,163742,1431882,875043,1466129,444924,123954,123137,126174,126138,1260913,1267275,1770215,1016371,1,0,
902,110496290120600,0.9159487,2,stimulus,56,110496289826500,1,1,16,903,1700189831,1700189831,2,160202,159816,161620,163593,1431716,874868,1465945,444740,123786,122968,126011,125975,1260728,1267084,1770022,1016171,1,0,
903,110496297149700,0.9229778,2,stimulus,56,110496289826500,1,1,16,904,1700190835,1700190835,2,160109,159726,161528,163499,1431623,874774,1465843,444623,123707,122883,125909,125869,1260610,1266966,1769905,1016056,1,0,
904,110496297149700,0.9229778,2,stimulus,56,110496289826500,1,1,16,905,1700191840,1700191840,2,160109,159716,161526,163489,1431609,874760,1465826,444598,123715,122869,125901,125861,1260587,1266951,1769886,1016021,1,0,
905,110496297149700,0.9229778,2,stimulus,56,110496289826500,1,1,16,906,1700192845,1700192845,2,160264,159867,161668,163638,1431737,874888,1465958,444733,123873,123015,126047,126019,1260716,1267081,1770023,1016164,1,0,
906,110496297149700,0.9229778,2,stimulus,56,110496289826500,1,1,16,907,1700193849,1700193849,2,160391,159999,161791,163752,1431844,875001,1466079,444847,124003,123154,126176,126158,1260832,1267196,1770129,1016282,1,0,
907,110496297149700,0.9229778,2,stimulus,56,110496289826500,1,1,16,908,1700194854,1700194854,2,160016,159669,161473,163448,1431520,874677,1465742,444474,123621,122820,125836,125833,1260478,1266842,1769755,1015887,1,0,
908,110496297149700,0.9229778,2,stimulus,56,110496289826500,1,1,16,909,1700195859,1700195859,2,159896,159564,161384,163358,1431443,874594,1465654,444366,123472,122695,125727,125746,1260394,1266750,1769661,1015780,1,0,
909,110496297149700,0.9229778,2,stimulus,56,110496289826500,1,1,16,910,1700196863,1700196863,2,160049,159696,161541,163491,1431605,874756,1465825,444531,123624,122845,125876,125894,1260579,1266932,1769842,1015964,1,0,
910,110496304102500,0.9299306,2,stimulus,56,110496289826500,1,1,16,911,1700197868,1700197868,2,160181,159816,161644,163600,1431734,874883,1465956,444673,123743,122957,126001,126021,1260722,1267081,1769990,1016124,1,0,
911,110496304102500,0.9299306,2,stimulus,56,110496289826500,1,1,16,912,1700198873,1700198873,2,160276,159901,161710,163672,1431815,874973,1466056,444764,123826,123043,126069,126101,1260828,1267182,1770092,1016238,1,0,
912,110496304102500,0.9299306,2,stimulus,56,110496289826500,1,1,16,913,1700199878,1700199878,2,160339,159951,161756,163709,1431861,875024,1466116,444809,123882,123102,126123,126141,1260881,1267242,1770150,1016316,1,0,
913,110496304102500,0.9299306,2,stimulus,56,110496289826500,1,1,16,914,1700200883,1700200883,2,160483,160071,161877,163831,1431976,875149,1466232,444938,124018,123246,126268,126265,1261010,1267371,1770288,1016468,1,0,
914,110496304102500,0.9299306,2,stimulus,56,110496289826500,1,1,16,915,1700201888,1700201888,2,160564,160154,161953,163904,1432048,875216,1466298,445009,124114,123337,126356,126361,1261086,1267452,1770369,1016558,1,0,
915,110496304102500,0.9299306,2,stimulus,56,110496289826500,1,1,16,916,1700202892,1700202892,2,160381,159973,161779,163738,1431863,875028,1466108,444808,123919,123159,126178,126189,1260888,1267256,1770179,1016360,1,0,
916,110496304102500,0.9299306,2,stimulus,56,110496289826500,1,1,16,917,1700203897,1700203897,2,160335,159921,161720,163694,1431807,874968,1466048,444731,123856,123111,126126,126136,1260834,1267199,1770123,1016298,1,0,
917,110496311068400,0.9368965,2,stimulus,57,110496306188900,1,0,16,918,1700204902,1700204902,2,160413,159985,161770,163742,1431845,875023,1466085,444771,123921,123165,126176,126194,1260884,1267253,1770169,1016358,1,0,
918,110496311068400,0.9368965,2,stimulus,57,110496306188900,1,0,16,919,1700205907,1700205907,2,160389,159958,161741,163714,1431816,874987,1466059,444734,123915,123147,126154,126182,1260844,1267218,1770133,1016326,1,0,
919,110496311068400,0.9368965,2,stimulus,57,110496306188900,1,0,16,920,1700206911,1700206911,2,160417,159978,161754,163742,1431832,874996,1466069,444734,123948,123169,126174,126218,1260861,1267233,1770144,1016346,1,0,
920,110496311068400,0.9368965,2,stimulus,57,110496306188900,1,0,16,921,1700207916,1700207916,2,160474,160038,161802,163796,1431868,875043,1466104,444774,124016,123228,126214,126259,1260897,1267266,1770179,1016386,1,0,
921,110496311068400,0.9368965,2,stimulus,57,110496306188900,1,0,16,922,1700208921,1700208921,2,160411,159974,161746,163744,1431799,874974,1466030,444695,123965,123163,126145,126188,1260808,1267172,1770083,1016286,1,0,
922,110496311068400,0.9368965,2,stimulus,57,110496306188900,1,0,16,923,1700209926,1700209926,2,160241,159814,161586,163602,1431631,874804,1465854,444508,123801,123010,125991,126020,1260628,1266993,1769889,1016074,1,0,
923,110496311068400,0.9368965,2,stimulus,57,110496306188900,1,0,16,924,1700210931,1700210931,2,160142,159708,161489,163508,1431528,874694,1465740,444391,123699,122911,125901,125910,1260512,1266873,1769767,1015944,1,0,
924,110496318127000,0.9439551,2,stimulus,57,110496306188900,1,0,16,925,1700211936,1700211936,2,160145,159708,161489,163508,1431517,874689,1465732,444375,123709,122911,125906,125923,1260495,1266864,1769759,1015931,1,0,
925,110496318127000,0.9439551,2,stimulus,57,110496306188900,1,0,16,926,1700212941,1700212941,2,160307,159854,161619,163648,1431650,874819,1465876,444508,123870,123060,126058,126066,1260632,1267005,1769899,1016086,1,0,
926,110496318127000,0.9439551,2,stimulus,57,110496306188900,1,0,16,927,1700213945,1700213945,2,160428,159964,161741,163756,1431753,874926,1465977,444609,124001,123192,126178,126183,1260732,1267105,1769996,1016196,1,0,
927,110496318127000,0.9439551,2,stimulus,57,110496306188900,1,0,16,928,1700214950,1700214950,2,160048,159639,161429,163448,1431429,874603,1465629,444246,123628,122849,125843,125850,1260381,1266747,1769622,1015796,1,0,
928,110496318127000,0.9439551,2,stimulus,57,110496306188900,1,0,16,929,1700215955,1700215955,2,159916,159534,161328,163355,1431346,874514,1465538,444126,123488,122724,125744,125746,1260288,1266663,1769519,1015686,1,0,
929,110496318127000,0.9439551,2,stimulus,57,110496306188900,1,0,16,930,1700216960,1700216960,2,160061,159664,161468,163491,1431498,874673,1465709,444285,123629,122865,125884,125899,1260464,1266838,1769696,1015866,1,0,
930,110496318127000,0.9439551,2,stimulus,57,110496306188900,1,0,16,931,1700217964,1700217964,2,160204,159799,161588,163625,1431645,874820,1465859,444439,123776,122999,126013,126038,1260624,1266997,1769869,1016042,1,0,
931,110496325057400,0.9508855,2,stimulus,57,110496306188900,1,0,16,932,1700218969,1700218969,2,160303,159880,161672,163702,1431734,874906,1465953,444534,123868,123081,126078,126118,1260729,1267103,1769972,1016160,1,0,
932,110496325057400,0.9508855,2,stimulus,57,110496306188900,1,0,16,933,1700219974,1700219974,2,160367,159924,161722,163735,1431777,874946,1466003,444578,123919,123121,126109,126176,1260777,1267154,1770027,1016226,1,0,
933,110496325057400,0.9508855,2,stimulus,57,110496306188900,1,0,16,934,1700220979,1700220979,2,160517,160049,161842,163835,1431881,875068,1466115,444698,124069,123248,126245,126305,1260897,1267281,1770161,1016376,1,0,
934,110496325057400,0.9508855,2,stimulus,57,110496306188900,1,0,16,935,1700221984,1700221984,2,160604,160130,161914,163901,1431948,875132,1466181,444769,124169,123334,126337,126391,1260968,1267355,1770230,1016461,1,0,
935,110496325057400,0.9508855,2,stimulus,57,110496306188900,1,0,16,936,1700222988,1700222988,2,160409,159954,161753,163748,1431774,874956,1465995,444579,123996,123146,126178,126222,1260795,1267170,1770033,1016269,1,0,
936,110496325057400,0.9508855,2,stimulus,57,110496306188900,1,0,16,937,1700223993,1700223993,2,160369,159929,161729,163719,1431739,874923,1465957,444522,123963,123109,126149,126195,1260755,1267141,1770004,1016236,1,0,
937,110496325057400,0.9508855,2,stimulus,57,110496306188900,1,0,16,938,1700224998,1700224998,2,160421,159974,161766,163761,1431771,874953,1465989,444554,124009,123162,126201,126242,1260796,1267178,1770043,1016277,1,0,
938,110496332143600,0.9579717,2,stimulus,58,110496322603400,1,0,16,939,1700226003,1700226003,2,160398,159948,161743,163736,1431730,874918,1465949,444506,123974,123146,126184,126216,1260753,1267142,1770004,1016246,1,0,
939,110496332143600,0.9579717,2,stimulus,58,110496322603400,1,0,16,940,1700227008,1700227008,2,160436,159986,161778,163772,1431751,874940,1465973,444522,124012,123183,126211,126246,1260779,1267163,1770031,1016278,1,0,
940,110496332143600,0.9579717,2,stimulus,58,110496322603400,1,0,16,941,1700228013,1700228013,2,160490,160054,161831,163834,1431800,874996,1466027,444573,124096,123246,126265,126296,1260831,1267207,1770068,1016321,1,0,
941,110496332143600,0.9579717,2,stimulus,58,110496322603400,1,0,16,942,1700229018,1700229018,2,160426,160003,161767,163776,1431731,874917,1465948,444486,124046,123188,126197,126222,1260746,1267119,1769975,1016221,1,0,
942,110496332143600,0.9579717,2,stimulus,58,110496322603400,1,0,16,943,1700230022,1700230022,2,160263,159846,161624,163634,1431576,874753,1465774,444304,123885,123026,126043,126062,1260561,1266940,1769791,1016021,1,0,
943,110496332143600,0.9579717,2,stimulus,58,110496322603400,1,0,16,944,1700231027,1700231027,2,160178,159766,161545,163556,1431479,874663,1465676,444201,123791,122939,125964,125978,1260452,1266834,1769673,1015901,1,0,
944,110496332143600,0.9579717,2,stimulus,58,110496322603400,1,0,16,945,1700232032,1700232032,2,160199,159793,161568,163571,1431483,874675,1465691,444202,123814,122959,125986,126000,1260467,1266838,1769679,1015908,1,0,
945,110496339248100,0.9650762,2,stimulus,58,110496322603400,1,0,16,946,1700233036,1700233036,2,160354,159939,161704,163707,1431616,874804,1465828,444341,123984,123097,126137,126141,1260603,1266983,1769831,1016061,1,0,
946,110496339248100,0.9650762,2,stimulus,58,110496322603400,1,0,16,947,1700234041,1700234041,2,160464,160038,161789,163804,1431699,874888,1465918,444424,124099,123198,126244,126252,1260687,1267068,1769909,1016154,1,0,
947,110496339248100,0.9650762,2,stimulus,58,110496322603400,1,0,16,948,1700235045,1700235045,2,160086,159699,161462,163497,1431381,874559,1465577,444053,123714,122856,125907,125919,1260336,1266708,1769533,1015756,1,0,
948,110496339248100,0.9650762,2,stimulus,59,110496338146000,1,0,16,949,1700236050,1700236050,2,159966,159614,161386,163430,1431318,874492,1465502,443966,123597,122751,125818,125846,1260279,1266641,1769451,1015668,1,0,
949,110496339248100,0.9650762,2,stimulus,59,110496338146000,1,0,16,950,1700237055,1700237055,2,160091,159736,161508,163558,1431453,874636,1465644,444106,123724,122881,125943,125978,1260431,1266794,1769607,1015833,1,0,
950,110496339248100,0.9650762,2,stimulus,59,110496338146000,1,0,16,951,1700238060,1700238060,2,160219,159859,161619,163670,1431589,874774,1465785,444244,123842,123011,126053,126103,1260571,1266948,1769759,1015993,1,0,
951,110496339248100,0.9650762,2,stimulus,59,110496338146000,1,0,16,952,1700239065,1700239065,2,160333,159946,161708,163739,1431688,874869,1465893,444341,123936,123101,126135,126179,1260673,1267054,1769873,1016117,1,0,
952,110496346085300,0.9719134,2,stimulus,59,110496338146000,1,0,16,953,1700240070,1700240070,2,160398,159984,161755,163771,1431738,874911,1465949,444394,123989,123144,126188,126238,1260733,1267109,1769931,1016184,1,0,
953,110496346085300,0.9719134,2,stimulus,59,110496338146000,1,0,16,954,1700241075,1700241075,2,160539,160105,161881,163888,1431845,875032,1466074,444525,124128,123283,126315,126371,1260864,1267241,1770066,1016338,1,0,
954,110496346085300,0.9719134,2,stimulus,59,110496338146000,1,0,16,955,1700242079,1700242079,2,160627,160174,161949,163954,1431907,875096,1466129,444578,124208,123359,126395,126448,1260923,1267309,1770143,1016414,1,0,
955,110496346085300,0.9719134,2,stimulus,59,110496338146000,1,0,16,956,1700243084,1700243084,2,160431,159998,161771,163786,1431728,874908,1465933,444367,124002,123177,126218,126274,1260729,1267117,1769939,1016204,1,0,
956,110496346085300,0.9719134,2,stimulus,59,110496338146000,1,0,16,957,1700244089,1700244089,2,160383,159960,161739,163748,1431673,874854,1465882,444308,123941,123140,126173,126233,1260686,1267076,1769884,1016165,1,0,
957,110496346085300,0.9719134,2,stimulus,59,110496338146000,1,0,16,958,1700245094,1700245094,2,160431,159995,161773,163779,1431691,874876,1465908,444334,123983,123186,126204,126269,1260717,1267108,1769923,1016204,1,0,
958,110496346085300,0.9719134,2,stimulus,59,110496338146000,1,0,16,959,1700246099,1700246099,2,160396,159961,161734,163751,1431649,874836,1465862,444275,123955,123154,126179,126233,1260666,1267059,1769886,1016164,1,0,
959,110496353077100,0.9789052,2,stimulus,59,110496338146000,1,0,16,960,1700247104,1700247104,2,160422,159969,161746,163769,1431656,874844,1465864,444278,123974,123177,126204,126248,1260677,1267068,1769888,1016174,1,0,
960,110496353077100,0.9789052,2,stimulus,59,110496338146000,1,0,16,961,1700248109,1700248109,2,160466,160009,161777,163797,1431682,874863,1465891,444298,124016,123220,126250,126278,1260699,1267088,1769897,1016194,1,0,
961,110496353077100,0.9789052,2,stimulus,59,110496338146000,1,0,16,962,1700249114,1700249114,2,160398,159954,161711,163728,1431604,874789,1465811,444208,123963,123158,126176,126207,1260608,1266992,1769800,1016086,1,0,
962,110496353077100,0.9789052,2,stimulus,59,110496338146000,1,0,16,963,1700250119,1700250119,2,160226,159797,161557,163573,1431446,874621,1465631,444027,123791,122994,126011,126040,1260411,1266796,1769601,1015884,1,0,
963,110496353077100,0.9789052,2,stimulus,59,110496338146000,1,0,16,964,1700251124,1700251124,2,160146,159722,161483,163491,1431357,874531,1465535,443926,123706,122919,125924,125968,1260309,1266701,1769492,1015766,1,0,
964,110496353077100,0.9789052,2,stimulus,59,110496338146000,1,0,16,965,1700252129,1700252129,2,160158,159736,161496,163509,1431360,874538,1465542,443928,123732,122932,125942,125993,1260319,1266706,1769498,1015774,1,0,
965,110496353077100,0.9789052,2,stimulus,59,110496338146000,1,0,16,966,1700253134,1700253134,2,160316,159881,161649,163659,1431496,874681,1465686,444074,123912,123086,126097,126145,1260465,1266849,1769646,1015928,1,0,
966,110496360048300,0.9858764,2,stimulus,60,110496355331000,1,1,16,967,1700254139,1700254139,2,160443,159999,161773,163771,1431597,874784,1465789,444176,124038,123207,126219,126270,1260567,1266951,1769746,1016043,1,0,
967,110496360048300,0.9858764,2,stimulus,60,110496355331000,1,1,16,968,1700255144,1700255144,2,160061,159661,161449,163468,1431263,874450,1465448,443796,123655,122861,125881,125943,1260216,1266588,1769368,1015632,1,0,
968,110496360048300,0.9858764,2,stimulus,60,110496355331000,1,1,16,969,1700256149,1700256149,2,159965,159594,161387,163411,1431204,874398,1465391,443714,123558,122776,125798,125878,1260154,1266534,1769308,1015558,1,0,
969,110496360048300,0.9858764,2,stimulus,60,110496355331000,1,1,16,970,1700257154,1700257154,2,160091,159727,161517,163528,1431355,874538,1465541,443863,123673,122906,125921,126006,1260311,1266694,1769461,1015721,1,0,
970,110496360048300,0.9858764,2,stimulus,60,110496355331000,1,1,16,971,1700258159,1700258159,2,160220,159843,161633,163627,1431476,874664,1465672,443994,123801,123027,126037,126111,1260456,1266837,1769598,1015879,1,0,
971,110496360048300,0.9858764,2,stimulus,60,110496355331000,1,1,16,972,1700259164,1700259164,2,160326,159945,161717,163699,1431574,874761,1465773,444094,123901,123118,126113,126200,1260554,1266945,1769708,1015995,1,0,
972,110496360048300,0.9858764,2,stimulus,60,110496355331000,1,1,16,973,1700260169,1700260169,2,160374,159991,161744,163728,1431613,874806,1465816,444137,123947,123155,126141,126234,1260612,1267001,1769769,1016066,1,0,
973,110496367007300,0.9928354,2,stimulus,60,110496355331000,1,1,16,974,1700261173,1700261173,2,160515,160106,161863,163853,1431722,874922,1465934,444263,124098,123279,126272,126351,1260736,1267123,1769906,1016221,1,0,
974,110496367007300,0.9928354,2,stimulus,60,110496355331000,1,1,16,975,1700262178,1700262178,2,160608,160173,161941,163923,1431797,874981,1466008,444328,124199,123381,126352,126426,1260807,1267197,1769976,1016310,1,0,
975,110496367007300,0.9928354,2,stimulus,60,110496355331000,1,1,16,976,1700263183,1700263183,2,160429,160001,161780,163771,1431621,874809,1465823,444123,124017,123209,126182,126255,1260621,1267006,1769788,1016107,1,0,
976,110496367007300,0.9928354,2,stimulus,60,110496355331000,1,1,16,977,1700264188,1700264188,2,160386,159968,161751,163734,1431579,874761,1465768,444060,123959,123171,126141,126219,1260576,1266966,1769741,1016072,1,0,
977,110496367007300,0.9928354,2,stimulus,60,110496355331000,1,1,16,978,1700265193,1700265193,2,160438,160020,161794,163761,1431611,874794,1465806,444096,124008,123226,126194,126268,1260619,1267000,1769783,1016113,1,0,
978,110496367007300,0.9928354,2,stimulus,60,110496355331000,1,1,16,979,1700266198,1700266198,2,160406,159989,161763,163731,1431568,874759,1465770,444059,123985,123201,126177,126238,1260581,1266964,1769748,1016080,1,0,
979,110496367007300,0.9928354,2,stimulus,60,110496355331000,1,1,16,980,1700267203,1700267203,2,160426,160001,161773,163744,1431569,874755,1465763,444051,124003,123209,126186,126238,1260578,1266969,1769754,1016084,1,0,
980,110496374099200,0.9999273,2,stimulus,61,110496371770300,1,1,16,981,1700268208,1700268208,2,160458,160039,161808,163768,1431587,874780,1465780,444061,124041,123236,126213,126261,1260593,1266984,1769763,1016098,1,0,
981,110496374099200,0.9999273,2,stimulus,61,110496371770300,1,1,16,982,1700269212,1700269212,2,160394,159973,161740,163699,1431507,874697,1465694,443966,123977,123171,126144,126179,1260496,1266879,1769649,1015991,1,0,
982,110496374099200,0.9999273,2,stimulus,61,110496371770300,1,1,16,983,1700270217,1700270217,2,160220,159818,161584,163551,1431334,874525,1465512,443783,123804,123009,125981,126013,1260311,1266689,1769447,1015781,1,0,
983,110496374099200,0.9999273,2,stimulus,61,110496371770300,1,1,16,984,1700271222,1700271222,2,160128,159728,161499,163478,1431246,874418,1465417,443671,123711,122918,125899,125929,1260203,1266588,1769334,1015657,1,0,
984,110496374099200,0.9999273,2,stimulus,61,110496371770300,1,1,16,985,1700272227,1700272227,2,160162,159755,161521,163501,1431256,874437,1465426,443689,123739,122941,125932,125958,1260215,1266598,1769346,1015670,1,0,
985,110496374099200,0.9999273,2,stimulus,61,110496371770300,1,1,16,986,1700273232,1700273232,2,160346,159909,161672,163654,1431394,874588,1465576,443841,123910,123108,126091,126129,1260364,1266750,1769501,1015833,1,0,
986,110496374099200,0.9999273,2,stimulus,61,110496371770300,1,1,16,987,1700274237,1700274237,2,160458,160001,161768,163751,1431482,874671,1465674,443928,124022,123211,126204,126238,1260444,1266836,1769579,1015918,1,0,
987,110496381089100,1.0069172,2,stimulus,61,110496371770300,1,1,16,988,1700275242,1700275242,2,160071,159654,161436,163439,1431157,874348,1465319,443553,123642,122858,125862,125911,1260098,1266474,1769198,1015505,1,0,
988,110496381089100,1.0069172,2,stimulus,61,110496371770300,1,1,16,989,1700276247,1700276247,2,159980,159578,161381,163378,1431108,874292,1465264,443470,123533,122771,125796,125844,1260049,1266421,1769139,1015433,1,0,
989,110496381089100,1.0069172,2,stimulus,61,110496371770300,1,1,16,990,1700277252,1700277252,2,160124,159706,161525,163507,1431254,874439,1465428,443626,123671,122894,125943,125983,1260224,1266593,1769308,1015621,1,0,
990,110496381089100,1.0069172,2,stimulus,61,110496371770300,1,1,16,991,1700278256,1700278256,2,160253,159824,161635,163614,1431386,874579,1465559,443761,123798,123019,126064,126103,1260363,1266739,1769456,1015778,1,0,
991,110496381089100,1.0069172,2,stimulus,61,110496371770300,1,1,16,992,1700279261,1700279261,2,160351,159907,161721,163688,1431469,874668,1465659,443854,123878,123111,126145,126186,1260461,1266836,1769567,1015896,1,0,
992,110496381089100,1.0069172,2,stimulus,61,110496371770300,1,1,16,993,1700280266,1700280266,2,160416,159956,161763,163722,1431511,874708,1465704,443903,123928,123156,126193,126219,1260508,1266894,1769625,1015958,1,0,
993,110496381089100,1.0069172,2,stimulus,61,110496371770300,1,1,16,994,1700281271,1700281271,2,160563,160096,161886,163848,1431635,874835,1465832,444033,124073,123293,126333,126337,1260640,1267029,1769769,1016116,1,0,
994,110496388137300,1.0139654,2,stimulus,61,110496371770300,1,1,16,995,1700282275,1700282275,2,160628,160158,161942,163903,1431677,874879,1465879,444071,124147,123354,126389,126389,1260688,1267078,1769829,1016181,1,0,
995,110496388137300,1.0139654,2,stimulus,61,110496371770300,1,1,16,996,1700283280,1700283280,2,160434,159980,161769,163739,1431498,874702,1465686,443865,123966,123179,126230,126219,1260501,1266893,1769629,1015986,1,0,
996,110496388137300,1.0139654,2,stimulus,61,110496371770300,1,1,16,997,1700284285,1700284285,2,160399,159947,161752,163702,1431461,874666,1465651,443818,123942,123139,126194,126193,1260465,1266863,1769592,1015955,1,0,
997,110496388137300,1.0139654,2,stimulus,61,110496371770300,1,1,16,998,1700285289,1700285289,2,160439,159976,161785,163725,1431490,874686,1465673,443844,123991,123183,126226,126234,1260492,1266894,1769624,1015991,1,0,
998,110496388137300,1.0139654,2,stimulus,61,110496371770300,1,1,16,999,1700286294,1700286294,2,160409,159938,161749,163691,1431448,874640,1465631,443799,123967,123158,126190,126199,1260449,1266858,1769581,1015954,1,0,
999,110496388137300,1.0139654,2,stimulus,61,110496371770300,1,1,16,1000,1700287299,1700287299,2,160419,159951,161756,163708,1431449,874639,1465623,443793,123985,123178,126192,126203,1260446,1266856,1769579,1015956,1,0,
1000,110496388137300,1.0139654,2,stimulus,61,110496371770300,1,1,16,1001,1700288304,1700288304,2,160455,159981,161784,163738,1431471,874661,1465643,443801,124034,123210,126224,126225,1260458,1266860,1769588,1015965,1,0,
1001,110496395118300,1.0209464,2,stimulus,62,110496388487500,1,1,16,1002,1700289309,1700289309,2,160368,159902,161703,163668,1431373,874568,1465546,443698,123951,123123,126136,126144,1260346,1266748,1769468,1015841,1,0,
1002,110496395118300,1.0209464,2,stimulus,62,110496388487500,1,1,16,1003,1700290313,1700290313,2,160199,159741,161558,163526,1431200,874401,1465379,443521,123796,122966,125968,125998,1260158,1266563,1769279,1015645,1,0,
1003,110496395118300,1.0209464,2,stimulus,62,110496388487500,1,1,16,1004,1700291318,1700291318,2,160111,159664,161479,163443,1431107,874307,1465283,443411,123723,122881,125880,125917,1260063,1266458,1769174,1015529,1,0,
1004,110496395118300,1.0209464,2,stimulus,62,110496388487500,1,1,16,1005,1700292323,1700292323,2,160139,159695,161511,163473,1431123,874323,1465306,443419,123751,122910,125903,125934,1260083,1266476,1769184,1015539,1,0,
1005,110496395118300,1.0209464,2,stimulus,62,110496388487500,1,1,16,1006,1700293328,1700293328,2,160311,159856,161673,163630,1431273,874471,1465462,443576,123923,123093,126068,126096,1260231,1266618,1769343,1015699,1,0,
1006,110496395118300,1.0209464,2,stimulus,62,110496388487500,1,1,16,1007,1700294333,1700294333,2,160421,159956,161779,163737,1431365,874564,1465551,443671,124029,123199,126181,126206,1260321,1266705,1769424,1015795,1,0,
1007,110496395118300,1.0209464,2,stimulus,62,110496388487500,1,1,16,1008,1700295338,1700295338,2,160048,159621,161451,163429,1431038,874236,1465208,443298,123646,122846,125852,125876,1259965,1266351,1769049,1015394,1,0,
1008,110496402062900,1.027891,2,stimulus,62,110496388487500,1,1,16,1009,1700296342,1700296342,2,159976,159558,161397,163391,1431008,874201,1465163,443230,123554,122776,125801,125833,1259927,1266311,1769004,1015334,1,0,
1009,110496402062900,1.027891,2,stimulus,62,110496388487500,1,1,16,1010,1700297347,1700297347,2,160101,159686,161533,163508,1431150,874353,1465317,443378,123683,122900,125929,125964,1260095,1266478,1769162,1015503,1,0,
1010,110496402062900,1.027891,2,stimulus,62,110496388487500,1,1,16,1011,1700298352,1700298352,2,160241,159811,161657,163627,1431289,874491,1465461,443526,123816,123020,126055,126092,1260242,1266629,1769324,1015671,1,0,
1011,110496402062900,1.027891,2,stimulus,62,110496388487500,1,1,16,1012,1700299357,1700299357,2,160349,159907,161747,163711,1431384,874588,1465567,443635,123930,123121,126154,126183,1260347,1266749,1769437,1015793,1,0,
1012,110496402062900,1.027891,2,stimulus,62,110496388487500,1,1,16,1013,1700300362,1700300362,2,160417,159959,161803,163743,1431442,874647,1465628,443685,123997,123184,126208,126237,1260411,1266811,1769502,1015871,1,0,
1013,110496402062900,1.027891,2,stimulus,62,110496388487500,1,1,16,1014,1700301367,1700301367,2,160571,160083,161933,163859,1431563,874773,1465758,443814,124156,123324,126334,126367,1260540,1266951,1769644,1016034,1,0,
1014,110496402062900,1.027891,2,stimulus,62,110496388487500,1,1,16,1015,1700302372,1700302372,2,160645,160156,162004,163921,1431613,874818,1465815,443865,124234,123394,126396,126433,1260598,1267010,1769709,1016106,1,0,
1015,110496409057800,1.0348859,2,stimulus,63,110496405057700,1,0,16,1016,1700303376,1700303376,2,160434,159976,161833,163758,1431421,874625,1465610,443648,124024,123204,126204,126247,1260403,1266803,1769499,1015893,1,0,
1016,110496409057800,1.0348859,2,stimulus,63,110496405057700,1,0,16,1017,1700304381,1700304381,2,160389,159939,161789,163730,1431379,874584,1465553,443589,123983,123159,126173,126212,1260366,1266764,1769458,1015858,1,0,
1017,110496409057800,1.0348859,2,stimulus,63,110496405057700,1,0,16,1018,1700305386,1700305386,2,160433,159981,161824,163761,1431409,874616,1465586,443620,124017,123201,126216,126254,1260397,1266797,1769496,1015903,1,0,
1018,110496409057800,1.0348859,2,stimulus,63,110496405057700,1,0,16,1019,1700306390,1700306390,2,160408,159942,161786,163711,1431369,874566,1465541,443565,123983,123178,126180,126218,1260350,1266751,1769449,1015853,1,0,
1019,110496409057800,1.0348859,2,stimulus,63,110496405057700,1,0,16,1020,1700307395,1700307395,2,160449,159973,161812,163732,1431384,874582,1465556,443578,124011,123218,126208,126236,1260367,1266775,1769468,1015873,1,0,
1020,110496409057800,1.0348859,2,stimulus,63,110496405057700,1,0,16,1021,1700308400,1700308400,2,160495,160017,161856,163778,1431419,874625,1465593,443607,124054,123265,126254,126278,1260394,1266795,1769494,1015908,1,0,
1021,110496409057800,1.0348859,2,stimulus,63,110496405057700,1,0,16,1022,1700309404,1700309404,2,160425,159951,161793,163719,1431342,874544,1465512,443527,123995,123204,126184,126203,1260308,1266703,1769390,1015799,1,0,
1022,110496416035100,1.0418632,2,stimulus,63,110496405057700,1,0,16,1023,1700310409,1700310409,2,160273,159818,161658,163594,1431189,874391,1465355,443355,123849,123069,126040,126060,1260143,1266533,1769209,1015610,1,0,
1023,110496416035100,1.0418632,2,stimulus,63,110496405057700,1,0,16,1024,1700311414,1700311414,2,160178,159733,161583,163518,1431096,874304,1465258,443249,123763,122985,125962,125969,1260033,1266431,1769094,1015494,1,0,
1024,110496416035100,1.0418632,2,stimulus,63,110496405057700,1,0,16,1025,1700312418,1700312418,2,160193,159730,161594,163519,1431090,874292,1465250,443244,123781,122985,125971,125970,1260020,1266424,1769089,1015485,1,0,
1025,110496416035100,1.0418632,2,stimulus,63,110496405057700,1,0,16,1026,1700313423,1700313423,2,160363,159883,161748,163660,1431223,874433,1465396,443384,123949,123134,126127,126129,1260166,1266558,1769241,1015639,1,0,
1026,110496416035100,1.0418632,2,stimulus,63,110496405057700,1,0,16,1027,1700314428,1700314428,2,160459,159989,161856,163769,1431312,874524,1465484,443481,124062,123244,126236,126247,1260258,1266653,1769326,1015732,1,0,
1027,110496416035100,1.0418632,2,stimulus,63,110496405057700,1,0,16,1028,1700315433,1700315433,2,160060,159639,161514,163451,1430982,874181,1465124,443093,123667,122884,125874,125905,1259893,1266288,1768935,1015313,1,0,
1028,110496416035100,1.0418632,2,stimulus,63,110496405057700,1,0,16,1029,1700316437,1700316437,2,159980,159576,161463,163410,1430945,874139,1465082,443028,123588,122811,125818,125866,1259853,1266253,1768884,1015254,1,0,
1029,110496423154100,1.0489822,2,stimulus,64,110496421447800,1,0,16,1030,1700317442,1700317442,2,160107,159698,161591,163544,1431081,874289,1465239,443176,123724,122944,125948,126005,1260016,1266413,1769051,1015428,1,0,
1030,110496423154100,1.0489822,2,stimulus,64,110496421447800,1,0,16,1031,1700318447,1700318447,2,160248,159816,161698,163659,1431217,874423,1465381,443313,123851,123061,126074,126132,1260171,1266564,1769203,1015597,1,0,
1031,110496423154100,1.0489822,2,stimulus,64,110496421447800,1,0,16,1032,1700319452,1700319452,2,160360,159915,161789,163751,1431317,874529,1465489,443419,123965,123168,126162,126230,1260283,1266677,1769317,1015727,1,0,
1032,110496423154100,1.0489822,2,stimulus,64,110496421447800,1,0,16,1033,1700320456,1700320456,2,160416,159969,161847,163797,1431373,874586,1465543,443476,124030,123217,126214,126286,1260341,1266741,1769383,1015796,1,0,
1033,110496423154100,1.0489822,2,stimulus,64,110496421447800,1,0,16,1034,1700321461,1700321461,2,160556,160087,161974,163908,1431486,874697,1465663,443599,124178,123341,126343,126404,1260463,1266874,1769516,1015951,1,0,
1034,110496423154100,1.0489822,2,stimulus,64,110496421447800,1,0,16,1035,1700322466,1700322466,2,160627,160139,162019,163963,1431534,874736,1465706,443635,124257,123408,126397,126451,1260498,1266919,1769571,1016018,1,0,
1035,110496423154100,1.0489822,2,stimulus,64,110496421447800,1,0,16,1036,1700323470,1700323470,2,160417,159945,161831,163788,1431341,874543,1465498,443415,124049,123208,126208,126263,1260297,1266715,1769361,1015799,1,0,
1036,110496430045900,1.055874,2,stimulus,64,110496421447800,1,0,16,1037,1700324475,1700324475,2,160399,159932,161814,163771,1431313,874520,1465471,443384,124020,123188,126188,126257,1260279,1266691,1769340,1015780,1,0,
1037,110496430045900,1.055874,2,stimulus,64,110496421447800,1,0,16,1038,1700325480,1700325480,2,160449,159984,161857,163809,1431349,874552,1465513,443420,124081,123239,126236,126314,1260316,1266731,1769386,1015834,1,0,
1038,110496430045900,1.055874,2,stimulus,64,110496421447800,1,0,16,1039,1700326484,1700326484,2,160414,159954,161839,163782,1431311,874505,1465468,443375,124057,123201,126204,126282,1260273,1266695,1769340,1015800,1,0,
1039,110496430045900,1.055874,2,stimulus,64,110496421447800,1,0,16,1040,1700327489,1700327489,2,160453,159990,161871,163813,1431324,874527,1465489,443384,124098,123229,126231,126309,1260298,1266715,1769359,1015818,1,0,
1040,110496430045900,1.055874,2,stimulus,64,110496421447800,1,0,16,1041,1700328494,1700328494,2,160513,160036,161904,163847,1431360,874563,1465519,443408,124143,123278,126264,126360,1260325,1266739,1769379,1015845,1,0,
1041,110496430045900,1.055874,2,stimulus,64,110496421447800,1,0,16,1042,1700329499,1700329499,2,160428,159959,161823,163758,1431269,874466,1465419,443304,124057,123194,126184,126271,1260215,1266629,1769259,1015720,1,0,
1042,110496430045900,1.055874,2,stimulus,64,110496421447800,1,0,16,1043,1700330503,1700330503,2,160256,159799,161666,163584,1431089,874290,1465233,443124,123887,123025,126021,126091,1260024,1266436,1769058,1015500,1,0,
1043,110496437239200,1.0630673,2,stimulus,64,110496421447800,1,0,16,1044,1700331508,1700331508,2,160170,159736,161586,163499,1430997,874206,1465133,443019,123799,122936,125931,126011,1259926,1266331,1768951,1015394,1,0,
1044,110496437239200,1.0630673,2,stimulus,64,110496421447800,1,0,16,1045,1700332513,1700332513,2,160195,159763,161609,163527,1431009,874218,1465148,443023,123823,122952,125962,126036,1259931,1266341,1768958,1015403,1,0,
1045,110496437239200,1.0630673,2,stimulus,64,110496421447800,1,0,16,1046,1700333518,1700333518,2,160375,159930,161771,163690,1431159,874366,1465317,443189,124009,123126,126131,126204,1260096,1266496,1769121,1015579,1,0,
1046,110496437239200,1.0630673,2,stimulus,64,110496421447800,1,0,16,1047,1700334523,1700334523,2,160472,160023,161856,163783,1431235,874438,1465392,443266,124104,123213,126221,126293,1260166,1266571,1769193,1015654,1,0,
1047,110496437239200,1.0630673,2,stimulus,64,110496421447800,1,0,16,1048,1700335528,1700335528,2,160081,159691,161530,163476,1430906,874116,1465042,442888,123712,122848,125889,125951,1259810,1266218,1768812,1015246,1,0,
1048,110496437239200,1.0630673,2,stimulus,64,110496421447800,1,0,16,1049,1700336533,1700336533,2,160026,159654,161499,163461,1430902,874105,1465020,442847,123645,122796,125861,125920,1259799,1266198,1768795,1015214,1,0,
1049,110496437239200,1.0630673,2,stimulus,64,110496421447800,1,0,16,1050,1700337538,1700337538,2,160171,159782,161630,163598,1431052,874265,1465182,443003,123781,122944,126011,126058,1259966,1266369,1768964,1015393,1,0,
1050,110496443915000,1.0697431,2,stimulus,65,110496438370600,1,0,16,1051,1700338542,1700338542,2,160301,159901,161752,163694,1431178,874391,1465328,443144,123910,123063,126140,126176,1260112,1266525,1769114,1015554,1,0,
1051,110496443915000,1.0697431,2,stimulus,65,110496438370600,1,0,16,1052,1700339547,1700339547,2,160391,159977,161824,163758,1431268,874476,1465418,443229,124004,123133,126214,126253,1260209,1266611,1769209,1015666,1,0,
1052,110496443915000,1.0697431,2,stimulus,65,110496438370600,1,0,16,1053,1700340552,1700340552,2,160453,160011,161838,163782,1431298,874515,1465459,443270,124064,123173,126254,126281,1260256,1266653,1769261,1015723,1,0,
1053,110496443915000,1.0697431,2,stimulus,65,110496438370600,1,0,16,1054,1700341557,1700341557,2,160611,160148,161959,163899,1431419,874635,1465582,443403,124215,123322,126391,126421,1260392,1266792,1769415,1015891,1,0,
1054,110496443915000,1.0697431,2,stimulus,65,110496438370600,1,0,16,1055,1700342561,1700342561,2,160664,160206,162003,163940,1431448,874667,1465618,443439,124272,123393,126430,126469,1260429,1266833,1769450,1015946,1,0,
1055,110496443915000,1.0697431,2,stimulus,65,110496438370600,1,0,16,1056,1700343566,1700343566,2,160441,160001,161811,163755,1431241,874463,1465408,443207,124054,123204,126228,126264,1260211,1266624,1769239,1015718,1,0,
1056,110496443915000,1.0697431,2,stimulus,65,110496438370600,1,0,16,1057,1700344571,1700344571,2,160421,159967,161801,163726,1431213,874434,1465373,443167,124023,123179,126206,126234,1260180,1266598,1769210,1015694,1,0,
1057,110496451085200,1.0769133,2,stimulus,65,110496438370600,1,0,16,1058,1700345576,1700345576,2,160441,159991,161821,163752,1431229,874440,1465391,443177,124050,123211,126238,126256,1260195,1266614,1769226,1015722,1,0,
1058,110496451085200,1.0769133,2,stimulus,65,110496438370600,1,0,16,1059,1700346581,1700346581,2,160414,159975,161802,163735,1431191,874409,1465352,443139,124029,123194,126204,126234,1260169,1266577,1769192,1015694,1,0,
1059,110496451085200,1.0769133,2,stimulus,65,110496438370600,1,0,16,1060,1700347586,1700347586,2,160438,160007,161822,163746,1431209,874422,1465361,443147,124066,123220,126236,126264,1260181,1266586,1769208,1015707,1,0,
1060,110496451085200,1.0769133,2,stimulus,65,110496438370600,1,0,16,1061,1700348591,1700348591,2,160485,160039,161851,163781,1431233,874448,1465384,443161,124113,123260,126275,126296,1260197,1266604,1769222,1015716,1,0,
1061,110496451085200,1.0769133,2,stimulus,65,110496438370600,1,0,16,1062,1700349596,1700349596,2,160415,159960,161787,163713,1431139,874359,1465296,443063,124036,123188,126196,126209,1260090,1266505,1769111,1015593,1,0,
1062,110496451085200,1.0769133,2,stimulus,65,110496438370600,1,0,16,1063,1700350601,1700350601,2,160242,159805,161637,163567,1430978,874193,1465126,442890,123874,123034,126045,126046,1259908,1266324,1768917,1015397,1,0,
1063,110496451085200,1.0769133,2,stimulus,65,110496438370600,1,0,16,1064,1700351606,1700351606,2,160150,159732,161550,163500,1430894,874109,1465033,442793,123783,122953,125971,125973,1259816,1266225,1768814,1015291,1,0,
1064,110496458039900,1.083868,2,stimulus,66,110496455514900,1,1,16,1065,1700352610,1700352610,2,160168,159750,161578,163524,1430903,874127,1465044,442804,123794,122988,126010,126003,1259823,1266229,1768820,1015303,1,0,
1065,110496458039900,1.083868,2,stimulus,66,110496455514900,1,1,16,1066,1700353615,1700353615,2,160351,159913,161742,163683,1431061,874274,1465208,442958,123972,123169,126167,126176,1259981,1266389,1768979,1015477,1,0,
1066,110496458039900,1.083868,2,stimulus,66,110496455514900,1,1,16,1067,1700354620,1700354620,2,160437,159993,161816,163749,1431123,874345,1465278,443022,124055,123248,126241,126257,1260041,1266453,1769038,1015533,1,0,
1067,110496458039900,1.083868,2,stimulus,66,110496455514900,1,1,16,1068,1700355625,1700355625,2,160012,159626,161461,163411,1430760,873976,1464892,442623,123641,122865,125874,125879,1259658,1266062,1768628,1015089,1,0,
1068,110496458039900,1.083868,2,stimulus,66,110496455514900,1,1,16,1069,1700356630,1700356630,2,159944,159588,161426,163380,1430739,873956,1464864,442572,123566,122806,125836,125841,1259637,1266039,1768598,1015050,1,0,
1069,110496458039900,1.083868,2,stimulus,66,110496455514900,1,1,16,1070,1700357635,1700357635,2,160078,159712,161546,163504,1430879,874106,1465014,442716,123681,122924,125968,125975,1259796,1266201,1768760,1015217,1,0,
1070,110496458039900,1.083868,2,stimulus,66,110496455514900,1,1,16,1071,1700358640,1700358640,2,160214,159823,161656,163609,1430999,874231,1465154,442849,123803,123043,126087,126091,1259939,1266349,1768905,1015374,1,0,
1071,110496465068100,1.0908962,2,stimulus,66,110496455514900,1,1,16,1072,1700359645,1700359645,2,160302,159901,161728,163668,1431083,874312,1465234,442938,123885,123131,126165,126164,1260034,1266441,1768997,1015497,1,0,
1072,110496465068100,1.0908962,2,stimulus,66,110496455514900,1,1,16,1073,1700360650,1700360650,2,160348,159933,161756,163693,1431118,874349,1465278,442974,123943,123173,126201,126196,1260073,1266487,1769045,1015555,1,0,
1073,110496465068100,1.0908962,2,stimulus,66,110496455514900,1,1,16,1074,1700361655,1700361655,2,160486,160051,161875,163800,1431226,874458,1465393,443093,124082,123303,126313,126314,1260191,1266608,1769174,1015703,1,0,
1074,110496465068100,1.0908962,2,stimulus,66,110496455514900,1,1,16,1075,1700362660,1700362660,2,160533,160093,161911,163834,1431251,874486,1465414,443120,124119,123348,126354,126357,1260219,1266641,1769213,1015738,1,0,
1075,110496465068100,1.0908962,2,stimulus,66,110496455514900,1,1,16,1076,1700363664,1700363664,2,160329,159919,161735,163659,1431065,874303,1465221,442908,123923,123168,126186,126178,1260024,1266448,1769016,1015532,1,0,
1076,110496465068100,1.0908962,2,stimulus,66,110496455514900,1,1,16,1077,1700364669,1700364669,2,160307,159909,161727,163645,1431043,874274,1465201,442874,123916,123149,126172,126162,1260006,1266431,1768999,1015525,1,0,
1077,110496465068100,1.0908962,2,stimulus,66,110496455514900,1,1,16,1078,1700365674,1700365674,2,160346,159933,161748,163677,1431060,874292,1465220,442894,123959,123178,126194,126188,1260028,1266458,1769029,1015555,1,0,
1078,110496472159700,1.0979878,2,stimulus,67,110496471743700,1,1,16,1079,1700366679,1700366679,2,160340,159921,161734,163663,1431038,874274,1465195,442869,123956,123167,126188,126183,1260008,1266437,1769002,1015537,1,0,
1079,110496472159700,1.0979878,2,stimulus,67,110496471743700,1,1,16,1080,1700367683,1700367683,2,160381,159960,161778,163697,1431070,874302,1465224,442889,124006,123210,126227,126231,1260035,1266469,1769031,1015570,1,0,
1080,110496472159700,1.0979878,2,stimulus,67,110496471743700,1,1,16,1081,1700368688,1700368688,2,160414,159996,161814,163736,1431096,874321,1465248,442902,124049,123240,126254,126273,1260055,1266482,1769044,1015582,1,0,
1081,110496472159700,1.0979878,2,stimulus,67,110496471743700,1,1,16,1082,1700369693,1700369693,2,160316,159918,161721,163650,1430987,874215,1465139,442794,123959,123154,126161,126173,1259934,1266364,1768916,1015443,1,0,
1082,110496472159700,1.0979878,2,stimulus,67,110496471743700,1,1,16,1083,1700370698,1700370698,2,160164,159779,161581,163507,1430828,874057,1464973,442618,123798,122998,126008,126017,1259758,1266187,1768732,1015252,1,0,
1083,110496472159700,1.0979878,2,stimulus,67,110496471743700,1,1,16,1084,1700371703,1700371703,2,160095,159701,161509,163432,1430758,873973,1464886,442529,123724,122913,125933,125951,1259674,1266094,1768636,1015148,1,0,
1084,110496472159700,1.0979878,2,stimulus,67,110496471743700,1,1,16,1085,1700372708,1700372708,2,160134,159738,161543,163463,1430783,874001,1464904,442544,123753,122940,125979,125978,1259682,1266119,1768651,1015168,1,0,
1085,110496478981800,1.1048099,2,stimulus,67,110496471743700,1,1,16,1086,1700373713,1700373713,2,160316,159889,161704,163621,1430925,874148,1465053,442699,123937,123118,126146,126138,1259843,1266268,1768806,1015335,1,0,
1086,110496478981800,1.1048099,2,stimulus,67,110496471743700,1,1,16,1087,1700374717,1700374717,2,160398,159961,161796,163701,1430991,874220,1465124,442768,124037,123211,126226,126223,1259914,1266339,1768871,1015404,1,0,
1087,110496478981800,1.1048099,2,stimulus,67,110496471743700,1,1,16,1088,1700375722,1700375722,2,159993,159614,161452,163374,1430646,873881,1464766,442378,123643,122844,125871,125862,1259542,1265966,1768485,1014983,1,0,
1088,110496478981800,1.1048099,2,stimulus,67,110496471743700,1,1,16,1089,1700376727,1700376727,2,159946,159599,161431,163366,1430639,873874,1464762,442351,123589,122808,125855,125835,1259539,1265961,1768476,1014960,1,0,
1089,110496478981800,1.1048099,2,stimulus,67,110496471743700,1,1,16,1090,1700377732,1700377732,2,160114,159756,161578,163526,1430810,874060,1464957,442533,123751,122961,126014,126003,1259731,1266154,1768656,1015158,1,0,
1090,110496478981800,1.1048099,2,stimulus,67,110496471743700,1,1,16,1091,1700378737,1700378737,2,160240,159869,161679,163646,1430939,874188,1465089,442668,123870,123080,126131,126126,1259883,1266304,1768801,1015321,1,0,
1091,110496478981800,1.1048099,2,stimulus,67,110496471743700,1,1,16,1092,1700379741,1700379741,2,160311,159941,161736,163709,1431006,874257,1465158,442739,123941,123154,126185,126173,1259956,1266381,1768881,1015410,1,0,
1092,110496486357200,1.1121853,2,stimulus,67,110496471743700,1,1,16,1093,1700380746,1700380746,2,160379,159999,161774,163755,1431056,874305,1465208,442790,124006,123213,126233,126219,1260011,1266440,1768943,1015486,1,0,
1093,110496486357200,1.1121853,2,stimulus,67,110496471743700,1,1,16,1094,1700381751,1700381751,2,160524,160131,161901,163871,1431181,874427,1465343,442925,124149,123349,126367,126360,1260144,1266577,1769089,1015645,1,0,
1094,110496486357200,1.1121853,2,stimulus,67,110496471743700,1,1,16,1095,1700382756,1700382756,2,160569,160176,161929,163894,1431199,874449,1465369,442946,124199,123385,126401,126391,1260159,1266598,1769115,1015682,1,0,
1095,110496486357200,1.1121853,2,stimulus,67,110496471743700,1,1,16,1096,1700383761,1700383761,2,160349,159983,161736,163695,1430995,874236,1465148,442710,123976,123181,126196,126189,1259936,1266386,1768889,1015453,1,0,
1096,110496486357200,1.1121853,2,stimulus,67,110496471743700,1,1,16,1097,1700384765,1700384765,2,160336,159970,161726,163683,1430978,874210,1465122,442671,123960,123164,126191,126177,1259916,1266370,1768878,1015442,1,0,
1097,110496486357200,1.1121853,2,stimulus,67,110496471743700,1,1,16,1098,1700385770,1700385770,2,160384,160016,161768,163726,1431008,874244,1465157,442704,124009,123216,126241,126223,1259961,1266410,1768915,1015486,1,0,
1098,110496486357200,1.1121853,2,stimulus,67,110496471743700,1,1,16,1099,1700386775,1700386775,2,160367,160001,161758,163704,1430978,874220,1465129,442672,123996,123199,126218,126208,1259936,1266381,1768888,1015465,1,0,
1099,110496493240800,1.1190689,2,stimulus,68,110496487865600,1,1,16,1100,1700387780,1700387780,2,160408,160032,161803,163731,1431003,874243,1465154,442696,124039,123243,126251,126239,1259959,1266402,1768909,1015493,1,0,
1100,110496493240800,1.1190689,2,stimulus,68,110496487865600,1,1,16,1101,1700388785,1700388785,2,160453,160066,161833,163774,1431028,874269,1465177,442715,124086,123276,126288,126274,1259978,1266418,1768921,1015511,1,0,
1101,110496493240800,1.1190689,2,stimulus,68,110496487865600,1,1,16,1102,1700389789,1700389789,2,160361,159984,161744,163690,1430933,874170,1465079,442606,123991,123176,126199,126181,1259866,1266303,1768794,1015378,1,0,
1102,110496493240800,1.1190689,2,stimulus,68,110496487865600,1,1,16,1103,1700390794,1700390794,2,160191,159834,161593,163540,1430764,874004,1464904,442426,123828,123014,126038,126034,1259681,1266114,1768605,1015178,1,0,
1103,110496493240800,1.1190689,2,stimulus,68,110496487865600,1,1,16,1104,1700391799,1700391799,2,160109,159747,161498,163464,1430675,873911,1464798,442317,123740,122937,125963,125940,1259571,1266014,1768499,1015066,1,0,
1104,110496493240800,1.1190689,2,stimulus,68,110496487865600,1,1,16,1105,1700392804,1700392804,2,160160,159791,161538,163499,1430701,873939,1464831,442344,123779,122989,126008,125981,1259604,1266046,1768521,1015088,1,0,
1105,110496493240800,1.1190689,2,stimulus,68,110496487865600,1,1,16,1106,1700393809,1700393809,2,160340,159957,161711,163665,1430842,874088,1464992,442504,123965,123169,126171,126149,1259765,1266208,1768688,1015255,1,0,
1106,110496500035500,1.1258636,2,stimulus,68,110496487865600,1,1,16,1107,1700394814,1700394814,2,160402,160018,161784,163738,1430899,874144,1465054,442561,124041,123239,126231,126219,1259814,1266254,1768736,1015314,1,0,
1107,110496500035500,1.1258636,2,stimulus,68,110496487865600,1,1,16,1108,1700395819,1700395819,2,159996,159669,161443,163424,1430566,873808,1464694,442176,123645,122881,125874,125869,1259444,1265879,1768341,1014903,1,0,
1108,110496500035500,1.1258636,2,stimulus,68,110496487865600,1,1,16,1109,1700396823,1700396823,2,159970,159651,161433,163426,1430573,873817,1464694,442164,123604,122852,125864,125856,1259449,1265888,1768343,1014894,1,0,
1109,110496500035500,1.1258636,2,stimulus,68,110496487865600,1,1,16,1110,1700397828,1700397828,2,160124,159790,161582,163574,1430732,873984,1464866,442324,123748,122990,126014,126023,1259635,1266067,1768523,1015072,1,0,
1110,110496500035500,1.1258636,2,stimulus,68,110496487865600,1,1,16,1111,1700398833,1700398833,2,160273,159909,161698,163689,1430871,874121,1465013,442474,123886,123116,126132,126153,1259783,1266214,1768681,1015242,1,0,
1111,110496500035500,1.1258636,2,stimulus,68,110496487865600,1,1,16,1112,1700399838,1700399838,2,160362,159990,161755,163752,1430956,874209,1465104,442561,123981,123201,126205,126212,1259879,1266310,1768778,1015348,1,0,
1112,110496500035500,1.1258636,2,stimulus,68,110496487865600,1,1,16,1113,1700400842,1700400842,2,160435,160060,161809,163798,1431013,874254,1465168,442620,124056,123258,126261,126258,1259944,1266384,1768848,1015431,1,0,
1113,110496507045900,1.132874,2,stimulus,69,110496503160000,1,0,16,1114,1700401847,1700401847,2,160591,160210,161950,163932,1431136,874388,1465310,442765,124221,123410,126394,126409,1260091,1266535,1769014,1015603,1,0,
1114,110496507045900,1.132874,2,stimulus,69,110496503160000,1,0,16,1115,1700402852,1700402852,2,160629,160239,161979,163954,1431160,874406,1465327,442778,124258,123441,126428,126441,1260103,1266561,1769039,1015641,1,0,
1115,110496507045900,1.132874,2,stimulus,69,110496503160000,1,0,16,1116,1700403857,1700403857,2,160414,160037,161793,163754,1430961,874198,1465108,442541,124036,123223,126232,126238,1259889,1266344,1768804,1015408,1,0,
1116,110496507045900,1.132874,2,stimulus,69,110496503160000,1,0,16,1117,1700404861,1700404861,2,160412,160038,161788,163754,1430946,874191,1465096,442523,124031,123211,126233,126245,1259885,1266337,1768804,1015408,1,0,
1117,110496507045900,1.132874,2,stimulus,69,110496503160000,1,0,16,1118,1700405866,1700405866,2,160439,160052,161801,163771,1430949,874199,1465103,442533,124064,123224,126258,126266,1259894,1266341,1768819,1015426,1,0,
1118,110496507045900,1.132874,2,stimulus,69,110496503160000,1,0,16,1119,1700406871,1700406871,2,160401,160007,161774,163732,1430898,874151,1465049,442477,124028,123186,126243,126233,1259842,1266296,1768764,1015381,1,0,
1119,110496507045900,1.132874,2,stimulus,69,110496503160000,1,0,16,1120,1700407876,1700407876,2,160423,160031,161808,163760,1430914,874171,1465061,442486,124057,123220,126279,126253,1259861,1266319,1768782,1015403,1,0,
1120,110496514000200,1.1398283,2,stimulus,69,110496503160000,1,0,16,1121,1700408880,1700408880,2,160471,160067,161844,163801,1430948,874189,1465093,442515,124104,123264,126311,126283,1259879,1266339,1768796,1015428,1,0,
1121,110496514000200,1.1398283,2,stimulus,69,110496503160000,1,0,16,1122,1700409885,1700409885,2,160384,159975,161758,163709,1430846,874086,1464985,442399,124014,123178,126216,126184,1259767,1266214,1768670,1015293,1,0,
1122,110496514000200,1.1398283,2,stimulus,69,110496503160000,1,0,16,1123,1700410890,1700410890,2,160218,159828,161612,163573,1430683,873921,1464820,442215,123852,123014,126059,126023,1259583,1266030,1768477,1015088,1,0,
1123,110496514000200,1.1398283,2,stimulus,69,110496503160000,1,0,16,1124,1700411895,1700411895,2,160149,159786,161561,163513,1430615,873858,1464748,442145,123784,122954,126008,125974,1259512,1265956,1768401,1015003,1,0,
1124,110496514000200,1.1398283,2,stimulus,69,110496503160000,1,0,16,1125,1700412900,1700412900,2,160206,159839,161621,163551,1430659,873903,1464788,442188,123844,123013,126067,126029,1259550,1265999,1768434,1015044,1,0,
1125,110496514000200,1.1398283,2,stimulus,69,110496503160000,1,0,16,1126,1700413904,1700413904,2,160384,160004,161785,163711,1430813,874058,1464955,442342,124036,123195,126236,126199,1259697,1266156,1768599,1015211,1,0,
1126,110496514000200,1.1398283,2,stimulus,69,110496503160000,1,0,16,1127,1700414909,1700414909,2,160441,160051,161851,163774,1430861,874103,1465004,442380,124092,123259,126291,126259,1259741,1266196,1768635,1015253,1,0,
1127,110496521220200,1.1470483,2,stimulus,70,110496519623300,1,0,16,1128,1700415914,1700415914,2,160035,159701,161509,163439,1430517,873759,1464639,441994,123678,122886,125927,125905,1259372,1265824,1768233,1014822,1,0,
1128,110496521220200,1.1470483,2,stimulus,70,110496519623300,1,0,16,1129,1700416919,1700416919,2,160006,159695,161527,163440,1430527,873781,1464654,441984,123641,122866,125923,125904,1259392,1265836,1768249,1014830,1,0,
1129,110496521220200,1.1470483,2,stimulus,70,110496519623300,1,0,16,1130,1700417923,1700417923,2,160154,159833,161666,163573,1430685,873936,1464818,442145,123785,123004,126070,126052,1259564,1266012,1768424,1015009,1,0,
1130,110496521220200,1.1470483,2,stimulus,70,110496519623300,1,0,16,1131,1700418928,1700418928,2,160284,159956,161772,163692,1430818,874061,1464955,442279,123910,123129,126186,126176,1259713,1266166,1768575,1015170,1,0,
1131,110496521220200,1.1470483,2,stimulus,70,110496519623300,1,0,16,1132,1700419933,1700419933,2,160368,160029,161831,163756,1430889,874133,1465029,442362,123992,123200,126248,126245,1259793,1266251,1768659,1015272,1,0,
1132,110496521220200,1.1470483,2,stimulus,70,110496519623300,1,0,16,1133,1700420937,1700420937,2,160420,160070,161864,163783,1430922,874178,1465080,442406,124050,123248,126298,126284,1259838,1266298,1768711,1015334,1,0,
1133,110496521220200,1.1470483,2,stimulus,70,110496519623300,1,0,16,1134,1700421942,1700421942,2,160554,160175,161974,163887,1431031,874289,1465196,442525,124198,123375,126426,126405,1259961,1266418,1768847,1015482,1,0,
1134,110496527979500,1.1538076,2,stimulus,70,110496519623300,1,0,16,1135,1700422947,1700422947,2,160589,160198,161996,163903,1431041,874293,1465204,442530,124228,123398,126453,126430,1259971,1266424,1768860,1015503,1,0,
1135,110496527979500,1.1538076,2,stimulus,70,110496519623300,1,0,16,1136,1700423951,1700423951,2,160390,160016,161819,163739,1430843,874098,1464994,442317,124030,123204,126268,126256,1259772,1266229,1768653,1015289,1,0,
1136,110496527979500,1.1538076,2,stimulus,70,110496519623300,1,0,16,1137,1700424956,1700424956,2,160398,160007,161817,163736,1430826,874091,1464979,442295,124031,123196,126266,126256,1259762,1266228,1768651,1015287,1,0,
1137,110496527979500,1.1538076,2,stimulus,70,110496519623300,1,0,16,1138,1700425961,1700425961,2,160424,160017,161832,163751,1430838,874093,1464989,442296,124064,123211,126291,126265,1259769,1266233,1768658,1015309,1,0,
1138,110496527979500,1.1538076,2,stimulus,70,110496519623300,1,0,16,1139,1700426965,1700426965,2,160409,159998,161800,163725,1430806,874062,1464953,442253,124051,123188,126273,126247,1259740,1266198,1768619,1015283,1,0,
1139,110496527979500,1.1538076,2,stimulus,70,110496519623300,1,0,16,1140,1700427970,1700427970,2,160434,160021,161821,163739,1430824,874079,1464971,442266,124078,123219,126294,126278,1259753,1266215,1768637,1015299,1,0,
1140,110496527979500,1.1538076,2,stimulus,70,110496519623300,1,0,16,1141,1700428975,1700428975,2,160470,160052,161856,163760,1430835,874099,1464982,442278,124106,123256,126323,126305,1259762,1266226,1768640,1015306,1,0,
1141,110496535041600,1.1608697,2,stimulus,70,110496519623300,1,0,16,1142,1700429980,1700429980,2,160383,159961,161766,163666,1430733,873998,1464871,442164,124006,123174,126214,126213,1259641,1266106,1768509,1015164,1,0,
1142,110496535041600,1.1608697,2,stimulus,70,110496519623300,1,0,16,1143,1700430984,1700430984,2,160233,159804,161603,163508,1430572,873832,1464694,441984,123848,123020,126037,126047,1259452,1265919,1768319,1014964,1,0,
1143,110496535041600,1.1608697,2,stimulus,70,110496519623300,1,0,16,1144,1700431989,1700431989,2,160166,159741,161541,163451,1430497,873760,1464626,441904,123778,122959,125966,125979,1259369,1265836,1768238,1014871,1,0,
1144,110496535041600,1.1608697,2,stimulus,70,110496519623300,1,0,16,1145,1700432994,1700432994,2,160206,159786,161583,163500,1430532,873785,1464663,441933,123821,123001,126007,126021,1259401,1265860,1768263,1014903,1,0,
1145,110496535041600,1.1608697,2,stimulus,70,110496519623300,1,0,16,1146,1700433998,1700433998,2,160376,159923,161730,163653,1430662,873916,1464808,442071,123987,123158,126168,126175,1259544,1265999,1768404,1015061,1,0,
1146,110496535041600,1.1608697,2,stimulus,70,110496519623300,1,0,16,1147,1700435003,1700435003,2,160439,159977,161784,163704,1430699,873959,1464853,442109,124052,123214,126233,126237,1259580,1266049,1768436,1015092,1,0,
1147,110496535041600,1.1608697,2,stimulus,70,110496519623300,1,0,16,1148,1700436008,1700436008,2,160036,159634,161450,163378,1430363,873616,1464486,441725,123644,122845,125883,125882,1259215,1265683,1768045,1014673,1,0,
1148,110496542093100,1.1679212,2,stimulus,71,110496537468300,1,0,16,1149,1700437013,1700437013,2,160010,159626,161461,163389,1430379,873635,1464498,441718,123619,122828,125896,125873,1259231,1265691,1768067,1014683,1,0,
1149,110496542093100,1.1679212,2,stimulus,71,110496537468300,1,0,16,1150,1700438017,1700438017,2,160132,159757,161579,163518,1430524,873782,1464654,441859,123741,122945,126022,126014,1259396,1265852,1768228,1014854,1,0,
1150,110496542093100,1.1679212,2,stimulus,71,110496537468300,1,0,16,1151,1700439022,1700439022,2,160258,159876,161691,163621,1430656,873901,1464788,441993,123863,123054,126138,126136,1259538,1266001,1768359,1015006,1,0,
1151,110496542093100,1.1679212,2,stimulus,71,110496537468300,1,0,16,1152,1700440027,1700440027,2,160356,159956,161769,163693,1430737,873994,1464874,442085,123968,123126,126216,126223,1259631,1266098,1768468,1015124,1,0,
1152,110496542093100,1.1679212,2,stimulus,71,110496537468300,1,0,16,1153,1700441032,1700441032,2,160438,160009,161828,163751,1430791,874061,1464940,442149,124048,123193,126278,126284,1259693,1266168,1768547,1015211,1,0,
1153,110496542093100,1.1679212,2,stimulus,71,110496537468300,1,0,16,1154,1700442036,1700442036,2,160587,160138,161944,163871,1430914,874189,1465066,442280,124205,123342,126412,126406,1259834,1266307,1768693,1015365,1,0,
1154,110496542093100,1.1679212,2,stimulus,71,110496537468300,1,0,16,1155,1700443041,1700443041,2,160630,160169,161974,163897,1430943,874211,1465094,442304,124244,123389,126449,126435,1259865,1266341,1768724,1015403,1,0,
1155,110496548885100,1.1747132,2,stimulus,71,110496537468300,1,0,16,1156,1700444046,1700444046,2,160436,159986,161808,163730,1430760,874021,1464898,442091,124041,123208,126277,126258,1259672,1266141,1768517,1015189,1,0,
1156,110496548885100,1.1747132,2,stimulus,71,110496537468300,1,0,16,1157,1700445051,1700445051,2,160457,159996,161820,163745,1430766,874021,1464900,442082,124044,123223,126288,126263,1259677,1266149,1768533,1015202,1,0,
1157,110496548885100,1.1747132,2,stimulus,71,110496537468300,1,0,16,1158,1700446056,1700446056,2,160488,160013,161828,163762,1430768,874029,1464904,442091,124084,123252,126314,126274,1259684,1266168,1768553,1015226,1,0,
1158,110496548885100,1.1747132,2,stimulus,71,110496537468300,1,0,16,1159,1700447061,1700447061,2,160461,159981,161797,163738,1430733,873996,1464861,442049,124066,123239,126291,126247,1259646,1266133,1768516,1015190,1,0,
1159,110496548885100,1.1747132,2,stimulus,71,110496537468300,1,0,16,1160,1700448065,1700448065,2,160499,160010,161834,163776,1430766,874014,1464893,442064,124106,123288,126316,126283,1259672,1266158,1768538,1015216,1,0,
1160,110496548885100,1.1747132,2,stimulus,71,110496537468300,1,0,16,1161,1700449070,1700449070,2,160538,160052,161876,163811,1430783,874038,1464916,442088,124133,123339,126355,126316,1259694,1266174,1768551,1015234,1,0,
1161,110496548885100,1.1747132,2,stimulus,71,110496537468300,1,0,16,1162,1700450075,1700450075,2,160442,159976,161804,163736,1430684,873933,1464816,441984,124039,123252,126269,126224,1259577,1266058,1768432,1015106,1,0,
1162,110496555978400,1.1818065,2,stimulus,72,110496554088600,1,1,16,1163,1700451080,1700451080,2,160284,159842,161669,163593,1430540,873781,1464660,441824,123899,123112,126129,126069,1259413,1265887,1768253,1014916,1,0,
1163,110496555978400,1.1818065,2,stimulus,72,110496554088600,1,1,16,1164,1700452084,1700452084,2,160201,159779,161605,163525,1430467,873705,1464580,441741,123815,123048,126064,126001,1259328,1265802,1768166,1014825,1,0,
1164,110496555978400,1.1818065,2,stimulus,72,110496554088600,1,1,16,1165,1700453089,1700453089,2,160251,159818,161653,163569,1430498,873741,1464614,441772,123863,123089,126109,126049,1259355,1265828,1768197,1014853,1,0,
1165,110496555978400,1.1818065,2,stimulus,72,110496554088600,1,1,16,1166,1700454094,1700454094,2,160438,159993,161818,163728,1430656,873901,1464781,441933,124059,123254,126283,126220,1259521,1265999,1768363,1015034,1,0,
1166,110496555978400,1.1818065,2,stimulus,72,110496554088600,1,1,16,1167,1700455099,1700455099,2,160473,160034,161860,163777,1430686,873929,1464807,441964,124107,123286,126333,126266,1259551,1266023,1768382,1015067,1,0,
1167,110496555978400,1.1818065,2,stimulus,72,110496554088600,1,1,16,1168,1700456104,1700456104,2,160062,159668,161517,163457,1430341,873576,1464443,441564,123708,122902,125969,125903,1259175,1265646,1767990,1014636,1,0,
1168,110496555978400,1.1818065,2,stimulus,72,110496554088600,1,1,16,1169,1700457108,1700457108,2,160060,159681,161547,163489,1430378,873616,1464483,441580,123703,122924,125982,125929,1259216,1265693,1768029,1014669,1,0,
1169,110496562998200,1.1888263,2,stimulus,72,110496554088600,1,1,16,1170,1700458113,1700458113,2,160196,159809,161678,163618,1430525,873761,1464641,441734,123834,123063,126116,126073,1259389,1265858,1768191,1014843,1,0,
1170,110496562998200,1.1888263,2,stimulus,72,110496554088600,1,1,16,1171,1700459118,1700459118,2,160333,159924,161791,163731,1430653,873884,1464781,441871,123963,123182,126247,126194,1259540,1266007,1768343,1015001,1,0,
1171,110496562998200,1.1888263,2,stimulus,72,110496554088600,1,1,16,1172,1700460122,1700460122,2,160421,159999,161853,163801,1430739,873978,1464870,441957,124051,123260,126328,126275,1259633,1266110,1768443,1015117,1,0,
1172,110496562998200,1.1888263,2,stimulus,72,110496554088600,1,1,16,1173,1700461127,1700461127,2,160494,160065,161899,163845,1430799,874033,1464931,442018,124118,123320,126381,126331,1259698,1266168,1768517,1015193,1,0,
1173,110496562998200,1.1888263,2,stimulus,72,110496554088600,1,1,16,1174,1700462132,1700462132,2,160653,160206,162032,163986,1430931,874163,1465068,442164,124273,123464,126520,126469,1259833,1266314,1768666,1015357,1,0,
1174,110496562998200,1.1888263,2,stimulus,72,110496554088600,1,1,16,1175,1700463137,1700463137,2,160675,160226,162043,164004,1430927,874158,1465071,442156,124286,123481,126532,126483,1259831,1266319,1768669,1015372,1,0,
1175,110496562998200,1.1888263,2,stimulus,72,110496554088600,1,1,16,1176,1700464141,1700464141,2,160478,160033,161854,163831,1430734,873966,1464864,441936,124080,123300,126347,126295,1259633,1266123,1768469,1015160,1,0,
1176,110496570169700,1.1959978,2,stimulus,73,110496570252700,1,1,16,1177,1700465146,1700465146,2,160489,160034,161862,163835,1430735,873961,1464859,441926,124074,123303,126358,126297,1259634,1266130,1768478,1015178,1,0,
1177,110496570169700,1.1959978,2,stimulus,73,110496570252700,1,1,16,1178,1700466151,1700466151,2,160500,160053,161866,163844,1430735,873958,1464868,441926,124091,123323,126381,126316,1259644,1266141,1768487,1015190,1,0,
1178,110496570169700,1.1959978,2,stimulus,73,110496570252700,1,1,16,1179,1700467156,1700467156,2,160445,160008,161821,163803,1430686,873902,1464819,441869,124052,123279,126338,126283,1259593,1266093,1768429,1015133,1,0,
1179,110496570169700,1.1959978,2,stimulus,73,110496570252700,1,1,16,1180,1700468161,1700468161,2,160466,160025,161841,163823,1430689,873903,1464812,441873,124079,123286,126349,126310,1259599,1266098,1768436,1015139,1,0,
1180,110496570169700,1.1959978,2,stimulus,73,110496570252700,1,1,16,1181,1700469166,1700469166,2,160514,160059,161878,163854,1430707,873928,1464833,441889,124119,123325,126381,126339,1259608,1266099,1768440,1015153,1,0,
1181,110496570169700,1.1959978,2,stimulus,73,110496570252700,1,1,16,1182,1700470171,1700470171,2,160412,159956,161783,163755,1430591,873820,1464715,441761,124016,123224,126269,126217,1259476,1265969,1768301,1015002,1,0,
1182,110496570169700,1.1959978,2,stimulus,73,110496570252700,1,1,16,1183,1700471175,1700471175,2,160240,159809,161634,163608,1430433,873650,1464544,441586,123848,123069,126100,126058,1259293,1265788,1768114,1014804,1,0,
1183,110496577014100,1.2028422,2,stimulus,73,110496570252700,1,1,16,1184,1700472180,1700472180,2,160163,159736,161553,163533,1430351,873559,1464459,441491,123771,122991,126024,125986,1259201,1265690,1768019,1014704,1,0,
1184,110496577014100,1.2028422,2,stimulus,73,110496570252700,1,1,16,1185,1700473185,1700473185,2,160216,159779,161605,163571,1430383,873596,1464511,441530,123838,123034,126076,126032,1259246,1265725,1768053,1014743,1,0,
1185,110496577014100,1.2028422,2,stimulus,73,110496570252700,1,1,16,1186,1700474190,1700474190,2,160394,159943,161768,163731,1430534,873748,1464663,441691,124021,123205,126243,126198,1259400,1265885,1768213,1014908,1,0,
1186,110496577014100,1.2028422,2,stimulus,73,110496570252700,1,1,16,1187,1700475195,1700475195,2,160421,159988,161797,163767,1430560,873777,1464687,441709,124056,123244,126282,126233,1259416,1265904,1768236,1014926,1,0,
1187,110496577014100,1.2028422,2,stimulus,73,110496570252700,1,1,16,1188,1700476200,1700476200,2,159993,159619,161440,163419,1430196,873409,1464295,441292,123631,122853,125904,125854,1259026,1265517,1767822,1014493,1,0,
1188,110496577014100,1.2028422,2,stimulus,73,110496570252700,1,1,16,1189,1700477205,1700477205,2,159983,159619,161446,163426,1430224,873437,1464321,441299,123625,122846,125909,125866,1259065,1265547,1767847,1014508,1,0,
1189,110496577014100,1.2028422,2,stimulus,73,110496570252700,1,1,16,1190,1700478210,1700478210,2,160135,159769,161597,163574,1430394,873610,1464508,441481,123782,123008,126066,126031,1259253,1265736,1768031,1014705,1,0,
1190,110496584127800,1.2099559,2,stimulus,73,110496570252700,1,1,16,1191,1700479215,1700479215,2,160269,159887,161712,163681,1430513,873745,1464649,441619,123906,123133,126182,126149,1259394,1265879,1768185,1014854,1,0,
1191,110496584127800,1.2099559,2,stimulus,73,110496570252700,1,1,16,1192,1700480220,1700480220,2,160357,159951,161770,163723,1430590,873813,1464724,441696,123984,123200,126241,126214,1259476,1265963,1768270,1014947,1,0,
1192,110496584127800,1.2099559,2,stimulus,73,110496570252700,1,1,16,1193,1700481225,1700481225,2,160426,159993,161822,163758,1430640,873864,1464772,441748,124056,123250,126288,126261,1259533,1266025,1768337,1015031,1,0,
1193,110496584127800,1.2099559,2,stimulus,73,110496570252700,1,1,16,1194,1700482230,1700482230,2,160584,160131,161953,163898,1430777,873986,1464908,441886,124224,123399,126429,126401,1259679,1266177,1768491,1015206,1,0,
1194,110496584127800,1.2099559,2,stimulus,73,110496570252700,1,1,16,1195,1700483234,1700483234,2,160612,160162,161971,163931,1430781,873991,1464921,441896,124249,123419,126456,126425,1259694,1266189,1768502,1015223,1,0,
1195,110496584127800,1.2099559,2,stimulus,73,110496570252700,1,1,16,1196,1700484239,1700484239,2,160406,159971,161790,163759,1430584,873798,1464713,441674,124041,123212,126264,126229,1259490,1265979,1768290,1015003,1,0,
1196,110496584127800,1.2099559,2,stimulus,73,110496570252700,1,1,16,1197,1700485244,1700485244,2,160410,159957,161788,163751,1430583,873795,1464703,441655,124033,123209,126259,126216,1259486,1265985,1768296,1015013,1,0,
1197,110496590995200,1.2168233,2,stimulus,74,110496587090700,1,1,16,1198,1700486249,1700486249,2,160430,159974,161812,163766,1430596,873803,1464723,441669,124061,123246,126278,126238,1259497,1266002,1768314,1015043,1,0,
1198,110496590995200,1.2168233,2,stimulus,74,110496587090700,1,1,16,1199,1700487254,1700487254,2,160399,159958,161784,163739,1430554,873758,1464680,441627,124036,123234,126246,126211,1259456,1265962,1768274,1015006,1,0,
1199,110496590995200,1.2168233,2,stimulus,74,110496587090700,1,1,16,1200,1700488259,1700488259,2,160429,159986,161807,163765,1430562,873771,1464698,441638,124071,123264,126263,126248,1259464,1265969,1768284,1015017,1,0,
1200,110496590995200,1.2168233,2,stimulus,74,110496587090700,1,1,16,1201,1700489263,1700489263,2,160461,160015,161834,163794,1430575,873788,1464714,441644,124112,123296,126292,126277,1259482,1265977,1768296,1015021,1,0,
1201,110496590995200,1.2168233,2,stimulus,74,110496587090700,1,1,16,1202,1700490268,1700490268,2,160361,159935,161739,163711,1430472,873680,1464595,441534,124011,123195,126196,126165,1259357,1265851,1768163,1014889,1,0,
1202,110496590995200,1.2168233,2,stimulus,74,110496587090700,1,1,16,1203,1700491273,1700491273,2,160208,159799,161585,163566,1430314,873518,1464428,441353,123846,123034,126037,126000,1259173,1265671,1767969,1014685,1,0,
1203,110496590995200,1.2168233,2,stimulus,74,110496587090700,1,1,16,1204,1700492278,1700492278,2,160120,159723,161501,163489,1430226,873417,1464332,441244,123756,122949,125956,125919,1259077,1265573,1767862,1014573,1,0,
1204,110496598041300,1.2238694,2,stimulus,74,110496587090700,1,1,16,1205,1700493283,1700493283,2,160171,159758,161545,163533,1430258,873449,1464374,441284,123811,122999,125995,125971,1259118,1265601,1767900,1014612,1,0,
1205,110496598041300,1.2238694,2,stimulus,74,110496587090700,1,1,16,1206,1700494287,1700494287,2,160341,159910,161705,163683,1430392,873590,1464523,441430,123985,123159,126143,126129,1259260,1265751,1768056,1014775,1,0,
1206,110496598041300,1.2238694,2,stimulus,74,110496587090700,1,1,16,1207,1700495292,1700495292,2,160365,159924,161740,163713,1430411,873608,1464543,441441,124003,123185,126177,126160,1259271,1265762,1768065,1014786,1,0,
1207,110496598041300,1.2238694,2,stimulus,74,110496587090700,1,1,16,1208,1700496297,1700496297,2,159947,159561,161402,163384,1430071,873258,1464170,441043,123586,122801,125813,125802,1258899,1265390,1767669,1014362,1,0,
1208,110496598041300,1.2238694,2,stimulus,74,110496587090700,1,1,16,1209,1700497302,1700497302,2,159951,159578,161433,163406,1430103,873292,1464209,441059,123581,122807,125835,125831,1258941,1265431,1767699,1014396,1,0,
1209,110496598041300,1.2238694,2,stimulus,74,110496587090700,1,1,16,1210,1700498306,1700498306,2,160084,159697,161566,163533,1430253,873435,1464368,441217,123714,122935,125971,125961,1259099,1265592,1767865,1014575,1,0,
1210,110496598041300,1.2238694,2,stimulus,74,110496587090700,1,1,16,1211,1700499311,1700499311,2,160217,159813,161679,163643,1430380,873574,1464503,441354,123854,123051,126091,126077,1259241,1265737,1768008,1014727,1,0,
1211,110496605014400,1.2308425,2,stimulus,75,110496603854200,1,0,16,1212,1700500316,1700500316,2,160303,159893,161750,163703,1430461,873655,1464589,441438,123934,123130,126161,126152,1259339,1265832,1768108,1014840,1,0,
1212,110496605014400,1.2308425,2,stimulus,75,110496603854200,1,0,16,1213,1700501320,1700501320,2,160376,159949,161804,163743,1430508,873703,1464653,441498,123999,123192,126218,126204,1259397,1265905,1768176,1014928,1,0,
1213,110496605014400,1.2308425,2,stimulus,75,110496603854200,1,0,16,1214,1700502325,1700502325,2,160543,160088,161946,163883,1430636,873833,1464796,441651,124176,123346,126370,126348,1259545,1266051,1768333,1015094,1,0,
1214,110496605014400,1.2308425,2,stimulus,75,110496603854200,1,0,16,1215,1700503330,1700503330,2,160579,160106,161973,163905,1430647,873844,1464794,441661,124204,123372,126386,126368,1259558,1266053,1768343,1015102,1,0,
1215,110496605014400,1.2308425,2,stimulus,75,110496603854200,1,0,16,1216,1700504335,1700504335,2,160383,159926,161799,163741,1430459,873651,1464599,441451,124004,123191,126203,126188,1259368,1265868,1768151,1014898,1,0,
1216,110496605014400,1.2308425,2,stimulus,75,110496603854200,1,0,16,1217,1700505339,1700505339,2,160401,159939,161808,163748,1430468,873654,1464609,441444,124016,123199,126212,126208,1259381,1265880,1768164,1014919,1,0,
1217,110496605014400,1.2308425,2,stimulus,75,110496603854200,1,0,16,1218,1700506344,1700506344,2,160417,159945,161808,163747,1430465,873646,1464601,441434,124027,123216,126224,126216,1259373,1265880,1768164,1014929,1,0,
1218,110496611991100,1.2378192,2,stimulus,75,110496603854200,1,0,16,1219,1700507348,1700507348,2,160398,159937,161798,163731,1430444,873623,1464577,441408,124014,123211,126221,126211,1259342,1265861,1768143,1014908,1,0,
1219,110496611991100,1.2378192,2,stimulus,75,110496603854200,1,0,16,1220,1700508353,1700508353,2,160447,159978,161844,163769,1430473,873652,1464613,441434,124064,123254,126258,126253,1259375,1265888,1768174,1014942,1,0,
1220,110496611991100,1.2378192,2,stimulus,75,110496603854200,1,0,16,1221,1700509358,1700509358,2,160478,160006,161873,163797,1430481,873659,1464631,441437,124102,123279,126277,126269,1259380,1265894,1768180,1014943,1,0,
1221,110496611991100,1.2378192,2,stimulus,75,110496603854200,1,0,16,1222,1700510363,1700510363,2,160359,159899,161756,163688,1430359,873538,1464496,441307,123988,123163,126154,126159,1259238,1265748,1768029,1014788,1,0,
1222,110496611991100,1.2378192,2,stimulus,75,110496603854200,1,0,16,1223,1700511367,1700511367,2,160204,159747,161601,163534,1430195,873371,1464324,441124,123816,122992,125992,125988,1259055,1265561,1767834,1014591,1,0,
1223,110496611991100,1.2378192,2,stimulus,75,110496603854200,1,0,16,1224,1700512372,1700512372,2,160133,159669,161527,163460,1430112,873287,1464237,441032,123736,122919,125919,125897,1258963,1265471,1767735,1014477,1,0,
1224,110496611991100,1.2378192,2,stimulus,75,110496603854200,1,0,16,1225,1700513377,1700513377,2,160185,159711,161576,163501,1430147,873324,1464274,441070,123796,122978,125976,125943,1259006,1265506,1767769,1014514,1,0,
1225,110496619033600,1.2448617,2,stimulus,75,110496603854200,1,0,16,1226,1700514381,1700514381,2,160370,159863,161742,163658,1430295,873473,1464436,441232,123979,123157,126149,126119,1259163,1265670,1767929,1014694,1,0,
1226,110496619033600,1.2448617,2,stimulus,75,110496603854200,1,0,16,1227,1700515386,1700515386,2,160385,159884,161769,163679,1430306,873481,1464450,441236,123989,123175,126177,126148,1259173,1265672,1767927,1014691,1,0,
1227,110496619033600,1.2448617,2,stimulus,75,110496603854200,1,0,16,1228,1700516391,1700516391,2,159974,159535,161439,163357,1429966,873139,1464094,440843,123579,122800,125828,125803,1258817,1265303,1767545,1014274,1,0,
1228,110496619033600,1.2448617,2,stimulus,75,110496603854200,1,0,16,1229,1700517396,1700517396,2,159996,159575,161474,163403,1430023,873196,1464141,440882,123596,122820,125864,125841,1258879,1265367,1767603,1014326,1,0,
1229,110496619033600,1.2448617,2,stimulus,75,110496603854200,1,0,16,1230,1700518401,1700518401,2,160140,159717,161609,163539,1430187,873358,1464311,441043,123751,122963,126009,125994,1259051,1265542,1767777,1014514,1,0,
1230,110496619033600,1.2448617,2,stimulus,75,110496603854200,1,0,16,1231,1700519406,1700519406,2,160271,159846,161727,163657,1430309,873487,1464453,441184,123877,123076,126135,126111,1259196,1265695,1767932,1014668,1,0,
1231,110496619033600,1.2448617,2,stimulus,75,110496603854200,1,0,16,1232,1700520410,1700520410,2,160344,159911,161785,163718,1430375,873550,1464523,441256,123936,123139,126204,126164,1259266,1265768,1768014,1014757,1,0,
1232,110496626046700,1.2518748,2,stimulus,76,110496620147700,1,0,16,1233,1700521415,1700521415,2,160394,159960,161828,163751,1430419,873591,1464568,441307,123976,123205,126254,126216,1259312,1265823,1768071,1014829,1,0,
1233,110496626046700,1.2518748,2,stimulus,76,110496620147700,1,0,16,1234,1700522420,1700522420,2,160569,160103,161957,163887,1430561,873729,1464715,441458,124146,123365,126398,126361,1259471,1265979,1768227,1015008,1,0,
1234,110496626046700,1.2518748,2,stimulus,76,110496620147700,1,0,16,1235,1700523425,1700523425,2,160586,160104,161956,163893,1430543,873719,1464709,441440,124162,123360,126393,126366,1259457,1265974,1768228,1015013,1,0,
1235,110496626046700,1.2518748,2,stimulus,76,110496620147700,1,0,16,1236,1700524430,1700524430,2,160371,159916,161778,163709,1430345,873519,1464505,441214,123953,123158,126203,126178,1259254,1265764,1768013,1014798,1,0,
1236,110496626046700,1.2518748,2,stimulus,76,110496620147700,1,0,16,1237,1700525435,1700525435,2,160373,159929,161776,163709,1430341,873517,1464488,441203,123966,123154,126212,126181,1259258,1265766,1768016,1014802,1,0,
1237,110496626046700,1.2518748,2,stimulus,76,110496620147700,1,0,16,1238,1700526439,1700526439,2,160409,159961,161805,163728,1430359,873527,1464506,441221,124005,123176,126234,126199,1259274,1265787,1768035,1014835,1,0,
1238,110496626046700,1.2518748,2,stimulus,76,110496620147700,1,0,16,1239,1700527444,1700527444,2,160400,159951,161796,163714,1430339,873507,1464491,441198,123996,123173,126217,126179,1259249,1265769,1768015,1014819,1,0,
1239,110496632961200,1.2587893,2,stimulus,76,110496620147700,1,0,16,1240,1700528449,1700528449,2,160444,159989,161829,163755,1430361,873527,1464521,441221,124045,123215,126252,126219,1259281,1265796,1768043,1014847,1,0,
1240,110496632961200,1.2587893,2,stimulus,76,110496620147700,1,0,16,1241,1700529453,1700529453,2,160488,160031,161870,163796,1430381,873548,1464543,441234,124092,123250,126285,126253,1259296,1265814,1768055,1014853,1,0,
1241,110496632961200,1.2587893,2,stimulus,76,110496620147700,1,0,16,1242,1700530458,1700530458,2,160379,159933,161765,163703,1430271,873433,1464413,441113,123991,123160,126177,126142,1259168,1265683,1767914,1014704,1,0,
1242,110496632961200,1.2587893,2,stimulus,76,110496620147700,1,0,16,1243,1700531463,1700531463,2,160223,159791,161619,163564,1430121,873275,1464251,440944,123843,123025,126020,125993,1258998,1265508,1767729,1014519,1,0,
1243,110496632961200,1.2587893,2,stimulus,76,110496620147700,1,0,16,1244,1700532468,1700532468,2,160156,159718,161546,163494,1430039,873199,1464173,440853,123771,122961,125943,125926,1258908,1265416,1767638,1014427,1,0,
1244,110496632961200,1.2587893,2,stimulus,76,110496620147700,1,0,16,1245,1700533472,1700533472,2,160217,159764,161594,163536,1430079,873239,1464221,440893,123826,123011,125987,125985,1258952,1265459,1767681,1014472,1,0,
1245,110496632961200,1.2587893,2,stimulus,76,110496620147700,1,0,16,1246,1700534477,1700534477,2,160398,159932,161764,163707,1430230,873391,1464381,441056,124014,123188,126164,126159,1259115,1265620,1767846,1014643,1,0,
1246,110496639989500,1.2658176,2,stimulus,77,110496636551000,1,0,16,1247,1700535482,1700535482,2,160398,159955,161784,163735,1430234,873388,1464378,441048,124024,123214,126187,126177,1259112,1265621,1767840,1014637,1,0,
1247,110496639989500,1.2658176,2,stimulus,77,110496636551000,1,0,16,1248,1700536487,1700536487,2,159998,159614,161454,163417,1429912,873054,1464024,440668,123631,122844,125839,125843,1258761,1265260,1767456,1014228,1,0,
1248,110496639989500,1.2658176,2,stimulus,77,110496636551000,1,0,16,1249,1700537491,1700537491,2,160014,159643,161497,163449,1429962,873112,1464083,440711,123639,122859,125880,125884,1258824,1265314,1767509,1014278,1,0,
1249,110496639989500,1.2658176,2,stimulus,77,110496636551000,1,0,16,1250,1700538496,1700538496,2,160142,159754,161617,163555,1430094,873244,1464224,440848,123748,122976,125997,125999,1258963,1265468,1767656,1014435,1,0,
1250,110496639989500,1.2658176,2,stimulus,77,110496636551000,1,0,16,1251,1700539501,1700539501,2,160263,159857,161728,163659,1430210,873364,1464347,440974,123864,123084,126105,126108,1259101,1265604,1767797,1014588,1,0,
1251,110496639989500,1.2658176,2,stimulus,77,110496636551000,1,0,16,1252,1700540505,1700540505,2,160339,159923,161788,163723,1430286,873433,1464428,441044,123943,123153,126171,126175,1259178,1265687,1767888,1014684,1,0,
1252,110496639989500,1.2658176,2,stimulus,77,110496636551000,1,0,16,1253,1700541510,1700541510,2,160432,159993,161836,163785,1430352,873505,1464501,441124,124020,123223,126238,126237,1259250,1265766,1767968,1014781,1,0,
1253,110496646920800,1.2727489,2,stimulus,77,110496636551000,1,0,16,1254,1700542515,1700542515,2,160606,160150,161974,163930,1430493,873645,1464644,441277,124187,123381,126399,126389,1259403,1265927,1768131,1014966,1,0,
1254,110496646920800,1.2727489,2,stimulus,77,110496636551000,1,0,16,1255,1700543520,1700543520,2,160616,160144,161982,163936,1430488,873636,1464639,441264,124193,123394,126416,126395,1259404,1265919,1768131,1014963,1,0,
1255,110496646920800,1.2727489,2,stimulus,77,110496636551000,1,0,16,1256,1700544524,1700544524,2,160414,159966,161801,163763,1430299,873439,1464441,441047,123983,123211,126228,126221,1259205,1265719,1767933,1014753,1,0,
1256,110496646920800,1.2727489,2,stimulus,77,110496636551000,1,0,16,1257,1700545529,1700545529,2,160428,159981,161802,163765,1430303,873443,1464444,441042,124003,123215,126230,126236,1259206,1265727,1767939,1014771,1,0,
1257,110496646920800,1.2727489,2,stimulus,77,110496636551000,1,0,16,1258,1700546534,1700546534,2,160418,159966,161795,163749,1430284,873423,1464429,441033,124003,123208,126220,126240,1259191,1265713,1767929,1014769,1,0,
1258,110496646920800,1.2727489,2,stimulus,77,110496636551000,1,0,16,1259,1700547538,1700547538,2,160385,159935,161779,163731,1430252,873394,1464393,440991,123982,123202,126200,126229,1259164,1265686,1767899,1014741,1,0,
1259,110496646920800,1.2727489,2,stimulus,77,110496636551000,1,0,16,1260,1700548543,1700548543,2,160436,159982,161830,163778,1430288,873426,1464433,441016,124045,123258,126252,126266,1259198,1265726,1767934,1014779,1,0,
1260,110496654005200,1.2798333,2,stimulus,78,110496653461600,1,1,16,1261,1700549548,1700549548,2,160461,160003,161851,163801,1430293,873429,1464446,441024,124078,123279,126272,126271,1259194,1265725,1767931,1014773,1,0,
1261,110496654005200,1.2798333,2,stimulus,78,110496653461600,1,1,16,1262,1700550552,1700550552,2,160351,159896,161736,163699,1430177,873298,1464318,440888,123962,123164,126161,126149,1259061,1265584,1767779,1014618,1,0,
1262,110496654005200,1.2798333,2,stimulus,78,110496653461600,1,1,16,1263,1700551557,1700551557,2,160193,159746,161575,163549,1430016,873136,1464143,440711,123797,123010,126003,125980,1258872,1265400,1767584,1014418,1,0,
1263,110496654005200,1.2798333,2,stimulus,78,110496653461600,1,1,16,1264,1700552562,1700552562,2,160101,159667,161483,163469,1429923,873041,1464049,440607,123716,122923,125917,125889,1258773,1265293,1767481,1014309,1,0,
1264,110496654005200,1.2798333,2,stimulus,78,110496653461600,1,1,16,1265,1700553566,1700553566,2,160158,159726,161532,163516,1429963,873089,1464093,440651,123785,122973,125975,125946,1258819,1265347,1767524,1014356,1,0,
1265,110496654005200,1.2798333,2,stimulus,78,110496653461600,1,1,16,1266,1700554571,1700554571,2,160346,159891,161705,163672,1430114,873234,1464247,440813,123987,123150,126149,126113,1258979,1265506,1767686,1014529,1,0,
1266,110496654005200,1.2798333,2,stimulus,78,110496653461600,1,1,16,1267,1700555575,1700555575,2,160327,159874,161699,163663,1430091,873209,1464227,440779,123967,123138,126146,126107,1258947,1265472,1767654,1014490,1,0,
1267,110496660867900,1.286696,2,stimulus,78,110496653461600,1,1,16,1268,1700556580,1700556580,2,159918,159515,161345,163333,1429744,872856,1463849,440384,123534,122760,125787,125737,1258571,1265088,1767256,1014058,1,0,
1268,110496660867900,1.286696,2,stimulus,78,110496653461600,1,1,16,1269,1700557584,1700557584,2,159950,159548,161382,163376,1429798,872911,1463901,440426,123546,122791,125823,125776,1258637,1265151,1767315,1014111,1,0,
1269,110496660867900,1.286696,2,stimulus,78,110496653461600,1,1,16,1270,1700558589,1700558589,2,160098,159691,161529,163511,1429955,873071,1464079,440591,123699,122931,125957,125926,1258816,1265336,1767489,1014301,1,0,
1270,110496660867900,1.286696,2,stimulus,78,110496653461600,1,1,16,1271,1700559594,1700559594,2,160240,159803,161644,163624,1430091,873207,1464217,440728,123824,123051,126074,126045,1258958,1265488,1767641,1014472,1,0,
1271,110496660867900,1.286696,2,stimulus,78,110496653461600,1,1,16,1272,1700560598,1700560598,2,160343,159874,161724,163701,1430177,873288,1464316,440819,123918,123135,126156,126127,1259056,1265585,1767734,1014584,1,0,
1272,110496660867900,1.286696,2,stimulus,78,110496653461600,1,1,16,1273,1700561603,1700561603,2,160409,159922,161772,163741,1430224,873336,1464371,440874,123983,123191,126204,126181,1259113,1265639,1767803,1014654,1,0,
1273,110496660867900,1.286696,2,stimulus,78,110496653461600,1,1,16,1274,1700562608,1700562608,2,160569,160075,161916,163878,1430357,873469,1464517,441023,124152,123345,126342,126321,1259260,1265788,1767961,1014829,1,0,
1274,110496668065300,1.2938934,2,stimulus,78,110496653461600,1,1,16,1275,1700563613,1700563613,2,160556,160066,161902,163868,1430331,873437,1464484,440986,124147,123329,126323,126305,1259233,1265769,1767939,1014808,1,0,
1275,110496668065300,1.2938934,2,stimulus,78,110496653461600,1,1,16,1276,1700564617,1700564617,2,160340,159873,161717,163687,1430130,873234,1464278,440764,123934,123136,126128,126116,1259024,1265562,1767731,1014588,1,0,
1276,110496668065300,1.2938934,2,stimulus,78,110496653461600,1,1,16,1277,1700565622,1700565622,2,160366,159897,161736,163711,1430149,873247,1464299,440779,123957,123164,126148,126143,1259045,1265583,1767754,1014617,1,0,
1277,110496668065300,1.2938934,2,stimulus,78,110496653461600,1,1,16,1278,1700566626,1700566626,2,160388,159917,161749,163727,1430153,873258,1464300,440784,123978,123196,126176,126161,1259053,1265594,1767765,1014638,1,0,
1278,110496668065300,1.2938934,2,stimulus,78,110496653461600,1,1,16,1279,1700567631,1700567631,2,160386,159911,161746,163733,1430138,873256,1464279,440771,123983,123206,126183,126172,1259037,1265588,1767753,1014624,1,0,
1279,110496668065300,1.2938934,2,stimulus,78,110496653461600,1,1,16,1280,1700568636,1700568636,2,160431,159958,161788,163773,1430163,873284,1464311,440798,124033,123247,126231,126214,1259070,1265618,1767779,1014661,1,0,
1280,110496668065300,1.2938934,2,stimulus,78,110496653461600,1,1,16,1281,1700569640,1700569640,2,160469,159993,161808,163794,1430176,873293,1464326,440796,124059,123270,126254,126236,1259075,1265620,1767785,1014663,1,0,
1281,110496674968800,1.3007969,2,stimulus,79,110496670797000,1,1,16,1282,1700570645,1700570645,2,160356,159886,161684,163687,1430061,873167,1464204,440666,123947,123151,126140,126121,1258937,1265470,1767643,1014505,1,0,
1282,110496674968800,1.3007969,2,stimulus,79,110496670797000,1,1,16,1283,1700571650,1700571650,2,160198,159740,161554,163549,1429911,873016,1464043,440499,123796,123004,125998,125971,1258766,1265309,1767459,1014318,1,0,
1283,110496674968800,1.3007969,2,stimulus,79,110496670797000,1,1,16,1284,1700572655,1700572655,2,160124,159674,161503,163489,1429842,872944,1463966,440417,123729,122944,125933,125912,1258688,1265237,1767368,1014231,1,0,
1284,110496674968800,1.3007969,2,stimulus,79,110496670797000,1,1,16,1285,1700573660,1700573660,2,160178,159719,161549,163538,1429883,872987,1464011,440458,123787,123000,125991,125968,1258726,1265284,1767411,1014277,1,0,
1285,110496674968800,1.3007969,2,stimulus,79,110496670797000,1,1,16,1286,1700574664,1700574664,2,160357,159893,161717,163705,1430044,873136,1464171,440615,123974,123170,126176,126141,1258894,1265439,1767576,1014463,1,0,
1286,110496674968800,1.3007969,2,stimulus,79,110496670797000,1,1,16,1287,1700575669,1700575669,2,160332,159897,161709,163706,1430021,873115,1464159,440598,123971,123168,126181,126136,1258876,1265417,1767558,1014431,1,0,
1287,110496674968800,1.3007969,2,stimulus,79,110496670797000,1,1,16,1288,1700576673,1700576673,2,159934,159557,161371,163382,1429683,872776,1463797,440216,123578,122794,125826,125788,1258518,1265052,1767173,1014006,1,0,
1288,110496681893300,1.3077214,2,stimulus,79,110496670797000,1,1,16,1289,1700577678,1700577678,2,159969,159599,161422,163443,1429748,872839,1463863,440259,123594,122840,125862,125843,1258590,1265128,1767237,1014073,1,0,
1289,110496681893300,1.3077214,2,stimulus,79,110496670797000,1,1,16,1290,1700578683,1700578683,2,160101,159728,161556,163569,1429894,872984,1464016,440414,123721,122978,125983,125983,1258752,1265294,1767402,1014244,1,0,
1290,110496681893300,1.3077214,2,stimulus,79,110496670797000,1,1,16,1291,1700579687,1700579687,2,160234,159846,161671,163675,1430023,873116,1464163,440559,123853,123094,126103,126107,1258899,1265439,1767558,1014403,1,0,
1291,110496681893300,1.3077214,2,stimulus,79,110496670797000,1,1,16,1292,1700580692,1700580692,2,160305,159914,161719,163721,1430083,873178,1464234,440633,123931,123163,126164,126168,1258967,1265509,1767642,1014499,1,0,
1292,110496681893300,1.3077214,2,stimulus,79,110496670797000,1,1,16,1293,1700581697,1700581697,2,160381,159978,161775,163761,1430139,873229,1464291,440693,124013,123229,126207,126214,1259033,1265576,1767708,1014583,1,0,
1293,110496681893300,1.3077214,2,stimulus,79,110496670797000,1,1,16,1294,1700582701,1700582701,2,160559,160118,161922,163895,1430278,873366,1464436,440836,124184,123388,126361,126358,1259179,1265728,1767859,1014761,1,0,
1294,110496681893300,1.3077214,2,stimulus,79,110496670797000,1,1,16,1295,1700583706,1700583706,2,160554,160111,161911,163895,1430263,873351,1464413,440812,124183,123382,126364,126348,1259159,1265706,1767844,1014742,1,0,
1295,110496689046400,1.3148745,2,stimulus,80,110496686757400,1,1,16,1296,1700584711,1700584711,2,160358,159939,161748,163728,1430083,873171,1464227,440606,123987,123202,126186,126181,1258978,1265521,1767658,1014549,1,0,
1296,110496689046400,1.3148745,2,stimulus,80,110496686757400,1,1,16,1297,1700585715,1700585715,2,160394,159969,161791,163762,1430103,873187,1464253,440623,124025,123233,126214,126226,1259004,1265556,1767685,1014587,1,0,
1297,110496689046400,1.3148745,2,stimulus,80,110496686757400,1,1,16,1298,1700586720,1700586720,2,160414,159991,161813,163781,1430118,873192,1464264,440636,124058,123263,126231,126249,1259014,1265573,1767703,1014608,1,0,
1298,110496689046400,1.3148745,2,stimulus,80,110496686757400,1,1,16,1299,1700587725,1700587725,2,160407,159986,161808,163768,1430101,873183,1464243,440611,124049,123269,126230,126241,1258996,1265554,1767689,1014594,1,0,
1299,110496689046400,1.3148745,2,stimulus,80,110496686757400,1,1,16,1300,1700588730,1700588730,2,160452,160024,161844,163803,1430134,873206,1464270,440639,124084,123311,126275,126292,1259032,1265586,1767719,1014629,1,0,
1300,110496689046400,1.3148745,2,stimulus,80,110496686757400,1,1,16,1301,1700589734,1700589734,2,160484,160050,161873,163824,1430148,873224,1464287,440653,124112,123333,126302,126321,1259041,1265595,1767721,1014631,1,0,
1301,110496689046400,1.3148745,2,stimulus,80,110496686757400,1,1,16,1302,1700590739,1700590739,2,160372,159943,161769,163720,1430028,873107,1464164,440523,124006,123219,126188,126213,1258904,1265458,1767574,1014475,1,0,
1302,110496696088900,1.321917,2,stimulus,80,110496686757400,1,1,16,1303,1700591744,1700591744,2,160229,159816,161644,163587,1429884,872959,1464012,440362,123869,123078,126056,126074,1258743,1265299,1767410,1014300,1,0,
1303,110496696088900,1.321917,2,stimulus,80,110496686757400,1,1,16,1304,1700592749,1700592749,2,160173,159757,161583,163538,1429826,872893,1463945,440291,123812,123014,126003,126006,1258668,1265229,1767331,1014213,1,0,
1304,110496696088900,1.321917,2,stimulus,80,110496686757400,1,1,16,1305,1700593754,1700593754,2,160238,159813,161638,163601,1429870,872940,1463991,440334,123869,123065,126060,126071,1258715,1265269,1767377,1014268,1,0,
1305,110496696088900,1.321917,2,stimulus,80,110496686757400,1,1,16,1306,1700594759,1700594759,2,160414,159974,161791,163758,1430006,873083,1464141,440488,124041,123233,126225,126245,1258864,1265415,1767526,1014433,1,0,
1306,110496696088900,1.321917,2,stimulus,80,110496686757400,1,1,16,1307,1700595763,1700595763,2,160375,159951,161763,163741,1429978,873049,1464111,440450,124015,123222,126203,126218,1258828,1265387,1767486,1014384,1,0,
1307,110496696088900,1.321917,2,stimulus,80,110496686757400,1,1,16,1308,1700596768,1700596768,2,159977,159584,161427,163414,1429644,872712,1463753,440065,123610,122862,125847,125856,1258474,1265023,1767101,1013972,1,0,
1308,110496696088900,1.321917,2,stimulus,80,110496686757400,1,1,16,1309,1700597773,1700597773,2,160014,159631,161483,163474,1429711,872773,1463813,440118,123643,122901,125898,125903,1258557,1265096,1767170,1014042,1,0,
1309,110496703262500,1.3290906,2,stimulus,80,110496686757400,1,1,16,1310,1700598778,1700598778,2,160153,159762,161611,163603,1429858,872921,1463975,440271,123778,123025,126021,126046,1258715,1265264,1767343,1014214,1,0,
1310,110496703262500,1.3290906,2,stimulus,80,110496686757400,1,1,16,1311,1700599783,1700599783,2,160287,159883,161726,163707,1429988,873055,1464114,440414,123908,123153,126133,126156,1258859,1265413,1767493,1014384,1,0,
1311,110496703262500,1.3290906,2,stimulus,80,110496686757400,1,1,16,1312,1700600788,1700600788,2,160363,159949,161779,163758,1430055,873123,1464183,440490,123979,123218,126195,126204,1258930,1265494,1767574,1014473,1,0,
1312,110496703262500,1.3290906,2,stimulus,80,110496686757400,1,1,16,1313,1700601792,1700601792,2,160418,159999,161818,163784,1430092,873161,1464228,440534,124021,123269,126244,126256,1258974,1265544,1767624,1014536,1,0,
1313,110496703262500,1.3290906,2,stimulus,80,110496686757400,1,1,16,1314,1700602797,1700602797,2,160581,160139,161958,163911,1430223,873283,1464371,440674,124193,123428,126387,126404,1259124,1265693,1767783,1014715,1,0,
1314,110496703262500,1.3290906,2,stimulus,80,110496686757400,1,1,16,1315,1700603802,1700603802,2,160566,160114,161938,163888,1430188,873243,1464340,440636,124183,123404,126364,126386,1259093,1265664,1767756,1014690,1,0,
1315,110496703262500,1.3290906,2,stimulus,80,110496686757400,1,1,16,1316,1700604807,1700604807,2,160378,159950,161766,163719,1430009,873059,1464140,440433,123986,123217,126184,126219,1258906,1265475,1767558,1014478,1,0,
1316,110496710041800,1.3358699,2,stimulus,81,110496703858100,1,0,16,1317,1700605812,1700605812,2,160411,159969,161789,163741,1430025,873077,1464154,440446,124014,123242,126207,126245,1258919,1265501,1767584,1014508,1,0,
1317,110496710041800,1.3358699,2,stimulus,81,110496703858100,1,0,16,1318,1700606817,1700606817,2,160416,159956,161784,163734,1430011,873066,1464144,440433,124014,123242,126213,126246,1258909,1265491,1767578,1014508,1,0,
1318,110496710041800,1.3358699,2,stimulus,81,110496703858100,1,0,16,1319,1700607822,1700607822,2,160399,159932,161766,163716,1429985,873038,1464116,440403,124003,123224,126210,126236,1258886,1265461,1767548,1014489,1,0,
1319,110496710041800,1.3358699,2,stimulus,81,110496703858100,1,0,16,1320,1700608827,1700608827,2,160457,159991,161814,163759,1430026,873071,1464157,440443,124062,123270,126264,126296,1258924,1265501,1767587,1014532,1,0,
1320,110496710041800,1.3358699,2,stimulus,81,110496703858100,1,0,16,1321,1700609832,1700609832,2,160505,160023,161846,163784,1430043,873091,1464178,440461,124099,123315,126288,126327,1258941,1265519,1767598,1014538,1,0,
1321,110496710041800,1.3358699,2,stimulus,81,110496703858100,1,0,16,1322,1700610837,1700610837,2,160397,159925,161744,163683,1429934,872966,1464056,440334,123989,123221,126184,126203,1258810,1265383,1767453,1014380,1,0,
1322,110496710041800,1.3358699,2,stimulus,81,110496703858100,1,0,16,1323,1700611842,1700611842,2,160243,159800,161604,163544,1429790,872815,1463895,440168,123843,123076,126035,126055,1258640,1265209,1767273,1014192,1,0,
1323,110496717089400,1.3429175,2,stimulus,81,110496703858100,1,0,16,1324,1700612846,1700612846,2,160178,159744,161553,163494,1429719,872754,1463827,440089,123781,123019,125969,125998,1258569,1265138,1767194,1014116,1,0,
1324,110496717089400,1.3429175,2,stimulus,81,110496703858100,1,0,16,1325,1700613851,1700613851,2,160235,159805,161610,163541,1429765,872793,1463879,440136,123837,123076,126024,126038,1258616,1265183,1767249,1014176,1,0,
1325,110496717089400,1.3429175,2,stimulus,81,110496703858100,1,0,16,1326,1700614856,1700614856,2,160431,159988,161791,163704,1429921,872949,1464045,440300,124023,123242,126205,126223,1258783,1265346,1767412,1014351,1,0,
1326,110496717089400,1.3429175,2,stimulus,81,110496703858100,1,0,16,1327,1700615861,1700615861,2,160401,159985,161764,163686,1429884,872918,1464013,440259,124003,123214,126185,126213,1258742,1265310,1767369,1014292,1,0,
1327,110496717089400,1.3429175,2,stimulus,81,110496703858100,1,0,16,1328,1700616865,1700616865,2,160011,159640,161439,163378,1429564,872582,1463664,439876,123602,122860,125843,125861,1258389,1264955,1766996,1013892,1,0,
1328,110496717089400,1.3429175,2,stimulus,81,110496703858100,1,0,16,1329,1700617870,1700617870,2,160055,159693,161510,163453,1429650,872663,1463747,439949,123641,122924,125904,125925,1258473,1265043,1767073,1013978,1,0,
1329,110496717089400,1.3429175,2,stimulus,81,110496703858100,1,0,16,1330,1700618875,1700618875,2,160186,159820,161628,163574,1429791,872806,1463894,440094,123768,123044,126029,126060,1258631,1265201,1767234,1014149,1,0,
1330,110496724071700,1.3498998,2,stimulus,82,110496720513100,1,0,16,1331,1700619880,1700619880,2,160301,159926,161728,163668,1429905,872921,1464019,440216,123888,123162,126129,126166,1258762,1265331,1767373,1014297,1,0,
1331,110496724071700,1.3498998,2,stimulus,82,110496720513100,1,0,16,1332,1700620884,1700620884,2,160379,159985,161779,163717,1429966,872988,1464090,440288,123959,123222,126163,126224,1258832,1265403,1767449,1014379,1,0,
1332,110496724071700,1.3498998,2,stimulus,82,110496720513100,1,0,16,1333,1700621889,1700621889,2,160451,160037,161823,163770,1430019,873044,1464148,440354,124037,123276,126219,126277,1258894,1265472,1767519,1014459,1,0,
1333,110496724071700,1.3498998,2,stimulus,82,110496720513100,1,0,16,1334,1700622894,1700622894,2,160623,160201,161966,163914,1430163,873181,1464297,440514,124225,123437,126379,126435,1259048,1265633,1767685,1014648,1,0,
1334,110496724071700,1.3498998,2,stimulus,82,110496720513100,1,0,16,1335,1700623899,1700623899,2,160598,160183,161929,163879,1430124,873139,1464254,440466,124209,123421,126354,126408,1259012,1265593,1767656,1014616,1,0,
1335,110496724071700,1.3498998,2,stimulus,82,110496720513100,1,0,16,1336,1700624903,1700624903,2,160396,160004,161753,163714,1429933,872951,1464061,440253,124009,123243,126170,126223,1258819,1265398,1767450,1014405,1,0,
1336,110496724071700,1.3498998,2,stimulus,82,110496720513100,1,0,16,1337,1700625908,1700625908,2,160430,160029,161783,163732,1429951,872972,1464081,440260,124039,123267,126201,126243,1258838,1265420,1767482,1014448,1,0,
1337,110496731027400,1.3568555,2,stimulus,82,110496720513100,1,0,16,1338,1700626913,1700626913,2,160441,160016,161783,163714,1429941,872951,1464070,440249,124042,123274,126214,126243,1258831,1265419,1767476,1014439,1,0,
1338,110496731027400,1.3568555,2,stimulus,82,110496720513100,1,0,16,1339,1700627917,1700627917,2,160418,159997,161759,163694,1429918,872924,1464042,440219,124024,123256,126202,126228,1258804,1265393,1767451,1014416,1,0,
1339,110496731027400,1.3568555,2,stimulus,82,110496720513100,1,0,16,1340,1700628922,1700628922,2,160471,160054,161801,163736,1429944,872960,1464087,440258,124091,123303,126251,126281,1258845,1265426,1767488,1014453,1,0,
1340,110496731027400,1.3568555,2,stimulus,82,110496720513100,1,0,16,1341,1700629927,1700629927,2,160499,160073,161821,163764,1429956,872975,1464089,440269,124126,123328,126264,126306,1258847,1265431,1767488,1014454,1,0,
1341,110496731027400,1.3568555,2,stimulus,82,110496720513100,1,0,16,1342,1700630932,1700630932,2,160358,159948,161709,163651,1429824,872838,1463944,440119,123989,123200,126139,126168,1258686,1265271,1767321,1014284,1,0,
1342,110496731027400,1.3568555,2,stimulus,82,110496720513100,1,0,16,1343,1700631937,1700631937,2,160198,159805,161584,163522,1429673,872681,1463788,439950,123848,123054,125994,126013,1258519,1265108,1767143,1014105,1,0,
1343,110496731027400,1.3568555,2,stimulus,82,110496720513100,1,0,16,1344,1700632942,1700632942,2,160144,159761,161537,163487,1429626,872634,1463732,439889,123806,123005,125948,125970,1258458,1265044,1767075,1014038,1,0,
1344,110496738031600,1.3638597,2,stimulus,83,110496736867400,1,0,16,1345,1700633947,1700633947,2,160236,159833,161603,163565,1429691,872688,1463799,439953,123885,123088,126028,126050,1258518,1265104,1767139,1014106,1,0,
1345,110496738031600,1.3638597,2,stimulus,83,110496736867400,1,0,16,1346,1700634951,1700634951,2,160413,159996,161776,163732,1429844,872841,1463955,440113,124071,123264,126198,126209,1258679,1265262,1767296,1014276,1,0,
1346,110496738031600,1.3638597,2,stimulus,83,110496736867400,1,0,16,1347,1700635956,1700635956,2,160346,159953,161734,163699,1429790,872792,1463902,440052,124030,123221,126160,126168,1258616,1265201,1767232,1014198,1,0,
1347,110496738031600,1.3638597,2,stimulus,83,110496736867400,1,0,16,1348,1700636961,1700636961,2,159931,159589,161373,163376,1429441,872439,1463532,439649,123603,122846,125794,125811,1258244,1264826,1766838,1013776,1,0,
1348,110496738031600,1.3638597,2,stimulus,83,110496736867400,1,0,16,1349,1700637966,1700637966,2,159983,159645,161444,163456,1429529,872527,1463618,439722,123649,122900,125861,125873,1258341,1264922,1766927,1013868,1,0,
1349,110496738031600,1.3638597,2,stimulus,83,110496736867400,1,0,16,1350,1700638971,1700638971,2,160123,159763,161565,163581,1429670,872671,1463771,439868,123779,123038,125994,125996,1258507,1265089,1767092,1014043,1,0,
1350,110496738031600,1.3638597,2,stimulus,83,110496736867400,1,0,16,1351,1700639975,1700639975,2,160262,159886,161687,163704,1429801,872813,1463916,440016,123911,123176,126109,126121,1258661,1265241,1767249,1014219,1,0,
1351,110496744908000,1.3707361,2,stimulus,83,110496736867400,1,0,16,1352,1700640980,1700640980,2,160352,159963,161762,163769,1429884,872893,1464004,440108,123994,123250,126182,126191,1258744,1265334,1767343,1014319,1,0,
1352,110496744908000,1.3707361,2,stimulus,83,110496736867400,1,0,16,1353,1700641985,1700641985,2,160433,160036,161820,163826,1429953,872953,1464072,440179,124078,123319,126261,126269,1258822,1265418,1767433,1014409,1,0,
1353,110496744908000,1.3707361,2,stimulus,83,110496736867400,1,0,16,1354,1700642990,1700642990,2,160616,160195,161963,163968,1430094,873093,1464228,440325,124249,123478,126426,126430,1258978,1265575,1767598,1014600,1,0,
1354,110496744908000,1.3707361,2,stimulus,83,110496736867400,1,0,16,1355,1700643995,1700643995,2,160603,160174,161945,163933,1430062,873059,1464184,440283,124236,123458,126410,126399,1258942,1265541,1767559,1014569,1,0,
1355,110496744908000,1.3707361,2,stimulus,83,110496736867400,1,0,16,1356,1700644999,1700644999,2,160409,159986,161771,163767,1429878,872870,1463989,440068,124038,123270,126243,126213,1258751,1265349,1767371,1014365,1,0,
1356,110496744908000,1.3707361,2,stimulus,83,110496736867400,1,0,16,1357,1700646004,1700646004,2,160448,160025,161793,163798,1429901,872894,1464015,440089,124069,123299,126283,126250,1258786,1265386,1767408,1014409,1,0,
1357,110496744908000,1.3707361,2,stimulus,83,110496736867400,1,0,16,1358,1700647009,1700647009,2,160436,160019,161786,163783,1429884,872876,1463996,440079,124061,123304,126274,126253,1258770,1265369,1767393,1014408,1,0,
1358,110496752098200,1.3779263,2,stimulus,83,110496736867400,1,0,16,1359,1700648013,1700648013,2,160409,159988,161761,163758,1429844,872844,1463968,440040,124029,123289,126259,126239,1258736,1265338,1767362,1014369,1,0,
1359,110496752098200,1.3779263,2,stimulus,83,110496736867400,1,0,16,1360,1700649018,1700649018,2,160454,160033,161789,163793,1429869,872863,1463995,440058,124067,123310,126299,126283,1258759,1265364,1767386,1014397,1,0,
1360,110496752098200,1.3779263,2,stimulus,83,110496736867400,1,0,16,1361,1700650023,1700650023,2,160481,160061,161798,163829,1429883,872871,1463998,440066,124089,123320,126313,126295,1258755,1265362,1767380,1014399,1,0,
1361,110496752098200,1.3779263,2,stimulus,83,110496736867400,1,0,16,1362,1700651028,1700651028,2,160364,159958,161683,163723,1429765,872745,1463868,439931,123968,123217,126201,126176,1258614,1265226,1767225,1014237,1,0,
1362,110496752098200,1.3779263,2,stimulus,83,110496736867400,1,0,16,1363,1700652032,1700652032,2,160228,159831,161568,163599,1429624,872610,1463733,439788,123831,123096,126072,126044,1258469,1265078,1767068,1014066,1,0,
1363,110496752098200,1.3779263,2,stimulus,83,110496736867400,1,0,16,1364,1700653037,1700653037,2,160181,159793,161538,163557,1429578,872565,1463681,439729,123792,123050,126030,126014,1258412,1265016,1767014,1014007,1,0,
1364,110496752098200,1.3779263,2,stimulus,83,110496736867400,1,0,16,1365,1700654042,1700654042,2,160269,159868,161610,163627,1429638,872629,1463743,439798,123871,123118,126107,126087,1258478,1265081,1767078,1014072,1,0,
1365,110496759034100,1.3848622,2,stimulus,84,110496754332400,1,1,16,1366,1700655047,1700655047,2,160453,160027,161774,163779,1429786,872783,1463899,439951,124047,123284,126267,126267,1258636,1265239,1767237,1014249,1,0,
1366,110496759034100,1.3848622,2,stimulus,84,110496754332400,1,1,16,1367,1700656051,1700656051,2,160394,159979,161738,163731,1429738,872727,1463846,439879,124006,123239,126213,126236,1258575,1265177,1767166,1014172,1,0,
1367,110496759034100,1.3848622,2,stimulus,84,110496754332400,1,1,16,1368,1700657056,1700657056,2,159989,159626,161411,163411,1429411,872385,1463491,439496,123607,122864,125866,125894,1258221,1264809,1766788,1013764,1,0,
1368,110496759034100,1.3848622,2,stimulus,84,110496754332400,1,1,16,1369,1700658061,1700658061,2,160026,159666,161459,163479,1429478,872455,1463564,439562,123641,122891,125924,125953,1258303,1264892,1766862,1013834,1,0,
1369,110496759034100,1.3848622,2,stimulus,84,110496754332400,1,1,16,1370,1700659066,1700659066,2,160169,159791,161581,163604,1429623,872599,1463719,439713,123779,123027,126044,126086,1258471,1265053,1767029,1014003,1,0,
1370,110496759034100,1.3848622,2,stimulus,84,110496754332400,1,1,16,1371,1700660070,1700660070,2,160295,159888,161679,163692,1429740,872719,1463851,439838,123898,123147,126148,126188,1258601,1265188,1767165,1014155,1,0,
1371,110496759034100,1.3848622,2,stimulus,84,110496754332400,1,1,16,1372,1700661075,1700661075,2,160363,159932,161737,163739,1429791,872775,1463908,439902,123964,123211,126201,126228,1258656,1265252,1767229,1014232,1,0,
1372,110496765919500,1.3917476,2,stimulus,84,110496754332400,1,1,16,1373,1700662080,1700662080,2,160436,159996,161792,163787,1429854,872828,1463974,439966,124038,123284,126263,126284,1258725,1265321,1767303,1014319,1,0,
1373,110496765919500,1.3917476,2,stimulus,84,110496754332400,1,1,16,1374,1700663085,1700663085,2,160612,160151,161932,163931,1429993,872970,1464118,440114,124215,123451,126418,126438,1258879,1265488,1767469,1014503,1,0,
1374,110496765919500,1.3917476,2,stimulus,84,110496754332400,1,1,16,1375,1700664090,1700664090,2,160596,160130,161909,163913,1429969,872946,1464088,440078,124202,123428,126406,126414,1258853,1265457,1767439,1014477,1,0,
1375,110496765919500,1.3917476,2,stimulus,84,110496754332400,1,1,16,1376,1700665094,1700665094,2,160414,159953,161751,163753,1429794,872764,1463901,439886,124011,123256,126236,126246,1258671,1265274,1767254,1014278,1,0,
1376,110496765919500,1.3917476,2,stimulus,84,110496754332400,1,1,16,1377,1700666099,1700666099,2,160452,159994,161797,163783,1429818,872779,1463924,439906,124038,123288,126269,126286,1258695,1265304,1767291,1014323,1,0,
1377,110496765919500,1.3917476,2,stimulus,84,110496754332400,1,1,16,1378,1700667104,1700667104,2,160448,159994,161797,163783,1429805,872767,1463914,439891,124041,123286,126263,126286,1258687,1265293,1767281,1014326,1,0,
1378,110496765919500,1.3917476,2,stimulus,84,110496754332400,1,1,16,1379,1700668109,1700668109,2,160418,159974,161775,163759,1429774,872733,1463884,439854,124037,123269,126246,126269,1258663,1265268,1767254,1014294,1,0,
1379,110496772930700,1.3987588,2,stimulus,85,110496770923700,1,1,16,1380,1700669113,1700669113,2,160453,160019,161818,163790,1429800,872759,1463906,439878,124084,123318,126286,126303,1258688,1265298,1767277,1014323,1,0,
1380,110496772930700,1.3987588,2,stimulus,85,110496770923700,1,1,16,1381,1700670118,1700670118,2,160486,160047,161846,163809,1429809,872769,1463914,439884,124106,123346,126313,126313,1258683,1265291,1767273,1014314,1,0,
1381,110496772930700,1.3987588,2,stimulus,85,110496770923700,1,1,16,1382,1700671123,1700671123,2,160356,159936,161734,163692,1429665,872625,1463771,439735,123982,123226,126184,126183,1258529,1265134,1767108,1014141,1,0,
1382,110496772930700,1.3987588,2,stimulus,85,110496770923700,1,1,16,1383,1700672128,1700672128,2,160205,159790,161581,163549,1429506,872464,1463601,439566,123824,123063,126027,126022,1258352,1264961,1766922,1013953,1,0,
1383,110496772930700,1.3987588,2,stimulus,85,110496770923700,1,1,16,1384,1700673132,1700673132,2,160148,159732,161541,163499,1429450,872413,1463537,439508,123768,123006,125981,125974,1258289,1264892,1766850,1013878,1,0,
1384,110496772930700,1.3987588,2,stimulus,85,110496770923700,1,1,16,1385,1700674137,1700674137,2,160221,159802,161609,163563,1429504,872468,1463598,439557,123834,123071,126058,126058,1258349,1264952,1766915,1013940,1,0,
1385,110496772930700,1.3987588,2,stimulus,85,110496770923700,1,1,16,1386,1700675142,1700675142,2,160395,159973,161777,163721,1429652,872609,1463752,439709,124009,123236,126222,126233,1258504,1265106,1767069,1014109,1,0,
1386,110496779882000,1.4057101,2,stimulus,85,110496770923700,1,1,16,1387,1700676146,1700676146,2,160338,159919,161738,163676,1429592,872556,1463692,439641,123959,123188,126172,126189,1258434,1265036,1766991,1014029,1,0,
1387,110496779882000,1.4057101,2,stimulus,85,110496770923700,1,1,16,1388,1700677151,1700677151,2,159958,159578,161419,163374,1429283,872238,1463354,439269,123566,122829,125833,125853,1258096,1264696,1766626,1013637,1,0,
1388,110496779882000,1.4057101,2,stimulus,85,110496770923700,1,1,16,1389,1700678156,1700678156,2,160036,159652,161503,163453,1429381,872329,1463460,439359,123624,122895,125918,125925,1258206,1264803,1766731,1013740,1,0,
1389,110496779882000,1.4057101,2,stimulus,85,110496770923700,1,1,16,1390,1700679160,1700679160,2,160174,159773,161628,163574,1429520,872476,1463609,439509,123761,123021,126036,126047,1258368,1264960,1766892,1013911,1,0,
1390,110496779882000,1.4057101,2,stimulus,85,110496770923700,1,1,16,1391,1700680165,1700680165,2,160292,159874,161726,163663,1429638,872587,1463726,439630,123885,123138,126139,126154,1258506,1265099,1767032,1014058,1,0,
1391,110496779882000,1.4057101,2,stimulus,85,110496770923700,1,1,16,1392,1700681170,1700681170,2,160373,159942,161789,163714,1429688,872653,1463806,439701,123951,123205,126198,126219,1258576,1265175,1767115,1014147,1,0,
1392,110496779882000,1.4057101,2,stimulus,85,110496770923700,1,1,16,1393,1700682174,1700682174,2,160459,160011,161853,163768,1429759,872711,1463876,439769,124024,123274,126269,126286,1258647,1265243,1767196,1014237,1,0,
1393,110496787197700,1.4130258,2,stimulus,86,110496786599900,1,1,16,1394,1700683179,1700683179,2,160626,160158,161989,163891,1429890,872846,1464019,439920,124198,123421,126418,126433,1258797,1265394,1767357,1014416,1,0,
1394,110496787197700,1.4130258,2,stimulus,86,110496786599900,1,1,16,1395,1700684184,1700684184,2,160573,160111,161939,163836,1429833,872784,1463954,439856,124163,123379,126378,126391,1258733,1265342,1767298,1014362,1,0,
1395,110496787197700,1.4130258,2,stimulus,86,110496786599900,1,1,16,1396,1700685188,1700685188,2,160383,159940,161761,163677,1429654,872598,1463756,439650,123967,123189,126203,126219,1258544,1265150,1767100,1014163,1,0,
1396,110496787197700,1.4130258,2,stimulus,86,110496786599900,1,1,16,1397,1700686193,1700686193,2,160424,159974,161799,163718,1429684,872623,1463794,439676,124006,123221,126246,126259,1258589,1265182,1767138,1014215,1,0,
1397,110496787197700,1.4130258,2,stimulus,86,110496786599900,1,1,16,1398,1700687198,1700687198,2,160412,159966,161792,163707,1429671,872606,1463776,439671,124005,123214,126256,126258,1258575,1265178,1767124,1014207,1,0,
1398,110496787197700,1.4130258,2,stimulus,86,110496786599900,1,1,16,1399,1700688203,1700688203,2,160404,159958,161779,163699,1429648,872589,1463756,439646,124004,123204,126260,126237,1258546,1265154,1767112,1014186,1,0,
1399,110496787197700,1.4130258,2,stimulus,86,110496786599900,1,1,16,1400,1700689208,1700689208,2,160463,160008,161821,163743,1429681,872622,1463797,439670,124063,123254,126304,126274,1258575,1265188,1767143,1014229,1,0,
1400,110496793970900,1.419799,2,stimulus,86,110496786599900,1,1,16,1401,1700690212,1700690212,2,160485,160018,161824,163751,1429676,872611,1463788,439649,124063,123259,126303,126280,1258560,1265171,1767123,1014208,1,0,
1401,110496793970900,1.419799,2,stimulus,86,110496786599900,1,1,16,1402,1700691217,1700691217,2,160359,159894,161709,163631,1429539,872469,1463631,439507,123935,123132,126164,126147,1258410,1265009,1766956,1014031,1,0,
1402,110496793970900,1.419799,2,stimulus,86,110496786599900,1,1,16,1403,1700692221,1700692221,2,160221,159758,161588,163502,1429403,872334,1463488,439353,123793,122999,126029,126019,1258251,1264848,1766789,1013850,1,0,
1403,110496793970900,1.419799,2,stimulus,86,110496786599900,1,1,16,1404,1700693226,1700693226,2,160187,159716,161548,163479,1429357,872293,1463444,439303,123769,122968,125999,125986,1258203,1264793,1766733,1013791,1,0,
1404,110496793970900,1.419799,2,stimulus,86,110496786599900,1,1,16,1405,1700694231,1700694231,2,160271,159793,161621,163548,1429417,872342,1463506,439366,123857,123055,126081,126063,1258272,1264863,1766794,1013861,1,0,
1405,110496793970900,1.419799,2,stimulus,86,110496786599900,1,1,16,1406,1700695236,1700695236,2,160461,159958,161798,163705,1429574,872496,1463671,439528,124041,123230,126255,126223,1258431,1265027,1766966,1014041,1,0,
1406,110496793970900,1.419799,2,stimulus,86,110496786599900,1,1,16,1407,1700696240,1700696240,2,160376,159878,161728,163644,1429491,872423,1463596,439436,123958,123163,126191,126151,1258342,1264936,1766873,1013931,1,0,
1407,110496801134300,1.4269624,2,stimulus,86,110496786599900,1,1,16,1408,1700697245,1700697245,2,159974,159535,161398,163330,1429164,872091,1463243,439059,123561,122798,125839,125813,1257991,1264577,1766498,1013529,1,0,
1408,110496801134300,1.4269624,2,stimulus,86,110496786599900,1,1,16,1409,1700698250,1700698250,2,160041,159621,161474,163413,1429268,872193,1463339,439141,123621,122869,125913,125904,1258100,1264688,1766605,1013628,1,0,
1409,110496801134300,1.4269624,2,stimulus,86,110496786599900,1,1,16,1410,1700699254,1700699254,2,160184,159760,161610,163545,1429419,872344,1463506,439305,123767,123000,126050,126043,1258269,1264857,1766774,1013811,1,0,
1410,110496801134300,1.4269624,2,stimulus,86,110496786599900,1,1,16,1411,1700700259,1700700259,2,160301,159864,161719,163643,1429533,872459,1463631,439431,123880,123106,126156,126156,1258404,1264992,1766907,1013966,1,0,
1411,110496801134300,1.4269624,2,stimulus,86,110496786599900,1,1,16,1412,1700701264,1700701264,2,160372,159927,161764,163694,1429586,872528,1463701,439501,123944,123169,126208,126209,1258469,1265061,1766979,1014048,1,0,
1412,110496801134300,1.4269624,2,stimulus,86,110496786599900,1,1,16,1413,1700702268,1700702268,2,160454,159984,161810,163749,1429646,872591,1463762,439567,124019,123229,126273,126266,1258541,1265128,1767048,1014135,1,0,
1413,110496801134300,1.4269624,2,stimulus,86,110496786599900,1,1,16,1414,1700703273,1700703273,2,160634,160131,161956,163893,1429789,872731,1463912,439719,124201,123406,126432,126429,1258695,1265285,1767215,1014320,1,0,
1414,110496808005900,1.433834,2,stimulus,87,110496804003200,1,0,16,1415,1700704277,1700704277,2,160574,160088,161909,163842,1429727,872664,1463849,439643,124160,123360,126384,126385,1258630,1265229,1767159,1014252,1,0,
1415,110496808005900,1.433834,2,stimulus,87,110496804003200,1,0,16,1416,1700705282,1700705282,2,160387,159925,161742,163689,1429552,872484,1463666,439449,123967,123177,126219,126219,1258449,1265052,1766973,1014064,1,0,
1416,110496808005900,1.433834,2,stimulus,87,110496804003200,1,0,16,1417,1700706287,1700706287,2,160443,159976,161786,163733,1429596,872522,1463704,439484,124008,123226,126263,126262,1258492,1265099,1767024,1014123,1,0,
1417,110496808005900,1.433834,2,stimulus,87,110496804003200,1,0,16,1418,1700707291,1700707291,2,160446,159969,161789,163743,1429593,872512,1463702,439473,124028,123238,126269,126268,1258487,1265098,1767023,1014126,1,0,
1418,110496808005900,1.433834,2,stimulus,87,110496804003200,1,0,16,1419,1700708296,1700708296,2,160421,159953,161775,163735,1429566,872486,1463674,439441,124023,123219,126246,126248,1258466,1265071,1767003,1014103,1,0,
1419,110496808005900,1.433834,2,stimulus,87,110496804003200,1,0,16,1420,1700709301,1700709301,2,160464,159999,161810,163776,1429585,872506,1463699,439464,124062,123256,126289,126276,1258498,1265093,1767026,1014124,1,0,
1420,110496808005900,1.433834,2,stimulus,87,110496804003200,1,0,16,1421,1700710306,1700710306,2,160483,160003,161818,163788,1429579,872503,1463693,439455,124070,123273,126300,126281,1258479,1265080,1767003,1014099,1,0,
1421,110496814935200,1.4407633,2,stimulus,87,110496804003200,1,0,16,1422,1700711310,1700711310,2,160358,159872,161694,163673,1429446,872365,1463552,439308,123941,123140,126174,126141,1258323,1264921,1766841,1013921,1,0,
1422,110496814935200,1.4407633,2,stimulus,87,110496804003200,1,0,16,1423,1700712315,1700712315,2,160200,159713,161553,163526,1429288,872198,1463384,439141,123803,122980,126018,125991,1258147,1264749,1766653,1013737,1,0,
1423,110496814935200,1.4407633,2,stimulus,87,110496804003200,1,0,16,1424,1700713320,1700713320,2,160151,159660,161503,163481,1429235,872143,1463319,439067,123759,122919,125966,125943,1258083,1264688,1766584,1013663,1,0,
1424,110496814935200,1.4407633,2,stimulus,87,110496804003200,1,0,16,1425,1700714325,1700714325,2,160238,159743,161594,163563,1429303,872221,1463403,439147,123851,123012,126049,126026,1258161,1264766,1766669,1013749,1,0,
1425,110496814935200,1.4407633,2,stimulus,87,110496804003200,1,0,16,1426,1700715330,1700715330,2,160425,159923,161766,163728,1429464,872376,1463564,439319,124038,123194,126226,126207,1258322,1264928,1766831,1013924,1,0,
1426,110496814935200,1.4407633,2,stimulus,87,110496804003200,1,0,16,1427,1700716334,1700716334,2,160347,159861,161708,163679,1429401,872312,1463490,439236,123963,123133,126171,126152,1258243,1264847,1766744,1013830,1,0,
1427,110496814935200,1.4407633,2,stimulus,87,110496804003200,1,0,16,1428,1700717339,1700717339,2,159964,159519,161388,163368,1429083,871988,1463156,438871,123559,122778,125836,125814,1257904,1264500,1766379,1013438,1,0,
1428,110496821957700,1.4477858,2,stimulus,88,110496820646700,1,0,16,1429,1700718344,1700718344,2,160029,159596,161469,163459,1429178,872083,1463254,438954,123624,122854,125918,125896,1258013,1264608,1766484,1013543,1,0,
1429,110496821957700,1.4477858,2,stimulus,88,110496820646700,1,0,16,1430,1700719349,1700719349,2,160164,159737,161592,163582,1429325,872233,1463409,439104,123760,122990,126053,126034,1258177,1264776,1766648,1013725,1,0,
1430,110496821957700,1.4477858,2,stimulus,88,110496820646700,1,0,16,1431,1700720354,1700720354,2,160284,159839,161699,163676,1429444,872351,1463532,439233,123878,123099,126163,126142,1258311,1264909,1766786,1013865,1,0,
1431,110496821957700,1.4477858,2,stimulus,88,110496820646700,1,0,16,1432,1700721359,1700721359,2,160351,159896,161741,163731,1429496,872406,1463591,439301,123946,123154,126219,126195,1258371,1264981,1766866,1013948,1,0,
1432,110496821957700,1.4477858,2,stimulus,88,110496820646700,1,0,16,1433,1700722364,1700722364,2,160415,159959,161789,163777,1429543,872454,1463650,439353,124014,123210,126268,126256,1258422,1265042,1766929,1014028,1,0,
1433,110496821957700,1.4477858,2,stimulus,88,110496820646700,1,0,16,1434,1700723368,1700723368,2,160575,160100,161916,163900,1429668,872584,1463789,439491,124172,123354,126404,126394,1258567,1265178,1767076,1014194,1,0,
1434,110496821957700,1.4477858,2,stimulus,88,110496820646700,1,0,16,1435,1700724373,1700724373,2,160513,160046,161867,163847,1429604,872509,1463725,439415,124119,123298,126341,126332,1258494,1265108,1767003,1014128,1,0,
1435,110496828962000,1.4547901,2,stimulus,88,110496820646700,1,0,16,1436,1700725378,1700725378,2,160328,159869,161704,163690,1429430,872336,1463526,439214,123930,123132,126177,126166,1258308,1264926,1766814,1013935,1,0,
1436,110496828962000,1.4547901,2,stimulus,88,110496820646700,1,0,16,1437,1700726383,1700726383,2,160377,159916,161738,163714,1429464,872369,1463561,439236,123969,123169,126219,126204,1258343,1264964,1766859,1013976,1,0,
1437,110496828962000,1.4547901,2,stimulus,88,110496820646700,1,0,16,1438,1700727388,1700727388,2,160389,159925,161726,163713,1429455,872363,1463555,439233,123981,123179,126231,126214,1258343,1264959,1766863,1013981,1,0,
1438,110496828962000,1.4547901,2,stimulus,88,110496820646700,1,0,16,1439,1700728393,1700728393,2,160364,159912,161708,163694,1429427,872335,1463528,439201,123969,123166,126206,126206,1258317,1264937,1766833,1013954,1,0,
1439,110496828962000,1.4547901,2,stimulus,88,110496820646700,1,0,16,1440,1700729398,1700729398,2,160413,159957,161745,163736,1429452,872358,1463552,439228,124017,123205,126241,126257,1258348,1264969,1766856,1013988,1,0,
1440,110496828962000,1.4547901,2,stimulus,88,110496820646700,1,0,16,1441,1700730403,1700730403,2,160413,159968,161746,163744,1429441,872345,1463545,439219,124033,123208,126240,126253,1258326,1264953,1766836,1013971,1,0,
1441,110496828962000,1.4547901,2,stimulus,88,110496820646700,1,0,16,1442,1700731408,1700731408,2,160300,159847,161637,163622,1429314,872215,1463414,439079,123919,123097,126117,126128,1258171,1264797,1766681,1013804,1,0,
1442,110496836170500,1.4619986,2,stimulus,88,110496820646700,1,0,16,1443,1700732413,1700732413,2,160148,159698,161506,163489,1429174,872072,1463255,438911,123774,122959,125983,125986,1258014,1264633,1766511,1013624,1,0,
1443,110496836170500,1.4619986,2,stimulus,88,110496820646700,1,0,16,1444,1700733417,1700733417,2,160079,159643,161441,163433,1429110,872005,1463190,438837,123719,122896,125929,125933,1257945,1264565,1766431,1013547,1,0,
1444,110496836170500,1.4619986,2,stimulus,88,110496820646700,1,0,16,1445,1700734422,1700734422,2,160174,159736,161526,163513,1429183,872077,1463269,438918,123824,122984,126018,126018,1258019,1264643,1766511,1013633,1,0,
1445,110496836170500,1.4619986,2,stimulus,88,110496820646700,1,0,16,1446,1700735427,1700735427,2,160364,159919,161693,163681,1429339,872239,1463441,439073,124019,123161,126193,126201,1258186,1264808,1766678,1013812,1,0,
1446,110496836170500,1.4619986,2,stimulus,88,110496820646700,1,0,16,1447,1700736432,1700736432,2,160264,159829,161613,163608,1429259,872144,1463349,438968,123919,123074,126106,126128,1258094,1264708,1766568,1013689,1,0,
1447,110496836170500,1.4619986,2,stimulus,88,110496820646700,1,0,16,1448,1700737437,1700737437,2,159899,159508,161315,163323,1428957,871841,1463031,438621,123541,122726,125790,125810,1257772,1264376,1766227,1013314,1,0,
1448,110496836170500,1.4619986,2,stimulus,88,110496820646700,1,0,16,1449,1700738442,1700738442,2,159987,159598,161416,163419,1429063,871956,1463141,438724,123619,122813,125901,125918,1257888,1264504,1766349,1013438,1,0,
1449,110496843021800,1.4688499,2,stimulus,89,110496837072700,1,0,16,1450,1700739446,1700739446,2,160103,159716,161534,163534,1429199,872092,1463289,438878,123753,122919,126030,126054,1258036,1264665,1766496,1013603,1,0,
1450,110496843021800,1.4688499,2,stimulus,89,110496837072700,1,0,16,1451,1700740451,1700740451,2,160229,159822,161641,163626,1429313,872209,1463413,439005,123874,123031,126138,126168,1258171,1264797,1766632,1013752,1,0,
1451,110496843021800,1.4688499,2,stimulus,89,110496837072700,1,0,16,1452,1700741456,1700741456,2,160313,159889,161708,163686,1429381,872275,1463485,439074,123946,123104,126198,126234,1258250,1264872,1766717,1013848,1,0,
1452,110496843021800,1.4688499,2,stimulus,89,110496837072700,1,0,16,1453,1700742461,1700742461,2,160393,159958,161761,163747,1429446,872331,1463538,439144,124021,123184,126252,126290,1258313,1264943,1766796,1013929,1,0,
1453,110496843021800,1.4688499,2,stimulus,89,110496837072700,1,0,16,1454,1700743465,1700743465,2,160576,160112,161915,163904,1429594,872472,1463708,439293,124204,123368,126411,126450,1258476,1265109,1766967,1014119,1,0,
1454,110496843021800,1.4688499,2,stimulus,89,110496837072700,1,0,16,1455,1700744470,1700744470,2,160529,160068,161859,163863,1429534,872410,1463641,439228,124157,123329,126363,126401,1258408,1265043,1766898,1014060,1,0,
1455,110496843021800,1.4688499,2,stimulus,89,110496837072700,1,0,16,1456,1700745475,1700745475,2,160368,159910,161713,163718,1429368,872253,1463466,439051,123990,123172,126207,126239,1258242,1264874,1766728,1013884,1,0,
1456,110496850076800,1.4759049,2,stimulus,89,110496837072700,1,0,16,1457,1700746480,1700746480,2,160427,159965,161760,163761,1429401,872290,1463508,439081,124035,123226,126258,126293,1258286,1264918,1766778,1013938,1,0,
1457,110496850076800,1.4759049,2,stimulus,89,110496837072700,1,0,16,1458,1700747485,1700747485,2,160431,159976,161751,163756,1429387,872279,1463489,439066,124043,123238,126264,126296,1258278,1264914,1766771,1013934,1,0,
1458,110496850076800,1.4759049,2,stimulus,89,110496837072700,1,0,16,1459,1700748489,1700748489,2,160413,159965,161731,163736,1429364,872244,1463459,439039,124044,123216,126251,126282,1258251,1264887,1766742,1013914,1,0,
1459,110496850076800,1.4759049,2,stimulus,89,110496837072700,1,0,16,1460,1700749494,1700749494,2,160453,159997,161772,163764,1429390,872263,1463488,439063,124083,123251,126294,126312,1258274,1264916,1766763,1013944,1,0,
1460,110496850076800,1.4759049,2,stimulus,89,110496837072700,1,0,16,1461,1700750499,1700750499,2,160451,159993,161774,163758,1429371,872248,1463464,439037,124083,123251,126286,126308,1258248,1264888,1766734,1013911,1,0,
1461,110496850076800,1.4759049,2,stimulus,89,110496837072700,1,0,16,1462,1700751504,1700751504,2,160317,159860,161639,163623,1429223,872101,1463306,438874,123943,123101,126138,126157,1258074,1264714,1766552,1013718,1,0,
1462,110496850076800,1.4759049,2,stimulus,89,110496837072700,1,0,16,1463,1700752509,1700752509,2,160178,159713,161504,163489,1429076,871956,1463154,438706,123806,122959,125983,126009,1257906,1264549,1766379,1013534,1,0,
1463,110496857039000,1.4828671,2,stimulus,90,110496853518400,1,1,16,1464,1700753514,1700753514,2,160120,159656,161447,163421,1429011,871883,1463083,438636,123751,122902,125919,125954,1257839,1264476,1766306,1013451,1,0,
1464,110496857039000,1.4828671,2,stimulus,90,110496853518400,1,1,16,1465,1700754519,1700754519,2,160213,159744,161533,163500,1429086,871952,1463169,438714,123837,122995,126013,126034,1257915,1264553,1766386,1013531,1,0,
1465,110496857039000,1.4828671,2,stimulus,90,110496853518400,1,1,16,1466,1700755524,1700755524,2,160397,159911,161713,163674,1429241,872114,1463329,438876,124023,123186,126194,126204,1258074,1264716,1766553,1013720,1,0,
1466,110496857039000,1.4828671,2,stimulus,90,110496853518400,1,1,16,1467,1700756528,1700756528,2,160285,159806,161630,163585,1429142,872009,1463218,438758,123926,123094,126110,126119,1257968,1264599,1766430,1013591,1,0,
1467,110496857039000,1.4828671,2,stimulus,90,110496853518400,1,1,16,1468,1700757533,1700757533,2,159912,159476,161328,163276,1428828,871689,1462891,438399,123552,122746,125791,125798,1257633,1264269,1766078,1013208,1,0,
1468,110496857039000,1.4828671,2,stimulus,90,110496853518400,1,1,16,1469,1700758538,1700758538,2,160009,159586,161435,163385,1428954,871808,1463020,438511,123639,122841,125896,125904,1257769,1264400,1766207,1013344,1,0,
1469,110496857039000,1.4828671,2,stimulus,90,110496853518400,1,1,16,1470,1700759543,1700759543,2,160157,159728,161568,163521,1429111,871968,1463184,438674,123778,122978,126031,126042,1257941,1264581,1766380,1013519,1,0,
1470,110496863929600,1.4897577,2,stimulus,90,110496853518400,1,1,16,1471,1700760548,1700760548,2,160291,159854,161676,163622,1429238,872101,1463323,438812,123910,123086,126153,126159,1258086,1264725,1766531,1013682,1,0,
1471,110496863929600,1.4897577,2,stimulus,90,110496853518400,1,1,16,1472,1700761553,1700761553,2,160363,159919,161731,163677,1429299,872162,1463391,438882,123981,123155,126214,126223,1258159,1264796,1766606,1013776,1,0,
1472,110496863929600,1.4897577,2,stimulus,90,110496853518400,1,1,16,1473,1700762557,1700762557,2,160439,159979,161798,163741,1429374,872231,1463469,438954,124058,123236,126294,126287,1258231,1264873,1766688,1013864,1,0,
1473,110496863929600,1.4897577,2,stimulus,90,110496853518400,1,1,16,1474,1700763562,1700763562,2,160608,160131,161949,163891,1429515,872365,1463614,439106,124214,123384,126458,126441,1258379,1265033,1766847,1014037,1,0,
1474,110496863929600,1.4897577,2,stimulus,90,110496853518400,1,1,16,1475,1700764567,1700764567,2,160535,160073,161888,163824,1429433,872274,1463533,439021,124153,123311,126400,126387,1258298,1264951,1766771,1013958,1,0,
1475,110496863929600,1.4897577,2,stimulus,90,110496853518400,1,1,16,1476,1700765572,1700765572,2,160350,159911,161729,163677,1429260,872103,1463349,438826,123975,123134,126238,126234,1258129,1264774,1766596,1013769,1,0,
1476,110496863929600,1.4897577,2,stimulus,90,110496853518400,1,1,16,1477,1700766577,1700766577,2,160414,159965,161786,163733,1429309,872153,1463398,438872,124031,123190,126290,126287,1258180,1264828,1766655,1013832,1,0,
1477,110496871064400,1.4968925,2,stimulus,91,110496870436900,1,1,16,1478,1700767582,1700767582,2,160417,159959,161787,163709,1429295,872145,1463390,438856,124031,123205,126299,126296,1258175,1264821,1766649,1013833,1,0,
1478,110496871064400,1.4968925,2,stimulus,91,110496870436900,1,1,16,1479,1700768586,1700768586,2,160393,159942,161774,163692,1429265,872121,1463364,438822,124020,123204,126299,126289,1258157,1264792,1766628,1013817,1,0,
1479,110496871064400,1.4968925,2,stimulus,91,110496870436900,1,1,16,1480,1700769591,1700769591,2,160437,159988,161815,163736,1429304,872152,1463404,438853,124063,123252,126349,126319,1258178,1264826,1766654,1013849,1,0,
1480,110496871064400,1.4968925,2,stimulus,91,110496870436900,1,1,16,1481,1700770596,1700770596,2,160434,159994,161819,163736,1429295,872136,1463392,438831,124064,123248,126349,126310,1258151,1264808,1766629,1013821,1,0,
1481,110496871064400,1.4968925,2,stimulus,91,110496870436900,1,1,16,1482,1700771601,1700771601,2,160299,159856,161684,163615,1429154,871990,1463233,438681,123929,123109,126202,126169,1257993,1264633,1766461,1013636,1,0,
1482,110496871064400,1.4968925,2,stimulus,91,110496870436900,1,1,16,1483,1700772606,1700772606,2,160176,159743,161560,163498,1429021,871853,1463088,438532,123791,122978,126060,126041,1257840,1264479,1766296,1013474,1,0,
1483,110496871064400,1.4968925,2,stimulus,91,110496870436900,1,1,16,1484,1700773611,1700773611,2,160145,159718,161531,163468,1428976,871811,1463047,438488,123765,122958,126028,126004,1257798,1264433,1766248,1013423,1,0,
1484,110496877983700,1.5038118,2,stimulus,91,110496870436900,1,1,16,1485,1700774616,1700774616,2,160244,159809,161610,163541,1429049,871888,1463123,438560,123860,123043,126112,126093,1257878,1264512,1766327,1013502,1,0,
1485,110496877983700,1.5038118,2,stimulus,91,110496870436900,1,1,16,1486,1700775621,1700775621,2,160421,159964,161774,163689,1429194,872024,1463279,438716,124042,123201,126266,126263,1258030,1264656,1766472,1013661,1,0,
1486,110496877983700,1.5038118,2,stimulus,91,110496870436900,1,1,16,1487,1700776625,1700776625,2,160288,159858,161665,163588,1429076,871906,1463155,438579,123924,123089,126163,126161,1257901,1264528,1766332,1013506,1,0,
1487,110496877983700,1.5038118,2,stimulus,91,110496870436900,1,1,16,1488,1700777630,1700777630,2,159922,159525,161344,163284,1428759,871595,1462825,438221,123546,122757,125836,125831,1257568,1264198,1765979,1013131,1,0,
1488,110496877983700,1.5038118,2,stimulus,91,110496870436900,1,1,16,1489,1700778635,1700778635,2,159989,159596,161426,163374,1428869,871693,1462929,438309,123614,122826,125911,125926,1257674,1264309,1766095,1013239,1,0,
1489,110496877983700,1.5038118,2,stimulus,91,110496870436900,1,1,16,1490,1700779640,1700779640,2,160117,159714,161549,163491,1429016,871833,1463080,438459,123745,122950,126039,126054,1257836,1264467,1766260,1013409,1,0,
1490,110496877983700,1.5038118,2,stimulus,91,110496870436900,1,1,16,1491,1700780644,1700780644,2,160252,159821,161669,163593,1429132,871959,1463213,438597,123862,123066,126148,126172,1257976,1264604,1766401,1013566,1,0,
1491,110496884955400,1.5107835,2,stimulus,91,110496870436900,1,1,16,1492,1700781649,1700781649,2,160326,159889,161736,163641,1429193,872031,1463281,438673,123936,123135,126221,126236,1258039,1264686,1766480,1013661,1,0,
1492,110496884955400,1.5107835,2,stimulus,91,110496870436900,1,1,16,1493,1700782653,1700782653,2,160405,159962,161795,163704,1429265,872091,1463346,438740,124019,123201,126295,126314,1258113,1264763,1766558,1013753,1,0,
1493,110496884955400,1.5107835,2,stimulus,91,110496870436900,1,1,16,1494,1700783658,1700783658,2,160578,160114,161932,163842,1429401,872223,1463494,438887,124192,123359,126443,126461,1258271,1264918,1766711,1013924,1,0,
1494,110496884955400,1.5107835,2,stimulus,91,110496870436900,1,1,16,1495,1700784663,1700784663,2,160508,160058,161864,163787,1429312,872143,1463414,438804,124126,123304,126370,126383,1258191,1264838,1766633,1013847,1,0,
1495,110496884955400,1.5107835,2,stimulus,91,110496870436900,1,1,16,1496,1700785667,1700785667,2,160316,159895,161693,163624,1429126,871959,1463223,438603,123931,123116,126193,126213,1258001,1264644,1766451,1013649,1,0,
1496,110496884955400,1.5107835,2,stimulus,91,110496870436900,1,1,16,1497,1700786672,1700786672,2,160357,159943,161733,163663,1429162,871991,1463249,438626,123984,123154,126231,126253,1258037,1264679,1766493,1013692,1,0,
1497,110496884955400,1.5107835,2,stimulus,91,110496870436900,1,1,16,1498,1700787677,1700787677,2,160360,159930,161728,163651,1429146,871973,1463228,438609,123984,123153,126227,126257,1258026,1264672,1766474,1013681,1,0,
1498,110496892000300,1.5178284,2,stimulus,92,110496887992000,1,1,16,1499,1700788682,1700788682,2,160352,159920,161719,163637,1429128,871947,1463213,438580,123979,123153,126218,126255,1258005,1264654,1766461,1013666,1,0,
1499,110496892000300,1.5178284,2,stimulus,92,110496887992000,1,1,16,1500,1700789686,1700789686,2,160382,159956,161756,163666,1429149,871973,1463238,438596,124022,123193,126254,126290,1258021,1264670,1766482,1013693,1,0,
1500,110496892000300,1.5178284,2,stimulus,92,110496887992000,1,1,16,1501,1700790691,1700790691,2,160386,159963,161769,163674,1429146,871961,1463234,438586,124027,123201,126246,126282,1258006,1264655,1766460,1013664,1,0,
1501,110496892000300,1.5178284,2,stimulus,92,110496887992000,1,1,16,1502,1700791696,1700791696,2,160253,159843,161643,163559,1429013,871831,1463084,438437,123897,123076,126103,126142,1257853,1264503,1766291,1013495,1,0,
1502,110496892000300,1.5178284,2,stimulus,92,110496887992000,1,1,16,1503,1700792701,1700792701,2,160120,159723,161514,163446,1428877,871697,1462941,438293,123762,122943,125976,126008,1257704,1264343,1766131,1013333,1,0,
1503,110496892000300,1.5178284,2,stimulus,92,110496887992000,1,1,16,1504,1700793705,1700793705,2,160071,159658,161461,163403,1428819,871628,1462887,438229,123714,122887,125931,125961,1257643,1264281,1766062,1013255,1,0,
1504,110496892000300,1.5178284,2,stimulus,92,110496887992000,1,1,16,1505,1700794710,1700794710,2,160168,159741,161543,163470,1428893,871694,1462953,438289,123801,122979,126008,126039,1257710,1264353,1766134,1013333,1,0,
1505,110496899032900,1.524861,2,stimulus,92,110496887992000,1,1,16,1506,1700795715,1700795715,2,160357,159918,161704,163623,1429049,871849,1463118,438447,123979,123161,126180,126200,1257872,1264511,1766293,1013504,1,0,
1506,110496899032900,1.524861,2,stimulus,92,110496887992000,1,1,16,1507,1700796720,1700796720,2,160230,159809,161607,163538,1428937,871734,1463006,438320,123867,123052,126083,126102,1257752,1264394,1766164,1013366,1,0,
1507,110496899032900,1.524861,2,stimulus,92,110496887992000,1,1,16,1508,1700797725,1700797725,2,159869,159485,161316,163261,1428641,871436,1462687,437979,123504,122710,125772,125800,1257436,1264068,1765823,1012996,1,0,
1508,110496899032900,1.524861,2,stimulus,92,110496887992000,1,1,16,1509,1700798729,1700798729,2,159963,159577,161420,163367,1428758,871554,1462808,438088,123584,122799,125871,125898,1257558,1264190,1765948,1013121,1,0,
1509,110496899032900,1.524861,2,stimulus,92,110496887992000,1,1,16,1510,1700799734,1700799734,2,160097,159703,161538,163489,1428899,871692,1462959,438229,123710,122930,125996,126028,1257714,1264361,1766106,1013293,1,0,
1510,110496899032900,1.524861,2,stimulus,92,110496887992000,1,1,16,1511,1700800739,1700800739,2,160223,159804,161637,163584,1429003,871813,1463081,438355,123824,123039,126101,126139,1257848,1264488,1766244,1013443,1,0,
1511,110496899032900,1.524861,2,stimulus,92,110496887992000,1,1,16,1512,1700801744,1700801744,2,160315,159874,161708,163649,1429080,871885,1463156,438436,123913,123113,126180,126203,1257929,1264569,1766330,1013533,1,0,
1512,110496906066700,1.5318948,2,stimulus,93,110496904490300,1,0,16,1513,1700802749,1700802749,2,160393,159958,161781,163706,1429146,871954,1463238,438508,124002,123196,126250,126274,1258007,1264649,1766428,1013625,1,0,
1513,110496906066700,1.5318948,2,stimulus,93,110496904490300,1,0,16,1514,1700803754,1700803754,2,160551,160092,161914,163829,1429267,872088,1463366,438651,124170,123356,126388,126408,1258147,1264796,1766579,1013799,1,0,
1514,110496906066700,1.5318948,2,stimulus,93,110496904490300,1,0,16,1515,1700804758,1700804758,2,160485,160016,161848,163768,1429184,871997,1463273,438560,124096,123288,126311,126331,1258062,1264710,1766488,1013714,1,0,
1515,110496906066700,1.5318948,2,stimulus,93,110496904490300,1,0,16,1516,1700805763,1700805763,2,160323,159865,161711,163631,1429033,871831,1463101,438379,123923,123133,126145,126180,1257896,1264544,1766319,1013537,1,0,
1516,110496906066700,1.5318948,2,stimulus,93,110496904490300,1,0,16,1517,1700806768,1700806768,2,160370,159910,161758,163671,1429069,871866,1463146,438411,123966,123186,126188,126224,1257940,1264594,1766364,1013596,1,0,
1517,110496906066700,1.5318948,2,stimulus,93,110496904490300,1,0,16,1518,1700807773,1700807773,2,160349,159889,161730,163654,1429044,871838,1463112,438381,123948,123179,126166,126208,1257909,1264563,1766340,1013575,1,0,
1518,110496906066700,1.5318948,2,stimulus,93,110496904490300,1,0,16,1519,1700808778,1700808778,2,160333,159869,161718,163646,1429021,871814,1463087,438349,123944,123161,126157,126191,1257886,1264538,1766311,1013544,1,0,
1519,110496913010000,1.5388381,2,stimulus,93,110496904490300,1,0,16,1520,1700809782,1700809782,2,160373,159912,161746,163687,1429044,871834,1463116,438382,123999,123194,126202,126229,1257912,1264572,1766345,1013572,1,0,
1520,110496913010000,1.5388381,2,stimulus,93,110496904490300,1,0,16,1521,1700810787,1700810787,2,160387,159923,161744,163693,1429038,871827,1463104,438375,124001,123192,126212,126230,1257892,1264548,1766319,1013553,1,0,
1521,110496913010000,1.5388381,2,stimulus,93,110496904490300,1,0,16,1522,1700811792,1700811792,2,160266,159800,161627,163571,1428901,871688,1462969,438225,123877,123065,126078,126096,1257739,1264392,1766150,1013384,1,0,
1522,110496913010000,1.5388381,2,stimulus,93,110496904490300,1,0,16,1523,1700812797,1700812797,2,160114,159649,161483,163434,1428746,871539,1462805,438053,123738,122925,125922,125957,1257568,1264228,1765976,1013196,1,0,
1523,110496913010000,1.5388381,2,stimulus,93,110496904490300,1,0,16,1524,1700813801,1700813801,2,160070,159602,161430,163386,1428693,871483,1462749,437989,123680,122883,125867,125904,1257508,1264163,1765909,1013122,1,0,
1524,110496913010000,1.5388381,2,stimulus,93,110496904490300,1,0,16,1525,1700814806,1700814806,2,160176,159693,161528,163486,1428780,871563,1462836,438076,123793,122978,125971,126003,1257599,1264254,1765998,1013224,1,0,
1525,110496913010000,1.5388381,2,stimulus,93,110496904490300,1,0,16,1526,1700815811,1700815811,2,160351,159849,161684,163640,1428923,871710,1462993,438229,123970,123142,126148,126180,1257755,1264404,1766155,1013387,1,0,
1526,110496920386300,1.5462144,2,stimulus,94,110496920528400,1,0,16,1527,1700816816,1700816816,2,160220,159739,161580,163534,1428799,871588,1462864,438091,123834,123021,126039,126065,1257616,1264271,1766005,1013221,1,0,
1527,110496920386300,1.5462144,2,stimulus,94,110496920528400,1,0,16,1528,1700817821,1700817821,2,159861,159436,161289,163265,1428522,871306,1462563,437763,123484,122704,125736,125769,1257321,1263973,1765680,1012872,1,0,
1528,110496920386300,1.5462144,2,stimulus,94,110496920528400,1,0,16,1529,1700818825,1700818825,2,159968,159546,161405,163386,1428650,871441,1462699,437896,123598,122818,125857,125894,1257461,1264109,1765831,1013013,1,0,
1529,110496920386300,1.5462144,2,stimulus,94,110496920528400,1,0,16,1530,1700819830,1700819830,2,160094,159658,161513,163503,1428781,871579,1462844,438032,123719,122941,125989,126012,1257613,1264261,1765976,1013186,1,0,
1530,110496920386300,1.5462144,2,stimulus,94,110496920528400,1,0,16,1531,1700820835,1700820835,2,160205,159759,161603,163591,1428893,871688,1462964,438148,123828,123049,126094,126116,1257744,1264394,1766110,1013328,1,0,
1531,110496920386300,1.5462144,2,stimulus,94,110496920528400,1,0,16,1532,1700821840,1700821840,2,160278,159829,161654,163638,1428952,871749,1463034,438216,123893,123116,126148,126170,1257812,1264465,1766188,1013406,1,0,
1532,110496920386300,1.5462144,2,stimulus,94,110496920528400,1,0,16,1533,1700822845,1700822845,2,160355,159903,161719,163687,1429018,871810,1463096,438284,123974,123189,126215,126231,1257879,1264535,1766269,1013504,1,0,
1533,110496927105300,1.5529334,2,stimulus,94,110496920528400,1,0,16,1534,1700823849,1700823849,2,160509,160035,161849,163789,1429133,871928,1463219,438414,124127,123318,126354,126359,1258006,1264663,1766409,1013662,1,0,
1534,110496927105300,1.5529334,2,stimulus,94,110496920528400,1,0,16,1535,1700824854,1700824854,2,160436,159961,161787,163721,1429051,871844,1463140,438319,124061,123239,126293,126288,1257925,1264579,1766324,1013571,1,0,
1535,110496927105300,1.5529334,2,stimulus,94,110496920528400,1,0,16,1536,1700825859,1700825859,2,160274,159817,161651,163583,1428904,871693,1462975,438145,123888,123088,126146,126146,1257767,1264431,1766160,1013410,1,0,
1536,110496927105300,1.5529334,2,stimulus,94,110496920528400,1,0,16,1537,1700826864,1700826864,2,160333,159866,161709,163626,1428946,871728,1463017,438190,123935,123155,126199,126201,1257818,1264491,1766219,1013473,1,0,
1537,110496927105300,1.5529334,2,stimulus,94,110496920528400,1,0,16,1538,1700827869,1700827869,2,160308,159850,161708,163605,1428924,871701,1463000,438166,123929,123157,126195,126191,1257798,1264470,1766208,1013454,1,0,
1538,110496927105300,1.5529334,2,stimulus,94,110496920528400,1,0,16,1539,1700828873,1700828873,2,160308,159849,161721,163616,1428909,871699,1462983,438157,123939,123164,126198,126204,1257784,1264462,1766198,1013451,1,0,
1539,110496927105300,1.5529334,2,stimulus,94,110496920528400,1,0,16,1540,1700829878,1700829878,2,160376,159906,161779,163667,1428957,871737,1463033,438198,124010,123226,126253,126258,1257828,1264501,1766235,1013496,1,0,
1540,110496933983400,1.5598115,2,stimulus,94,110496920528400,1,0,16,1541,1700830883,1700830883,2,160389,159913,161793,163666,1428957,871732,1463028,438185,124019,123224,126246,126258,1257809,1264478,1766211,1013472,1,0,
1541,110496933983400,1.5598115,2,stimulus,94,110496920528400,1,0,16,1542,1700831888,1700831888,2,160255,159788,161652,163534,1428808,871577,1462874,438028,123883,123083,126113,126104,1257650,1264311,1766034,1013294,1,0,
1542,110496933983400,1.5598115,2,stimulus,94,110496920528400,1,0,16,1543,1700832893,1700832893,2,160122,159668,161524,163422,1428665,871437,1462726,437876,123747,122948,125987,125978,1257494,1264158,1765879,1013121,1,0,
1543,110496933983400,1.5598115,2,stimulus,94,110496920528400,1,0,16,1544,1700833897,1700833897,2,160078,159626,161486,163393,1428615,871381,1462676,437819,123709,122906,125947,125941,1257436,1264104,1765816,1013059,1,0,
1544,110496933983400,1.5598115,2,stimulus,94,110496920528400,1,0,16,1545,1700834902,1700834902,2,160194,159737,161599,163496,1428713,871484,1462782,437921,123839,123018,126058,126057,1257540,1264203,1765921,1013171,1,0,
1545,110496933983400,1.5598115,2,stimulus,94,110496920528400,1,0,16,1546,1700835907,1700835907,2,160374,159905,161772,163668,1428858,871637,1462943,438084,124031,123196,126239,126225,1257701,1264370,1766085,1013335,1,0,
1546,110496933983400,1.5598115,2,stimulus,94,110496920528400,1,0,16,1547,1700836912,1700836912,2,160219,159766,161654,163557,1428734,871506,1462799,437929,123889,123060,126118,126107,1257558,1264223,1765923,1013168,1,0,
1547,110496941053000,1.5668811,2,stimulus,95,110496936708200,1,0,16,1548,1700837916,1700837916,2,159871,159465,161366,163283,1428451,871215,1462494,437601,123539,122734,125814,125814,1257254,1263913,1765599,1012816,1,0,
1548,110496941053000,1.5668811,2,stimulus,95,110496936708200,1,0,16,1549,1700838921,1700838921,2,159984,159579,161478,163395,1428576,871351,1462634,437729,123647,122836,125931,125948,1257402,1264049,1765746,1012951,1,0,
1549,110496941053000,1.5668811,2,stimulus,95,110496936708200,1,0,16,1550,1700839926,1700839926,2,160127,159709,161589,163508,1428716,871494,1462791,437876,123783,122953,126059,126081,1257556,1264211,1765904,1013119,1,0,
1550,110496941053000,1.5668811,2,stimulus,95,110496936708200,1,0,16,1551,1700840930,1700840930,2,160254,159833,161704,163618,1428838,871611,1462918,438008,123900,123077,126163,126185,1257693,1264358,1766041,1013277,1,0,
1551,110496941053000,1.5668811,2,stimulus,95,110496936708200,1,0,16,1552,1700841935,1700841935,2,160326,159901,161762,163680,1428904,871678,1462988,438076,123982,123148,126219,126251,1257760,1264435,1766122,1013368,1,0,
1552,110496941053000,1.5668811,2,stimulus,95,110496936708200,1,0,16,1553,1700842940,1700842940,2,160433,159994,161832,163763,1428989,871766,1463078,438166,124100,123242,126308,126333,1257858,1264533,1766234,1013489,1,0,
1553,110496941053000,1.5668811,2,stimulus,95,110496936708200,1,0,16,1554,1700843945,1700843945,2,160602,160149,161976,163896,1429122,871895,1463221,438317,124282,123400,126461,126478,1258009,1264678,1766388,1013661,1,0,
1554,110496948102200,1.5739303,2,stimulus,95,110496936708200,1,0,16,1555,1700844949,1700844949,2,160529,160081,161899,163816,1429031,871808,1463132,438218,124200,123328,126376,126404,1257917,1264584,1766294,1013568,1,0,
1555,110496948102200,1.5739303,2,stimulus,95,110496936708200,1,0,16,1556,1700845954,1700845954,2,160373,159929,161753,163681,1428886,871656,1462969,438043,124024,123174,126224,126258,1257764,1264418,1766138,1013411,1,0,
1556,110496948102200,1.5739303,2,stimulus,95,110496936708200,1,0,16,1557,1700846959,1700846959,2,160443,159992,161809,163733,1428946,871703,1463021,438096,124079,123229,126283,126306,1257821,1264486,1766197,1013472,1,0,
1557,110496948102200,1.5739303,2,stimulus,95,110496936708200,1,0,16,1558,1700847963,1700847963,2,160408,159972,161781,163711,1428903,871665,1462988,438067,124064,123216,126266,126286,1257788,1264465,1766168,1013446,1,0,
1558,110496948102200,1.5739303,2,stimulus,95,110496936708200,1,0,16,1559,1700848968,1700848968,2,160386,159958,161763,163703,1428881,871642,1462959,438034,124053,123216,126248,126266,1257761,1264443,1766139,1013428,1,0,
1559,110496948102200,1.5739303,2,stimulus,95,110496936708200,1,0,16,1560,1700849973,1700849973,2,160429,159996,161796,163741,1428908,871668,1462987,438058,124094,123259,126287,126299,1257786,1264464,1766173,1013453,1,0,
1560,110496948102200,1.5739303,2,stimulus,95,110496936708200,1,0,16,1561,1700850978,1700850978,2,160424,159985,161798,163743,1428889,871649,1462968,438039,124085,123249,126273,126283,1257758,1264432,1766138,1013416,1,0,
1561,110496955081500,1.5809096,2,stimulus,96,110496954164100,1,1,16,1562,1700851982,1700851982,2,160278,159855,161673,163617,1428747,871499,1462813,437879,123934,123119,126127,126139,1257590,1264256,1765955,1013232,1,0,
1562,110496955081500,1.5809096,2,stimulus,96,110496954164100,1,1,16,1563,1700852987,1700852987,2,160144,159738,161544,163508,1428604,871357,1462666,437718,123791,122993,125988,126007,1257439,1264102,1765790,1013058,1,0,
1563,110496955081500,1.5809096,2,stimulus,96,110496954164100,1,1,16,1564,1700853991,1700853991,2,160107,159691,161508,163479,1428549,871301,1462609,437658,123754,122965,125938,125958,1257389,1264045,1765731,1012988,1,0,
1564,110496955081500,1.5809096,2,stimulus,96,110496954164100,1,1,16,1565,1700854996,1700854996,2,160219,159778,161604,163576,1428640,871383,1462701,437744,123861,123070,126030,126057,1257468,1264124,1765824,1013086,1,0,
1565,110496955081500,1.5809096,2,stimulus,96,110496954164100,1,1,16,1566,1700856001,1700856001,2,160393,159923,161755,163731,1428776,871523,1462846,437890,124035,123229,126184,126219,1257609,1264280,1765966,1013242,1,0,
1566,110496955081500,1.5809096,2,stimulus,96,110496954164100,1,1,16,1567,1700857005,1700857005,2,160224,159779,161618,163603,1428640,871377,1462689,437728,123869,123072,126049,126085,1257445,1264116,1765784,1013050,1,0,
1567,110496955081500,1.5809096,2,stimulus,96,110496954164100,1,1,16,1568,1700858010,1700858010,2,159893,159495,161354,163340,1428380,871110,1462407,437419,123531,122772,125769,125802,1257163,1263834,1765486,1012721,1,0,
1568,110496961982600,1.5878107,2,stimulus,96,110496954164100,1,1,16,1569,1700859015,1700859015,2,159995,159597,161459,163449,1428501,871246,1462534,437542,123623,122872,125898,125908,1257301,1263974,1765624,1012861,1,0,
1569,110496961982600,1.5878107,2,stimulus,96,110496954164100,1,1,16,1570,1700860019,1700860019,2,160130,159724,161585,163562,1428638,871381,1462689,437687,123738,122998,126035,126038,1257458,1264121,1765780,1013035,1,0,
1570,110496961982600,1.5878107,2,stimulus,96,110496954164100,1,1,16,1571,1700861024,1700861024,2,160249,159835,161689,163653,1428753,871491,1462819,437815,123852,123105,126144,126141,1257590,1264258,1765926,1013184,1,0,
1571,110496961982600,1.5878107,2,stimulus,96,110496954164100,1,1,16,1572,1700862029,1700862029,2,160326,159895,161760,163706,1428826,871566,1462889,437889,123932,123173,126209,126206,1257654,1264343,1766009,1013283,1,0,
1572,110496961982600,1.5878107,2,stimulus,96,110496954164100,1,1,16,1573,1700863033,1700863033,2,160435,159988,161844,163776,1428911,871648,1462969,437974,124030,123263,126286,126288,1257745,1264438,1766100,1013387,1,0,
1573,110496961982600,1.5878107,2,stimulus,96,110496954164100,1,1,16,1574,1700864038,1700864038,2,160598,160133,161974,163896,1429036,871766,1463103,438114,124197,123413,126426,126419,1257891,1264579,1766256,1013549,1,0,
1574,110496961982600,1.5878107,2,stimulus,96,110496954164100,1,1,16,1575,1700865043,1700865043,2,160490,160041,161871,163795,1428915,871646,1462979,437991,124093,123310,126327,126313,1257774,1264454,1766137,1013433,1,0,
1575,110496969135700,1.5949638,2,stimulus,96,110496954164100,1,1,16,1576,1700866047,1700866047,2,160308,159882,161713,163645,1428750,871480,1462808,437798,123914,123143,126183,126158,1257604,1264282,1765953,1013261,1,0,
1576,110496969135700,1.5949638,2,stimulus,96,110496954164100,1,1,16,1577,1700867052,1700867052,2,160355,159918,161761,163686,1428789,871520,1462847,437835,123971,123194,126231,126202,1257649,1264326,1766003,1013302,1,0,
1577,110496969135700,1.5949638,2,stimulus,96,110496954164100,1,1,16,1578,1700868057,1700868057,2,160337,159898,161748,163680,1428762,871494,1462828,437815,123958,123193,126209,126194,1257621,1264311,1765988,1013289,1,0,
1578,110496969135700,1.5949638,2,stimulus,96,110496954164100,1,1,16,1579,1700869061,1700869061,2,160321,159881,161731,163668,1428733,871463,1462805,437788,123954,123186,126192,126179,1257594,1264289,1765958,1013265,1,0,
1579,110496969135700,1.5949638,2,stimulus,96,110496954164100,1,1,16,1580,1700870066,1700870066,2,160362,159913,161758,163688,1428759,871483,1462826,437804,124013,123227,126221,126214,1257616,1264308,1765984,1013289,1,0,
1580,110496969135700,1.5949638,2,stimulus,96,110496954164100,1,1,16,1581,1700871071,1700871071,2,160359,159924,161743,163680,1428739,871464,1462808,437783,124015,123221,126215,126194,1257587,1264281,1765949,1013256,1,0,
1581,110496969135700,1.5949638,2,stimulus,96,110496954164100,1,1,16,1582,1700872075,1700872075,2,160210,159806,161607,163537,1428596,871314,1462647,437626,123868,123064,126072,126044,1257424,1264114,1765768,1013076,1,0,
1582,110496976065300,1.6018934,2,stimulus,97,110496971203700,1,1,16,1583,1700873080,1700873080,2,160071,159684,161483,163403,1428453,871171,1462492,437466,123723,122929,125933,125906,1257265,1263956,1765603,1012900,1,0,
1583,110496976065300,1.6018934,2,stimulus,97,110496971203700,1,1,16,1584,1700874085,1700874085,2,160028,159639,161440,163361,1428398,871112,1462443,437410,123679,122894,125893,125867,1257213,1263898,1765543,1012834,1,0,
1584,110496976065300,1.6018934,2,stimulus,97,110496971203700,1,1,16,1585,1700875089,1700875089,2,160141,159737,161523,163453,1428486,871192,1462534,437502,123786,122994,125982,125963,1257309,1263985,1765632,1012928,1,0,
1585,110496976065300,1.6018934,2,stimulus,97,110496971203700,1,1,16,1586,1700876094,1700876094,2,160313,159901,161689,163603,1428631,871346,1462691,437653,123978,123169,126146,126128,1257461,1264138,1765788,1013098,1,0,
1586,110496976065300,1.6018934,2,stimulus,97,110496971203700,1,1,16,1587,1700877099,1700877099,2,160125,159748,161535,163459,1428469,871183,1462519,437476,123815,123016,125998,125968,1257279,1263963,1765597,1012888,1,0,
1587,110496976065300,1.6018934,2,stimulus,97,110496971203700,1,1,16,1588,1700878103,1700878103,2,159797,159458,161264,163206,1428208,870912,1462238,437168,123476,122719,125722,125698,1256994,1263676,1765300,1012569,1,0,
1588,110496976065300,1.6018934,2,stimulus,97,110496971203700,1,1,16,1589,1700879108,1700879108,2,159894,159571,161370,163316,1428339,871043,1462369,437293,123578,122813,125831,125818,1257140,1263814,1765438,1012711,1,0,
1589,110496982948100,1.6087762,2,stimulus,97,110496971203700,1,1,16,1590,1700880113,1700880113,2,160021,159704,161502,163419,1428473,871179,1462519,437438,123708,122939,125948,125948,1257301,1263968,1765599,1012871,1,0,
1590,110496982948100,1.6087762,2,stimulus,97,110496971203700,1,1,16,1591,1700881117,1700881117,2,160142,159811,161619,163526,1428592,871301,1462650,437565,123828,123052,126064,126059,1257439,1264113,1765749,1013018,1,0,
1591,110496982948100,1.6087762,2,stimulus,97,110496971203700,1,1,16,1592,1700882122,1700882122,2,160209,159865,161663,163581,1428652,871356,1462716,437631,123901,123122,126120,126114,1257504,1264186,1765811,1013104,1,0,
1592,110496982948100,1.6087762,2,stimulus,97,110496971203700,1,1,16,1593,1700883126,1700883126,2,160316,159962,161746,163658,1428728,871436,1462802,437720,124002,123208,126208,126191,1257592,1264269,1765907,1013219,1,0,
1593,110496982948100,1.6087762,2,stimulus,97,110496971203700,1,1,16,1594,1700884131,1700884131,2,160464,160082,161878,163773,1428832,871555,1462917,437841,124138,123334,126353,126314,1257722,1264401,1766043,1013373,1,0,
1594,110496982948100,1.6087762,2,stimulus,97,110496971203700,1,1,16,1595,1700885136,1700885136,2,160351,159966,161786,163670,1428726,871445,1462803,437721,124027,123233,126263,126221,1257604,1264291,1765929,1013254,1,0,
1595,110496982948100,1.6087762,2,stimulus,97,110496971203700,1,1,16,1596,1700886141,1700886141,2,160194,159819,161634,163528,1428576,871292,1462638,437546,123861,123081,126121,126074,1257448,1264133,1765768,1013094,1,0,
1596,110496990097000,1.6159251,2,stimulus,98,110496986824800,1,1,16,1597,1700887145,1700887145,2,160262,159881,161684,163578,1428626,871336,1462689,437594,123919,123145,126174,126135,1257495,1264189,1765818,1013153,1,0,
1597,110496990097000,1.6159251,2,stimulus,98,110496986824800,1,1,16,1598,1700888150,1700888150,2,160239,159866,161664,163569,1428603,871314,1462665,437565,123916,123133,126168,126111,1257473,1264170,1765798,1013129,1,0,
1598,110496990097000,1.6159251,2,stimulus,98,110496986824800,1,1,16,1599,1700889155,1700889155,2,160224,159836,161641,163552,1428576,871290,1462637,437534,123903,123121,126158,126096,1257448,1264143,1765779,1013112,1,0,
1599,110496990097000,1.6159251,2,stimulus,98,110496986824800,1,1,16,1600,1700890159,1700890159,2,160269,159878,161684,163599,1428608,871327,1462664,437565,123954,123161,126205,126144,1257476,1264167,1765802,1013142,1,0,
1600,110496990097000,1.6159251,2,stimulus,98,110496986824800,1,1,16,1601,1700891164,1700891164,2,160271,159871,161670,163587,1428587,871298,1462634,437545,123942,123154,126181,126121,1257442,1264127,1765761,1013101,1,0,
1601,110496990097000,1.6159251,2,stimulus,98,110496986824800,1,1,16,1602,1700892169,1700892169,2,160133,159734,161520,163453,1428433,871141,1462474,437383,123789,123013,126031,125971,1257274,1263953,1765582,1012907,1,0,
1602,110496990097000,1.6159251,2,stimulus,98,110496986824800,1,1,16,1603,1700893173,1700893173,2,159996,159613,161386,163326,1428298,871000,1462333,437226,123641,122875,125889,125843,1257113,1263803,1765421,1012738,1,0,
1603,110496997025400,1.6228535,2,stimulus,98,110496986824800,1,1,16,1604,1700894178,1700894178,2,159951,159563,161339,163277,1428239,870944,1462274,437164,123593,122824,125826,125793,1257048,1263741,1765343,1012664,1,0,
1604,110496997025400,1.6228535,2,stimulus,98,110496986824800,1,1,16,1605,1700895182,1700895182,2,160055,159675,161436,163372,1428331,871035,1462367,437257,123718,122930,125929,125892,1257146,1263829,1765438,1012763,1,0,
1605,110496997025400,1.6228535,2,stimulus,98,110496986824800,1,1,16,1606,1700896187,1700896187,2,160241,159844,161596,163526,1428478,871186,1462519,437408,123901,123104,126091,126058,1257299,1263980,1765599,1012926,1,0,
1606,110496997025400,1.6228535,2,stimulus,98,110496986824800,1,1,16,1607,1700897192,1700897192,2,160054,159673,161441,163376,1428310,871019,1462342,437221,123708,122932,125928,125902,1257119,1263793,1765397,1012716,1,0,
1607,110496997025400,1.6228535,2,stimulus,98,110496986824800,1,1,16,1608,1700898196,1700898196,2,159744,159408,161199,163139,1428066,870771,1462074,436921,123386,122647,125661,125638,1256846,1263528,1765113,1012404,1,0,
1608,110496997025400,1.6228535,2,stimulus,98,110496986824800,1,1,16,1609,1700899201,1700899201,2,159864,159524,161318,163259,1428195,870906,1462216,437053,123494,122765,125789,125756,1256998,1263679,1765267,1012553,1,0,
1609,110496997025400,1.6228535,2,stimulus,98,110496986824800,1,1,16,1610,1700900206,1700900206,2,159988,159637,161433,163361,1428331,871045,1462359,437197,123631,122886,125910,125873,1257153,1263825,1765421,1012723,1,0,
1610,110497004154700,1.6299828,2,stimulus,99,110497003392300,1,0,16,1611,1700901210,1700901210,2,160120,159740,161545,163463,1428454,871166,1462489,437333,123767,123008,126021,125979,1257284,1263964,1765561,1012868,1,0,
1611,110497004154700,1.6299828,2,stimulus,99,110497003392300,1,0,16,1612,1700902215,1700902215,2,160183,159789,161589,163519,1428511,871218,1462553,437401,123826,123069,126086,126038,1257354,1264036,1765631,1012948,1,0,
1612,110497004154700,1.6299828,2,stimulus,99,110497003392300,1,0,16,1613,1700903219,1700903219,2,160279,159872,161664,163596,1428585,871309,1462639,437486,123921,123158,126173,126118,1257446,1264129,1765733,1013063,1,0,
1613,110497004154700,1.6299828,2,stimulus,99,110497003392300,1,0,16,1614,1700904224,1700904224,2,160438,160004,161793,163715,1428704,871436,1462773,437617,124071,123298,126308,126261,1257574,1264270,1765878,1013225,1,0,
1614,110497004154700,1.6299828,2,stimulus,99,110497003392300,1,0,16,1615,1700905229,1700905229,2,160347,159921,161713,163630,1428609,871330,1462667,437516,123981,123203,126218,126183,1257472,1264167,1765772,1013118,1,0,
1615,110497004154700,1.6299828,2,stimulus,99,110497003392300,1,0,16,1616,1700906233,1700906233,2,160208,159794,161598,163509,1428474,871195,1462527,437361,123839,123057,126083,126064,1257336,1264029,1765628,1012969,1,0,
1616,110497004154700,1.6299828,2,stimulus,99,110497003392300,1,0,16,1617,1700907238,1700907238,2,160271,159850,161646,163554,1428518,871245,1462567,437401,123896,123111,126138,126116,1257383,1264075,1765684,1013034,1,0,
1617,110497011009400,1.6368375,2,stimulus,99,110497003392300,1,0,16,1618,1700908242,1700908242,2,160268,159835,161628,163549,1428497,871219,1462551,437379,123896,123108,126128,126114,1257373,1264061,1765672,1013027,1,0,
1618,110497011009400,1.6368375,2,stimulus,99,110497003392300,1,0,16,1619,1700909246,1700909246,2,160261,159832,161617,163543,1428480,871193,1462535,437351,123899,123098,126121,126114,1257352,1264044,1765654,1013009,1,0,
1619,110497011009400,1.6368375,2,stimulus,99,110497003392300,1,0,16,1620,1700910251,1700910251,2,160311,159886,161656,163590,1428513,871229,1462574,437393,123954,123147,126168,126163,1257381,1264079,1765682,1013035,1,0,
1620,110497011009400,1.6368375,2,stimulus,99,110497003392300,1,0,16,1621,1700911256,1700911256,2,160309,159876,161641,163585,1428491,871206,1462542,437369,123946,123137,126150,126154,1257341,1264044,1765644,1012996,1,0,
1621,110497011009400,1.6368375,2,stimulus,99,110497003392300,1,0,16,1622,1700912260,1700912260,2,160159,159733,161506,163444,1428328,871056,1462373,437193,123791,122986,125988,126002,1257160,1263861,1765453,1012808,1,0,
1622,110497011009400,1.6368375,2,stimulus,99,110497003392300,1,0,16,1623,1700913265,1700913265,2,160028,159606,161385,163314,1428192,870912,1462223,437046,123649,122854,125858,125869,1257008,1263709,1765293,1012629,1,0,
1623,110497011009400,1.6368375,2,stimulus,99,110497003392300,1,0,16,1624,1700914270,1700914270,2,159999,159574,161351,163293,1428153,870871,1462185,437000,123612,122821,125840,125842,1256971,1263663,1765251,1012574,1,0,
1624,110497018189900,1.644018,2,stimulus,99,110497003392300,1,0,16,1625,1700915274,1700915274,2,160128,159691,161476,163424,1428263,870979,1462304,437113,123751,122959,125968,125959,1257091,1263779,1765369,1012703,1,0,
1625,110497018189900,1.644018,2,stimulus,99,110497003392300,1,0,16,1626,1700916279,1700916279,2,160313,159856,161638,163588,1428420,871129,1462465,437279,123938,123136,126144,126136,1257250,1263944,1765529,1012875,1,0,
1626,110497018189900,1.644018,2,stimulus,99,110497003392300,1,0,16,1627,1700917284,1700917284,2,160128,159699,161481,163449,1428251,870978,1462294,437088,123754,122968,125983,125988,1257068,1263762,1765336,1012663,1,0,
1627,110497018189900,1.644018,2,stimulus,99,110497003392300,1,0,16,1628,1700918289,1700918289,2,159825,159418,161233,163212,1428002,870735,1462029,436800,123448,122686,125716,125728,1256808,1263501,1765049,1012366,1,0,
1628,110497018189900,1.644018,2,stimulus,99,110497003392300,1,0,16,1629,1700919293,1700919293,2,159934,159521,161352,163331,1428141,870866,1462173,436934,123571,122798,125831,125849,1256957,1263655,1765192,1012517,1,0,
1629,110497018189900,1.644018,2,stimulus,99,110497003392300,1,0,16,1630,1700920298,1700920298,2,160054,159651,161485,163459,1428286,871012,1462329,437078,123708,122929,125941,125976,1257116,1263812,1765358,1012680,1,0,
1630,110497018189900,1.644018,2,stimulus,99,110497003392300,1,0,16,1631,1700921303,1700921303,2,160174,159769,161594,163571,1428401,871129,1462459,437209,123833,123046,126053,126096,1257252,1263935,1765508,1012831,1,0,
1631,110497025095000,1.6509231,2,stimulus,100,110497021088100,1,0,16,1632,1700922308,1700922308,2,160250,159834,161643,163625,1428463,871198,1462522,437286,123903,123104,126122,126160,1257320,1264005,1765581,1012918,1,0,
1632,110497025095000,1.6509231,2,stimulus,100,110497021088100,1,0,16,1633,1700923313,1700923313,2,160367,159926,161722,163700,1428554,871289,1462614,437378,124004,123203,126206,126253,1257415,1264111,1765678,1013033,1,0,
1633,110497025095000,1.6509231,2,stimulus,100,110497021088100,1,0,16,1634,1700924318,1700924318,2,160517,160058,161854,163824,1428671,871404,1462744,437504,124156,123354,126341,126381,1257539,1264243,1765821,1013186,1,0,
1634,110497025095000,1.6509231,2,stimulus,100,110497021088100,1,0,16,1635,1700925322,1700925322,2,160421,159967,161757,163725,1428558,871291,1462632,437383,124041,123254,126248,126284,1257429,1264134,1765708,1013068,1,0,
1635,110497025095000,1.6509231,2,stimulus,100,110497021088100,1,0,16,1636,1700926327,1700926327,2,160275,159836,161616,163584,1428419,871154,1462481,437221,123890,123111,126110,126155,1257286,1263990,1765556,1012918,1,0,
1636,110497025095000,1.6509231,2,stimulus,100,110497021088100,1,0,16,1637,1700927332,1700927332,2,160341,159898,161678,163630,1428464,871199,1462524,437271,123949,123164,126167,126209,1257338,1264043,1765613,1012983,1,0,
1637,110497025095000,1.6509231,2,stimulus,100,110497021088100,1,0,16,1638,1700928337,1700928337,2,160326,159874,161662,163609,1428441,871177,1462498,437241,123934,123146,126159,126198,1257312,1264024,1765594,1012962,1,0,
1638,110497032124100,1.6579522,2,stimulus,100,110497021088100,1,0,16,1639,1700929342,1700929342,2,160330,159869,161654,163614,1428423,871158,1462486,437229,123942,123143,126163,126195,1257313,1264009,1765589,1012954,1,0,
1639,110497032124100,1.6579522,2,stimulus,100,110497021088100,1,0,16,1640,1700930347,1700930347,2,160381,159904,161704,163670,1428461,871182,1462521,437260,123994,123194,126213,126231,1257342,1264046,1765618,1012991,1,0,
1640,110497032124100,1.6579522,2,stimulus,100,110497021088100,1,0,16,1641,1700931352,1700931352,2,160369,159883,161683,163653,1428428,871155,1462481,437219,123974,123183,126196,126207,1257294,1263998,1765568,1012937,1,0,
1641,110497032124100,1.6579522,2,stimulus,100,110497021088100,1,0,16,1642,1700932357,1700932357,2,160203,159733,161531,163504,1428266,870996,1462314,437046,123818,123031,126033,126049,1257111,1263807,1765369,1012729,1,0,
1642,110497032124100,1.6579522,2,stimulus,100,110497021088100,1,0,16,1643,1700933361,1700933361,2,160068,159609,161403,163378,1428130,870858,1462172,436890,123687,122898,125900,125921,1256956,1263651,1765204,1012568,1,0,
1643,110497032124100,1.6579522,2,stimulus,100,110497021088100,1,0,16,1644,1700934366,1700934366,2,160038,159571,161365,163341,1428087,870812,1462121,436835,123656,122861,125863,125888,1256905,1263596,1765149,1012511,1,0,
1644,110497032124100,1.6579522,2,stimulus,100,110497021088100,1,0,16,1645,1700935371,1700935371,2,160162,159667,161476,163441,1428179,870907,1462219,436933,123771,122985,125969,126003,1257016,1263699,1765256,1012621,1,0,
1645,110497039177000,1.6650051,2,stimulus,101,110497037408500,1,0,16,1646,1700936376,1700936376,2,160348,159841,161663,163617,1428332,871069,1462389,437106,123970,123171,126159,126187,1257183,1263868,1765426,1012798,1,0,
1646,110497039177000,1.6650051,2,stimulus,101,110497037408500,1,0,16,1647,1700937381,1700937381,2,160151,159684,161497,163468,1428168,870899,1462214,436909,123789,123002,125995,126027,1256996,1263682,1765228,1012581,1,0,
1647,110497039177000,1.6650051,2,stimulus,101,110497037408500,1,0,16,1648,1700938386,1700938386,2,159847,159417,161251,163238,1427928,870657,1461954,436628,123471,122723,125730,125775,1256730,1263419,1764951,1012283,1,0,
1648,110497039177000,1.6650051,2,stimulus,101,110497037408500,1,0,16,1649,1700939391,1700939391,2,159949,159515,161364,163364,1428051,870779,1462089,436751,123571,122825,125842,125888,1256873,1263560,1765085,1012421,1,0,
1649,110497039177000,1.6650051,2,stimulus,101,110497037408500,1,0,16,1650,1700940395,1700940395,2,160081,159654,161494,163497,1428197,870928,1462244,436895,123713,122950,125980,126023,1257035,1263723,1765251,1012591,1,0,
1650,110497039177000,1.6650051,2,stimulus,101,110497037408500,1,0,16,1651,1700941400,1700941400,2,160202,159763,161599,163593,1428318,871048,1462373,437027,123833,123061,126075,126129,1257174,1263863,1765392,1012740,1,0,
1651,110497039177000,1.6650051,2,stimulus,101,110497037408500,1,0,16,1652,1700942405,1700942405,2,160283,159836,161654,163641,1428381,871114,1462436,437098,123906,123118,126133,126189,1257247,1263941,1765464,1012825,1,0,
1652,110497046120300,1.6719484,2,stimulus,101,110497037408500,1,0,16,1653,1700943409,1700943409,2,160393,159923,161739,163719,1428462,871198,1462528,437187,124003,123206,126233,126281,1257338,1264034,1765568,1012931,1,0,
1653,110497046120300,1.6719484,2,stimulus,101,110497037408500,1,0,16,1654,1700944414,1700944414,2,160556,160067,161876,163850,1428591,871324,1462661,437330,124161,123363,126378,126414,1257473,1264174,1765724,1013097,1,0,
1654,110497046120300,1.6719484,2,stimulus,101,110497037408500,1,0,16,1655,1700945419,1700945419,2,160434,159964,161764,163739,1428463,871198,1462531,437188,124048,123256,126266,126303,1257344,1264048,1765598,1012971,1,0,
1655,110497046120300,1.6719484,2,stimulus,101,110497037408500,1,0,16,1656,1700946424,1700946424,2,160291,159838,161645,163618,1428328,871058,1462386,437029,123888,123115,126131,126178,1257207,1263898,1765451,1012823,1,0,
1656,110497046120300,1.6719484,2,stimulus,101,110497037408500,1,0,16,1657,1700947428,1700947428,2,160366,159907,161716,163684,1428384,871117,1462448,437088,123954,123179,126186,126242,1257266,1263966,1765510,1012898,1,0,
1657,110497046120300,1.6719484,2,stimulus,101,110497037408500,1,0,16,1658,1700948433,1700948433,2,160351,159897,161696,163668,1428359,871092,1462418,437057,123946,123168,126176,126231,1257241,1263944,1765486,1012881,1,0,
1658,110497046120300,1.6719484,2,stimulus,101,110497037408500,1,0,16,1659,1700949438,1700949438,2,160361,159896,161689,163667,1428350,871089,1462408,437048,123960,123162,126189,126239,1257236,1263939,1765483,1012867,1,0,
1659,110497053078700,1.6789068,2,stimulus,101,110497037408500,1,0,16,1660,1700950442,1700950442,2,160426,159943,161748,163704,1428389,871128,1462443,437086,124021,123218,126240,126281,1257278,1263971,1765513,1012908,1,0,
1660,110497053078700,1.6789068,2,stimulus,101,110497037408500,1,0,16,1661,1700951447,1700951447,2,160424,159932,161737,163697,1428366,871097,1462413,437054,124014,123208,126223,126266,1257243,1263936,1765474,1012869,1,0,
1661,110497053078700,1.6789068,2,stimulus,101,110497037408500,1,0,16,1662,1700952452,1700952452,2,160269,159791,161594,163554,1428207,870944,1462247,436887,123870,123065,126069,126116,1257061,1263764,1765287,1012669,1,0,
1662,110497053078700,1.6789068,2,stimulus,101,110497037408500,1,0,16,1663,1700953457,1700953457,2,160128,159667,161473,163424,1428072,870799,1462103,436739,123724,122934,125940,125979,1256907,1263608,1765123,1012502,1,0,
1663,110497053078700,1.6789068,2,stimulus,101,110497037408500,1,0,16,1664,1700954462,1700954462,2,160096,159643,161456,163389,1428041,870761,1462067,436699,123690,122904,125912,125941,1256868,1263561,1765082,1012458,1,0,
1664,110497053078700,1.6789068,2,stimulus,101,110497037408500,1,0,16,1665,1700955467,1700955467,2,160223,159758,161569,163503,1428146,870877,1462183,436813,123828,123020,126041,126061,1256984,1263674,1765195,1012584,1,0,
1665,110497053078700,1.6789068,2,stimulus,101,110497037408500,1,0,16,1666,1700956472,1700956472,2,160408,159921,161733,163659,1428293,871034,1462335,436966,124023,123190,126211,126224,1257140,1263830,1765356,1012748,1,0,
1666,110497060084600,1.6859127,2,stimulus,102,110497053764000,1,1,16,1667,1700957476,1700957476,2,160184,159724,161544,163485,1428101,870841,1462133,436753,123824,123003,126024,126034,1256934,1263623,1765133,1012504,1,0,
1667,110497060084600,1.6859127,2,stimulus,102,110497053764000,1,1,16,1668,1700958481,1700958481,2,159889,159467,161309,163265,1427866,870600,1461888,436479,123524,122729,125773,125783,1256690,1263373,1764867,1012221,1,0,
1668,110497060084600,1.6859127,2,stimulus,102,110497053764000,1,1,16,1669,1700959486,1700959486,2,159994,159579,161426,163374,1428000,870736,1462033,436610,123626,122846,125880,125902,1256830,1263525,1765010,1012367,1,0,
1669,110497060084600,1.6859127,2,stimulus,102,110497053764000,1,1,16,1670,1700960490,1700960490,2,160127,159708,161551,163496,1428140,870881,1462178,436762,123759,122977,126004,126038,1256993,1263686,1765171,1012536,1,0,
1670,110497060084600,1.6859127,2,stimulus,102,110497053764000,1,1,16,1671,1700961495,1700961495,2,160259,159812,161641,163590,1428245,870998,1462299,436886,123874,123076,126111,126149,1257118,1263812,1765304,1012682,1,0,
1671,110497060084600,1.6859127,2,stimulus,102,110497053764000,1,1,16,1672,1700962500,1700962500,2,160340,159878,161693,163639,1428305,871061,1462364,436953,123944,123130,126171,126199,1257188,1263883,1765381,1012766,1,0,
1672,110497060084600,1.6859127,2,stimulus,102,110497053764000,1,1,16,1673,1700963505,1700963505,2,160439,159966,161783,163729,1428399,871144,1462458,437045,124053,123220,126272,126286,1257280,1263980,1765486,1012878,1,0,
1673,110497067246200,1.6930743,2,stimulus,102,110497053764000,1,1,16,1674,1700964510,1700964510,2,160586,160097,161914,163847,1428513,871257,1462573,437174,124209,123357,126403,126414,1257409,1264108,1765622,1013038,1,0,
1674,110497067246200,1.6930743,2,stimulus,102,110497053764000,1,1,16,1675,1700965514,1700965514,2,160459,159973,161803,163736,1428386,871136,1462441,437021,124086,123232,126287,126292,1257277,1263972,1765484,1012903,1,0,
1675,110497067246200,1.6930743,2,stimulus,102,110497053764000,1,1,16,1676,1700966519,1700966519,2,160327,159855,161683,163624,1428259,871009,1462301,436873,123949,123111,126167,126169,1257146,1263842,1765352,1012768,1,0,
1676,110497067246200,1.6930743,2,stimulus,102,110497053764000,1,1,16,1677,1700967524,1700967524,2,160394,159909,161738,163679,1428305,871049,1462349,436928,124011,123184,126224,126225,1257196,1263904,1765413,1012826,1,0,
1677,110497067246200,1.6930743,2,stimulus,102,110497053764000,1,1,16,1678,1700968529,1700968529,2,160388,159907,161727,163666,1428291,871030,1462329,436906,124010,123182,126212,126216,1257171,1263878,1765396,1012811,1,0,
1678,110497067246200,1.6930743,2,stimulus,102,110497053764000,1,1,16,1679,1700969534,1700969534,2,160389,159911,161732,163656,1428273,871023,1462318,436892,124006,123187,126218,126215,1257164,1263871,1765388,1012806,1,0,
1679,110497067246200,1.6930743,2,stimulus,102,110497053764000,1,1,16,1680,1700970539,1700970539,2,160449,159962,161776,163701,1428305,871054,1462359,436932,124053,123238,126266,126261,1257208,1263910,1765419,1012839,1,0,
1680,110497074167600,1.6999957,2,stimulus,103,110497072921500,1,1,16,1681,1700971543,1700971543,2,160437,159951,161754,163685,1428286,871033,1462333,436891,124048,123231,126251,126248,1257170,1263873,1765377,1012794,1,0,
1681,110497074167600,1.6999957,2,stimulus,103,110497072921500,1,1,16,1682,1700972548,1700972548,2,160286,159811,161619,163558,1428138,870887,1462177,436736,123908,123086,126108,126106,1257006,1263708,1765199,1012609,1,0,
1682,110497074167600,1.6999957,2,stimulus,103,110497072921500,1,1,16,1683,1700973553,1700973553,2,160154,159689,161499,163435,1428002,870763,1462043,436598,123790,122962,125974,125983,1256864,1263563,1765051,1012452,1,0,
1683,110497074167600,1.6999957,2,stimulus,103,110497072921500,1,1,16,1684,1700974558,1700974558,2,160147,159692,161488,163417,1427986,870739,1462023,436564,123774,122941,125966,125973,1256830,1263527,1765017,1012423,1,0,
1684,110497074167600,1.6999957,2,stimulus,103,110497072921500,1,1,16,1685,1700975563,1700975563,2,160276,159816,161615,163540,1428103,870852,1462138,436683,123917,123071,126093,126091,1256946,1263643,1765135,1012549,1,0,
1685,110497074167600,1.6999957,2,stimulus,103,110497072921500,1,1,16,1686,1700976567,1700976567,2,160453,159978,161778,163708,1428256,871000,1462297,436851,124088,123251,126260,126261,1257113,1263803,1765293,1012716,1,0,
1686,110497074167600,1.6999957,2,stimulus,103,110497072921500,1,1,16,1687,1700977572,1700977572,2,160230,159776,161591,163533,1428061,870806,1462088,436629,123873,123058,126071,126074,1256903,1263591,1765065,1012478,1,0,
1687,110497081160900,1.706989,2,stimulus,103,110497072921500,1,1,16,1688,1700978577,1700978577,2,159938,159523,161359,163299,1427829,870568,1461831,436349,123570,122784,125823,125826,1256647,1263342,1764796,1012188,1,0,
1688,110497081160900,1.706989,2,stimulus,103,110497072921500,1,1,16,1689,1700979582,1700979582,2,160068,159647,161484,163421,1427970,870723,1461986,436486,123686,122899,125949,125963,1256804,1263504,1764951,1012344,1,0,
1689,110497081160900,1.706989,2,stimulus,103,110497072921500,1,1,16,1690,1700980587,1700980587,2,160196,159758,161603,163526,1428099,870855,1462126,436628,123814,123018,126061,126086,1256951,1263651,1765109,1012503,1,0,
1690,110497081160900,1.706989,2,stimulus,103,110497072921500,1,1,16,1691,1700981591,1700981591,2,160303,159844,161684,163601,1428199,870956,1462228,436741,123913,123118,126145,126179,1257062,1263758,1765221,1012631,1,0,
1691,110497081160900,1.706989,2,stimulus,103,110497072921500,1,1,16,1692,1700982596,1700982596,2,160363,159894,161729,163658,1428244,871016,1462287,436804,123986,123177,126185,126234,1257126,1263825,1765291,1012708,1,0,
1692,110497081160900,1.706989,2,stimulus,103,110497072921500,1,1,16,1693,1700983601,1700983601,2,160467,159982,161815,163746,1428326,871089,1462374,436884,124085,123268,126278,126322,1257216,1263915,1765386,1012816,1,0,
1693,110497081160900,1.706989,2,stimulus,103,110497072921500,1,1,16,1694,1700984606,1700984606,2,160614,160111,161939,163861,1428435,871199,1462493,437009,124232,123416,126406,126444,1257346,1264039,1765522,1012966,1,0,
1694,110497088165300,1.7139934,2,stimulus,103,110497072921500,1,1,16,1695,1700985610,1700985610,2,160482,159996,161819,163749,1428312,871075,1462359,436873,124109,123306,126291,126326,1257213,1263910,1765388,1012826,1,0,
1695,110497088165300,1.7139934,2,stimulus,103,110497072921500,1,1,16,1696,1700986615,1700986615,2,160354,159878,161709,163645,1428191,870949,1462228,436739,123973,123194,126168,126211,1257083,1263788,1765261,1012689,1,0,
1696,110497088165300,1.7139934,2,stimulus,103,110497072921500,1,1,16,1697,1700987620,1700987620,2,160406,159926,161754,163688,1428223,870987,1462272,436778,124026,123244,126218,126254,1257130,1263831,1765315,1012745,1,0,
1697,110497088165300,1.7139934,2,stimulus,103,110497072921500,1,1,16,1698,1700988625,1700988625,2,160371,159914,161728,163677,1428199,870961,1462243,436743,124026,123235,126211,126238,1257103,1263808,1765289,1012724,1,0,
1698,110497088165300,1.7139934,2,stimulus,103,110497072921500,1,1,16,1699,1700989629,1700989629,2,160381,159927,161725,163677,1428195,870952,1462235,436735,124033,123238,126221,126243,1257089,1263796,1765278,1012717,1,0,
1699,110497088165300,1.7139934,2,stimulus,103,110497072921500,1,1,16,1700,1700990634,1700990634,2,160438,159978,161775,163724,1428233,870989,1462269,436769,124083,123284,126274,126290,1257124,1263828,1765311,1012753,1,0,
1700,110497088165300,1.7139934,2,stimulus,103,110497072921500,1,1,16,1701,1700991639,1700991639,2,160432,159968,161769,163706,1428208,870967,1462239,436739,124071,123264,126250,126278,1257086,1263793,1765264,1012711,1,0,
1701,110497095017100,1.7208452,2,stimulus,104,110497089069500,1,1,16,1702,1700992644,1700992644,2,160281,159831,161627,163576,1428056,870813,1462088,436572,123926,123124,126103,126129,1256924,1263624,1765084,1012523,1,0,
1702,110497095017100,1.7208452,2,stimulus,104,110497089069500,1,1,16,1703,1700993649,1700993649,2,160161,159713,161503,163468,1427937,870693,1461959,436440,123809,123013,125989,126019,1256783,1263479,1764943,1012366,1,0,
1703,110497095017100,1.7208452,2,stimulus,104,110497089069500,1,1,16,1704,1700994654,1700994654,2,160130,159691,161474,163431,1427893,870661,1461907,436394,123793,122979,125963,125985,1256739,1263430,1764893,1012316,1,0,
1704,110497095017100,1.7208452,2,stimulus,104,110497089069500,1,1,16,1705,1700995659,1700995659,2,160254,159823,161598,163546,1427998,870766,1462019,436508,123926,123108,126091,126106,1256852,1263545,1765005,1012443,1,0,
1705,110497095017100,1.7208452,2,stimulus,104,110497089069500,1,1,16,1706,1700996664,1700996664,2,160432,159979,161756,163702,1428140,870910,1462171,436654,124096,123283,126252,126270,1256998,1263697,1765149,1012594,1,0,
1706,110497095017100,1.7208452,2,stimulus,104,110497089069500,1,1,16,1707,1700997668,1700997668,2,160200,159780,161575,163515,1427946,870705,1461962,436440,123874,123076,126058,126078,1256781,1263478,1764911,1012349,1,0,
1707,110497095017100,1.7208452,2,stimulus,104,110497089069500,1,1,16,1708,1700998673,1700998673,2,159934,159559,161373,163313,1427742,870497,1461750,436193,123613,122819,125829,125860,1256564,1263258,1764685,1012088,1,0,
1708,110497102043700,1.7278718,2,stimulus,104,110497089069500,1,1,16,1709,1700999678,1700999678,2,160051,159692,161503,163432,1427883,870639,1461897,436338,123727,122924,125964,125994,1256729,1263414,1764846,1012244,1,0,
1709,110497102043700,1.7278718,2,stimulus,104,110497089069500,1,1,16,1710,1701000683,1701000683,2,160177,159808,161615,163540,1428009,870776,1462034,436473,123845,123032,126075,126109,1256873,1263559,1764994,1012410,1,0,
1710,110497102043700,1.7278718,2,stimulus,104,110497089069500,1,1,16,1711,1701001688,1701001688,2,160303,159911,161715,163634,1428129,870893,1462158,436594,123953,123144,126178,126216,1256999,1263694,1765122,1012559,1,0,
1711,110497102043700,1.7278718,2,stimulus,104,110497089069500,1,1,16,1712,1701002693,1701002693,2,160366,159963,161758,163665,1428178,870949,1462212,436656,124004,123201,126223,126259,1257064,1263747,1765192,1012627,1,0,
1712,110497102043700,1.7278718,2,stimulus,104,110497089069500,1,1,16,1713,1701003698,1701003698,2,160471,160045,161846,163739,1428250,871024,1462302,436743,124093,123288,126305,126351,1257158,1263843,1765296,1012739,1,0,
1713,110497102043700,1.7278718,2,stimulus,104,110497089069500,1,1,16,1714,1701004703,1701004703,2,160616,160179,161961,163873,1428365,871143,1462426,436869,124238,123413,126434,126488,1257274,1263974,1765428,1012890,1,0,
1714,110497102043700,1.7278718,2,stimulus,104,110497089069500,1,1,16,1715,1701005708,1701005708,2,160497,160066,161850,163768,1428237,871014,1462290,436731,124120,123287,126305,126364,1257142,1263834,1765290,1012748,1,0,
1715,110497109120800,1.7349489,2,stimulus,105,110497104623200,1,0,16,1716,1701006713,1701006713,2,160364,159939,161730,163654,1428115,870893,1462151,436584,123982,123162,126184,126245,1257019,1263709,1765163,1012619,1,0,
1716,110497109120800,1.7349489,2,stimulus,105,110497104623200,1,0,16,1717,1701007717,1701007717,2,160427,159995,161773,163709,1428163,870940,1462201,436636,124049,123218,126250,126309,1257070,1263766,1765224,1012688,1,0,
1717,110497109120800,1.7349489,2,stimulus,105,110497104623200,1,0,16,1718,1701008722,1701008722,2,160401,159966,161751,163677,1428129,870893,1462169,436598,124039,123205,126225,126281,1257036,1263733,1765191,1012655,1,0,
1718,110497109120800,1.7349489,2,stimulus,105,110497104623200,1,0,16,1719,1701009727,1701009727,2,160403,159963,161750,163676,1428118,870884,1462151,436589,124051,123229,126219,126283,1257027,1263734,1765181,1012645,1,0,
1719,110497109120800,1.7349489,2,stimulus,105,110497104623200,1,0,16,1720,1701010732,1701010732,2,160457,160016,161798,163729,1428155,870924,1462193,436633,124121,123285,126273,126338,1257069,1263767,1765219,1012681,1,0,
1720,110497109120800,1.7349489,2,stimulus,105,110497104623200,1,0,16,1721,1701011737,1701011737,2,160441,159994,161779,163703,1428117,870894,1462153,436583,124104,123258,126252,126314,1257016,1263712,1765168,1012628,1,0,
1721,110497109120800,1.7349489,2,stimulus,105,110497104623200,1,0,16,1722,1701012742,1701012742,2,160286,159846,161633,163559,1427969,870742,1461990,436420,123937,123106,126098,126156,1256846,1263536,1764986,1012431,1,0,
1722,110497116171400,1.7419995,2,stimulus,105,110497104623200,1,0,16,1723,1701013747,1701013747,2,160161,159734,161513,163451,1427846,870611,1461871,436281,123818,122982,125974,126036,1256707,1263400,1764839,1012276,1,0,
1723,110497116171400,1.7419995,2,stimulus,105,110497104623200,1,0,16,1724,1701014752,1701014752,2,160147,159712,161495,163436,1427819,870583,1461832,436250,123794,122969,125967,126011,1256672,1263369,1764796,1012232,1,0,
1724,110497116171400,1.7419995,2,stimulus,105,110497104623200,1,0,16,1725,1701015757,1701015757,2,160269,159816,161596,163533,1427907,870681,1461929,436351,123914,123088,126077,126122,1256774,1263464,1764899,1012342,1,0,
1725,110497116171400,1.7419995,2,stimulus,105,110497104623200,1,0,16,1726,1701016762,1701016762,2,160436,159972,161756,163678,1428034,870818,1462069,436493,124085,123244,126236,126278,1256920,1263606,1765043,1012493,1,0,
1726,110497116171400,1.7419995,2,stimulus,105,110497104623200,1,0,16,1727,1701017767,1701017767,2,160199,159761,161564,163485,1427833,870608,1461854,436255,123840,123035,126044,126076,1256693,1263386,1764805,1012236,1,0,
1727,110497116171400,1.7419995,2,stimulus,105,110497104623200,1,0,16,1728,1701018771,1701018771,2,159933,159543,161355,163293,1427642,870409,1461641,436018,123568,122799,125830,125853,1256472,1263161,1764574,1011983,1,0,
1728,110497116171400,1.7419995,2,stimulus,105,110497104623200,1,0,16,1729,1701019776,1701019776,2,160056,159672,161479,163424,1427790,870562,1461794,436171,123698,122918,125957,125976,1256637,1263331,1764731,1012148,1,0,
1729,110497123092100,1.7489202,2,stimulus,106,110497122024600,1,0,16,1730,1701020781,1701020781,2,160190,159794,161605,163539,1427927,870703,1461944,436312,123831,123043,126081,126108,1256795,1263491,1764894,1012314,1,0,
1730,110497123092100,1.7489202,2,stimulus,106,110497122024600,1,0,16,1731,1701021786,1701021786,2,160299,159884,161708,163626,1428033,870805,1462055,436428,123935,123141,126174,126201,1256914,1263614,1765015,1012449,1,0,
1731,110497123092100,1.7489202,2,stimulus,106,110497122024600,1,0,16,1732,1701022791,1701022791,2,160366,159933,161751,163668,1428086,870856,1462104,436494,123993,123199,126225,126241,1256979,1263677,1765083,1012520,1,0,
1732,110497123092100,1.7489202,2,stimulus,106,110497122024600,1,0,16,1733,1701023796,1701023796,2,160483,160023,161845,163763,1428176,870953,1462213,436587,124113,123304,126319,126342,1257074,1263782,1765196,1012652,1,0,
1733,110497123092100,1.7489202,2,stimulus,106,110497122024600,1,0,16,1734,1701024801,1701024801,2,160634,160159,161976,163896,1428301,871083,1462351,436723,124277,123449,126454,126484,1257210,1263924,1765340,1012811,1,0,
1734,110497123092100,1.7489202,2,stimulus,106,110497122024600,1,0,16,1735,1701025806,1701025806,2,160493,160038,161852,163775,1428165,870941,1462204,436567,124129,123321,126324,126349,1257061,1263777,1765192,1012661,1,0,
1735,110497123092100,1.7489202,2,stimulus,106,110497122024600,1,0,16,1736,1701026811,1701026811,2,160369,159936,161755,163674,1428063,870822,1462081,436434,124011,123209,126219,126248,1256948,1263664,1765077,1012545,1,0,
1736,110497130075300,1.7559034,2,stimulus,106,110497122024600,1,0,16,1737,1701027816,1701027816,2,160428,160004,161821,163719,1428114,870883,1462140,436493,124088,123273,126282,126311,1257013,1263731,1765147,1012617,1,0,
1737,110497130075300,1.7559034,2,stimulus,106,110497122024600,1,0,16,1738,1701028821,1701028821,2,160396,159981,161808,163691,1428082,870854,1462102,436458,124073,123262,126264,126285,1256980,1263701,1765113,1012591,1,0,
1738,110497130075300,1.7559034,2,stimulus,106,110497122024600,1,0,16,1739,1701029826,1701029826,2,160391,159978,161807,163696,1428071,870841,1462095,436439,124080,123266,126260,126289,1256964,1263692,1765105,1012575,1,0,
1739,110497130075300,1.7559034,2,stimulus,106,110497122024600,1,0,16,1740,1701030831,1701030831,2,160440,160014,161839,163738,1428093,870867,1462123,436459,124123,123303,126297,126326,1256984,1263702,1765129,1012596,1,0,
1740,110497130075300,1.7559034,2,stimulus,106,110497122024600,1,0,16,1741,1701031836,1701031836,2,160406,159976,161803,163716,1428046,870812,1462060,436403,124086,123273,126258,126285,1256923,1263639,1765059,1012528,1,0,
1741,110497130075300,1.7559034,2,stimulus,106,110497122024600,1,0,16,1742,1701032841,1701032841,2,160255,159849,161666,163576,1427894,870661,1461906,436238,123929,123120,126118,126133,1256760,1263468,1764876,1012336,1,0,
1742,110497130075300,1.7559034,2,stimulus,106,110497122024600,1,0,16,1743,1701033846,1701033846,2,160135,159744,161559,163469,1427777,870539,1461785,436113,123808,123008,126009,126018,1256623,1263334,1764736,1012191,1,0,
1743,110497137006600,1.7628347,2,stimulus,106,110497122024600,1,0,16,1744,1701034851,1701034851,2,160108,159719,161539,163439,1427746,870511,1461747,436079,123794,122985,125985,125984,1256593,1263297,1764694,1012154,1,0,
1744,110497137006600,1.7628347,2,stimulus,106,110497122024600,1,0,16,1745,1701035856,1701035856,2,160236,159846,161646,163547,1427853,870618,1461864,436188,123928,123107,126099,126098,1256706,1263408,1764811,1012273,1,0,
1745,110497137006600,1.7628347,2,stimulus,106,110497122024600,1,0,16,1746,1701036861,1701036861,2,160397,160001,161801,163699,1427994,870754,1462006,436336,124088,123261,126267,126265,1256847,1263554,1764950,1012418,1,0,
1746,110497137006600,1.7628347,2,stimulus,106,110497122024600,1,0,16,1747,1701037866,1701037866,2,160127,159771,161591,163493,1427765,870526,1461762,436078,123825,123018,126048,126038,1256596,1263300,1764683,1012134,1,0,
1747,110497137006600,1.7628347,2,stimulus,106,110497122024600,1,0,16,1748,1701038870,1701038870,2,159860,159531,161377,163282,1427555,870313,1461534,435819,123554,122759,125819,125806,1256373,1263073,1764439,1011878,1,0,
1748,110497137006600,1.7628347,2,stimulus,106,110497122024600,1,0,16,1749,1701039875,1701039875,2,159977,159645,161497,163393,1427691,870454,1461690,435956,123683,122880,125948,125934,1256533,1263230,1764600,1012037,1,0,
1749,110497137006600,1.7628347,2,stimulus,106,110497122024600,1,0,16,1750,1701040880,1701040880,2,160109,159773,161619,163505,1427833,870601,1461843,436112,123826,123004,126078,126062,1256690,1263393,1764769,1012218,1,0,
1750,110497144029000,1.7698571,2,stimulus,107,110497137909600,1,0,16,1751,1701041885,1701041885,2,160222,159875,161713,163586,1427937,870708,1461965,436233,123938,123113,126180,126149,1256817,1263511,1764890,1012358,1,0,
1751,110497144029000,1.7698571,2,stimulus,107,110497137909600,1,0,16,1752,1701042890,1701042890,2,160292,159919,161758,163628,1427989,870755,1462020,436294,124003,123163,126226,126189,1256878,1263568,1764948,1012429,1,0,
1752,110497144029000,1.7698571,2,stimulus,107,110497137909600,1,0,16,1753,1701043895,1701043895,2,160409,160010,161858,163725,1428085,870859,1462123,436391,124114,123267,126330,126295,1256976,1263684,1765071,1012559,1,0,
1753,110497144029000,1.7698571,2,stimulus,107,110497137909600,1,0,16,1754,1701044900,1701044900,2,160574,160144,161980,163859,1428209,870981,1462249,436528,124268,123421,126474,126441,1257113,1263824,1765209,1012721,1,0,
1754,110497144029000,1.7698571,2,stimulus,107,110497137909600,1,0,16,1755,1701045904,1701045904,2,160434,160020,161860,163738,1428077,870838,1462099,436384,124122,123305,126348,126304,1256976,1263679,1765068,1012568,1,0,
1755,110497144029000,1.7698571,2,stimulus,107,110497137909600,1,0,16,1756,1701046909,1701046909,2,160318,159916,161756,163635,1427959,870726,1461982,436252,123990,123193,126229,126194,1256857,1263555,1764948,1012452,1,0,
1756,110497144029000,1.7698571,2,stimulus,107,110497137909600,1,0,16,1757,1701047914,1701047914,2,160362,159953,161784,163661,1427976,870756,1462017,436277,124033,123232,126252,126226,1256883,1263592,1764989,1012489,1,0,
1757,110497151055000,1.7768831,2,stimulus,107,110497137909600,1,0,16,1758,1701048919,1701048919,2,160337,159916,161756,163619,1427940,870716,1461966,436229,124006,123214,126220,126198,1256838,1263558,1764946,1012449,1,0,
1758,110497151055000,1.7768831,2,stimulus,107,110497137909600,1,0,16,1759,1701049924,1701049924,2,160334,159924,161754,163620,1427933,870704,1461958,436219,124011,123214,126221,126200,1256835,1263550,1764937,1012444,1,0,
1759,110497151055000,1.7768831,2,stimulus,107,110497137909600,1,0,16,1760,1701050928,1701050928,2,160381,159959,161787,163664,1427958,870727,1461986,436236,124056,123243,126244,126229,1256857,1263558,1764957,1012464,1,0,
1760,110497151055000,1.7768831,2,stimulus,107,110497137909600,1,0,16,1761,1701051933,1701051933,2,160349,159924,161746,163625,1427914,870681,1461929,436186,124020,123207,126204,126193,1256795,1263496,1764887,1012399,1,0,
1761,110497151055000,1.7768831,2,stimulus,107,110497137909600,1,0,16,1762,1701052938,1701052938,2,160191,159769,161604,163468,1427753,870513,1461748,436009,123863,123048,126053,126042,1256611,1263313,1764693,1012199,1,0,
1762,110497151055000,1.7768831,2,stimulus,107,110497137909600,1,0,16,1763,1701053943,1701053943,2,160086,159655,161488,163356,1427629,870386,1461628,435884,123747,122926,125945,125935,1256475,1263176,1764559,1012044,1,0,
1763,110497151055000,1.7768831,2,stimulus,107,110497137909600,1,0,16,1764,1701054947,1701054947,2,160056,159632,161444,163329,1427586,870348,1461586,435834,123726,122903,125909,125903,1256429,1263128,1764508,1011988,1,0,
1764,110497158069100,1.7838972,2,stimulus,108,110497154995100,1,1,16,1765,1701055952,1701055952,2,160185,159753,161567,163437,1427683,870449,1461694,435939,123858,123025,126027,126013,1256537,1263242,1764624,1012114,1,0,
1765,110497158069100,1.7838972,2,stimulus,108,110497154995100,1,1,16,1766,1701056957,1701056957,2,160358,159919,161726,163598,1427831,870601,1461851,436091,124039,123182,126182,126176,1256689,1263393,1764771,1012279,1,0,
1766,110497158069100,1.7838972,2,stimulus,108,110497154995100,1,1,16,1767,1701057962,1701057962,2,160103,159695,161514,163401,1427615,870384,1461620,435843,123788,122953,125968,125962,1256456,1263149,1764510,1012003,1,0,
1767,110497158069100,1.7838972,2,stimulus,108,110497154995100,1,1,16,1768,1701058967,1701058967,2,159858,159474,161314,163208,1427422,870194,1461414,435611,123526,122730,125759,125753,1256253,1262931,1764289,1011754,1,0,
1768,110497158069100,1.7838972,2,stimulus,108,110497154995100,1,1,16,1769,1701059972,1701059972,2,159993,159601,161451,163334,1427574,870342,1461569,435756,123654,122867,125886,125886,1256420,1263101,1764450,1011921,1,0,
1769,110497158069100,1.7838972,2,stimulus,108,110497154995100,1,1,16,1770,1701060977,1701060977,2,160136,159732,161579,163457,1427718,870491,1461724,435909,123789,122998,126006,126009,1256573,1263264,1764611,1012088,1,0,
1770,110497158069100,1.7838972,2,stimulus,108,110497154995100,1,1,16,1771,1701061981,1701061981,2,160254,159820,161678,163550,1427814,870598,1461841,436026,123887,123095,126096,126120,1256687,1263385,1764743,1012222,1,0,
1771,110497165137900,1.790966,2,stimulus,108,110497154995100,1,1,16,1772,1701062986,1701062986,2,160317,159871,161729,163598,1427872,870649,1461896,436083,123946,123154,126138,126175,1256746,1263446,1764813,1012301,1,0,
1772,110497165137900,1.790966,2,stimulus,108,110497154995100,1,1,16,1773,1701063991,1701063991,2,160430,159966,161818,163686,1427956,870732,1461989,436174,124055,123253,126237,126269,1256846,1263552,1764917,1012420,1,0,
1773,110497165137900,1.790966,2,stimulus,108,110497154995100,1,1,16,1774,1701064996,1701064996,2,160572,160079,161929,163791,1428058,870835,1462096,436288,124184,123383,126356,126397,1256959,1263666,1765037,1012558,1,0,
1774,110497165137900,1.790966,2,stimulus,108,110497154995100,1,1,16,1775,1701066001,1701066001,2,160418,159924,161779,163648,1427898,870671,1461923,436103,124014,123230,126194,126252,1256786,1263495,1764861,1012386,1,0,
1775,110497165137900,1.790966,2,stimulus,108,110497154995100,1,1,16,1776,1701067006,1701067006,2,160311,159834,161676,163544,1427790,870564,1461810,435987,123893,123121,126090,126148,1256672,1263388,1764751,1012269,1,0,
1776,110497165137900,1.790966,2,stimulus,108,110497154995100,1,1,16,1777,1701068011,1701068011,2,160368,159900,161729,163594,1427836,870617,1461857,436042,123956,123186,126152,126206,1256727,1263447,1764813,1012338,1,0,
1777,110497165137900,1.790966,2,stimulus,108,110497154995100,1,1,16,1778,1701069016,1701069016,2,160338,159878,161713,163581,1427806,870583,1461822,436003,123944,123181,126131,126189,1256703,1263423,1764779,1012311,1,0,
1778,110497172105000,1.7979331,2,stimulus,108,110497154995100,1,1,16,1779,1701070021,1701070021,2,160341,159884,161706,163590,1427790,870573,1461811,435989,123955,123181,126129,126185,1256694,1263410,1764768,1012302,1,0,
1779,110497172105000,1.7979331,2,stimulus,108,110497154995100,1,1,16,1780,1701071026,1701071026,2,160395,159929,161755,163633,1427823,870603,1461847,436021,124012,123231,126189,126228,1256721,1263433,1764799,1012337,1,0,
1780,110497172105000,1.7979331,2,stimulus,108,110497154995100,1,1,16,1781,1701072030,1701072030,2,160359,159893,161721,163597,1427779,870543,1461795,435958,123979,123208,126152,126183,1256661,1263378,1764724,1012270,1,0,
1781,110497172105000,1.7979331,2,stimulus,108,110497154995100,1,1,16,1782,1701073036,1701073036,2,160201,159748,161571,163453,1427622,870387,1461629,435788,123829,123057,125993,126020,1256486,1263195,1764536,1012071,1,0,
1782,110497172105000,1.7979331,2,stimulus,108,110497154995100,1,1,16,1783,1701074040,1701074040,2,160083,159640,161462,163347,1427514,870276,1461503,435665,123727,122953,125886,125908,1256361,1263061,1764403,1011926,1,0,
1783,110497172105000,1.7979331,2,stimulus,108,110497154995100,1,1,16,1784,1701075045,1701075045,2,160076,159626,161449,163338,1427494,870249,1461484,435638,123720,122948,125864,125906,1256340,1263043,1764371,1011895,1,0,
1784,110497172105000,1.7979331,2,stimulus,108,110497154995100,1,1,16,1785,1701076050,1701076050,2,160205,159746,161566,163451,1427593,870357,1461597,435748,123848,123064,125988,126023,1256457,1263144,1764485,1012008,1,0,
1785,110497179206400,1.8050345,2,stimulus,108,110497154995100,1,1,16,1786,1701077055,1701077055,2,160364,159892,161715,163595,1427722,870492,1461742,435886,124011,123208,126141,126177,1256588,1263280,1764626,1012158,1,0,
1786,110497179206400,1.8050345,2,stimulus,108,110497154995100,1,1,16,1787,1701078060,1701078060,2,160083,159639,161468,163359,1427468,870238,1461467,435597,123721,122951,125897,125935,1256307,1263016,1764336,1011844,1,0,
1787,110497179206400,1.8050345,2,stimulus,108,110497154995100,1,1,16,1788,1701079065,1701079065,2,159841,159436,161280,163172,1427282,870052,1461266,435374,123468,122723,125687,125736,1256110,1262809,1764129,1011608,1,0,
1788,110497179206400,1.8050345,2,stimulus,108,110497154995100,1,1,16,1789,1701080070,1701080070,2,159968,159568,161409,163309,1427435,870199,1461423,435532,123593,122844,125814,125875,1256273,1262974,1764288,1011778,1,0,
1789,110497179206400,1.8050345,2,stimulus,108,110497154995100,1,1,16,1790,1701081075,1701081075,2,160079,159670,161518,163424,1427554,870328,1461554,435668,123714,122951,125927,125997,1256419,1263113,1764431,1011933,1,0,
1790,110497179206400,1.8050345,2,stimulus,108,110497154995100,1,1,16,1791,1701082080,1701082080,2,160194,159763,161608,163520,1427651,870439,1461670,435782,123831,123048,126038,126099,1256543,1263233,1764556,1012067,1,0,
1791,110497179206400,1.8050345,2,stimulus,108,110497154995100,1,1,16,1792,1701083085,1701083085,2,160276,159818,161654,163568,1427711,870499,1461738,435843,123910,123116,126098,126158,1256604,1263303,1764626,1012146,1,0,
1792,110497186277600,1.8121057,2,stimulus,108,110497154995100,1,1,16,1793,1701084090,1701084090,2,160402,159922,161757,163666,1427814,870594,1461844,435953,124026,123236,126203,126263,1256713,1263421,1764745,1012283,1,0,
1793,110497186277600,1.8121057,2,stimulus,108,110497154995100,1,1,16,1794,1701085095,1701085095,2,160544,160056,161882,163780,1427921,870704,1461959,436072,124159,123366,126330,126396,1256827,1263546,1764869,1012420,1,0,
1794,110497186277600,1.8121057,2,stimulus,108,110497154995100,1,1,16,1795,1701086100,1701086100,2,160395,159924,161739,163646,1427772,870556,1461801,435909,124011,123219,126201,126256,1256674,1263393,1764713,1012264,1,0,
1795,110497186277600,1.8121057,2,stimulus,108,110497154995100,1,1,16,1796,1701087104,1701087104,2,160273,159825,161641,163546,1427667,870443,1461679,435776,123889,123098,126103,126131,1256563,1263275,1764598,1012154,1,0,
1796,110497186277600,1.8121057,2,stimulus,108,110497154995100,1,1,16,1797,1701088109,1701088109,2,160318,159856,161669,163578,1427693,870476,1461712,435804,123934,123143,126139,126159,1256597,1263305,1764638,1012198,1,0,
1797,110497186277600,1.8121057,2,stimulus,108,110497154995100,1,1,16,1798,1701089114,1701089114,2,160294,159814,161635,163540,1427644,870437,1461676,435764,123913,123118,126111,126124,1256557,1263275,1764598,1012158,1,0,
1798,110497186277600,1.8121057,2,stimulus,108,110497154995100,1,1,16,1799,1701090119,1701090119,2,160287,159814,161644,163529,1427637,870413,1461663,435745,123916,123111,126101,126129,1256548,1263256,1764588,1012147,1,0,
1799,110497193076400,1.8189045,2,stimulus,108,110497154995100,1,1,16,1800,1701091124,1701091124,2,160341,159863,161688,163568,1427669,870449,1461694,435784,123964,123153,126142,126178,1256583,1263291,1764615,1012187,1,0,
1800,110497193076400,1.8189045,2,stimulus,108,110497154995100,1,1,16,1801,1701092129,1701092129,2,160316,159849,161661,163543,1427634,870414,1461656,435743,123940,123122,126113,126159,1256530,1263248,1764564,1012121,1,0,
1801,110497193076400,1.8189045,2,stimulus,108,110497154995100,1,1,16,1802,1701093133,1701093133,2,160154,159703,161521,163403,1427479,870254,1461494,435573,123785,122968,125958,126014,1256355,1263062,1764370,1011928,1,0,
1802,110497193076400,1.8189045,2,stimulus,108,110497154995100,1,1,16,1803,1701094138,1701094138,2,160038,159591,161423,163303,1427365,870143,1461369,435444,123673,122860,125858,125916,1256232,1262938,1764234,1011789,1,0,
1803,110497193076400,1.8189045,2,stimulus,108,110497154995100,1,1,16,1804,1701095143,1701095143,2,160031,159584,161408,163297,1427344,870124,1461349,435421,123653,122859,125851,125909,1256204,1262908,1764207,1011755,1,0,
1804,110497193076400,1.8189045,2,stimulus,108,110497154995100,1,1,16,1805,1701096148,1701096148,2,160176,159724,161535,163415,1427466,870241,1461473,435546,123797,123001,125984,126034,1256328,1263033,1764337,1011893,1,0,
1805,110497193076400,1.8189045,2,stimulus,108,110497154995100,1,1,16,1806,1701097152,1701097152,2,160356,159894,161694,163573,1427614,870384,1461627,435701,123978,123166,126159,126208,1256486,1263188,1764493,1012051,1,0,
1806,110497200081000,1.8259091,2,stimulus,110,110497197727000,1,1,16,1807,1701098157,1701098157,2,160068,159656,161465,163354,1427378,870144,1461381,435429,123705,122909,125921,125968,1256233,1262934,1764212,1011751,1,0,
1807,110497200081000,1.8259091,2,stimulus,110,110497197727000,1,1,16,1808,1701099162,1701099162,2,159841,159462,161286,163182,1427211,869976,1461193,435221,123468,122708,125723,125781,1256049,1262748,1764008,1011534,1,0,
1808,110497200081000,1.8259091,2,stimulus,110,110497197727000,1,1,16,1809,1701100166,1701100166,2,159978,159588,161409,163317,1427355,870130,1461349,435374,123599,122833,125860,125915,1256214,1262900,1764167,1011701,1,0,
1809,110497200081000,1.8259091,2,stimulus,110,110497197727000,1,1,16,1810,1701101171,1701101171,2,160116,159715,161526,163434,1427492,870278,1461499,435513,123734,122953,125989,126043,1256363,1263059,1764333,1011874,1,0,
1810,110497200081000,1.8259091,2,stimulus,110,110497197727000,1,1,16,1811,1701102176,1701102176,2,160243,159821,161625,163524,1427605,870389,1461621,435638,123856,123068,126099,126148,1256486,1263192,1764461,1012021,1,0,
1811,110497200081000,1.8259091,2,stimulus,110,110497197727000,1,1,16,1812,1701103181,1701103181,2,160308,159869,161680,163562,1427658,870439,1461673,435700,123912,123130,126148,126195,1256552,1263256,1764532,1012094,1,0,
1812,110497200081000,1.8259091,2,stimulus,110,110497197727000,1,1,16,1813,1701104186,1701104186,2,160433,159976,161785,163666,1427759,870543,1461775,435823,124038,123245,126268,126298,1256661,1263373,1764652,1012229,1,0,
1813,110497207136200,1.8329643,2,stimulus,110,110497197727000,1,1,16,1814,1701105190,1701105190,2,160584,160109,161910,163796,1427878,870667,1461910,435951,124193,123383,126413,126435,1256791,1263511,1764791,1012380,1,0,
1814,110497207136200,1.8329643,2,stimulus,110,110497197727000,1,1,16,1815,1701106195,1701106195,2,160443,159993,161781,163669,1427733,870528,1461769,435798,124048,123250,126283,126303,1256641,1263362,1764642,1012234,1,0,
1815,110497207136200,1.8329643,2,stimulus,110,110497197727000,1,1,16,1816,1701107200,1701107200,2,160344,159910,161693,163587,1427637,870424,1461663,435683,123943,123152,126174,126210,1256538,1263259,1764535,1012134,1,0,
1816,110497207136200,1.8329643,2,stimulus,110,110497197727000,1,1,16,1817,1701108205,1701108205,2,160401,159959,161735,163638,1427679,870464,1461701,435720,123999,123206,126225,126251,1256582,1263311,1764591,1012193,1,0,
1817,110497207136200,1.8329643,2,stimulus,110,110497197727000,1,1,16,1818,1701109210,1701109210,2,160367,159921,161699,163609,1427637,870417,1461654,435669,123981,123181,126209,126219,1256546,1263266,1764556,1012153,1,0,
1818,110497207136200,1.8329643,2,stimulus,110,110497197727000,1,1,16,1819,1701110214,1701110214,2,160373,159933,161708,163623,1427634,870411,1461654,435668,124001,123191,126227,126236,1256551,1263268,1764552,1012153,1,0,
1819,110497207136200,1.8329643,2,stimulus,110,110497197727000,1,1,16,1820,1701111219,1701111219,2,160408,159973,161739,163662,1427663,870446,1461674,435691,124033,123234,126265,126264,1256575,1263290,1764573,1012174,1,0,
1820,110497214056400,1.8398845,2,stimulus,110,110497197727000,1,1,16,1821,1701112224,1701112224,2,160351,159916,161685,163614,1427596,870376,1461608,435619,123978,123188,126209,126201,1256491,1263210,1764481,1012089,1,0,
1821,110497214056400,1.8398845,2,stimulus,110,110497197727000,1,1,16,1822,1701113229,1701113229,2,160169,159746,161522,163461,1427421,870196,1461426,435433,123808,123013,126028,126034,1256296,1263015,1764274,1011867,1,0,
1822,110497214056400,1.8398845,2,stimulus,110,110497197727000,1,1,16,1823,1701114233,1701114233,2,160043,159633,161423,163346,1427302,870075,1461305,435303,123688,122899,125911,125918,1256159,1262881,1764133,1011718,1,0,
1823,110497214056400,1.8398845,2,stimulus,110,110497197727000,1,1,16,1824,1701115238,1701115238,2,160046,159625,161427,163343,1427292,870063,1461299,435292,123684,122909,125914,125924,1256147,1262866,1764117,1011698,1,0,
1824,110497214056400,1.8398845,2,stimulus,110,110497197727000,1,1,16,1825,1701116243,1701116243,2,160193,159752,161564,163483,1427413,870195,1461426,435429,123835,123043,126053,126073,1256278,1262999,1764251,1011839,1,0,
1825,110497214056400,1.8398845,2,stimulus,110,110497197727000,1,1,16,1826,1701117247,1701117247,2,160346,159909,161708,163631,1427545,870329,1461561,435561,124011,123194,126201,126219,1256422,1263140,1764386,1011987,1,0,
1826,110497214056400,1.8398845,2,stimulus,110,110497197727000,1,1,16,1827,1701118252,1701118252,2,160060,159645,161454,163388,1427293,870067,1461288,435276,123732,122926,125951,125966,1256143,1262854,1764094,1011671,1,0,
1827,110497221088100,1.8469162,2,stimulus,110,110497197727000,1,1,16,1828,1701119257,1701119257,2,159856,159480,161299,163236,1427141,869909,1461124,435090,123496,122739,125777,125804,1255971,1262689,1763924,1011474,1,0,
1828,110497221088100,1.8469162,2,stimulus,110,110497197727000,1,1,16,1829,1701120262,1701120262,2,159991,159606,161429,163371,1427288,870068,1461276,435234,123618,122875,125909,125950,1256137,1262849,1764080,1011648,1,0,
1829,110497221088100,1.8469162,2,stimulus,110,110497197727000,1,1,16,1830,1701121266,1701121266,2,160137,159729,161556,163494,1427423,870214,1461428,435386,123758,123001,126049,126087,1256297,1263006,1764239,1011816,1,0,
1830,110497221088100,1.8469162,2,stimulus,110,110497197727000,1,1,16,1831,1701122271,1701122271,2,160246,159826,161644,163577,1427527,870311,1461543,435502,123868,123102,126140,126183,1256412,1263120,1764368,1011941,1,0,
1831,110497221088100,1.8469162,2,stimulus,110,110497197727000,1,1,16,1832,1701123276,1701123276,2,160305,159879,161686,163606,1427577,870353,1461590,435549,123934,123154,126171,126224,1256466,1263181,1764426,1012016,1,0,
1832,110497221088100,1.8469162,2,stimulus,110,110497197727000,1,1,16,1833,1701124281,1701124281,2,160427,159983,161786,163703,1427681,870451,1461702,435658,124060,123261,126265,126323,1256574,1263289,1764534,1012143,1,0,
1833,110497221088100,1.8469162,2,stimulus,110,110497197727000,1,1,16,1834,1701125285,1701125285,2,160547,160095,161887,163788,1427761,870547,1461798,435763,124195,123378,126383,126429,1256680,1263392,1764641,1012266,1,0,
1834,110497228100300,1.8539284,2,stimulus,110,110497197727000,1,1,16,1835,1701126290,1701126290,2,160391,159954,161749,163659,1427609,870403,1461626,435590,124049,123225,126245,126281,1256520,1263237,1764481,1012104,1,0,
1835,110497228100300,1.8539284,2,stimulus,110,110497197727000,1,1,16,1836,1701127295,1701127295,2,160300,159878,161668,163581,1427526,870307,1461533,435481,123956,123128,126163,126201,1256424,1263138,1764397,1012012,1,0,
1836,110497228100300,1.8539284,2,stimulus,110,110497197727000,1,1,16,1837,1701128300,1701128300,2,160353,159923,161718,163628,1427563,870344,1461581,435518,124012,123199,126214,126242,1256469,1263192,1764449,1012064,1,0,
1837,110497228100300,1.8539284,2,stimulus,110,110497197727000,1,1,16,1838,1701129305,1701129305,2,160337,159889,161699,163610,1427534,870309,1461548,435482,123992,123184,126197,126213,1256443,1263165,1764420,1012036,1,0,
1838,110497228100300,1.8539284,2,stimulus,110,110497197727000,1,1,16,1839,1701130309,1701130309,2,160358,159901,161719,163626,1427535,870316,1461551,435485,124009,123192,126216,126240,1256449,1263171,1764430,1012051,1,0,
1839,110497228100300,1.8539284,2,stimulus,110,110497197727000,1,1,16,1840,1701131314,1701131314,2,160421,159955,161771,163678,1427576,870361,1461593,435529,124071,123243,126264,126299,1256480,1263204,1764467,1012085,1,0,
1840,110497228100300,1.8539284,2,stimulus,110,110497197727000,1,1,16,1841,1701132319,1701132319,2,160382,159909,161743,163645,1427529,870308,1461541,435474,124034,123209,126226,126262,1256422,1263136,1764392,1012016,1,0,
1841,110497235053400,1.8608815,2,stimulus,111,110497229801000,1,0,16,1842,1701133324,1701133324,2,160209,159755,161598,163504,1427364,870144,1461369,435296,123871,123049,126063,126101,1256239,1262953,1764193,1011813,1,0,
1842,110497235053400,1.8608815,2,stimulus,111,110497229801000,1,0,16,1843,1701134328,1701134328,2,160104,159654,161501,163399,1427254,870038,1461251,435171,123768,122941,125959,125989,1256113,1262821,1764063,1011674,1,0,
1843,110497235053400,1.8608815,2,stimulus,111,110497229801000,1,0,16,1844,1701135333,1701135333,2,160104,159646,161496,163388,1427236,870019,1461241,435156,123769,122932,125957,125980,1256094,1262805,1764046,1011648,1,0,
1844,110497235053400,1.8608815,2,stimulus,111,110497229801000,1,0,16,1845,1701136338,1701136338,2,160241,159781,161615,163510,1427354,870131,1461359,435279,123906,123070,126096,126116,1256218,1262932,1764167,1011779,1,0,
1845,110497235053400,1.8608815,2,stimulus,111,110497229801000,1,0,16,1846,1701137343,1701137343,2,160392,159932,161761,163640,1427475,870259,1461489,435407,124058,123215,126248,126260,1256352,1263057,1764296,1011921,1,0,
1846,110497235053400,1.8608815,2,stimulus,111,110497229801000,1,0,16,1847,1701138348,1701138348,2,160088,159663,161521,163396,1427221,870006,1461212,435109,123762,122931,125999,125996,1256069,1262768,1763987,1011593,1,0,
1847,110497235053400,1.8608815,2,stimulus,111,110497229801000,1,0,16,1848,1701139352,1701139352,2,159874,159483,161358,163238,1427064,869848,1461043,434918,123539,122729,125829,125822,1255900,1262598,1763805,1011394,1,0,
1848,110497242151000,1.8679791,2,stimulus,112,110497238253000,1,0,16,1849,1701140357,1701140357,2,160016,159606,161486,163369,1427214,870004,1461204,435069,123663,122865,125963,125964,1256058,1262765,1763971,1011573,1,0,
1849,110497242151000,1.8679791,2,stimulus,112,110497238253000,1,0,16,1850,1701141362,1701141362,2,160134,159723,161591,163465,1427343,870127,1461343,435206,123780,122985,126087,126078,1256209,1262909,1764118,1011723,1,0,
1850,110497242151000,1.8679791,2,stimulus,112,110497238253000,1,0,16,1851,1701142367,1701142367,2,160235,159821,161668,163549,1427442,870234,1461444,435323,123878,123077,126172,126161,1256331,1263026,1764237,1011844,1,0,
1851,110497242151000,1.8679791,2,stimulus,112,110497238253000,1,0,16,1852,1701143372,1701143372,2,160299,159876,161716,163608,1427506,870294,1461514,435390,123949,123135,126220,126213,1256392,1263099,1764313,1011923,1,0,
1852,110497242151000,1.8679791,2,stimulus,112,110497238253000,1,0,16,1853,1701144377,1701144377,2,160426,159985,161828,163701,1427594,870393,1461621,435500,124073,123247,126338,126324,1256499,1263210,1764436,1012070,1,0,
1853,110497242151000,1.8679791,2,stimulus,112,110497238253000,1,0,16,1854,1701145382,1701145382,2,160569,160109,161940,163807,1427689,870501,1461730,435617,124214,123372,126456,126438,1256610,1263321,1764558,1012214,1,0,
1854,110497242151000,1.8679791,2,stimulus,112,110497238253000,1,0,16,1855,1701146387,1701146387,2,160410,159958,161784,163659,1427526,870333,1461550,435443,124056,123208,126300,126286,1256433,1263151,1764379,1012031,1,0,
1855,110497248986400,1.8748145,2,stimulus,113,110497242728900,1,0,16,1856,1701147391,1701147391,2,160312,159868,161701,163576,1427435,870234,1461459,435326,123958,123106,126204,126198,1256343,1263056,1764284,1011931,1,0,
1856,110497248986400,1.8748145,2,stimulus,113,110497242728900,1,0,16,1857,1701148396,1701148396,2,160368,159928,161742,163624,1427469,870276,1461499,435360,124014,123168,126239,126250,1256386,1263103,1764330,1011981,1,0,
1857,110497248986400,1.8748145,2,stimulus,113,110497242728900,1,0,16,1858,1701149401,1701149401,2,160344,159902,161704,163586,1427436,870234,1461456,435321,123983,123152,126214,126228,1256348,1263068,1764292,1011949,1,0,
1858,110497248986400,1.8748145,2,stimulus,113,110497242728900,1,0,16,1859,1701150406,1701150406,2,160342,159899,161708,163583,1427429,870223,1461445,435304,123985,123163,126226,126217,1256343,1263060,1764276,1011943,1,0,
1859,110497248986400,1.8748145,2,stimulus,113,110497242728900,1,0,16,1860,1701151411,1701151411,2,160376,159949,161753,163634,1427456,870258,1461474,435338,124039,123209,126271,126256,1256365,1263082,1764306,1011970,1,0,
1860,110497248986400,1.8748145,2,stimulus,113,110497242728900,1,0,16,1861,1701152416,1701152416,2,160322,159907,161705,163595,1427396,870195,1461407,435266,123996,123152,126219,126204,1256287,1263003,1764224,1011878,1,0,
1861,110497248986400,1.8748145,2,stimulus,113,110497242728900,1,0,16,1862,1701153421,1701153421,2,160151,159750,161551,163449,1427224,870029,1461234,435086,123832,122989,126053,126038,1256089,1262811,1764026,1011665,1,0,
1862,110497256112400,1.8819405,2,stimulus,114,110497255099600,1,1,16,1863,1701154426,1701154426,2,160054,159646,161438,163346,1427120,869929,1461118,434973,123741,122891,125945,125926,1255974,1262688,1763899,1011533,1,0,
1863,110497256112400,1.8819405,2,stimulus,114,110497255099600,1,1,16,1864,1701155430,1701155430,2,160053,159633,161434,163331,1427106,869904,1461103,434949,123736,122893,125939,125919,1255956,1262674,1763869,1011509,1,0,
1864,110497256112400,1.8819405,2,stimulus,114,110497255099600,1,1,16,1865,1701156435,1701156435,2,160199,159760,161566,163455,1427216,870021,1461236,435073,123881,123038,126078,126053,1256086,1262798,1764000,1011641,1,0,
1865,110497256112400,1.8819405,2,stimulus,114,110497255099600,1,1,16,1866,1701157440,1701157440,2,160366,159908,161713,163617,1427359,870159,1461375,435218,124041,123207,126239,126211,1256231,1262947,1764144,1011794,1,0,
1866,110497256112400,1.8819405,2,stimulus,114,110497255099600,1,1,16,1867,1701158445,1701158445,2,160069,159642,161468,163379,1427106,869903,1461107,434929,123750,122944,125981,125953,1255953,1262666,1763846,1011471,1,0,
1867,110497256112400,1.8819405,2,stimulus,114,110497255099600,1,1,16,1868,1701159450,1701159450,2,159866,159468,161317,163229,1426953,869753,1460949,434746,123536,122759,125808,125786,1255796,1262504,1763674,1011281,1,0,
1868,110497256112400,1.8819405,2,stimulus,114,110497255099600,1,1,16,1869,1701160455,1701160455,2,159997,159598,161456,163369,1427104,869908,1461108,434903,123673,122886,125947,125934,1255966,1262679,1763844,1011461,1,0,
1869,110497262990000,1.8888181,2,stimulus,114,110497255099600,1,1,16,1870,1701161460,1701161460,2,160127,159713,161565,163487,1427236,870045,1461251,435043,123806,123005,126063,126066,1256119,1262829,1763996,1011623,1,0,
1870,110497262990000,1.8888181,2,stimulus,114,110497255099600,1,1,16,1871,1701162464,1701162464,2,160243,159804,161638,163571,1427339,870144,1461356,435149,123913,123099,126152,126165,1256228,1262947,1764114,1011756,1,0,
1871,110497262990000,1.8888181,2,stimulus,114,110497255099600,1,1,16,1872,1701163469,1701163469,2,160304,159869,161685,163624,1427391,870205,1461409,435213,123979,123151,126201,126202,1256291,1263013,1764182,1011837,1,0,
1872,110497262990000,1.8888181,2,stimulus,114,110497255099600,1,1,16,1873,1701164474,1701164474,2,160426,159974,161781,163721,1427482,870304,1461513,435320,124111,123265,126304,126303,1256401,1263118,1764301,1011961,1,0,
1873,110497262990000,1.8888181,2,stimulus,114,110497255099600,1,1,16,1874,1701165479,1701165479,2,160549,160074,161882,163818,1427569,870388,1461611,435421,124236,123381,126416,126404,1256499,1263214,1764400,1012084,1,0,
1874,110497262990000,1.8888181,2,stimulus,114,110497255099600,1,1,16,1875,1701166483,1701166483,2,160368,159899,161724,163666,1427401,870212,1461429,435229,124056,123210,126251,126235,1256306,1263031,1764216,1011900,1,0,
1875,110497262990000,1.8888181,2,stimulus,114,110497255099600,1,1,16,1876,1701167488,1701167488,2,160267,159818,161646,163579,1427305,870119,1461331,435118,123959,123121,126161,126141,1256214,1262930,1764121,1011796,1,0,
1876,110497270304600,1.8961327,2,stimulus,114,110497255099600,1,1,16,1877,1701168493,1701168493,2,160324,159871,161686,163618,1427342,870153,1461364,435150,124011,123174,126197,126178,1256251,1262973,1764161,1011843,1,0,
1877,110497270304600,1.8961327,2,stimulus,114,110497255099600,1,1,16,1878,1701169497,1701169497,2,160297,159841,161662,163589,1427299,870116,1461325,435113,123985,123148,126168,126149,1256220,1262947,1764126,1011810,1,0,
1878,110497270304600,1.8961327,2,stimulus,114,110497255099600,1,1,16,1879,1701170502,1701170502,2,160314,159848,161678,163606,1427301,870123,1461339,435115,124003,123169,126191,126170,1256226,1262948,1764134,1011824,1,0,
1879,110497270304600,1.8961327,2,stimulus,114,110497255099600,1,1,16,1880,1701171507,1701171507,2,160366,159905,161728,163663,1427341,870163,1461378,435152,124059,123213,126249,126221,1256257,1262984,1764168,1011855,1,0,
1880,110497270304600,1.8961327,2,stimulus,114,110497255099600,1,1,16,1881,1701172511,1701172511,2,160318,159878,161678,163622,1427291,870108,1461316,435083,124009,123166,126201,126163,1256187,1262912,1764094,1011777,1,0,
1881,110497270304600,1.8961327,2,stimulus,114,110497255099600,1,1,16,1882,1701173516,1701173516,2,160161,159726,161521,163483,1427133,869947,1461151,434909,123848,123011,126044,126011,1256005,1262731,1763910,1011581,1,0,
1882,110497270304600,1.8961327,2,stimulus,114,110497255099600,1,1,16,1883,1701174521,1701174521,2,160046,159629,161417,163394,1427029,869839,1461035,434786,123742,122895,125950,125910,1255885,1262612,1763781,1011441,1,0,
1883,110497277092700,1.9029208,2,stimulus,115,110497272121900,1,1,16,1884,1701175526,1701175526,2,160024,159622,161404,163379,1427008,869806,1461006,434758,123728,122883,125946,125894,1255861,1262581,1763747,1011407,1,0,
1884,110497277092700,1.9029208,2,stimulus,115,110497272121900,1,1,16,1885,1701176530,1701176530,2,160163,159756,161543,163513,1427129,869932,1461137,434886,123891,123028,126086,126034,1255994,1262708,1763872,1011548,1,0,
1885,110497277092700,1.9029208,2,stimulus,115,110497272121900,1,1,16,1886,1701177535,1701177535,2,160318,159890,161694,163651,1427253,870061,1461268,435005,124048,123181,126224,126179,1256126,1262834,1763999,1011686,1,0,
1886,110497277092700,1.9029208,2,stimulus,115,110497272121900,1,1,16,1887,1701178540,1701178540,2,159986,159606,161418,163385,1426969,869788,1460970,434684,123718,122889,125941,125897,1255813,1262538,1763674,1011341,1,0,
1887,110497277092700,1.9029208,2,stimulus,115,110497272121900,1,1,16,1888,1701179545,1701179545,2,159823,159465,161291,163265,1426851,869667,1460836,434533,123538,122742,125814,125755,1255693,1262406,1763536,1011178,1,0,
1888,110497277092700,1.9029208,2,stimulus,115,110497272121900,1,1,16,1889,1701180549,1701180549,2,159988,159624,161448,163423,1427022,869840,1461016,434713,123690,122897,125971,125918,1255888,1262590,1763729,1011376,1,0,
1889,110497277092700,1.9029208,2,stimulus,115,110497272121900,1,1,16,1890,1701181554,1701181554,2,160140,159752,161575,163534,1427159,869984,1461178,434869,123816,123032,126104,126058,1256045,1262752,1763891,1011546,1,0,
1890,110497284098700,1.9099268,2,stimulus,115,110497272121900,1,1,16,1891,1701182559,1701182559,2,160255,159851,161668,163616,1427261,870099,1461288,434973,123916,123126,126201,126151,1256159,1262873,1764018,1011673,1,0,
1891,110497284098700,1.9099268,2,stimulus,115,110497272121900,1,1,16,1892,1701183564,1701183564,2,160313,159894,161713,163664,1427313,870148,1461338,435023,123979,123171,126241,126200,1256220,1262929,1764081,1011750,1,0,
1892,110497284098700,1.9099268,2,stimulus,115,110497272121900,1,1,16,1893,1701184569,1701184569,2,160451,160004,161827,163770,1427426,870261,1461461,435150,124112,123299,126353,126314,1256340,1263058,1764209,1011900,1,0,
1893,110497284098700,1.9099268,2,stimulus,115,110497272121900,1,1,16,1894,1701185573,1701185573,2,160592,160118,161931,163881,1427524,870361,1461571,435264,124244,123414,126468,126433,1256449,1263171,1764328,1012033,1,0,
1894,110497284098700,1.9099268,2,stimulus,115,110497272121900,1,1,16,1895,1701186578,1701186578,2,160433,159968,161774,163739,1427368,870202,1461406,435083,124080,123247,126313,126299,1256287,1263004,1764156,1011850,1,0,
1895,110497284098700,1.9099268,2,stimulus,115,110497272121900,1,1,16,1896,1701187583,1701187583,2,160354,159900,161704,163660,1427299,870123,1461312,434988,123989,123164,126237,126223,1256202,1262920,1764074,1011769,1,0,
1896,110497284098700,1.9099268,2,stimulus,115,110497272121900,1,1,16,1897,1701188588,1701188588,2,160418,159949,161756,163706,1427333,870158,1461352,435028,124060,123229,126288,126262,1256248,1262971,1764127,1011831,1,0,
1897,110497291137400,1.9169655,2,stimulus,116,110497289389200,1,1,16,1898,1701189592,1701189592,2,160386,159918,161732,163676,1427296,870116,1461313,434988,124048,123209,126258,126242,1256208,1262940,1764089,1011799,1,0,
1898,110497291137400,1.9169655,2,stimulus,116,110497289389200,1,1,16,1899,1701190597,1701190597,2,160393,159928,161741,163675,1427283,870113,1461307,434972,124053,123224,126267,126248,1256200,1262938,1764086,1011800,1,0,
1899,110497291137400,1.9169655,2,stimulus,116,110497289389200,1,1,16,1900,1701191601,1701191601,2,160442,159971,161776,163711,1427313,870135,1461339,435006,124091,123264,126311,126280,1256224,1262958,1764108,1011826,1,0,
1900,110497291137400,1.9169655,2,stimulus,116,110497289389200,1,1,16,1901,1701192606,1701192606,2,160395,159912,161728,163658,1427251,870070,1461266,434938,124040,123204,126249,126212,1256146,1262873,1764025,1011736,1,0,
1901,110497291137400,1.9169655,2,stimulus,116,110497289389200,1,1,16,1902,1701193611,1701193611,2,160229,159754,161571,163500,1427086,869898,1461088,434751,123869,123034,126083,126039,1255959,1262680,1763828,1011524,1,0,
1902,110497291137400,1.9169655,2,stimulus,116,110497289389200,1,1,16,1903,1701194615,1701194615,2,160123,159669,161484,163407,1426981,869793,1460984,434641,123774,122940,125994,125939,1255851,1262571,1763698,1011398,1,0,
1903,110497291137400,1.9169655,2,stimulus,116,110497289389200,1,1,16,1904,1701195620,1701195620,2,160105,159664,161468,163403,1426968,869780,1460969,434618,123763,122946,125992,125935,1255828,1262546,1763669,1011381,1,0,
1904,110497297950900,1.923779,2,stimulus,116,110497289389200,1,1,16,1905,1701196625,1701196625,2,160240,159785,161596,163526,1427089,869898,1461094,434739,123913,123087,126120,126073,1255948,1262665,1763801,1011517,1,0,
1905,110497297950900,1.923779,2,stimulus,116,110497289389200,1,1,16,1906,1701197630,1701197630,2,160398,159939,161748,163671,1427224,870036,1461243,434894,124083,123243,126263,126233,1256097,1262805,1763944,1011659,1,0,
1906,110497297950900,1.923779,2,stimulus,116,110497289389200,1,1,16,1907,1701198634,1701198634,2,160092,159676,161495,163434,1426962,869773,1460965,434599,123776,122971,125991,125973,1255809,1262518,1763638,1011334,1,0,
1907,110497297950900,1.923779,2,stimulus,116,110497289389200,1,1,16,1908,1701199639,1701199639,2,159918,159524,161371,163314,1426835,869646,1460827,434435,123588,122815,125849,125829,1255677,1262388,1763493,1011165,1,0,
1908,110497297950900,1.923779,2,stimulus,116,110497289389200,1,1,16,1909,1701200644,1701200644,2,160043,159644,161492,163448,1426978,869792,1460984,434584,123710,122926,125983,125973,1255843,1262553,1763648,1011336,1,0,
1909,110497297950900,1.923779,2,stimulus,116,110497289389200,1,1,16,1910,1701201648,1701201648,2,160157,159739,161595,163552,1427100,869924,1461108,434710,123818,123039,126093,126092,1255981,1262694,1763787,1011492,1,0,
1910,110497297950900,1.923779,2,stimulus,116,110497289389200,1,1,16,1911,1701202653,1701202653,2,160263,159835,161683,163630,1427196,870016,1461212,434819,123915,123130,126171,126181,1256086,1262813,1763901,1011611,1,0,
1911,110497305127200,1.9309553,2,stimulus,117,110497304060600,1,0,16,1912,1701203658,1701203658,2,160332,159896,161732,163670,1427249,870069,1461273,434886,123978,123187,126221,126235,1256143,1262873,1763974,1011684,1,0,
1912,110497305127200,1.9309553,2,stimulus,117,110497304060600,1,0,16,1913,1701204663,1701204663,2,160465,160032,161851,163775,1427367,870188,1461400,435011,124123,123315,126349,126362,1256264,1262999,1764110,1011840,1,0,
1913,110497305127200,1.9309553,2,stimulus,117,110497304060600,1,0,16,1914,1701205668,1701205668,2,160586,160148,161953,163870,1427462,870284,1461503,435113,124248,123437,126464,126466,1256374,1263103,1764216,1011965,1,0,
1914,110497305127200,1.9309553,2,stimulus,117,110497304060600,1,0,16,1915,1701206672,1701206672,2,160414,159989,161804,163714,1427294,870116,1461322,434926,124065,123270,126296,126299,1256199,1262918,1764034,1011782,1,0,
1915,110497305127200,1.9309553,2,stimulus,117,110497304060600,1,0,16,1916,1701207677,1701207677,2,160336,159932,161734,163649,1427216,870030,1461238,434834,123979,123191,126223,126213,1256111,1262841,1763961,1011701,1,0,
1916,110497305127200,1.9309553,2,stimulus,117,110497304060600,1,0,16,1917,1701208682,1701208682,2,160392,159981,161774,163688,1427249,870066,1461276,434870,124041,123239,126274,126257,1256159,1262883,1764006,1011751,1,0,
1917,110497305127200,1.9309553,2,stimulus,117,110497304060600,1,0,16,1918,1701209687,1701209687,2,160351,159939,161744,163658,1427209,870020,1461231,434828,124031,123216,126239,126234,1256122,1262842,1763966,1011711,1,0,
1918,110497311956400,1.9377845,2,stimulus,117,110497304060600,1,0,16,1919,1701210691,1701210691,2,160363,159948,161759,163674,1427215,870029,1461239,434823,124048,123230,126252,126248,1256134,1262852,1763963,1011719,1,0,
1919,110497311956400,1.9377845,2,stimulus,117,110497304060600,1,0,16,1920,1701211696,1701211696,2,160419,160000,161818,163730,1427253,870078,1461282,434873,124105,123288,126299,126306,1256175,1262894,1764002,1011757,1,0,
1920,110497311956400,1.9377845,2,stimulus,117,110497304060600,1,0,16,1921,1701212701,1701212701,2,160369,159949,161759,163686,1427191,870010,1461215,434804,124054,123240,126239,126258,1256086,1262811,1763919,1011663,1,0,
1921,110497311956400,1.9377845,2,stimulus,117,110497304060600,1,0,16,1922,1701213705,1701213705,2,160214,159788,161602,163548,1427024,869844,1461043,434624,123886,123089,126092,126093,1255908,1262628,1763726,1011464,1,0,
1922,110497311956400,1.9377845,2,stimulus,117,110497304060600,1,0,16,1923,1701214710,1701214710,2,160113,159682,161519,163466,1426923,869739,1460929,434515,123778,122989,126004,125999,1255796,1262510,1763603,1011339,1,0,
1923,110497311956400,1.9377845,2,stimulus,117,110497304060600,1,0,16,1924,1701215715,1701215715,2,160101,159671,161517,163459,1426909,869726,1460915,434494,123773,122983,125997,126003,1255768,1262486,1763581,1011316,1,0,
1924,110497311956400,1.9377845,2,stimulus,117,110497304060600,1,0,16,1925,1701216719,1701216719,2,160244,159808,161642,163578,1427014,869839,1461030,434617,123906,123106,126124,126137,1255889,1262602,1763701,1011440,1,0,
1925,110497319101900,1.94493,2,stimulus,117,110497304060600,1,0,16,1926,1701217724,1701217724,2,160383,159943,161764,163698,1427126,869949,1461151,434738,124043,123241,126249,126274,1256009,1262715,1763815,1011569,1,0,
1926,110497319101900,1.94493,2,stimulus,117,110497304060600,1,0,16,1927,1701218729,1701218729,2,160031,159642,161465,163417,1426832,869649,1460839,434395,123709,122921,125939,125975,1255681,1262384,1763466,1011199,1,0,
1927,110497319101900,1.94493,2,stimulus,117,110497304060600,1,0,16,1928,1701219733,1701219733,2,159844,159496,161327,163293,1426699,869514,1460696,434232,123522,122750,125789,125824,1255546,1262254,1763316,1011037,1,0,
1928,110497319101900,1.94493,2,stimulus,117,110497304060600,1,0,16,1929,1701220738,1701220738,2,159984,159631,161462,163428,1426856,869673,1460858,434392,123666,122879,125926,125974,1255719,1262429,1763489,1011218,1,0,
1929,110497319101900,1.94493,2,stimulus,117,110497304060600,1,0,16,1930,1701221743,1701221743,2,160123,159753,161580,163553,1426998,869825,1461006,434543,123809,123008,126054,126096,1255882,1262584,1763653,1011390,1,0,
1930,110497319101900,1.94493,2,stimulus,117,110497304060600,1,0,16,1931,1701222748,1701222748,2,160244,159849,161669,163644,1427098,869931,1461118,434655,123913,123103,126156,126184,1255995,1262701,1763774,1011517,1,0,
1931,110497319101900,1.94493,2,stimulus,117,110497304060600,1,0,16,1932,1701223753,1701223753,2,160302,159892,161706,163675,1427139,869976,1461163,434712,123961,123148,126201,126215,1256039,1262754,1763832,1011577,1,0,
1932,110497326033900,1.951862,2,stimulus,118,110497320375700,1,0,16,1933,1701224758,1701224758,2,160428,159996,161813,163766,1427231,870070,1461270,434821,124078,123261,126299,126313,1256145,1262871,1763943,1011710,1,0,
1933,110497326033900,1.951862,2,stimulus,118,110497320375700,1,0,16,1934,1701225762,1701225762,2,160531,160082,161907,163839,1427305,870141,1461350,434899,124184,123357,126393,126414,1256225,1262948,1764031,1011806,1,0,
1934,110497326033900,1.951862,2,stimulus,118,110497320375700,1,0,16,1935,1701226767,1701226767,2,160341,159904,161734,163674,1427118,869958,1461151,434698,123987,123174,126217,126241,1256031,1262758,1763831,1011607,1,0,
1935,110497326033900,1.951862,2,stimulus,118,110497320375700,1,0,16,1936,1701227772,1701227772,2,160269,159821,161666,163597,1427039,869876,1461060,434600,123899,123094,126146,126167,1255951,1262674,1763756,1011514,1,0,
1936,110497326033900,1.951862,2,stimulus,118,110497320375700,1,0,16,1937,1701228777,1701228777,2,160328,159866,161704,163628,1427070,869912,1461103,434633,123951,123148,126201,126208,1255984,1262715,1763803,1011563,1,0,
1937,110497326033900,1.951862,2,stimulus,118,110497320375700,1,0,16,1938,1701229782,1701229782,2,160298,159839,161678,163603,1427032,869871,1461058,434584,123925,123133,126187,126173,1255945,1262673,1763760,1011531,1,0,
1938,110497326033900,1.951862,2,stimulus,118,110497320375700,1,0,16,1939,1701230787,1701230787,2,160318,159857,161703,163623,1427036,869884,1461075,434588,123958,123151,126205,126186,1255957,1262681,1763764,1011539,1,0,
1939,110497332969100,1.9587972,2,stimulus,118,110497320375700,1,0,16,1940,1701231791,1701231791,2,160369,159893,161749,163654,1427071,869918,1461113,434613,124002,123194,126239,126225,1255984,1262711,1763794,1011565,1,0,
1940,110497332969100,1.9587972,2,stimulus,118,110497320375700,1,0,16,1941,1701232796,1701232796,2,160309,159836,161688,163594,1426993,869838,1461028,434538,123941,123122,126178,126161,1255901,1262614,1763704,1011468,1,0,
1941,110497332969100,1.9587972,2,stimulus,118,110497320375700,1,0,16,1942,1701233801,1701233801,2,160148,159688,161526,163446,1426829,869669,1460846,434358,123773,122964,126012,126004,1255712,1262426,1763501,1011269,1,0,
1942,110497332969100,1.9587972,2,stimulus,118,110497320375700,1,0,16,1943,1701234806,1701234806,2,160044,159597,161438,163364,1426729,869568,1460742,434252,123674,122860,125913,125913,1255597,1262318,1763382,1011148,1,0,
1943,110497332969100,1.9587972,2,stimulus,118,110497320375700,1,0,16,1944,1701235811,1701235811,2,160039,159591,161429,163358,1426721,869551,1460734,434238,123675,122862,125919,125897,1255581,1262296,1763360,1011122,1,0,
1944,110497332969100,1.9587972,2,stimulus,118,110497320375700,1,0,16,1945,1701236816,1701236816,2,160189,159730,161560,163490,1426838,869673,1460863,434364,123824,122996,126061,126026,1255715,1262418,1763493,1011253,1,0,
1945,110497332969100,1.9587972,2,stimulus,118,110497320375700,1,0,16,1946,1701237821,1701237821,2,160333,159864,161694,163619,1426953,869789,1460984,434486,123979,123139,126199,126156,1255837,1262546,1763608,1011382,1,0,
1946,110497340015100,1.9658432,2,stimulus,119,110497337297300,1,0,16,1947,1701238826,1701238826,2,160000,159564,161409,163352,1426667,869505,1460678,434162,123652,122844,125899,125868,1255521,1262228,1763276,1011026,1,0,
1947,110497340015100,1.9658432,2,stimulus,119,110497337297300,1,0,16,1948,1701239831,1701239831,2,159839,159438,161297,163239,1426564,869399,1460561,434028,123486,122701,125763,125753,1255403,1262109,1763156,1010888,1,0,
1948,110497340015100,1.9658432,2,stimulus,119,110497337297300,1,0,16,1949,1701240836,1701240836,2,159991,159563,161429,163376,1426719,869558,1460725,434191,123620,122829,125895,125896,1255571,1262285,1763326,1011064,1,0,
1949,110497340015100,1.9658432,2,stimulus,119,110497337297300,1,0,16,1950,1701241840,1701241840,2,160125,159694,161538,163489,1426854,869699,1460878,434333,123745,122960,126016,126023,1255729,1262439,1763478,1011242,1,0,
1950,110497340015100,1.9658432,2,stimulus,119,110497337297300,1,0,16,1951,1701242845,1701242845,2,160229,159793,161625,163574,1426958,869801,1460988,434439,123860,123057,126099,126120,1255842,1262554,1763595,1011368,1,0,
1951,110497340015100,1.9658432,2,stimulus,119,110497337297300,1,0,16,1952,1701243850,1701243850,2,160299,159841,161661,163599,1426998,869844,1461034,434493,123916,123108,126131,126161,1255891,1262606,1763653,1011421,1,0,
1952,110497340015100,1.9658432,2,stimulus,119,110497337297300,1,0,16,1953,1701244855,1701244855,2,160429,159952,161763,163694,1427103,869950,1461139,434606,124038,123213,126253,126277,1256004,1262727,1763773,1011564,1,0,
1953,110497347041000,1.9728691,2,stimulus,119,110497337297300,1,0,16,1954,1701245860,1701245860,2,160534,160051,161861,163786,1427178,870033,1461223,434692,124143,123316,126361,126379,1256096,1262815,1763877,1011674,1,0,
1954,110497347041000,1.9728691,2,stimulus,119,110497337297300,1,0,16,1955,1701246865,1701246865,2,160347,159888,161698,163629,1427004,869855,1461038,434498,123961,123144,126192,126219,1255909,1262635,1763687,1011476,1,0,
1955,110497347041000,1.9728691,2,stimulus,119,110497337297300,1,0,16,1956,1701247870,1701247870,2,160273,159828,161638,163573,1426934,869783,1460960,434413,123882,123075,126124,126148,1255836,1262558,1763613,1011405,1,0,
1956,110497347041000,1.9728691,2,stimulus,119,110497337297300,1,0,16,1957,1701248875,1701248875,2,160319,159871,161683,163605,1426972,869811,1460998,434440,123936,123116,126166,126182,1255874,1262598,1763654,1011453,1,0,
1957,110497347041000,1.9728691,2,stimulus,119,110497337297300,1,0,16,1958,1701249879,1701249879,2,160276,159836,161647,163570,1426924,869772,1460958,434397,123911,123083,126136,126153,1255834,1262555,1763613,1011414,1,0,
1958,110497347041000,1.9728691,2,stimulus,119,110497337297300,1,0,16,1959,1701250884,1701250884,2,160289,159856,161671,163588,1426929,869782,1460964,434406,123940,123106,126155,126168,1255843,1262565,1763619,1011425,1,0,
1959,110497347041000,1.9728691,2,stimulus,119,110497337297300,1,0,16,1960,1701251889,1701251889,2,160348,159900,161731,163641,1426963,869818,1460996,434441,123994,123157,126209,126219,1255875,1262599,1763651,1011454,1,0,
1960,110497354190000,1.9800181,2,stimulus,119,110497337297300,1,0,16,1961,1701252894,1701252894,2,160300,159843,161673,163578,1426897,869752,1460924,434369,123946,123101,126151,126153,1255793,1262511,1763563,1011365,1,0,
1961,110497354190000,1.9800181,2,stimulus,119,110497337297300,1,0,16,1962,1701253899,1701253899,2,160135,159684,161509,163403,1426713,869571,1460741,434174,123766,122930,125978,125983,1255596,1262309,1763365,1011140,1,0,
1962,110497354190000,1.9800181,2,stimulus,119,110497337297300,1,0,16,1963,1701254904,1701254904,2,160015,159582,161398,163297,1426595,869460,1460621,434046,123659,122825,125870,125867,1255461,1262185,1763219,1010998,1,0,
1963,110497354190000,1.9800181,2,stimulus,119,110497337297300,1,0,16,1964,1701255909,1701255909,2,160009,159574,161393,163298,1426592,869442,1460606,434034,123649,122821,125865,125854,1255443,1262163,1763200,1010980,1,0,
1964,110497354190000,1.9800181,2,stimulus,119,110497337297300,1,0,16,1965,1701256914,1701256914,2,160161,159719,161543,163443,1426719,869568,1460742,434169,123800,122974,126014,126004,1255587,1262303,1763331,1011131,1,0,
1965,110497354190000,1.9800181,2,stimulus,119,110497337297300,1,0,16,1966,1701257919,1701257919,2,160295,159855,161676,163576,1426837,869684,1460863,434301,123959,123109,126148,126140,1255708,1262423,1763451,1011261,1,0,
1966,110497354190000,1.9800181,2,stimulus,119,110497337297300,1,0,16,1967,1701258924,1701258924,2,159953,159563,161399,163311,1426550,869395,1460559,433974,123628,122799,125857,125837,1255389,1262106,1763122,1010898,1,0,
1967,110497361014600,1.9868427,2,stimulus,120,110497355133100,1,1,16,1968,1701259929,1701259929,2,159813,159449,161304,163208,1426458,869305,1460464,433851,123491,122667,125737,125734,1255301,1262007,1763016,1010781,1,0,
1968,110497361014600,1.9868427,2,stimulus,120,110497355133100,1,1,16,1969,1701260933,1701260933,2,159966,159584,161441,163353,1426613,869469,1460627,434013,123629,122806,125886,125892,1255474,1262179,1763183,1010955,1,0,
1969,110497361014600,1.9868427,2,stimulus,120,110497355133100,1,1,16,1970,1701261938,1701261938,2,160101,159699,161560,163470,1426745,869614,1460768,434158,123743,122931,126014,126034,1255632,1262336,1763342,1011119,1,0,
1970,110497361014600,1.9868427,2,stimulus,120,110497355133100,1,1,16,1971,1701262943,1701262943,2,160206,159785,161637,163543,1426837,869707,1460866,434269,123837,123025,126091,126118,1255733,1262440,1763456,1011243,1,0,
1971,110497361014600,1.9868427,2,stimulus,120,110497355133100,1,1,16,1972,1701263948,1701263948,2,160277,159847,161689,163589,1426898,869758,1460929,434335,123910,123095,126145,126170,1255791,1262509,1763528,1011326,1,0,
1972,110497361014600,1.9868427,2,stimulus,120,110497355133100,1,1,16,1973,1701264953,1701264953,2,160429,159983,161817,163711,1427017,869881,1461064,434465,124058,123243,126286,126304,1255936,1262651,1763671,1011496,1,0,
1973,110497361014600,1.9868427,2,stimulus,120,110497355133100,1,1,16,1974,1701265958,1701265958,2,160528,160063,161899,163788,1427093,869958,1461147,434546,124161,123333,126371,126395,1256018,1262738,1763762,1011598,1,0,
1974,110497368124700,1.9939528,2,stimulus,120,110497355133100,1,1,16,1975,1701266963,1701266963,2,160334,159883,161713,163608,1426901,869763,1460950,434333,123963,123148,126192,126201,1255814,1262536,1763556,1011372,1,0,
1975,110497368124700,1.9939528,2,stimulus,120,110497355133100,1,1,16,1976,1701267968,1701267968,2,160246,159793,161630,163529,1426814,869682,1460856,434234,123878,123066,126110,126123,1255726,1262451,1763471,1011287,1,0,
1976,110497368124700,1.9939528,2,stimulus,120,110497355133100,1,1,16,1977,1701268973,1701268973,2,160303,159844,161674,163572,1426853,869718,1460893,434278,123931,123131,126156,126167,1255768,1262496,1763518,1011351,1,0,
1977,110497368124700,1.9939528,2,stimulus,120,110497355133100,1,1,16,1978,1701269977,1701269977,2,160284,159833,161655,163551,1426826,869695,1460874,434257,123916,123130,126143,126166,1255744,1262469,1763498,1011331,1,0,
1978,110497368124700,1.9939528,2,stimulus,120,110497355133100,1,1,16,1979,1701270982,1701270982,2,160309,159863,161671,163588,1426840,869711,1460893,434268,123944,123158,126161,126199,1255763,1262493,1763514,1011349,1,0,
1979,110497368124700,1.9939528,2,stimulus,120,110497355133100,1,1,16,1980,1701271987,1701271987,2,160379,159925,161732,163649,1426894,869759,1460942,434325,124011,123216,126229,126261,1255812,1262536,1763560,1011395,1,0,
1980,110497368124700,1.9939528,2,stimulus,120,110497355133100,1,1,16,1981,1701272992,1701272992,2,160329,159884,161687,163594,1426836,869693,1460871,434254,123956,123168,126174,126196,1255731,1262456,1763469,1011298,1,0,
1981,110497375026300,2.0008544,2,stimulus,121,110497372691900,1,1,16,1982,1701273997,1701273997,2,160163,159738,161545,163442,1426666,869536,1460697,434067,123786,123006,126027,126036,1255554,1262270,1763276,1011098,1,0,
1982,110497375026300,2.0008544,2,stimulus,121,110497372691900,1,1,16,1983,1701275002,1701275002,2,160059,159630,161450,163341,1426561,869432,1460591,433956,123688,122896,125933,125934,1255438,1262153,1763154,1010968,1,0,
1983,110497375026300,2.0008544,2,stimulus,121,110497372691900,1,1,16,1984,1701276007,1701276007,2,160059,159626,161449,163348,1426549,869428,1460578,433945,123702,122898,125929,125924,1255428,1262143,1763138,1010949,1,0,
1984,110497375026300,2.0008544,2,stimulus,121,110497372691900,1,1,16,1985,1701277011,1701277011,2,160235,159779,161599,163516,1426691,869571,1460735,434092,123885,123053,126086,126092,1255581,1262294,1763299,1011111,1,0,
1985,110497375026300,2.0008544,2,stimulus,121,110497372691900,1,1,16,1986,1701278016,1701278016,2,160369,159901,161723,163649,1426799,869680,1460848,434206,124031,123181,126204,126223,1255689,1262400,1763410,1011228,1,0,
1986,110497375026300,2.0008544,2,stimulus,121,110497372691900,1,1,16,1987,1701279021,1701279021,2,160009,159591,161421,163368,1426495,869363,1460522,433853,123682,122853,125888,125902,1255354,1262058,1763046,1010847,1,0,
1987,110497375026300,2.0008544,2,stimulus,121,110497372691900,1,1,16,1988,1701280026,1701280026,2,159869,159483,161309,163267,1426396,869266,1460417,433725,123517,122727,125769,125786,1255249,1261955,1762929,1010726,1,0,
1988,110497381915200,2.0077433,2,stimulus,121,110497372691900,1,1,16,1989,1701281031,1701281031,2,159988,159611,161431,163383,1426536,869410,1460558,433878,123618,122841,125899,125917,1255401,1262102,1763086,1010883,1,0,
1989,110497381915200,2.0077433,2,stimulus,121,110497372691900,1,1,16,1990,1701282035,1701282035,2,160116,159726,161542,163491,1426674,869539,1460696,434017,123734,122970,126009,126038,1255545,1262253,1763241,1011047,1,0,
1990,110497381915200,2.0077433,2,stimulus,121,110497372691900,1,1,16,1991,1701283040,1701283040,2,160219,159809,161609,163562,1426761,869636,1460796,434123,123830,123065,126089,126123,1255649,1262367,1763348,1011172,1,0,
1991,110497381915200,2.0077433,2,stimulus,121,110497372691900,1,1,16,1992,1701284045,1701284045,2,160279,159848,161651,163593,1426801,869679,1460839,434168,123889,123109,126139,126166,1255699,1262419,1763403,1011233,1,0,
1992,110497381915200,2.0077433,2,stimulus,121,110497372691900,1,1,16,1993,1701285050,1701285050,2,160438,159969,161781,163716,1426918,869802,1460969,434301,124049,123244,126266,126296,1255834,1262551,1763549,1011391,1,0,
1993,110497381915200,2.0077433,2,stimulus,121,110497372691900,1,1,16,1994,1701286055,1701286055,2,160553,160054,161871,163811,1427003,869889,1461054,434395,124164,123348,126361,126393,1255923,1262644,1763645,1011502,1,0,
1994,110497381915200,2.0077433,2,stimulus,121,110497372691900,1,1,16,1995,1701287059,1701287059,2,160369,159884,161698,163642,1426818,869709,1460858,434193,123973,123173,126189,126215,1255736,1262455,1763448,1011302,1,0,
1995,110497389008300,2.0148364,2,stimulus,122,110497386897400,1,1,16,1996,1701288064,1701288064,2,160302,159820,161643,163587,1426758,869640,1460789,434113,123901,123111,126134,126159,1255674,1262396,1763392,1011236,1,0,
1996,110497389008300,2.0148364,2,stimulus,122,110497386897400,1,1,16,1997,1701289069,1701289069,2,160354,159876,161694,163631,1426801,869672,1460831,434157,123953,123166,126193,126205,1255715,1262437,1763440,1011284,1,0,
1997,110497389008300,2.0148364,2,stimulus,122,110497386897400,1,1,16,1998,1701290073,1701290073,2,160333,159855,161681,163618,1426771,869652,1460801,434126,123936,123163,126189,126198,1255684,1262409,1763411,1011264,1,0,
1998,110497389008300,2.0148364,2,stimulus,122,110497386897400,1,1,16,1999,1701291078,1701291078,2,160351,159877,161698,163642,1426776,869661,1460805,434134,123978,123181,126209,126218,1255696,1262421,1763412,1011278,1,0,
1999,110497389008300,2.0148364,2,stimulus,122,110497386897400,1,1,16,2000,1701292083,1701292083,2,160393,159917,161734,163663,1426798,869684,1460837,434160,124018,123219,126237,126261,1255719,1262442,1763433,1011301,1,0,
2000,110497389008300,2.0148364,2,stimulus,122,110497386897400,1,1,16,2001,1701293088,1701293088,2,160334,159849,161669,163591,1426728,869608,1460765,434073,123952,123153,126168,126200,1255624,1262351,1763336,1011195,1,0,
2001,110497389008300,2.0148364,2,stimulus,122,110497386897400,1,1,16,2002,1701294093,1701294093,2,160168,159701,161515,163438,1426563,869435,1460581,433890,123788,122986,126012,126028,1255446,1262166,1763138,1010988,1,0,
2002,110497395997800,2.0218259,2,stimulus,122,110497386897400,1,1,16,2003,1701295098,1701295098,2,160055,159595,161413,163338,1426459,869325,1460471,433768,123681,122884,125909,125919,1255326,1262041,1763013,1010856,1,0,
2003,110497395997800,2.0218259,2,stimulus,122,110497386897400,1,1,16,2004,1701296103,1701296103,2,160054,159593,161406,163334,1426444,869307,1460459,433749,123680,122878,125901,125914,1255307,1262016,1762995,1010834,1,0,
2004,110497395997800,2.0218259,2,stimulus,122,110497386897400,1,1,16,2005,1701297108,1701297108,2,160226,159743,161549,163480,1426579,869439,1460601,433888,123839,123039,126050,126068,1255442,1262158,1763136,1010984,1,0,
2005,110497395997800,2.0218259,2,stimulus,122,110497386897400,1,1,16,2006,1701298112,1701298112,2,160352,159856,161673,163591,1426678,869549,1460709,433994,123974,123162,126184,126189,1255545,1262273,1763236,1011097,1,0,
2006,110497395997800,2.0218259,2,stimulus,122,110497386897400,1,1,16,2007,1701299117,1701299117,2,159992,159538,161379,163303,1426376,869244,1460384,433653,123626,122840,125876,125879,1255216,1261937,1762894,1010723,1,0,
2007,110497395997800,2.0218259,2,stimulus,122,110497386897400,1,1,16,2008,1701300122,1701300122,2,159880,159458,161308,163241,1426323,869180,1460311,433569,123512,122744,125788,125808,1255162,1261869,1762816,1010633,1,0,
2008,110497395997800,2.0218259,2,stimulus,122,110497386897400,1,1,16,2009,1701301127,1701301127,2,160029,159594,161453,163389,1426488,869343,1460491,433736,123649,122893,125928,125964,1255344,1262050,1762998,1010823,1,0,
2009,110497403109000,2.0289371,2,stimulus,122,110497386897400,1,1,16,2010,1701302132,1701302132,2,160154,159713,161572,163511,1426621,869474,1460639,433879,123772,123030,126039,126094,1255493,1262200,1763151,1010990,1,0,
2010,110497403109000,2.0289371,2,stimulus,122,110497386897400,1,1,16,2011,1701303137,1701303137,2,160248,159807,161637,163591,1426711,869578,1460735,433988,123866,123122,126129,126171,1255593,1262312,1763260,1011114,1,0,
2011,110497403109000,2.0289371,2,stimulus,122,110497386897400,1,1,16,2012,1701304141,1701304141,2,160298,159848,161657,163616,1426743,869608,1460773,434034,123921,123160,126174,126205,1255643,1262356,1763306,1011170,1,0,
2012,110497403109000,2.0289371,2,stimulus,122,110497386897400,1,1,16,2013,1701305146,1701305146,2,160443,159971,161783,163729,1426856,869723,1460902,434161,124067,123298,126304,126331,1255774,1262484,1763446,1011321,1,0,
2013,110497403109000,2.0289371,2,stimulus,122,110497386897400,1,1,16,2014,1701306151,1701306151,2,160547,160058,161864,163809,1426929,869797,1460973,434239,124167,123396,126409,126417,1255845,1262568,1763534,1011424,1,0,
2014,110497403109000,2.0289371,2,stimulus,122,110497386897400,1,1,16,2015,1701307156,1701307156,2,160360,159879,161686,163640,1426754,869613,1460789,434036,123981,123222,126236,126233,1255654,1262378,1763339,1011222,1,0,
2015,110497403109000,2.0289371,2,stimulus,122,110497386897400,1,1,16,2016,1701308161,1701308161,2,160291,159828,161633,163584,1426694,869549,1460723,433964,123923,123166,126183,126173,1255593,1262315,1763276,1011164,1,0,
2016,110497410018400,2.0358465,2,stimulus,123,110497403812400,1,0,16,2017,1701309166,1701309166,2,160346,159883,161681,163630,1426733,869594,1460763,434013,123987,123215,126238,126225,1255643,1262362,1763329,1011216,1,0,
2017,110497410018400,2.0358465,2,stimulus,123,110497403812400,1,0,16,2018,1701310170,1701310170,2,160334,159867,161669,163616,1426711,869571,1460733,433989,123983,123206,126240,126213,1255627,1262348,1763308,1011199,1,0,
2018,110497410018400,2.0358465,2,stimulus,123,110497403812400,1,0,16,2019,1701311175,1701311175,2,160357,159878,161676,163622,1426707,869570,1460741,433991,124006,123220,126248,126233,1255624,1262354,1763308,1011199,1,0,
2019,110497410018400,2.0358465,2,stimulus,123,110497403812400,1,0,16,2020,1701312180,1701312180,2,160389,159898,161699,163641,1426726,869581,1460754,434005,124051,123254,126252,126265,1255627,1262352,1763316,1011213,1,0,
2020,110497410018400,2.0358465,2,stimulus,123,110497403812400,1,0,16,2021,1701313185,1701313185,2,160318,159826,161635,163585,1426648,869494,1460673,433913,123991,123195,126175,126189,1255538,1262253,1763209,1011099,1,0,
2021,110497410018400,2.0358465,2,stimulus,123,110497403812400,1,0,16,2022,1701314190,1701314190,2,160161,159671,161469,163441,1426483,869325,1460503,433737,123824,123041,126011,126019,1255354,1262078,1763016,1010896,1,0,
2022,110497410018400,2.0358465,2,stimulus,123,110497403812400,1,0,16,2023,1701315194,1701315194,2,160064,159571,161375,163351,1426380,869226,1460381,433619,123721,122945,125917,125905,1255236,1261958,1762892,1010766,1,0,
2023,110497416972400,2.0428005,2,stimulus,123,110497403812400,1,0,16,2024,1701316199,1701316199,2,160071,159579,161388,163356,1426379,869222,1460385,433616,123726,122954,125933,125919,1255233,1261949,1762893,1010761,1,0,
2024,110497416972400,2.0428005,2,stimulus,123,110497403812400,1,0,16,2025,1701317204,1701317204,2,160253,159731,161564,163508,1426524,869368,1460544,433778,123896,123128,126095,126085,1255383,1262110,1763053,1010935,1,0,
2025,110497416972400,2.0428005,2,stimulus,123,110497403812400,1,0,16,2026,1701318209,1701318209,2,160376,159861,161697,163641,1426640,869492,1460667,433898,124036,123265,126223,126222,1255499,1262236,1763168,1011053,1,0,
2026,110497416972400,2.0428005,2,stimulus,123,110497403812400,1,0,16,2027,1701319214,1701319214,2,160001,159546,161379,163344,1426326,869173,1460328,433541,123679,122929,125889,125901,1255159,1261892,1762804,1010668,1,0,
2027,110497416972400,2.0428005,2,stimulus,123,110497403812400,1,0,16,2028,1701320218,1701320218,2,159883,159446,161287,163268,1426254,869092,1460241,433444,123541,122819,125791,125814,1255085,1261806,1762714,1010563,1,0,
2028,110497416972400,2.0428005,2,stimulus,123,110497403812400,1,0,16,2029,1701321223,1701321223,2,160024,159571,161423,163391,1426399,869234,1460398,433600,123663,122948,125927,125957,1255248,1261969,1762880,1010731,1,0,
2029,110497416972400,2.0428005,2,stimulus,123,110497403812400,1,0,16,2030,1701322228,1701322228,2,160154,159683,161540,163507,1426533,869370,1460538,433742,123796,123061,126057,126063,1255396,1262123,1763026,1010894,1,0,
2030,110497424057300,2.0498854,2,stimulus,124,110497420449300,1,0,16,2031,1701323232,1701323232,2,160263,159788,161639,163602,1426638,869478,1460658,433856,123915,123154,126161,126146,1255516,1262246,1763154,1011026,1,0,
2031,110497424057300,2.0498854,2,stimulus,124,110497420449300,1,0,16,2032,1701324237,1701324237,2,160323,159829,161679,163648,1426681,869526,1460707,433906,123967,123211,126203,126186,1255564,1262296,1763214,1011094,1,0,
2032,110497424057300,2.0498854,2,stimulus,124,110497420449300,1,0,16,2033,1701325242,1701325242,2,160471,159946,161786,163754,1426791,869631,1460822,434030,124106,123336,126319,126303,1255684,1262420,1763345,1011244,1,0,
2033,110497424057300,2.0498854,2,stimulus,124,110497420449300,1,0,16,2034,1701326246,1701326246,2,160550,160034,161856,163818,1426853,869688,1460884,434092,124194,123406,126388,126376,1255751,1262488,1763414,1011329,1,0,
2034,110497424057300,2.0498854,2,stimulus,124,110497420449300,1,0,16,2035,1701327251,1701327251,2,160353,159877,161693,163654,1426670,869515,1460700,433896,124013,123233,126216,126210,1255563,1262307,1763216,1011130,1,0,
2035,110497424057300,2.0498854,2,stimulus,124,110497420449300,1,0,16,2036,1701328255,1701328255,2,160303,159849,161649,163623,1426622,869462,1460639,433841,123964,123183,126168,126165,1255514,1262255,1763169,1011080,1,0,
2036,110497424057300,2.0498854,2,stimulus,124,110497420449300,1,0,16,2037,1701329260,1701329260,2,160341,159883,161668,163657,1426644,869486,1460666,433861,124006,123213,126205,126202,1255539,1262286,1763198,1011115,1,0,
2037,110497430978600,2.0568067,2,stimulus,124,110497420449300,1,0,16,2038,1701330265,1701330265,2,160305,159834,161629,163617,1426586,869436,1460612,433808,123973,123181,126178,126161,1255484,1262239,1763148,1011067,1,0,
2038,110497430978600,2.0568067,2,stimulus,124,110497420449300,1,0,16,2039,1701331269,1701331269,2,160309,159831,161638,163630,1426588,869427,1460613,433806,123982,123202,126203,126172,1255483,1262234,1763151,1011077,1,0,
2039,110497430978600,2.0568067,2,stimulus,124,110497420449300,1,0,16,2040,1701332274,1701332274,2,160344,159873,161678,163665,1426615,869455,1460639,433835,124021,123228,126244,126203,1255500,1262251,1763171,1011090,1,0,
2040,110497430978600,2.0568067,2,stimulus,124,110497420449300,1,0,16,2041,1701333279,1701333279,2,160278,159822,161627,163614,1426538,869374,1460569,433763,123959,123173,126174,126136,1255419,1262163,1763074,1010996,1,0,
2041,110497430978600,2.0568067,2,stimulus,124,110497420449300,1,0,16,2042,1701334283,1701334283,2,160107,159668,161471,163451,1426374,869201,1460386,433575,123786,123013,126013,125972,1255233,1261971,1762869,1010787,1,0,
2042,110497430978600,2.0568067,2,stimulus,124,110497420449300,1,0,16,2043,1701335288,1701335288,2,160006,159578,161388,163353,1426270,869108,1460275,433464,123693,122916,125921,125878,1255123,1261863,1762749,1010665,1,0,
2043,110497430978600,2.0568067,2,stimulus,124,110497420449300,1,0,16,2044,1701336292,1701336292,2,160029,159596,161411,163361,1426276,869115,1460289,433473,123712,122928,125932,125896,1255128,1261866,1762747,1010663,1,0,
2044,110497438224100,2.0640522,2,stimulus,125,110497437611900,1,0,16,2045,1701337297,1701337297,2,160194,159751,161558,163506,1426415,869247,1460433,433619,123875,123072,126083,126049,1255264,1261998,1762893,1010816,1,0,
2045,110497438224100,2.0640522,2,stimulus,125,110497437611900,1,0,16,2046,1701338301,1701338301,2,160304,159854,161661,163604,1426502,869341,1460526,433712,123986,123183,126192,126158,1255359,1262086,1762997,1010910,1,0,
2046,110497438224100,2.0640522,2,stimulus,125,110497437611900,1,0,16,2047,1701339305,1701339305,2,159913,159511,161331,163283,1426170,868999,1460163,433338,123602,122822,125836,125818,1254993,1261724,1762604,1010499,1,0,
2047,110497438224100,2.0640522,2,stimulus,125,110497437611900,1,0,16,2048,1701340310,1701340310,2,159791,159408,161244,163174,1426088,868913,1460079,433224,123464,122708,125732,125726,1254907,1261646,1762510,1010399,1,0,
2048,110497438224100,2.0640522,2,stimulus,125,110497437611900,1,0,16,2049,1701341314,1701341314,2,159923,159536,161378,163308,1426241,869072,1460243,433378,123598,122842,125868,125869,1255075,1261809,1762680,1010568,1,0,
2049,110497438224100,2.0640522,2,stimulus,125,110497437611900,1,0,16,2050,1701342319,1701342319,2,160043,159649,161488,163413,1426367,869204,1460373,433513,123716,122956,125973,125986,1255219,1261946,1762823,1010715,1,0,
2050,110497438224100,2.0640522,2,stimulus,125,110497437611900,1,0,16,2051,1701343324,1701343324,2,160153,159733,161569,163486,1426454,869293,1460474,433623,123809,123048,126058,126076,1255321,1262056,1762928,1010843,1,0,
2051,110497445009100,2.0708372,2,stimulus,125,110497437611900,1,0,16,2052,1701344328,1701344328,2,160216,159786,161619,163534,1426504,869343,1460527,433682,123886,123106,126118,126124,1255383,1262119,1762996,1010924,1,0,
2052,110497445009100,2.0708372,2,stimulus,125,110497437611900,1,0,16,2053,1701345333,1701345333,2,160341,159898,161731,163649,1426611,869459,1460643,433807,124032,123231,126236,126237,1255509,1262253,1763132,1011071,1,0,
2053,110497445009100,2.0708372,2,stimulus,125,110497437611900,1,0,16,2054,1701346338,1701346338,2,160423,159971,161804,163724,1426668,869513,1460712,433873,124109,123301,126314,126304,1255572,1262325,1763203,1011150,1,0,
2054,110497445009100,2.0708372,2,stimulus,125,110497437611900,1,0,16,2055,1701347342,1701347342,2,160226,159776,161616,163544,1426473,869313,1460506,433651,123904,123093,126134,126118,1255360,1262119,1762991,1010939,1,0,
2055,110497445009100,2.0708372,2,stimulus,125,110497437611900,1,0,16,2056,1701348347,1701348347,2,160184,159728,161570,163506,1426421,869266,1460458,433593,123848,123054,126097,126089,1255317,1262074,1762954,1010894,1,0,
2056,110497445009100,2.0708372,2,stimulus,125,110497437611900,1,0,16,2057,1701349352,1701349352,2,160232,159767,161608,163530,1426454,869299,1460481,433621,123889,123098,126138,126131,1255353,1262109,1762987,1010938,1,0,
2057,110497445009100,2.0708372,2,stimulus,125,110497437611900,1,0,16,2058,1701350356,1701350356,2,160198,159728,161569,163498,1426416,869259,1460436,433574,123858,123065,126098,126108,1255316,1262064,1762947,1010899,1,0,
2058,110497452119200,2.0779473,2,stimulus,125,110497437611900,1,0,16,2059,1701351361,1701351361,2,160225,159743,161576,163519,1426423,869273,1460448,433578,123893,123087,126114,126134,1255318,1262073,1762964,1010908,1,0,
2059,110497452119200,2.0779473,2,stimulus,125,110497437611900,1,0,16,2060,1701352366,1701352366,2,160281,159780,161618,163563,1426456,869298,1460475,433619,123946,123141,126154,126171,1255348,1262103,1762988,1010945,1,0,
2060,110497452119200,2.0779473,2,stimulus,125,110497437611900,1,0,16,2061,1701353371,1701353371,2,160218,159732,161546,163496,1426386,869221,1460393,433542,123886,123074,126086,126096,1255260,1262007,1762883,1010836,1,0,
2061,110497452119200,2.0779473,2,stimulus,125,110497437611900,1,0,16,2062,1701354376,1701354376,2,160056,159574,161389,163338,1426211,869058,1460215,433358,123725,122909,125933,125936,1255065,1261819,1762686,1010625,1,0,
2062,110497452119200,2.0779473,2,stimulus,125,110497437611900,1,0,16,2063,1701355380,1701355380,2,159959,159487,161309,163258,1426118,868959,1460117,433254,123635,122821,125847,125849,1254960,1261712,1762576,1010503,1,0,
2063,110497452119200,2.0779473,2,stimulus,125,110497437611900,1,0,16,2064,1701356385,1701356385,2,159974,159499,161324,163268,1426119,868961,1460121,433249,123663,122824,125862,125856,1254958,1261704,1762571,1010503,1,0,
2064,110497452119200,2.0779473,2,stimulus,125,110497437611900,1,0,16,2065,1701357390,1701357390,2,160139,159649,161474,163399,1426246,869089,1460260,433391,123833,122976,126021,126017,1255094,1261848,1762716,1010651,1,0,
2065,110497459056300,2.0848844,2,stimulus,126,110497453868000,1,1,16,2066,1701358395,1701358395,2,160242,159748,161572,163505,1426333,869177,1460353,433492,123944,123094,126131,126133,1255194,1261931,1762803,1010743,1,0,
2066,110497459056300,2.0848844,2,stimulus,126,110497453868000,1,1,16,2067,1701359400,1701359400,2,159874,159444,161274,163211,1426029,868879,1460026,433133,123574,122763,125809,125814,1254853,1261596,1762439,1010358,1,0,
2067,110497459056300,2.0848844,2,stimulus,126,110497453868000,1,1,16,2068,1701360404,1701360404,2,159762,159371,161211,163140,1425971,868817,1459949,433043,123448,122673,125716,125733,1254790,1261532,1762366,1010278,1,0,
2068,110497459056300,2.0848844,2,stimulus,126,110497453868000,1,1,16,2069,1701361409,1701361409,2,159899,159497,161339,163269,1426114,868964,1460106,433198,123574,122810,125855,125864,1254957,1261702,1762530,1010458,1,0,
2069,110497459056300,2.0848844,2,stimulus,126,110497453868000,1,1,16,2070,1701362414,1701362414,2,160027,159604,161448,163373,1426236,869090,1460241,433330,123694,122924,125958,125973,1255096,1261849,1762674,1010608,1,0,
2070,110497459056300,2.0848844,2,stimulus,126,110497453868000,1,1,16,2071,1701363419,1701363419,2,160123,159697,161524,163443,1426322,869178,1460339,433428,123796,123001,126026,126048,1255192,1261950,1762783,1010720,1,0,
2071,110497459056300,2.0848844,2,stimulus,126,110497453868000,1,1,16,2072,1701364424,1701364424,2,160183,159753,161561,163477,1426368,869228,1460399,433479,123849,123042,126073,126090,1255243,1261996,1762841,1010791,1,0,
2072,110497465899900,2.091728,2,stimulus,126,110497453868000,1,1,16,2073,1701365429,1701365429,2,160333,159877,161687,163611,1426502,869348,1460528,433619,124001,123178,126212,126213,1255386,1262139,1762995,1010951,1,0,
2073,110497465899900,2.091728,2,stimulus,126,110497453868000,1,1,16,2074,1701366434,1701366434,2,160418,159951,161753,163669,1426553,869406,1460583,433680,124092,123259,126292,126275,1255446,1262202,1763051,1011031,1,0,
2074,110497465899900,2.091728,2,stimulus,126,110497453868000,1,1,16,2075,1701367439,1701367439,2,160217,159769,161568,163483,1426359,869211,1460368,433459,123886,123064,126108,126074,1255234,1262006,1762849,1010811,1,0,
2075,110497465899900,2.091728,2,stimulus,126,110497453868000,1,1,16,2076,1701368443,1701368443,2,160184,159741,161539,163457,1426319,869171,1460317,433412,123845,123022,126072,126033,1255194,1261970,1762821,1010775,1,0,
2076,110497465899900,2.091728,2,stimulus,126,110497453868000,1,1,16,2077,1701369448,1701369448,2,160249,159803,161577,163512,1426357,869214,1460368,433457,123903,123079,126121,126094,1255245,1262019,1762865,1010837,1,0,
2077,110497465899900,2.091728,2,stimulus,126,110497453868000,1,1,16,2078,1701370453,1701370453,2,160230,159791,161557,163488,1426325,869186,1460341,433415,123895,123053,126103,126086,1255216,1261986,1762833,1010808,1,0,
2078,110497465899900,2.091728,2,stimulus,126,110497453868000,1,1,16,2079,1701371458,1701371458,2,160263,159824,161588,163514,1426344,869205,1460354,433433,123936,123073,126133,126127,1255233,1262008,1762849,1010828,1,0,
2079,110497472975700,2.0988038,2,stimulus,127,110497470870800,1,1,16,2080,1701372463,1701372463,2,160289,159839,161603,163530,1426348,869204,1460358,433442,123950,123093,126156,126139,1255231,1262006,1762839,1010813,1,0,
2080,110497472975700,2.0988038,2,stimulus,127,110497470870800,1,1,16,2081,1701373468,1701373468,2,160188,159753,161519,163438,1426252,869103,1460253,433336,123844,123010,126070,126036,1255122,1261886,1762714,1010689,1,0,
2081,110497472975700,2.0988038,2,stimulus,127,110497470870800,1,1,16,2082,1701374473,1701374473,2,160030,159598,161372,163296,1426097,868942,1460092,433158,123688,122853,125920,125884,1254948,1261708,1762527,1010491,1,0,
2082,110497472975700,2.0988038,2,stimulus,127,110497470870800,1,1,16,2083,1701375477,1701375477,2,159930,159499,161280,163203,1425998,868841,1459984,433048,123601,122760,125830,125782,1254835,1261597,1762412,1010365,1,0,
2083,110497472975700,2.0988038,2,stimulus,127,110497470870800,1,1,16,2084,1701376482,1701376482,2,159933,159504,161294,163211,1425998,868836,1459982,433042,123616,122775,125844,125786,1254829,1261592,1762397,1010356,1,0,
2084,110497472975700,2.0988038,2,stimulus,127,110497470870800,1,1,16,2085,1701377487,1701377487,2,160096,159658,161433,163349,1426124,868973,1460121,433185,123785,122927,125990,125943,1254968,1261734,1762543,1010509,1,0,
2085,110497472975700,2.0988038,2,stimulus,127,110497470870800,1,1,16,2086,1701378492,1701378492,2,160196,159753,161534,163448,1426208,869054,1460209,433277,123889,123035,126077,126056,1255051,1261816,1762633,1010604,1,0,
2086,110497480031400,2.1058595,2,stimulus,127,110497470870800,1,1,16,2087,1701379497,1701379497,2,159808,159414,161203,163133,1425877,868728,1459859,432903,123503,122689,125736,125719,1254698,1261463,1762251,1010189,1,0,
2087,110497480031400,2.1058595,2,stimulus,127,110497470870800,1,1,16,2088,1701380502,1701380502,2,159721,159354,161144,163091,1425834,868690,1459807,432840,123412,122609,125671,125644,1254643,1261422,1762195,1010121,1,0,
2088,110497480031400,2.1058595,2,stimulus,127,110497470870800,1,1,16,2089,1701381507,1701381507,2,159869,159503,161289,163236,1426001,868853,1459981,433011,123572,122750,125823,125794,1254822,1261599,1762371,1010313,1,0,
2089,110497480031400,2.1058595,2,stimulus,127,110497470870800,1,1,16,2090,1701382511,1701382511,2,160015,159635,161417,163353,1426143,868997,1460133,433169,123716,122878,125954,125938,1254983,1261758,1762539,1010484,1,0,
2090,110497480031400,2.1058595,2,stimulus,127,110497470870800,1,1,16,2091,1701383516,1701383516,2,160102,159723,161493,163418,1426220,869085,1460223,433261,123810,122966,126034,126018,1255088,1261861,1762638,1010600,1,0,
2091,110497480031400,2.1058595,2,stimulus,127,110497470870800,1,1,16,2092,1701384521,1701384521,2,160149,159768,161523,163454,1426265,869123,1460267,433310,123870,123013,126074,126058,1255144,1261915,1762693,1010668,1,0,
2092,110497480031400,2.1058595,2,stimulus,127,110497470870800,1,1,16,2093,1701385526,1701385526,2,160290,159903,161638,163564,1426384,869238,1460398,433436,124016,123142,126196,126198,1255273,1262046,1762837,1010824,1,0,
2093,110497487183000,2.1130111,2,stimulus,127,110497470870800,1,1,16,2094,1701386531,1701386531,2,160371,159979,161703,163644,1426433,869293,1460454,433499,124097,123215,126260,126273,1255331,1262109,1762903,1010903,1,0,
2094,110497487183000,2.1130111,2,stimulus,127,110497470870800,1,1,16,2095,1701387535,1701387535,2,160191,159818,161543,163496,1426269,869125,1460278,433311,123918,123049,126101,126110,1255156,1261934,1762716,1010711,1,0,
2095,110497487183000,2.1130111,2,stimulus,127,110497470870800,1,1,16,2096,1701388540,1701388540,2,160164,159800,161516,163474,1426242,869093,1460245,433269,123888,123034,126078,126088,1255123,1261910,1762694,1010689,1,0,
2096,110497487183000,2.1130111,2,stimulus,127,110497470870800,1,1,16,2097,1701389545,1701389545,2,160208,159843,161547,163509,1426268,869114,1460274,433301,123937,123085,126127,126126,1255156,1261943,1762733,1010732,1,0,
2097,110497487183000,2.1130111,2,stimulus,127,110497470870800,1,1,16,2098,1701390550,1701390550,2,160178,159811,161513,163479,1426226,869065,1460227,433254,123906,123068,126101,126096,1255118,1261906,1762689,1010689,1,0,
2098,110497487183000,2.1130111,2,stimulus,127,110497470870800,1,1,16,2099,1701391555,1701391555,2,160198,159818,161527,163497,1426232,869073,1460236,433253,123923,123089,126119,126116,1255119,1261917,1762696,1010700,1,0,
2099,110497487183000,2.1130111,2,stimulus,127,110497470870800,1,1,16,2100,1701392560,1701392560,2,160241,159842,161559,163536,1426250,869096,1460263,433275,123966,123119,126149,126149,1255134,1261929,1762714,1010709,1,0,
2100,110497494035900,2.119864,2,stimulus,128,110497487788200,1,1,16,2101,1701393565,1701393565,2,160159,159766,161492,163446,1426156,868997,1460169,433175,123883,123031,126063,126052,1255031,1261820,1762601,1010589,1,0,
2101,110497494035900,2.119864,2,stimulus,128,110497487788200,1,1,16,2102,1701394570,1701394570,2,159991,159622,161348,163296,1425994,868831,1459990,432991,123718,122879,125895,125883,1254851,1261639,1762403,1010384,1,0,
2102,110497494035900,2.119864,2,stimulus,128,110497487788200,1,1,16,2103,1701395574,1701395574,2,159904,159549,161273,163216,1425904,868746,1459901,432901,123633,122801,125812,125795,1254754,1261534,1762302,1010281,1,0,
2103,110497494035900,2.119864,2,stimulus,128,110497487788200,1,1,16,2104,1701396579,1701396579,2,159933,159573,161290,163246,1425923,868760,1459921,432918,123668,122831,125853,125816,1254773,1261554,1762318,1010296,1,0,
2104,110497494035900,2.119864,2,stimulus,128,110497487788200,1,1,16,2105,1701397584,1701397584,2,160096,159726,161441,163399,1426062,868898,1460068,433069,123841,123002,126018,125975,1254917,1261701,1762459,1010453,1,0,
2105,110497494035900,2.119864,2,stimulus,128,110497487788200,1,1,16,2106,1701398589,1701398589,2,160183,159796,161522,163473,1426123,868954,1460124,433133,123913,123084,126093,126063,1254974,1261756,1762521,1010507,1,0,
2106,110497494035900,2.119864,2,stimulus,128,110497487788200,1,1,16,2107,1701399594,1701399594,2,159785,159439,161184,163153,1425781,868609,1459761,432744,123517,122724,125742,125722,1254612,1261389,1762127,1010093,1,0,
2107,110497501048000,2.1268761,2,stimulus,128,110497487788200,1,1,16,2108,1701400598,1701400598,2,159723,159389,161151,163116,1425750,868574,1459728,432698,123439,122669,125694,125679,1254581,1261366,1762093,1010051,1,0,
2108,110497501048000,2.1268761,2,stimulus,128,110497487788200,1,1,16,2109,1701401603,1701401603,2,159873,159532,161293,163260,1425914,868744,1459905,432874,123585,122814,125849,125831,1254760,1261551,1762277,1010231,1,0,
2109,110497501048000,2.1268761,2,stimulus,128,110497487788200,1,1,16,2110,1701402608,1701402608,2,159998,159648,161409,163368,1426041,868883,1460048,433010,123709,122939,125976,125944,1254905,1261694,1762429,1010397,1,0,
2110,110497501048000,2.1268761,2,stimulus,128,110497487788200,1,1,16,2111,1701403613,1701403613,2,160109,159734,161498,163450,1426141,868983,1460143,433115,123804,123031,126048,126026,1255010,1261801,1762538,1010522,1,0,
2111,110497501048000,2.1268761,2,stimulus,128,110497487788200,1,1,16,2112,1701404618,1701404618,2,160176,159800,161551,163501,1426197,869032,1460201,433174,123868,123092,126101,126082,1255073,1261867,1762604,1010599,1,0,
2112,110497501048000,2.1268761,2,stimulus,128,110497487788200,1,1,16,2113,1701405623,1701405623,2,160336,159939,161686,163624,1426320,869148,1460339,433324,124028,123240,126234,126226,1255216,1262014,1762754,1010763,1,0,
2113,110497501048000,2.1268761,2,stimulus,128,110497487788200,1,1,16,2114,1701406627,1701406627,2,160411,160001,161752,163685,1426366,869194,1460393,433378,124104,123311,126295,126293,1255271,1262071,1762812,1010828,1,0,
2114,110497508076800,2.1339049,2,stimulus,129,110497503753400,1,0,16,2115,1701407632,1701407632,2,160222,159826,161575,163525,1426188,869018,1460203,433180,123909,123132,126118,126126,1255081,1261884,1762622,1010630,1,0,
2115,110497508076800,2.1339049,2,stimulus,129,110497503753400,1,0,16,2116,1701408637,1701408637,2,160204,159814,161559,163507,1426166,868992,1460178,433140,123888,123096,126098,126114,1255059,1261858,1762604,1010608,1,0,
2116,110497508076800,2.1339049,2,stimulus,129,110497503753400,1,0,16,2117,1701409642,1701409642,2,160246,159853,161593,163544,1426195,869005,1460205,433169,123926,123133,126136,126153,1255092,1261892,1762640,1010654,1,0,
2117,110497508076800,2.1339049,2,stimulus,129,110497503753400,1,0,16,2118,1701410647,1701410647,2,160220,159823,161571,163527,1426159,868973,1460166,433127,123903,123103,126120,126131,1255059,1261866,1762607,1010623,1,0,
2118,110497508076800,2.1339049,2,stimulus,129,110497503753400,1,0,16,2119,1701411652,1701411652,2,160253,159836,161596,163556,1426170,868985,1460180,433141,123941,123128,126154,126168,1255078,1261877,1762619,1010639,1,0,
2119,110497508076800,2.1339049,2,stimulus,129,110497503753400,1,0,16,2120,1701412656,1701412656,2,160302,159873,161639,163599,1426196,869013,1460211,433176,123993,123167,126191,126198,1255099,1261901,1762638,1010659,1,0,
2120,110497508076800,2.1339049,2,stimulus,129,110497503753400,1,0,16,2121,1701413661,1701413661,2,160230,159808,161579,163534,1426124,868931,1460130,433079,123925,123112,126115,126119,1255004,1261808,1762534,1010554,1,0,
2121,110497515163500,2.1409916,2,stimulus,129,110497503753400,1,0,16,2122,1701414666,1701414666,2,160068,159662,161440,163391,1425962,868775,1459959,432909,123771,122954,125970,125961,1254826,1261631,1762357,1010361,1,0,
2122,110497515163500,2.1409916,2,stimulus,129,110497503753400,1,0,16,2123,1701415671,1701415671,2,159972,159563,161348,163310,1425861,868676,1459858,432809,123673,122853,125886,125867,1254716,1261518,1762244,1010236,1,0,
2123,110497515163500,2.1409916,2,stimulus,129,110497503753400,1,0,16,2124,1701416675,1701416675,2,160002,159584,161368,163339,1425876,868685,1459874,432811,123700,122873,125916,125892,1254727,1261527,1762247,1010247,1,0,
2124,110497515163500,2.1409916,2,stimulus,129,110497503753400,1,0,16,2125,1701417680,1701417680,2,160166,159737,161512,163478,1426010,868818,1460011,432957,123859,123025,126062,126046,1254864,1261668,1762384,1010394,1,0,
2125,110497515163500,2.1409916,2,stimulus,129,110497503753400,1,0,16,2126,1701418685,1701418685,2,160244,159804,161586,163553,1426067,868879,1460078,433022,123941,123105,126139,126121,1254928,1261728,1762441,1010459,1,0,
2126,110497515163500,2.1409916,2,stimulus,129,110497503753400,1,0,16,2127,1701419690,1701419690,2,159841,159448,161238,163226,1425718,868524,1459708,432627,123528,122735,125798,125764,1254551,1261344,1762045,1010034,1,0,
2127,110497515163500,2.1409916,2,stimulus,129,110497503753400,1,0,16,2128,1701420694,1701420694,2,159751,159391,161190,163181,1425686,868484,1459663,432571,123431,122660,125750,125717,1254511,1261309,1761994,1009978,1,0,
2128,110497522199600,2.1480277,2,stimulus,130,110497521440900,1,0,16,2129,1701421699,1701421699,2,159891,159528,161330,163310,1425833,868641,1459819,432732,123568,122796,125888,125866,1254685,1261485,1762159,1010151,1,0,
2129,110497522199600,2.1480277,2,stimulus,130,110497521440900,1,0,16,2130,1701422704,1701422704,2,160034,159651,161448,163416,1425976,868780,1459967,432873,123698,122927,126001,125992,1254841,1261633,1762318,1010319,1,0,
2130,110497522199600,2.1480277,2,stimulus,130,110497521440900,1,0,16,2131,1701423709,1701423709,2,160121,159713,161522,163469,1426054,868857,1460056,432954,123796,123003,126077,126066,1254929,1261724,1762422,1010424,1,0,
2131,110497522199600,2.1480277,2,stimulus,130,110497521440900,1,0,16,2132,1701424714,1701424714,2,160188,159756,161558,163500,1426096,868901,1460106,433008,123857,123047,126111,126104,1254978,1261783,1762479,1010490,1,0,
2132,110497522199600,2.1480277,2,stimulus,130,110497521440900,1,0,16,2133,1701425719,1701425719,2,160347,159886,161681,163629,1426224,869019,1460237,433145,124011,123195,126239,126237,1255118,1261923,1762623,1010654,1,0,
2133,110497522199600,2.1480277,2,stimulus,130,110497521440900,1,0,16,2134,1701426723,1701426723,2,160399,159936,161729,163677,1426256,869048,1460276,433189,124076,123256,126296,126286,1255152,1261961,1762676,1010710,1,0,
2134,110497522199600,2.1480277,2,stimulus,130,110497521440900,1,0,16,2135,1701427728,1701427728,2,160191,159757,161549,163494,1426058,868859,1460066,432973,123868,123069,126111,126103,1254949,1261764,1762468,1010496,1,0,
2135,110497529144900,2.154973,2,stimulus,130,110497521440900,1,0,16,2136,1701428733,1701428733,2,160161,159729,161533,163475,1426029,868823,1460033,432928,123843,123033,126083,126083,1254918,1261736,1762433,1010465,1,0,
2136,110497529144900,2.154973,2,stimulus,130,110497521440900,1,0,16,2137,1701429738,1701429738,2,160204,159760,161558,163504,1426053,868838,1460057,432957,123894,123082,126123,126114,1254948,1261759,1762467,1010506,1,0,
2137,110497529144900,2.154973,2,stimulus,130,110497521440900,1,0,16,2138,1701430743,1701430743,2,160188,159756,161543,163486,1426031,868818,1460029,432934,123901,123081,126111,126108,1254922,1261745,1762454,1010485,1,0,
2138,110497529144900,2.154973,2,stimulus,130,110497521440900,1,0,16,2139,1701431748,1701431748,2,160226,159784,161586,163528,1426056,868848,1460059,432962,123950,123116,126160,126155,1254951,1261771,1762478,1010518,1,0,
2139,110497529144900,2.154973,2,stimulus,130,110497521440900,1,0,16,2140,1701432753,1701432753,2,160286,159820,161627,163560,1426082,868871,1460093,432992,123992,123161,126202,126182,1254971,1261791,1762484,1010542,1,0,
2140,110497529144900,2.154973,2,stimulus,130,110497521440900,1,0,16,2141,1701433757,1701433757,2,160203,159736,161544,163472,1425993,868773,1459987,432884,123904,123062,126107,126084,1254859,1261676,1762372,1010419,1,0,
2141,110497529144900,2.154973,2,stimulus,130,110497521440900,1,0,16,2142,1701434762,1701434762,2,160041,159581,161398,163331,1425831,868602,1459813,432710,123746,122908,125946,125919,1254684,1261487,1762188,1010216,1,0,
2142,110497536154000,2.1619821,2,stimulus,130,110497521440900,1,0,16,2143,1701435767,1701435767,2,159958,159505,161322,163262,1425747,868519,1459726,432620,123668,122828,125868,125843,1254588,1261392,1762088,1010113,1,0,
2143,110497536154000,2.1619821,2,stimulus,130,110497521440900,1,0,16,2144,1701436771,1701436771,2,159979,159538,161349,163286,1425764,868541,1459749,432636,123698,122861,125901,125881,1254597,1261408,1762103,1010125,1,0,
2144,110497536154000,2.1619821,2,stimulus,130,110497521440900,1,0,16,2145,1701437776,1701437776,2,160138,159695,161503,163438,1425901,868682,1459888,432773,123863,123016,126058,126028,1254741,1261553,1762245,1010273,1,0,
2145,110497536154000,2.1619821,2,stimulus,130,110497521440900,1,0,16,2146,1701438781,1701438781,2,160229,159776,161578,163524,1425959,868746,1459961,432848,123953,123100,126144,126115,1254818,1261623,1762312,1010352,1,0,
2146,110497536154000,2.1619821,2,stimulus,130,110497521440900,1,0,16,2147,1701439786,1701439786,2,159830,159419,161238,163196,1425613,868398,1459600,432465,123546,122731,125789,125776,1254451,1261249,1761916,1009934,1,0,
2147,110497536154000,2.1619821,2,stimulus,130,110497521440900,1,0,16,2148,1701440790,1701440790,2,159754,159383,161210,163160,1425595,868373,1459575,432416,123466,122677,125748,125751,1254429,1261223,1761883,1009886,1,0,
2148,110497536154000,2.1619821,2,stimulus,130,110497521440900,1,0,16,2149,1701441795,1701441795,2,159894,159516,161346,163301,1425760,868536,1459741,432575,123606,122811,125896,125905,1254606,1261408,1762069,1010077,1,0,
2149,110497543145100,2.1689732,2,stimulus,131,110497538454200,1,0,16,2150,1701442800,1701442800,2,160021,159627,161459,163405,1425894,868668,1459884,432715,123728,122924,126022,126021,1254751,1261552,1762220,1010239,1,0,
2150,110497543145100,2.1689732,2,stimulus,131,110497538454200,1,0,16,2151,1701443804,1701443804,2,160122,159715,161533,163481,1425979,868748,1459973,432808,123819,123013,126089,126094,1254849,1261649,1762319,1010349,1,0,
2151,110497543145100,2.1689732,2,stimulus,131,110497538454200,1,0,16,2152,1701444809,1701444809,2,160178,159757,161569,163511,1426021,868796,1460016,432863,123876,123053,126118,126145,1254898,1261698,1762376,1010409,1,0,
2152,110497543145100,2.1689732,2,stimulus,131,110497538454200,1,0,16,2153,1701445814,1701445814,2,160323,159886,161685,163616,1426135,868917,1460138,432994,124023,123186,126228,126271,1255030,1261828,1762517,1010568,1,0,
2153,110497543145100,2.1689732,2,stimulus,131,110497538454200,1,0,16,2154,1701446818,1701446818,2,160376,159923,161724,163657,1426159,868930,1460171,433027,124074,123237,126276,126313,1255059,1261870,1762553,1010612,1,0,
2154,110497543145100,2.1689732,2,stimulus,131,110497538454200,1,0,16,2155,1701447823,1701447823,2,160168,159739,161546,163480,1425969,868731,1459965,432809,123868,123051,126093,126124,1254856,1261664,1762343,1010394,1,0,
2155,110497543145100,2.1689732,2,stimulus,131,110497538454200,1,0,16,2156,1701448828,1701448828,2,160149,159722,161531,163462,1425946,868706,1459933,432769,123848,123026,126073,126111,1254833,1261644,1762316,1010378,1,0,
2156,110497550037200,2.1758653,2,stimulus,131,110497538454200,1,0,16,2157,1701449833,1701449833,2,160192,159759,161573,163493,1425972,868737,1459966,432803,123908,123073,126115,126150,1254869,1261679,1762355,1010433,1,0,
2157,110497550037200,2.1758653,2,stimulus,131,110497538454200,1,0,16,2158,1701450838,1701450838,2,160168,159741,161551,163460,1425935,868696,1459924,432771,123895,123046,126094,126127,1254828,1261645,1762325,1010395,1,0,
2158,110497550037200,2.1758653,2,stimulus,131,110497538454200,1,0,16,2159,1701451842,1701451842,2,160183,159766,161582,163479,1425943,868703,1459938,432773,123914,123070,126116,126154,1254839,1261654,1762336,1010407,1,0,
2159,110497550037200,2.1758653,2,stimulus,131,110497538454200,1,0,16,2160,1701452847,1701452847,2,160220,159804,161622,163504,1425959,868716,1459961,432794,123955,123110,126145,126187,1254852,1261671,1762349,1010422,1,0,
2160,110497550037200,2.1758653,2,stimulus,131,110497538454200,1,0,16,2161,1701453852,1701453852,2,160143,159718,161551,163426,1425869,868618,1459865,432699,123877,123037,126066,126100,1254746,1261564,1762233,1010301,1,0,
2161,110497550037200,2.1758653,2,stimulus,131,110497538454200,1,0,16,2162,1701454857,1701454857,2,159968,159553,161392,163258,1425693,868441,1459685,432510,123704,122874,125903,125922,1254563,1261369,1762033,1010086,1,0,
2162,110497550037200,2.1758653,2,stimulus,131,110497538454200,1,0,16,2163,1701455862,1701455862,2,159891,159478,161329,163203,1425623,868366,1459607,432426,123614,122814,125838,125843,1254478,1261278,1761939,1009988,1,0,
2163,110497557003100,2.1828312,2,stimulus,132,110497555272300,1,1,16,2164,1701456866,1701456866,2,159926,159506,161356,163240,1425643,868386,1459633,432441,123637,122844,125865,125886,1254494,1261296,1761955,1010008,1,0,
2164,110497557003100,2.1828312,2,stimulus,132,110497555272300,1,1,16,2165,1701457871,1701457871,2,160104,159662,161496,163380,1425780,868531,1459769,432588,123797,122999,126024,126060,1254630,1261440,1762104,1010165,1,0,
2165,110497557003100,2.1828312,2,stimulus,132,110497555272300,1,1,16,2166,1701458875,1701458875,2,160203,159756,161582,163464,1425863,868609,1459843,432675,123901,123098,126130,126157,1254708,1261514,1762183,1010248,1,0,
2166,110497557003100,2.1828312,2,stimulus,132,110497555272300,1,1,16,2167,1701459880,1701459880,2,159819,159413,161268,163152,1425527,868268,1459493,432304,123516,122751,125797,125812,1254353,1261158,1761800,1009830,1,0,
2167,110497557003100,2.1828312,2,stimulus,132,110497555272300,1,1,16,2168,1701460885,1701460885,2,159759,159374,161242,163135,1425513,868252,1459479,432264,123449,122702,125759,125783,1254343,1261140,1761776,1009798,1,0,
2168,110497557003100,2.1828312,2,stimulus,132,110497555272300,1,1,16,2169,1701461890,1701461890,2,159899,159512,161373,163282,1425676,868411,1459639,432421,123593,122843,125902,125926,1254515,1261315,1761954,1009984,1,0,
2169,110497557003100,2.1828312,2,stimulus,132,110497555272300,1,1,16,2170,1701462895,1701462895,2,160029,159634,161486,163408,1425798,868544,1459774,432561,123718,122968,126019,126045,1254662,1261468,1762108,1010145,1,0,
2170,110497564163400,2.1899915,2,stimulus,132,110497555272300,1,1,16,2171,1701463899,1701463899,2,160123,159717,161552,163479,1425877,868625,1459866,432660,123806,123049,126099,126122,1254759,1261563,1762199,1010253,1,0,
2171,110497564163400,2.1899915,2,stimulus,132,110497555272300,1,1,16,2172,1701464904,1701464904,2,160181,159765,161601,163522,1425926,868676,1459924,432715,123862,123099,126157,126164,1254811,1261618,1762265,1010327,1,0,
2172,110497564163400,2.1899915,2,stimulus,132,110497555272300,1,1,16,2173,1701465909,1701465909,2,160321,159889,161729,163636,1426043,868793,1460054,432843,124003,123244,126282,126283,1254943,1261749,1762407,1010482,1,0,
2173,110497564163400,2.1899915,2,stimulus,132,110497555272300,1,1,16,2174,1701466914,1701466914,2,160390,159943,161777,163680,1426083,868821,1460087,432880,124061,123303,126329,126323,1254978,1261787,1762454,1010538,1,0,
2174,110497564163400,2.1899915,2,stimulus,132,110497555272300,1,1,16,2175,1701467918,1701467918,2,160195,159749,161582,163496,1425885,868624,1459874,432663,123846,123099,126132,126131,1254775,1261576,1762236,1010317,1,0,
2175,110497564163400,2.1899915,2,stimulus,132,110497555272300,1,1,16,2176,1701468923,1701468923,2,160186,159728,161573,163486,1425869,868601,1459857,432634,123823,123093,126115,126116,1254754,1261567,1762222,1010300,1,0,
2176,110497564163400,2.1899915,2,stimulus,132,110497555272300,1,1,16,2177,1701469928,1701469928,2,160226,159758,161606,163518,1425889,868617,1459885,432659,123870,123134,126153,126146,1254786,1261591,1762244,1010335,1,0,
2177,110497571240300,2.1970684,2,stimulus,132,110497555272300,1,1,16,2178,1701470932,1701470932,2,160181,159719,161569,163476,1425836,868558,1459833,432608,123842,123099,126113,126123,1254734,1261536,1762197,1010291,1,0,
2178,110497571240300,2.1970684,2,stimulus,132,110497555272300,1,1,16,2179,1701471937,1701471937,2,160207,159741,161591,163498,1425857,868580,1459844,432622,123881,123128,126124,126148,1254742,1261547,1762216,1010303,1,0,
2179,110497571240300,2.1970684,2,stimulus,133,110497571528500,1,1,16,2180,1701472942,1701472942,2,160271,159779,161626,163539,1425889,868613,1459881,432653,123933,123183,126166,126189,1254771,1261573,1762236,1010325,1,0,
2180,110497571240300,2.1970684,2,stimulus,133,110497571528500,1,1,16,2181,1701473946,1701473946,2,160186,159688,161544,163459,1425786,868511,1459779,432548,123843,123101,126070,126109,1254661,1261455,1762113,1010197,1,0,
2181,110497571240300,2.1970684,2,stimulus,133,110497571528500,1,1,16,2182,1701474951,1701474951,2,160014,159524,161389,163318,1425616,868337,1459603,432371,123679,122934,125901,125939,1254473,1261268,1761920,1009989,1,0,
2182,110497571240300,2.1970684,2,stimulus,133,110497571528500,1,1,16,2183,1701475956,1701475956,2,159926,159445,161310,163238,1425529,868237,1459511,432273,123600,122834,125821,125843,1254374,1261163,1761816,1009877,1,0,
2183,110497571240300,2.1970684,2,stimulus,133,110497571528500,1,1,16,2184,1701476960,1701476960,2,159956,159476,161348,163260,1425550,868260,1459529,432286,123637,122861,125844,125872,1254387,1261186,1761827,1009891,1,0,
2184,110497578083500,2.2039116,2,stimulus,133,110497571528500,1,1,16,2185,1701477965,1701477965,2,160116,159639,161509,163410,1425688,868408,1459674,432432,123815,123026,125997,126028,1254529,1261336,1761974,1010052,1,0,
2185,110497578083500,2.2039116,2,stimulus,133,110497571528500,1,1,16,2186,1701478969,1701478969,2,160189,159711,161588,163493,1425756,868464,1459744,432501,123913,123104,126086,126127,1254593,1261397,1762034,1010116,1,0,
2186,110497578083500,2.2039116,2,stimulus,133,110497571528500,1,1,16,2187,1701479974,1701479974,2,159791,159366,161251,163173,1425419,868120,1459389,432129,123522,122745,125741,125794,1254244,1261031,1761651,1009703,1,0,
2187,110497578083500,2.2039116,2,stimulus,133,110497571528500,1,1,16,2188,1701480979,1701480979,2,159759,159341,161228,163155,1425412,868117,1459378,432098,123465,122709,125714,125764,1254242,1261033,1761647,1009681,1,0,
2188,110497578083500,2.2039116,2,stimulus,133,110497571528500,1,1,16,2189,1701481984,1701481984,2,159893,159461,161358,163279,1425556,868268,1459536,432251,123597,122832,125858,125890,1254401,1261194,1761806,1009854,1,0,
2189,110497578083500,2.2039116,2,stimulus,133,110497571528500,1,1,16,2190,1701482988,1701482988,2,160017,159584,161473,163391,1425686,868401,1459674,432397,123728,122956,125973,126006,1254547,1261342,1761955,1010019,1,0,
2190,110497578083500,2.2039116,2,stimulus,133,110497571528500,1,1,16,2191,1701483993,1701483993,2,160100,159652,161532,163461,1425761,868477,1459753,432493,123816,123034,126043,126077,1254633,1261436,1762055,1010121,1,0,
2191,110497585099500,2.2109276,2,stimulus,133,110497571528500,1,1,16,2192,1701484998,1701484998,2,160160,159699,161569,163513,1425809,868523,1459813,432544,123881,123078,126094,126133,1254688,1261496,1762106,1010191,1,0,
2192,110497585099500,2.2109276,2,stimulus,133,110497571528500,1,1,16,2193,1701486002,1701486002,2,160313,159827,161714,163631,1425940,868642,1459950,432678,124039,123221,126237,126277,1254833,1261639,1762262,1010361,1,0,
2193,110497585099500,2.2109276,2,stimulus,133,110497571528500,1,1,16,2194,1701487007,1701487007,2,160348,159870,161743,163654,1425951,868656,1459964,432695,124071,123257,126261,126303,1254853,1261652,1762286,1010398,1,0,
2194,110497585099500,2.2109276,2,stimulus,133,110497571528500,1,1,16,2195,1701488012,1701488012,2,160118,159668,161532,163463,1425739,868440,1459737,432455,123834,123041,126048,126088,1254634,1261427,1762051,1010156,1,0,
2195,110497585099500,2.2109276,2,stimulus,133,110497571528500,1,1,16,2196,1701489017,1701489017,2,160108,159649,161497,163446,1425714,868411,1459706,432430,123809,123016,126026,126068,1254608,1261408,1762033,1010136,1,0,
2196,110497585099500,2.2109276,2,stimulus,133,110497571528500,1,1,16,2197,1701490021,1701490021,2,160144,159676,161522,163469,1425729,868433,1459721,432446,123837,123051,126054,126094,1254626,1261429,1762064,1010161,1,0,
2197,110497585099500,2.2109276,2,stimulus,133,110497571528500,1,1,16,2198,1701491026,1701491026,2,160122,159665,161501,163434,1425698,868402,1459689,432403,123821,123038,126040,126071,1254593,1261401,1762030,1010141,1,0,
2198,110497592149600,2.2179777,2,stimulus,134,110497587977300,1,1,16,2199,1701492031,1701492031,2,160152,159693,161533,163456,1425716,868413,1459705,432417,123843,123058,126073,126099,1254606,1261418,1762049,1010154,1,0,
2199,110497592149600,2.2179777,2,stimulus,134,110497587977300,1,1,16,2200,1701493035,1701493035,2,160185,159718,161557,163479,1425731,868420,1459722,432434,123862,123079,126107,126121,1254616,1261419,1762055,1010158,1,0,
2200,110497592149600,2.2179777,2,stimulus,134,110497587977300,1,1,16,2201,1701494040,1701494040,2,160090,159638,161471,163396,1425637,868324,1459618,432328,123778,122987,126018,126026,1254503,1261304,1761938,1010028,1,0,
2201,110497592149600,2.2179777,2,stimulus,134,110497587977300,1,1,16,2202,1701495045,1701495045,2,159936,159501,161344,163263,1425486,868171,1459461,432161,123639,122849,125888,125872,1254333,1261143,1761761,1009841,1,0,
2202,110497592149600,2.2179777,2,stimulus,134,110497587977300,1,1,16,2203,1701496050,1701496050,2,159861,159419,161279,163186,1425401,868085,1459374,432078,123563,122774,125813,125794,1254241,1261039,1761663,1009742,1,0,
2203,110497592149600,2.2179777,2,stimulus,134,110497587977300,1,1,16,2204,1701497055,1701497055,2,159893,159466,161311,163204,1425427,868107,1459398,432103,123603,122815,125839,125838,1254269,1261057,1761688,1009768,1,0,
2204,110497592149600,2.2179777,2,stimulus,134,110497587977300,1,1,16,2205,1701498059,1701498059,2,160063,159623,161458,163351,1425568,868248,1459553,432256,123788,122989,126003,125999,1254418,1261209,1761833,1009931,1,0,
2205,110497598979300,2.2248074,2,stimulus,134,110497587977300,1,1,16,2206,1701499064,1701499064,2,160136,159691,161533,163434,1425619,868301,1459612,432313,123872,123059,126077,126068,1254471,1261262,1761882,1009975,1,0,
2206,110497598979300,2.2248074,2,stimulus,134,110497587977300,1,1,16,2207,1701500069,1701500069,2,159739,159344,161203,163116,1425291,867969,1459246,431931,123479,122704,125726,125731,1254110,1260898,1761496,1009566,1,0,
2207,110497598979300,2.2248074,2,stimulus,134,110497587977300,1,1,16,2208,1701501074,1701501074,2,159713,159331,161198,163119,1425306,867980,1459259,431925,123455,122695,125718,125733,1254133,1260913,1761513,1009568,1,0,
2208,110497598979300,2.2248074,2,stimulus,134,110497587977300,1,1,16,2209,1701502078,1701502078,2,159856,159469,161333,163260,1425467,868138,1459433,432093,123603,122839,125860,125884,1254312,1261091,1761689,1009759,1,0,
2209,110497598979300,2.2248074,2,stimulus,134,110497587977300,1,1,16,2210,1701503083,1701503083,2,160001,159593,161453,163376,1425599,868273,1459573,432238,123732,122969,125976,125997,1254464,1261241,1761846,1009921,1,0,
2210,110497598979300,2.2248074,2,stimulus,134,110497587977300,1,1,16,2211,1701504087,1701504087,2,160084,159668,161523,163429,1425671,868351,1459656,432324,123811,123051,126049,126061,1254545,1261337,1761930,1010023,1,0,
2211,110497598979300,2.2248074,2,stimulus,134,110497587977300,1,1,16,2212,1701505092,1701505092,2,160140,159714,161561,163469,1425707,868389,1459693,432370,123866,123097,126088,126095,1254591,1261378,1761979,1010085,1,0,
2212,110497606164900,2.231993,2,stimulus,135,110497603705700,1,0,16,2213,1701506097,1701506097,2,160286,159838,161676,163587,1425817,868502,1459819,432495,124006,123233,126212,126206,1254710,1261507,1762113,1010234,1,0,
2213,110497606164900,2.231993,2,stimulus,135,110497603705700,1,0,16,2214,1701507101,1701507101,2,160330,159862,161705,163609,1425830,868514,1459834,432514,124042,123269,126244,126243,1254723,1261528,1762136,1010264,1,0,
2214,110497606164900,2.231993,2,stimulus,135,110497603705700,1,0,16,2215,1701508106,1701508106,2,160113,159682,161519,163417,1425639,868305,1459621,432292,123829,123074,126053,126044,1254518,1261313,1761921,1010042,1,0,
2215,110497606164900,2.231993,2,stimulus,135,110497603705700,1,0,16,2216,1701509111,1701509111,2,160099,159674,161498,163403,1425621,868288,1459606,432261,123814,123054,126051,126034,1254507,1261298,1761908,1010031,1,0,
2216,110497606164900,2.231993,2,stimulus,135,110497603705700,1,0,16,2217,1701510115,1701510115,2,160128,159695,161519,163429,1425631,868307,1459627,432284,123851,123091,126083,126064,1254524,1261319,1761929,1010059,1,0,
2217,110497606164900,2.231993,2,stimulus,135,110497603705700,1,0,16,2218,1701511120,1701511120,2,160116,159680,161508,163421,1425601,868286,1459604,432263,123848,123081,126079,126048,1254508,1261302,1761910,1010041,1,0,
2218,110497606164900,2.231993,2,stimulus,135,110497603705700,1,0,16,2219,1701512125,1701512125,2,160154,159708,161534,163454,1425631,868310,1459622,432286,123887,123111,126121,126089,1254521,1261326,1761944,1010067,1,0,
2219,110497613094600,2.2389227,2,stimulus,135,110497603705700,1,0,16,2220,1701513130,1701513130,2,160204,159758,161564,163494,1425664,868337,1459652,432316,123939,123148,126162,126133,1254547,1261348,1761966,1010093,1,0,
2220,110497613094600,2.2389227,2,stimulus,135,110497603705700,1,0,16,2221,1701514135,1701514135,2,160110,159670,161475,163408,1425566,868226,1459548,432198,123852,123049,126070,126031,1254431,1261228,1761834,1009959,1,0,
2221,110497613094600,2.2389227,2,stimulus,135,110497603705700,1,0,16,2222,1701515139,1701515139,2,159942,159518,161325,163260,1425394,868059,1459377,432021,123682,122896,125911,125864,1254249,1261044,1761636,1009766,1,0,
2222,110497613094600,2.2389227,2,stimulus,135,110497603705700,1,0,16,2223,1701516144,1701516144,2,159875,159444,161248,163189,1425306,867979,1459288,431923,123606,122809,125850,125786,1254158,1260953,1761539,1009664,1,0,
2223,110497613094600,2.2389227,2,stimulus,135,110497603705700,1,0,16,2224,1701517148,1701517148,2,159916,159482,161282,163222,1425338,867996,1459306,431944,123654,122835,125880,125816,1254181,1260970,1761560,1009679,1,0,
2224,110497613094600,2.2389227,2,stimulus,135,110497603705700,1,0,16,2225,1701518153,1701518153,2,160094,159646,161438,163368,1425487,868141,1459465,432099,123832,123003,126036,125987,1254333,1261130,1761716,1009842,1,0,
2225,110497613094600,2.2389227,2,stimulus,135,110497603705700,1,0,16,2226,1701519158,1701519158,2,160153,159706,161499,163428,1425524,868186,1459517,432147,123886,123075,126099,126058,1254374,1261177,1761758,1009878,1,0,
2226,110497620234200,2.2460623,2,stimulus,135,110497603705700,1,0,16,2227,1701520163,1701520163,2,159734,159344,161163,163103,1425180,867839,1459150,431764,123476,122694,125749,125702,1254009,1260803,1761358,1009458,1,0,
2227,110497620234200,2.2460623,2,stimulus,135,110497603705700,1,0,16,2228,1701521168,1701521168,2,159712,159328,161158,163089,1425186,867846,1459149,431750,123430,122666,125748,125699,1254018,1260810,1761359,1009461,1,0,
2228,110497620234200,2.2460623,2,stimulus,135,110497603705700,1,0,16,2229,1701522172,1701522172,2,159855,159463,161293,163216,1425331,867998,1459313,431903,123549,122801,125875,125834,1254184,1260975,1761529,1009631,1,0,
2229,110497620234200,2.2460623,2,stimulus,135,110497603705700,1,0,16,2230,1701523177,1701523177,2,159993,159579,161402,163334,1425467,868131,1459449,432048,123684,122928,125996,125958,1254333,1261131,1761688,1009791,1,0,
2230,110497620234200,2.2460623,2,stimulus,135,110497603705700,1,0,16,2231,1701524182,1701524182,2,160078,159658,161468,163398,1425549,868218,1459543,432138,123787,123018,126070,126038,1254419,1261224,1761790,1009905,1,0,
2231,110497620234200,2.2460623,2,stimulus,135,110497603705700,1,0,16,2232,1701525187,1701525187,2,160143,159704,161514,163431,1425598,868265,1459601,432192,123844,123065,126119,126094,1254478,1261283,1761849,1009975,1,0,
2232,110497620234200,2.2460623,2,stimulus,135,110497603705700,1,0,16,2233,1701526191,1701526191,2,160311,159846,161649,163558,1425746,868396,1459741,432347,124012,123203,126263,126245,1254623,1261438,1762006,1010149,1,0,
2233,110497627050700,2.2528788,2,stimulus,136,110497621594900,1,0,16,2234,1701527196,1701527196,2,160351,159898,161678,163598,1425764,868417,1459768,432381,124063,123235,126310,126285,1254646,1261461,1762043,1010191,1,0,
2234,110497627050700,2.2528788,2,stimulus,136,110497621594900,1,0,16,2235,1701528201,1701528201,2,160142,159709,161487,163413,1425555,868209,1459557,432153,123846,123029,126116,126098,1254441,1261258,1761824,1009961,1,0,
2235,110497627050700,2.2528788,2,stimulus,136,110497621594900,1,0,16,2236,1701529205,1701529205,2,160134,159689,161465,163389,1425530,868180,1459519,432116,123819,123010,126091,126076,1254421,1261232,1761800,1009945,1,0,
2236,110497627050700,2.2528788,2,stimulus,136,110497621594900,1,0,16,2237,1701530210,1701530210,2,160146,159699,161480,163400,1425545,868190,1459529,432127,123846,123042,126106,126090,1254438,1261252,1761823,1009975,1,0,
2237,110497627050700,2.2528788,2,stimulus,136,110497621594900,1,0,16,2238,1701531215,1701531215,2,160121,159683,161466,163389,1425522,868161,1459501,432096,123834,123027,126098,126081,1254413,1261221,1761797,1009954,1,0,
2238,110497627050700,2.2528788,2,stimulus,136,110497621594900,1,0,16,2239,1701532220,1701532220,2,160156,159709,161491,163414,1425539,868174,1459516,432098,123868,123054,126125,126103,1254423,1261235,1761809,1009964,1,0,
2239,110497627050700,2.2528788,2,stimulus,136,110497621594900,1,0,16,2240,1701533225,1701533225,2,160203,159746,161526,163439,1425555,868193,1459538,432119,123909,123098,126144,126129,1254438,1261250,1761826,1009986,1,0,
2240,110497634106500,2.2599346,2,stimulus,136,110497621594900,1,0,16,2241,1701534229,1701534229,2,160123,159666,161439,163360,1425461,868096,1459440,432016,123819,123014,126041,126037,1254322,1261138,1761704,1009856,1,0,
2241,110497634106500,2.2599346,2,stimulus,136,110497621594900,1,0,16,2242,1701535234,1701535234,2,159963,159523,161301,163222,1425315,867938,1459283,431851,123659,122863,125888,125877,1254150,1260962,1761518,1009666,1,0,
2242,110497634106500,2.2599346,2,stimulus,136,110497621594900,1,0,16,2243,1701536239,1701536239,2,159885,159449,161231,163158,1425230,867856,1459199,431763,123583,122781,125823,125799,1254063,1260869,1761417,1009566,1,0,
2243,110497634106500,2.2599346,2,stimulus,136,110497621594900,1,0,16,2244,1701537244,1701537244,2,159920,159482,161270,163194,1425246,867878,1459223,431787,123623,122811,125864,125834,1254082,1260895,1761438,1009589,1,0,
2244,110497634106500,2.2599346,2,stimulus,136,110497621594900,1,0,16,2245,1701538248,1701538248,2,160095,159646,161424,163354,1425399,868024,1459378,431948,123808,122981,126029,125999,1254243,1261049,1761599,1009748,1,0,
2245,110497634106500,2.2599346,2,stimulus,136,110497621594900,1,0,16,2246,1701539253,1701539253,2,160152,159703,161477,163421,1425446,868067,1459424,431989,123880,123045,126085,126060,1254286,1261089,1761638,1009784,1,0,
2246,110497634106500,2.2599346,2,stimulus,136,110497621594900,1,0,16,2247,1701540258,1701540258,2,159730,159331,161129,163081,1425086,867705,1459046,431585,123462,122660,125715,125699,1253904,1260698,1761228,1009351,1,0,
2247,110497640999400,2.2668275,2,stimulus,137,110497638306200,1,0,16,2248,1701541262,1701541262,2,159713,159334,161140,163094,1425108,867724,1459067,431586,123433,122651,125719,125698,1253926,1260723,1761241,1009367,1,0,
2248,110497640999400,2.2668275,2,stimulus,137,110497638306200,1,0,16,2249,1701542267,1701542267,2,159866,159476,161280,163245,1425270,867888,1459227,431753,123583,122793,125868,125834,1254103,1260903,1761426,1009551,1,0,
2249,110497640999400,2.2668275,2,stimulus,137,110497638306200,1,0,16,2250,1701543272,1701543272,2,160002,159614,161399,163386,1425402,868035,1459379,431917,123709,122926,126004,125969,1254258,1261062,1761598,1009729,1,0,
2250,110497640999400,2.2668275,2,stimulus,137,110497638306200,1,0,16,2251,1701544277,1701544277,2,160083,159692,161468,163461,1425479,868121,1459474,432002,123801,123008,126083,126041,1254351,1261151,1761688,1009836,1,0,
2251,110497640999400,2.2668275,2,stimulus,137,110497638306200,1,0,16,2252,1701545282,1701545282,2,160136,159741,161509,163499,1425541,868163,1459526,432055,123864,123060,126131,126078,1254408,1261211,1761743,1009908,1,0,
2252,110497640999400,2.2668275,2,stimulus,137,110497638306200,1,0,16,2253,1701546287,1701546287,2,160291,159869,161631,163623,1425651,868273,1459658,432190,124013,123203,126254,126213,1254542,1261341,1761889,1010060,1,0,
2253,110497640999400,2.2668275,2,stimulus,137,110497638306200,1,0,16,2254,1701547292,1701547292,2,160318,159885,161634,163643,1425653,868278,1459651,432192,124033,123213,126256,126228,1254537,1261344,1761891,1010071,1,0,
2254,110497648090200,2.2739183,2,stimulus,137,110497638306200,1,0,16,2255,1701548296,1701548296,2,160100,159682,161441,163456,1425458,868069,1459443,431967,123823,123018,126058,126029,1254326,1261137,1761676,1009853,1,0,
2255,110497648090200,2.2739183,2,stimulus,137,110497638306200,1,0,16,2256,1701549301,1701549301,2,160094,159674,161448,163449,1425448,868056,1459430,431953,123817,123013,126054,126016,1254319,1261128,1761674,1009856,1,0,
2256,110497648090200,2.2739183,2,stimulus,137,110497638306200,1,0,16,2257,1701550306,1701550306,2,160134,159711,161474,163471,1425459,868070,1459434,431973,123864,123052,126093,126039,1254337,1261148,1761698,1009879,1,0,
2257,110497648090200,2.2739183,2,stimulus,137,110497638306200,1,0,16,2258,1701551311,1701551311,2,160098,159688,161444,163438,1425423,868028,1459402,431932,123844,123024,126064,126022,1254303,1261116,1761660,1009843,1,0,
2258,110497648090200,2.2739183,2,stimulus,137,110497638306200,1,0,16,2259,1701552316,1701552316,2,160125,159723,161471,163461,1425438,868043,1459425,431943,123874,123049,126084,126053,1254317,1261130,1761677,1009860,1,0,
2259,110497648090200,2.2739183,2,stimulus,137,110497638306200,1,0,16,2260,1701553321,1701553321,2,160163,159754,161509,163484,1425453,868064,1459443,431963,123908,123091,126113,126077,1254325,1261146,1761684,1009871,1,0,
2260,110497648090200,2.2739183,2,stimulus,137,110497638306200,1,0,16,2261,1701554326,1701554326,2,160074,159660,161423,163401,1425353,867961,1459320,431848,123811,122998,126022,125977,1254206,1261021,1761556,1009734,1,0,
2261,110497655099200,2.2809273,2,stimulus,138,110497654275600,1,1,16,2262,1701555331,1701555331,2,159922,159526,161282,163264,1425205,867801,1459163,431689,123662,122854,125871,125831,1254033,1260847,1761374,1009544,1,0,
2262,110497655099200,2.2809273,2,stimulus,138,110497654275600,1,1,16,2263,1701556336,1701556336,2,159851,159456,161213,163198,1425123,867722,1459088,431598,123590,122783,125806,125757,1253948,1260761,1761283,1009451,1,0,
2263,110497655099200,2.2809273,2,stimulus,138,110497654275600,1,1,16,2264,1701557340,1701557340,2,159904,159492,161254,163228,1425151,867751,1459118,431627,123634,122818,125843,125806,1253976,1260793,1761317,1009479,1,0,
2264,110497655099200,2.2809273,2,stimulus,138,110497654275600,1,1,16,2265,1701558345,1701558345,2,160087,159648,161428,163368,1425302,867896,1459274,431798,123814,122988,126012,125976,1254137,1260944,1761474,1009641,1,0,
2265,110497655099200,2.2809273,2,stimulus,138,110497654275600,1,1,16,2266,1701559350,1701559350,2,160111,159676,161459,163398,1425321,867914,1459294,431818,123851,123031,126047,126005,1254152,1260961,1761483,1009651,1,0,
2266,110497655099200,2.2809273,2,stimulus,138,110497654275600,1,1,16,2267,1701560355,1701560355,2,159686,159304,161119,163054,1424969,867554,1458921,431419,123434,122645,125689,125643,1253778,1260579,1761081,1009227,1,0,
2267,110497655099200,2.2809273,2,stimulus,138,110497654275600,1,1,16,2268,1701561360,1701561360,2,159683,159309,161143,163079,1425000,867588,1458958,431433,123411,122648,125703,125648,1253809,1260613,1761106,1009254,1,0,
2268,110497662085700,2.2879138,2,stimulus,138,110497654275600,1,1,16,2269,1701562365,1701562365,2,159808,159431,161263,163193,1425133,867727,1459103,431574,123529,122768,125821,125766,1253951,1260771,1761257,1009412,1,0,
2269,110497662085700,2.2879138,2,stimulus,138,110497654275600,1,1,16,2270,1701563370,1701563370,2,159929,159548,161373,163301,1425258,867854,1459235,431712,123649,122880,125933,125888,1254100,1260904,1761406,1009568,1,0,
2270,110497662085700,2.2879138,2,stimulus,138,110497654275600,1,1,16,2271,1701564374,1701564374,2,160014,159623,161452,163368,1425333,867934,1459319,431800,123732,122952,125994,125966,1254196,1260998,1761508,1009676,1,0,
2271,110497662085700,2.2879138,2,stimulus,138,110497654275600,1,1,16,2272,1701565379,1701565379,2,160082,159667,161504,163416,1425381,867979,1459372,431858,123786,123012,126038,126018,1254259,1261059,1761573,1009750,1,0,
2272,110497662085700,2.2879138,2,stimulus,138,110497654275600,1,1,16,2273,1701566384,1701566384,2,160255,159808,161640,163559,1425521,868109,1459521,432013,123959,123167,126183,126165,1254407,1261213,1761731,1009929,1,0,
2273,110497662085700,2.2879138,2,stimulus,138,110497654275600,1,1,16,2274,1701567389,1701567389,2,160295,159838,161658,163582,1425530,868125,1459538,432032,124006,123203,126211,126194,1254417,1261230,1761748,1009956,1,0,
2274,110497662085700,2.2879138,2,stimulus,138,110497654275600,1,1,16,2275,1701568393,1701568393,2,160093,159653,161466,163404,1425334,867930,1459327,431810,123802,123016,126016,125998,1254207,1261024,1761539,1009733,1,0,
2275,110497669196100,2.2950242,2,stimulus,138,110497654275600,1,1,16,2276,1701569398,1701569398,2,160093,159646,161469,163399,1425331,867909,1459317,431794,123788,123009,126013,125991,1254206,1261018,1761537,1009731,1,0,
2276,110497669196100,2.2950242,2,stimulus,138,110497654275600,1,1,16,2277,1701570403,1701570403,2,160111,159672,161488,163412,1425339,867923,1459323,431799,123813,123028,126041,126017,1254214,1261036,1761556,1009754,1,0,
2277,110497669196100,2.2950242,2,stimulus,138,110497654275600,1,1,16,2278,1701571408,1701571408,2,160087,159653,161471,163399,1425306,867892,1459294,431763,123805,123020,126036,125999,1254188,1261004,1761527,1009731,1,0,
2278,110497669196100,2.2950242,2,stimulus,138,110497654275600,1,1,16,2279,1701572412,1701572412,2,160116,159678,161504,163429,1425329,867910,1459316,431783,123848,123050,126066,126044,1254207,1261028,1761550,1009759,1,0,
2279,110497669196100,2.2950242,2,stimulus,138,110497654275600,1,1,16,2280,1701573417,1701573417,2,160148,159715,161538,163453,1425349,867923,1459340,431807,123890,123081,126099,126083,1254223,1261037,1761560,1009768,1,0,
2280,110497669196100,2.2950242,2,stimulus,138,110497654275600,1,1,16,2281,1701574422,1701574422,2,160052,159624,161448,163364,1425246,867820,1459229,431698,123792,123000,126010,125984,1254103,1260914,1761432,1009633,1,0,
2281,110497669196100,2.2950242,2,stimulus,138,110497654275600,1,1,16,2282,1701575427,1701575427,2,159872,159471,161285,163214,1425084,867646,1459045,431507,123624,122836,125846,125824,1253919,1260731,1761228,1009428,1,0,
2282,110497676144600,2.3019727,2,stimulus,139,110497672200000,1,1,16,2283,1701576431,1701576431,2,159791,159407,161211,163150,1425014,867568,1458964,431423,123553,122767,125772,125742,1253833,1260642,1761133,1009318,1,0,
2283,110497676144600,2.3019727,2,stimulus,139,110497672200000,1,1,16,2284,1701577436,1701577436,2,159859,159463,161261,163197,1425042,867608,1459005,431463,123610,122822,125818,125785,1253865,1260684,1761179,1009358,1,0,
2284,110497676144600,2.3019727,2,stimulus,139,110497672200000,1,1,16,2285,1701578441,1701578441,2,160046,159626,161422,163355,1425189,867756,1459165,431629,123797,123002,125989,125964,1254024,1260840,1761334,1009533,1,0,
2285,110497676144600,2.3019727,2,stimulus,139,110497672200000,1,1,16,2286,1701579446,1701579446,2,160087,159671,161481,163398,1425226,867793,1459206,431663,123848,123052,126042,126025,1254057,1260875,1761361,1009563,1,0,
2286,110497676144600,2.3019727,2,stimulus,139,110497672200000,1,1,16,2287,1701580451,1701580451,2,159680,159323,161149,163074,1424888,867446,1458851,431277,123446,122671,125689,125688,1253689,1260506,1760973,1009145,1,0,
2287,110497676144600,2.3019727,2,stimulus,139,110497672200000,1,1,16,2288,1701581456,1701581456,2,159669,159326,161174,163094,1424913,867476,1458875,431293,123425,122648,125693,125701,1253716,1260537,1761001,1009165,1,0,
2288,110497676144600,2.3019727,2,stimulus,139,110497672200000,1,1,16,2289,1701582461,1701582461,2,159791,159446,161301,163209,1425052,867618,1459023,431435,123549,122775,125822,125835,1253878,1260691,1761156,1009333,1,0,
2289,110497683240000,2.3090681,2,stimulus,139,110497672200000,1,1,16,2290,1701583465,1701583465,2,159915,159558,161416,163310,1425177,867739,1459159,431568,123667,122889,125933,125956,1254013,1260831,1761296,1009491,1,0,
2290,110497683240000,2.3090681,2,stimulus,139,110497672200000,1,1,16,2291,1701584470,1701584470,2,160004,159624,161486,163374,1425253,867809,1459242,431662,123754,122965,126000,126029,1254103,1260922,1761397,1009594,1,0,
2291,110497683240000,2.3090681,2,stimulus,139,110497672200000,1,1,16,2292,1701585475,1701585475,2,160073,159676,161528,163419,1425304,867861,1459292,431712,123824,123016,126040,126081,1254163,1260987,1761462,1009673,1,0,
2292,110497683240000,2.3090681,2,stimulus,139,110497672200000,1,1,16,2293,1701586480,1701586480,2,160241,159828,161656,163554,1425433,867995,1459434,431863,123992,123159,126186,126230,1254304,1261138,1761619,1009839,1,0,
2293,110497683240000,2.3090681,2,stimulus,139,110497672200000,1,1,16,2294,1701587485,1701587485,2,160259,159838,161679,163573,1425439,868000,1459441,431874,124016,123177,126210,126242,1254310,1261152,1761625,1009858,1,0,
2294,110497683240000,2.3090681,2,stimulus,139,110497672200000,1,1,16,2295,1701588490,1701588490,2,160063,159649,161502,163413,1425252,867813,1459239,431664,123815,122989,126031,126054,1254116,1260951,1761419,1009650,1,0,
2295,110497683240000,2.3090681,2,stimulus,139,110497672200000,1,1,16,2296,1701589494,1701589494,2,160090,159661,161511,163429,1425252,867805,1459233,431652,123823,122996,126038,126054,1254116,1260957,1761434,1009658,1,0,
2296,110497690147800,2.3159759,2,stimulus,140,110497688115700,1,1,16,2297,1701590499,1701590499,2,160121,159678,161534,163438,1425261,867813,1459244,431660,123851,123020,126046,126078,1254132,1260962,1761450,1009681,1,0,
2297,110497690147800,2.3159759,2,stimulus,140,110497688115700,1,1,16,2298,1701591504,1701591504,2,160094,159651,161513,163417,1425228,867776,1459213,431627,123834,123015,126023,126051,1254103,1260928,1761419,1009650,1,0,
2298,110497690147800,2.3159759,2,stimulus,140,110497688115700,1,1,16,2299,1701592509,1701592509,2,160129,159676,161533,163452,1425251,867793,1459229,431650,123868,123045,126050,126090,1254120,1260955,1761445,1009674,1,0,
2299,110497690147800,2.3159759,2,stimulus,140,110497688115700,1,1,16,2300,1701593514,1701593514,2,160159,159701,161549,163476,1425263,867799,1459246,431662,123891,123073,126069,126110,1254118,1260958,1761438,1009675,1,0,
2300,110497690147800,2.3159759,2,stimulus,140,110497688115700,1,1,16,2301,1701594519,1701594519,2,160052,159608,161443,163383,1425159,867693,1459133,431546,123792,122969,125969,126008,1253995,1260824,1761300,1009532,1,0,
2301,110497690147800,2.3159759,2,stimulus,140,110497688115700,1,1,16,2302,1701595524,1701595524,2,159888,159454,161297,163236,1424999,867529,1458964,431373,123634,122810,125812,125853,1253822,1260651,1761108,1009339,1,0,
2302,110497690147800,2.3159759,2,stimulus,140,110497688115700,1,1,16,2303,1701596528,1701596528,2,159811,159383,161218,163157,1424910,867438,1458871,431278,123550,122729,125723,125766,1253725,1260554,1761003,1009229,1,0,
2303,110497697188800,2.3230169,2,stimulus,140,110497688115700,1,1,16,2304,1701597533,1701597533,2,159857,159416,161256,163196,1424931,867463,1458900,431315,123591,122771,125776,125808,1253751,1260584,1761034,1009263,1,0,
2304,110497697188800,2.3230169,2,stimulus,140,110497688115700,1,1,16,2305,1701598538,1701598538,2,160032,159578,161406,163357,1425071,867611,1459051,431467,123759,122938,125946,125978,1253901,1260736,1761190,1009425,1,0,
2305,110497697188800,2.3230169,2,stimulus,140,110497688115700,1,1,16,2306,1701599543,1701599543,2,160053,159600,161428,163378,1425083,867619,1459066,431473,123786,122964,125974,126009,1253910,1260738,1761189,1009420,1,0,
2306,110497697188800,2.3230169,2,stimulus,140,110497688115700,1,1,16,2307,1701600547,1701600547,2,159650,159251,161094,163050,1424738,867278,1458702,431081,123375,122581,125624,125653,1253546,1260356,1760791,1009003,1,0,
2307,110497697188800,2.3230169,2,stimulus,140,110497688115700,1,1,16,2308,1701601552,1701601552,2,159652,159262,161116,163073,1424775,867308,1458736,431108,123356,122593,125637,125663,1253587,1260398,1760833,1009035,1,0,
2308,110497697188800,2.3230169,2,stimulus,140,110497688115700,1,1,16,2309,1701602557,1701602557,2,159789,159399,161242,163214,1424931,867464,1458901,431269,123485,122742,125774,125812,1253758,1260572,1761004,1009211,1,0,
2309,110497697188800,2.3230169,2,stimulus,140,110497688115700,1,1,16,2310,1701603562,1701603562,2,159921,159520,161371,163337,1425068,867608,1459049,431421,123624,122877,125904,125954,1253903,1260732,1761163,1009379,1,0,
2310,110497704139100,2.3299672,2,stimulus,141,110497703125600,1,0,16,2311,1701604567,1701604567,2,159997,159584,161442,163409,1425144,867683,1459126,431504,123711,122941,125969,126024,1253991,1260817,1761256,1009480,1,0,
2311,110497704139100,2.3299672,2,stimulus,141,110497703125600,1,0,16,2312,1701605572,1701605572,2,160063,159628,161492,163456,1425187,867725,1459181,431557,123778,122988,126025,126071,1254049,1260873,1761321,1009556,1,0,
2312,110497704139100,2.3299672,2,stimulus,141,110497703125600,1,0,16,2313,1701606577,1701606577,2,160225,159772,161635,163579,1425320,867852,1459326,431701,123940,123126,126170,126201,1254196,1261015,1761479,1009726,1,0,
2313,110497704139100,2.3299672,2,stimulus,141,110497703125600,1,0,16,2314,1701607582,1701607582,2,160257,159796,161654,163596,1425339,867862,1459333,431719,123968,123153,126199,126229,1254206,1261036,1761489,1009752,1,0,
2314,110497704139100,2.3299672,2,stimulus,141,110497703125600,1,0,16,2315,1701608587,1701608587,2,160068,159608,161473,163428,1425149,867673,1459126,431511,123756,122971,126018,126056,1254006,1260845,1761285,1009537,1,0,
2315,110497704139100,2.3299672,2,stimulus,141,110497703125600,1,0,16,2316,1701609592,1701609592,2,160071,159614,161475,163434,1425136,867665,1459121,431493,123752,122981,126011,126059,1253998,1260843,1761289,1009538,1,0,
2316,110497704139100,2.3299672,2,stimulus,141,110497703125600,1,0,16,2317,1701610597,1701610597,2,160099,159643,161499,163446,1425152,867674,1459131,431509,123787,123007,126029,126082,1254020,1260859,1761303,1009566,1,0,
2317,110497711095100,2.3369232,2,stimulus,141,110497703125600,1,0,16,2318,1701611601,1701611601,2,160058,159617,161469,163420,1425116,867628,1459089,431465,123761,122983,126009,126040,1253986,1260818,1761269,1009535,1,0,
2318,110497711095100,2.3369232,2,stimulus,141,110497703125600,1,0,16,2319,1701612606,1701612606,2,160109,159654,161519,163465,1425147,867664,1459123,431494,123805,123041,126056,126068,1254016,1260848,1761301,1009568,1,0,
2319,110497711095100,2.3369232,2,stimulus,141,110497703125600,1,0,16,2320,1701613610,1701613610,2,160156,159691,161551,163494,1425178,867692,1459150,431521,123859,123091,126090,126098,1254041,1260868,1761320,1009579,1,0,
2320,110497711095100,2.3369232,2,stimulus,141,110497703125600,1,0,16,2321,1701614615,1701614615,2,160051,159586,161448,163385,1425053,867568,1459021,431388,123754,122971,125974,125984,1253898,1260729,1761172,1009424,1,0,
2321,110497711095100,2.3369232,2,stimulus,141,110497703125600,1,0,16,2322,1701615620,1701615620,2,159881,159420,161299,163232,1424891,867391,1458842,431207,123576,122806,125808,125821,1253709,1260539,1760973,1009220,1,0,
2322,110497711095100,2.3369232,2,stimulus,141,110497703125600,1,0,16,2323,1701616625,1701616625,2,159811,159351,161231,163170,1424816,867313,1458765,431129,123505,122741,125751,125757,1253623,1260451,1760882,1009124,1,0,
2323,110497711095100,2.3369232,2,stimulus,141,110497703125600,1,0,16,2324,1701617629,1701617629,2,159868,159406,161281,163217,1424844,867352,1458808,431166,123566,122791,125813,125808,1253664,1260487,1760927,1009164,1,0,
2324,110497718033300,2.3438614,2,stimulus,141,110497703125600,1,0,16,2325,1701618634,1701618634,2,160043,159574,161444,163372,1424993,867499,1458968,431323,123744,122958,125975,125971,1253819,1260648,1761081,1009323,1,0,
2325,110497718033300,2.3438614,2,stimulus,141,110497703125600,1,0,16,2326,1701619639,1701619639,2,160061,159610,161462,163413,1425011,867511,1458988,431339,123780,122987,126009,126001,1253834,1260662,1761089,1009331,1,0,
2326,110497718033300,2.3438614,2,stimulus,141,110497703125600,1,0,16,2327,1701620644,1701620644,2,159663,159273,161111,163084,1424676,867159,1458617,430953,123373,122612,125658,125658,1253466,1260287,1760694,1008910,1,0,
2327,110497718033300,2.3438614,2,stimulus,141,110497703125600,1,0,16,2328,1701621649,1701621649,2,159657,159281,161128,163103,1424704,867192,1458648,430969,123367,122609,125669,125683,1253509,1260329,1760724,1008942,1,0,
2328,110497718033300,2.3438614,2,stimulus,141,110497703125600,1,0,16,2329,1701622654,1701622654,2,159784,159409,161259,163236,1424849,867348,1458809,431124,123504,122748,125815,125821,1253680,1260503,1760898,1009124,1,0,
2329,110497718033300,2.3438614,2,stimulus,141,110497703125600,1,0,16,2330,1701623659,1701623659,2,159910,159536,161392,163353,1424986,867489,1458964,431274,123638,122871,125947,125938,1253824,1260651,1761061,1009291,1,0,
2330,110497718033300,2.3438614,2,stimulus,141,110497703125600,1,0,16,2331,1701624664,1701624664,2,160016,159624,161472,163417,1425074,867570,1459059,431370,123731,122959,126024,126008,1253916,1260741,1761163,1009396,1,0,
2331,110497725051800,2.3508799,2,stimulus,142,110497720368300,1,0,16,2332,1701625669,1701625669,2,160108,159709,161525,163475,1425147,867646,1459124,431453,123826,123040,126093,126069,1253999,1260825,1761241,1009493,1,0,
2332,110497725051800,2.3508799,2,stimulus,142,110497720368300,1,0,16,2333,1701626674,1701626674,2,160273,159861,161662,163618,1425283,867781,1459271,431603,124004,123198,126244,126214,1254149,1260978,1761395,1009669,1,0,
2333,110497725051800,2.3508799,2,stimulus,142,110497720368300,1,0,16,2334,1701627679,1701627679,2,160286,159866,161671,163627,1425269,867767,1459263,431593,124011,123204,126246,126216,1254136,1260981,1761395,1009677,1,0,
2334,110497725051800,2.3508799,2,stimulus,142,110497720368300,1,0,16,2335,1701628683,1701628683,2,160093,159698,161499,163461,1425098,867584,1459076,431394,123822,123029,126071,126039,1253946,1260791,1761208,1009484,1,0,
2335,110497725051800,2.3508799,2,stimulus,142,110497720368300,1,0,16,2336,1701629688,1701629688,2,160123,159718,161513,163470,1425100,867593,1459079,431396,123842,123051,126085,126059,1253958,1260799,1761223,1009506,1,0,
2336,110497725051800,2.3508799,2,stimulus,142,110497720368300,1,0,16,2337,1701630693,1701630693,2,160142,159731,161533,163484,1425101,867598,1459083,431404,123865,123078,126107,126071,1253969,1260815,1761236,1009518,1,0,
2337,110497725051800,2.3508799,2,stimulus,142,110497720368300,1,0,16,2338,1701631698,1701631698,2,160110,159706,161506,163471,1425078,867564,1459054,431366,123848,123053,126075,126056,1253941,1260784,1761199,1009485,1,0,
2338,110497732065400,2.3578935,2,stimulus,142,110497720368300,1,0,16,2339,1701632703,1701632703,2,160158,159747,161543,163511,1425101,867593,1459086,431399,123892,123095,126111,126104,1253966,1260815,1761229,1009521,1,0,
2339,110497732065400,2.3578935,2,stimulus,142,110497720368300,1,0,16,2340,1701633708,1701633708,2,160190,159766,161569,163544,1425115,867608,1459103,431424,123923,123123,126131,126114,1253971,1260816,1761235,1009524,1,0,
2340,110497732065400,2.3578935,2,stimulus,142,110497720368300,1,0,16,2341,1701634712,1701634712,2,160083,159651,161463,163445,1425001,867484,1458979,431293,123815,123021,126012,125991,1253824,1260675,1761083,1009371,1,0,
2341,110497732065400,2.3578935,2,stimulus,142,110497720368300,1,0,16,2342,1701635717,1701635717,2,159919,159484,161294,163286,1424831,867308,1458795,431107,123639,122858,125854,125821,1253642,1260480,1760886,1009164,1,0,
2342,110497732065400,2.3578935,2,stimulus,142,110497720368300,1,0,16,2343,1701636722,1701636722,2,159864,159421,161238,163216,1424762,867234,1458719,431029,123575,122799,125791,125758,1253564,1260397,1760806,1009069,1,0,
2343,110497732065400,2.3578935,2,stimulus,142,110497720368300,1,0,16,2344,1701637727,1701637727,2,159926,159479,161293,163260,1424803,867273,1458763,431073,123636,122848,125844,125808,1253607,1260445,1760841,1009108,1,0,
2344,110497732065400,2.3578935,2,stimulus,142,110497720368300,1,0,16,2345,1701638732,1701638732,2,160096,159643,161458,163409,1424944,867422,1458916,431230,123816,123016,126002,125969,1253756,1260597,1760999,1009282,1,0,
2345,110497739226700,2.3650548,2,stimulus,143,110497738293100,1,0,16,2346,1701639737,1701639737,2,160100,159654,161473,163429,1424941,867428,1458910,431221,123828,123034,126016,125994,1253762,1260596,1760991,1009276,1,0,
2346,110497739226700,2.3650548,2,stimulus,143,110497738293100,1,0,16,2347,1701640741,1701640741,2,159680,159288,161114,163104,1424593,867071,1458546,430829,123414,122644,125659,125633,1253389,1260209,1760590,1008849,1,0,
2347,110497739226700,2.3650548,2,stimulus,143,110497738293100,1,0,16,2348,1701641746,1701641746,2,159689,159303,161149,163142,1424643,867111,1458603,430859,123408,122664,125689,125663,1253439,1260255,1760639,1008881,1,0,
2348,110497739226700,2.3650548,2,stimulus,143,110497738293100,1,0,16,2349,1701642751,1701642751,2,159849,159447,161291,163290,1424810,867280,1458771,431028,123562,122812,125843,125816,1253625,1260441,1760823,1009069,1,0,
2349,110497739226700,2.3650548,2,stimulus,143,110497738293100,1,0,16,2350,1701643756,1701643756,2,159994,159571,161418,163413,1424947,867416,1458918,431183,123708,122954,125983,125955,1253784,1260605,1760984,1009241,1,0,
2350,110497739226700,2.3650548,2,stimulus,143,110497738293100,1,0,16,2351,1701644760,1701644760,2,160086,159661,161495,163483,1425031,867504,1459012,431289,123804,123039,126058,126039,1253884,1260706,1761086,1009358,1,0,
2351,110497739226700,2.3650548,2,stimulus,143,110497738293100,1,0,16,2352,1701645765,1701645765,2,160167,159726,161554,163534,1425086,867561,1459079,431352,123884,123090,126118,126108,1253944,1260772,1761158,1009438,1,0,
2352,110497746162400,2.3719905,2,stimulus,143,110497738293100,1,0,16,2353,1701646770,1701646770,2,160333,159864,161695,163670,1425227,867692,1459220,431498,124048,123236,126274,126248,1254093,1260930,1761313,1009614,1,0,
2353,110497746162400,2.3719905,2,stimulus,143,110497738293100,1,0,16,2354,1701647775,1701647775,2,160347,159870,161694,163673,1425211,867685,1459202,431484,124054,123240,126275,126243,1254083,1260921,1761307,1009616,1,0,
2354,110497746162400,2.3719905,2,stimulus,143,110497738293100,1,0,16,2355,1701648780,1701648780,2,160140,159696,161517,163495,1425022,867499,1459005,431282,123854,123048,126089,126069,1253883,1260723,1761111,1009402,1,0,
2355,110497746162400,2.3719905,2,stimulus,143,110497738293100,1,0,16,2356,1701649785,1701649785,2,160159,159716,161544,163507,1425032,867503,1459013,431288,123879,123066,126103,126096,1253903,1260738,1761127,1009426,1,0,
2356,110497746162400,2.3719905,2,stimulus,143,110497738293100,1,0,16,2357,1701650789,1701650789,2,160178,159736,161558,163519,1425044,867509,1459019,431292,123907,123086,126115,126111,1253909,1260744,1761134,1009441,1,0,
2357,110497746162400,2.3719905,2,stimulus,143,110497738293100,1,0,16,2358,1701651794,1701651794,2,160161,159714,161533,163500,1425016,867471,1458989,431264,123888,123080,126101,126091,1253883,1260715,1761109,1009416,1,0,
2358,110497746162400,2.3719905,2,stimulus,143,110497738293100,1,0,16,2359,1701652799,1701652799,2,160212,159764,161579,163546,1425054,867505,1459026,431294,123939,123144,126141,126134,1253914,1260754,1761141,1009451,1,0,
2359,110497753147700,2.3789758,2,stimulus,143,110497738293100,1,0,16,2360,1701653804,1701653804,2,160260,159801,161621,163565,1425067,867519,1459039,431310,123981,123172,126162,126154,1253917,1260763,1761141,1009455,1,0,
2360,110497753147700,2.3789758,2,stimulus,143,110497738293100,1,0,16,2361,1701654808,1701654808,2,160166,159709,161527,163476,1424960,867403,1458928,431188,123886,123060,126058,126054,1253784,1260633,1761002,1009311,1,0,
2361,110497753147700,2.3789758,2,stimulus,143,110497738293100,1,0,16,2362,1701655813,1701655813,2,160009,159573,161376,163334,1424810,867247,1458770,431022,123729,122908,125904,125909,1253617,1260456,1760821,1009118,1,0,
2362,110497753147700,2.3789758,2,stimulus,143,110497738293100,1,0,16,2363,1701656818,1701656818,2,159953,159513,161314,163282,1424743,867186,1458695,430957,123656,122859,125838,125856,1253545,1260384,1760747,1009032,1,0,
2363,110497753147700,2.3789758,2,stimulus,143,110497738293100,1,0,16,2364,1701657822,1701657822,2,160015,159564,161379,163336,1424793,867232,1458744,431002,123717,122913,125898,125916,1253592,1260427,1760789,1009077,1,0,
2364,110497753147700,2.3789758,2,stimulus,143,110497738293100,1,0,16,2365,1701658827,1701658827,2,160197,159750,161551,163496,1424939,867380,1458909,431171,123911,123076,126082,126085,1253749,1260588,1760951,1009251,1,0,
2365,110497753147700,2.3789758,2,stimulus,143,110497738293100,1,0,16,2366,1701659832,1701659832,2,160194,159759,161561,163509,1424931,867373,1458900,431163,123916,123097,126096,126086,1253742,1260581,1760935,1009231,1,0,
2366,110497760137400,2.3859655,2,stimulus,144,110497754609500,1,1,16,2367,1701660837,1701660837,2,159792,159402,161219,163186,1424598,867034,1458545,430783,123507,122726,125739,125747,1253383,1260210,1760552,1008821,1,0,
2367,110497760137400,2.3859655,2,stimulus,144,110497754609500,1,1,16,2368,1701661841,1701661841,2,159813,159434,161259,163222,1424660,867095,1458599,430827,123517,122743,125781,125800,1253449,1260273,1760613,1008869,1,0,
2368,110497760137400,2.3859655,2,stimulus,144,110497754609500,1,1,16,2369,1701662846,1701662846,2,159950,159572,161386,163362,1424811,867243,1458761,430984,123648,122867,125918,125936,1253619,1260446,1760780,1009046,1,0,
2369,110497760137400,2.3859655,2,stimulus,144,110497754609500,1,1,16,2370,1701663851,1701663851,2,160079,159685,161508,163471,1424938,867375,1458898,431131,123769,122979,126036,126052,1253767,1260586,1760929,1009211,1,0,
2370,110497760137400,2.3859655,2,stimulus,144,110497754609500,1,1,16,2371,1701664856,1701664856,2,160173,159764,161584,163540,1425013,867456,1458991,431220,123865,123056,126107,126119,1253857,1260679,1761023,1009312,1,0,
2371,110497760137400,2.3859655,2,stimulus,144,110497754609500,1,1,16,2372,1701665860,1701665860,2,160238,159809,161634,163578,1425066,867506,1459044,431274,123933,123116,126158,126166,1253918,1260753,1761087,1009394,1,0,
2372,110497760137400,2.3859655,2,stimulus,144,110497754609500,1,1,16,2373,1701666865,1701666865,2,160401,159946,161762,163713,1425201,867633,1459178,431419,124096,123279,126291,126312,1254053,1260899,1761243,1009562,1,0,
2373,110497767057300,2.3928854,2,stimulus,144,110497754609500,1,1,16,2374,1701667870,1701667870,2,160400,159947,161764,163708,1425183,867603,1459156,431404,124096,123288,126281,126301,1254041,1260876,1761231,1009557,1,0,
2374,110497767057300,2.3928854,2,stimulus,144,110497754609500,1,1,16,2375,1701668874,1701668874,2,160200,159772,161590,163526,1424988,867415,1458963,431190,123890,123103,126106,126117,1253839,1260683,1761024,1009348,1,0,
2375,110497767057300,2.3928854,2,stimulus,144,110497754609500,1,1,16,2376,1701669879,1701669879,2,160195,159783,161598,163531,1424989,867420,1458958,431192,123894,123123,126118,126123,1253843,1260694,1761025,1009357,1,0,
2376,110497767057300,2.3928854,2,stimulus,144,110497754609500,1,1,16,2377,1701670884,1701670884,2,160202,159775,161585,163536,1424989,867413,1458954,431186,123904,123128,126115,126122,1253833,1260690,1761029,1009359,1,0,
2377,110497767057300,2.3928854,2,stimulus,144,110497754609500,1,1,16,2378,1701671888,1701671888,2,160191,159763,161574,163524,1424967,867391,1458933,431169,123893,123113,126111,126113,1253819,1260660,1761011,1009339,1,0,
2378,110497767057300,2.3928854,2,stimulus,144,110497754609500,1,1,16,2379,1701672893,1701672893,2,160243,159802,161609,163564,1424997,867418,1458961,431193,123946,123156,126151,126147,1253844,1260687,1761034,1009370,1,0,
2379,110497767057300,2.3928854,2,stimulus,144,110497754609500,1,1,16,2380,1701673898,1701673898,2,160271,159824,161624,163595,1425007,867426,1458970,431194,123975,123178,126163,126163,1253843,1260693,1761037,1009371,1,0,
2380,110497774201500,2.4000296,2,stimulus,145,110497771035900,1,1,16,2381,1701674902,1701674902,2,160167,159719,161517,163494,1424895,867303,1458851,431070,123868,123064,126050,126054,1253711,1260556,1760896,1009217,1,0,
2381,110497774201500,2.4000296,2,stimulus,145,110497771035900,1,1,16,2382,1701675907,1701675907,2,160024,159587,161379,163363,1424749,867161,1458696,430913,123728,122924,125906,125914,1253546,1260398,1760729,1009038,1,0,
2382,110497774201500,2.4000296,2,stimulus,145,110497771035900,1,1,16,2383,1701676912,1701676912,2,159957,159542,161321,163309,1424686,867093,1458619,430849,123656,122866,125844,125861,1253484,1260322,1760646,1008956,1,0,
2383,110497774201500,2.4000296,2,stimulus,145,110497771035900,1,1,16,2384,1701677917,1701677917,2,160017,159600,161383,163364,1424731,867134,1458664,430895,123707,122921,125900,125926,1253526,1260361,1760689,1009006,1,0,
2384,110497774201500,2.4000296,2,stimulus,145,110497771035900,1,1,16,2385,1701678921,1701678921,2,160211,159765,161551,163534,1424889,867292,1458834,431060,123891,123103,126074,126098,1253694,1260526,1760857,1009184,1,0,
2385,110497774201500,2.4000296,2,stimulus,145,110497771035900,1,1,16,2386,1701679926,1701679926,2,160204,159756,161548,163541,1424875,867286,1458822,431048,123883,123121,126081,126106,1253676,1260519,1760841,1009161,1,0,
2386,110497774201500,2.4000296,2,stimulus,145,110497771035900,1,1,16,2387,1701680931,1701680931,2,159795,159404,161208,163212,1424542,866946,1458464,430665,123476,122756,125716,125751,1253313,1260148,1760450,1008738,1,0,
2387,110497781075700,2.4069038,2,stimulus,145,110497771035900,1,1,16,2388,1701681936,1701681936,2,159825,159441,161261,163262,1424604,867006,1458530,430717,123497,122788,125753,125795,1253386,1260215,1760521,1008804,1,0,
2388,110497781075700,2.4069038,2,stimulus,145,110497771035900,1,1,16,2389,1701682941,1701682941,2,159974,159575,161417,163409,1424764,867164,1458702,430878,123640,122929,125904,125939,1253558,1260389,1760696,1008989,1,0,
2389,110497781075700,2.4069038,2,stimulus,145,110497771035900,1,1,16,2390,1701683946,1701683946,2,160102,159699,161533,163516,1424889,867296,1458833,431011,123776,123042,126029,126060,1253698,1260529,1760838,1009151,1,0,
2390,110497781075700,2.4069038,2,stimulus,145,110497771035900,1,1,16,2391,1701684951,1701684951,2,160198,159774,161594,163576,1424961,867376,1458911,431100,123866,123113,126098,126126,1253790,1260618,1760933,1009253,1,0,
2391,110497781075700,2.4069038,2,stimulus,145,110497771035900,1,1,16,2392,1701685955,1701685955,2,160279,159833,161654,163636,1425023,867440,1458980,431176,123950,123186,126164,126188,1253861,1260696,1761014,1009344,1,0,
2392,110497781075700,2.4069038,2,stimulus,145,110497771035900,1,1,16,2393,1701686960,1701686960,2,160471,159993,161813,163797,1425172,867597,1459146,431346,124138,123361,126335,126354,1254032,1260866,1761190,1009536,1,0,
2393,110497781075700,2.4069038,2,stimulus,145,110497771035900,1,1,16,2394,1701687965,1701687965,2,160465,159992,161806,163780,1425147,867565,1459118,431323,124137,123348,126339,126353,1254006,1260846,1761170,1009521,1,0,
2394,110497788068300,2.4138964,2,stimulus,146,110497787587300,1,1,16,2395,1701688970,1701688970,2,160273,159819,161648,163615,1424976,867378,1458924,431121,123951,123156,126169,126179,1253809,1260656,1760973,1009322,1,0,
2395,110497788068300,2.4138964,2,stimulus,146,110497787587300,1,1,16,2396,1701689975,1701689975,2,160302,159847,161674,163639,1424999,867398,1458946,431141,123974,123181,126197,126210,1253839,1260683,1761003,1009356,1,0,
2396,110497788068300,2.4138964,2,stimulus,146,110497787587300,1,1,16,2397,1701690980,1701690980,2,160304,159836,161669,163633,1424978,867389,1458937,431136,123986,123183,126203,126218,1253843,1260679,1760996,1009356,1,0,
2397,110497788068300,2.4138964,2,stimulus,146,110497787587300,1,1,16,2398,1701691985,1701691985,2,160282,159802,161649,163601,1424949,867348,1458904,431101,123967,123159,126179,126192,1253800,1260638,1760963,1009326,1,0,
2398,110497788068300,2.4138964,2,stimulus,146,110497787587300,1,1,16,2399,1701692990,1701692990,2,160323,159842,161693,163634,1424976,867371,1458929,431118,124008,123209,126205,126227,1253826,1260668,1760987,1009352,1,0,
2399,110497788068300,2.4138964,2,stimulus,146,110497787587300,1,1,16,2400,1701693994,1701693994,2,160341,159859,161706,163654,1424983,867375,1458934,431124,124026,123228,126224,126233,1253827,1260654,1760975,1009339,1,0,
2400,110497788068300,2.4138964,2,stimulus,146,110497787587300,1,1,16,2401,1701694999,1701694999,2,160226,159747,161594,163544,1424851,867246,1458798,430982,123889,123110,126109,126103,1253678,1260500,1760824,1009176,1,0,
2401,110497795101900,2.42093,2,stimulus,146,110497787587300,1,1,16,2402,1701696004,1701696004,2,160062,159592,161455,163397,1424691,867073,1458630,430812,123729,122948,125959,125949,1253501,1260323,1760641,1008978,1,0,
2402,110497795101900,2.42093,2,stimulus,146,110497787587300,1,1,16,2403,1701697009,1701697009,2,159981,159514,161386,163329,1424609,866995,1458548,430726,123663,122868,125883,125871,1253402,1260238,1760544,1008881,1,0,
2403,110497795101900,2.42093,2,stimulus,146,110497787587300,1,1,16,2404,1701698014,1701698014,2,160046,159574,161446,163381,1424654,867044,1458598,430773,123723,122916,125941,125934,1253452,1260291,1760601,1008934,1,0,
2404,110497795101900,2.42093,2,stimulus,146,110497787587300,1,1,16,2405,1701699019,1701699019,2,160239,159754,161626,163551,1424819,867207,1458776,430952,123916,123099,126123,126112,1253623,1260461,1760778,1009119,1,0,
2405,110497795101900,2.42093,2,stimulus,146,110497787587300,1,1,16,2406,1701700023,1701700023,2,160221,159738,161619,163551,1424803,867191,1458756,430934,123903,123100,126117,126102,1253605,1260434,1760743,1009085,1,0,
2406,110497795101900,2.42093,2,stimulus,146,110497787587300,1,1,16,2407,1701701028,1701701028,2,159806,159368,161274,163211,1424450,866838,1458386,430528,123476,122724,125751,125738,1253234,1260055,1760339,1008658,1,0,
2407,110497795101900,2.42093,2,stimulus,146,110497787587300,1,1,16,2408,1701702033,1701702033,2,159826,159413,161323,163249,1424506,866888,1458441,430573,123482,122749,125791,125775,1253296,1260116,1760390,1008709,1,0,
2408,110497802113400,2.4279415,2,stimulus,146,110497787587300,1,1,16,2409,1701703038,1701703038,2,159953,159536,161451,163365,1424649,867022,1458582,430720,123603,122879,125912,125892,1253448,1260277,1760547,1008878,1,0,
2409,110497802113400,2.4279415,2,stimulus,146,110497787587300,1,1,16,2410,1701704043,1701704043,2,160064,159635,161554,163466,1424760,867140,1458704,430854,123714,122976,126012,126004,1253573,1260409,1760683,1009023,1,0,
2410,110497802113400,2.4279415,2,stimulus,146,110497787587300,1,1,16,2411,1701705048,1701705048,2,160141,159713,161619,163527,1424838,867219,1458788,430937,123792,123037,126078,126084,1253656,1260498,1760775,1009126,1,0,
2411,110497802113400,2.4279415,2,stimulus,146,110497787587300,1,1,16,2412,1701706053,1701706053,2,160227,159775,161677,163577,1424894,867282,1458852,431005,123873,123099,126144,126149,1253721,1260564,1760853,1009213,1,0,
2412,110497802113400,2.4279415,2,stimulus,146,110497787587300,1,1,16,2413,1701707057,1701707057,2,160388,159918,161818,163702,1425024,867408,1458988,431146,124040,123249,126288,126294,1253869,1260710,1761008,1009383,1,0,
2413,110497802113400,2.4279415,2,stimulus,146,110497787587300,1,1,16,2414,1701708062,1701708062,2,160384,159904,161799,163685,1424991,867383,1458959,431116,124036,123247,126269,126280,1253841,1260689,1760979,1009361,1,0,
2414,110497802113400,2.4279415,2,stimulus,146,110497787587300,1,1,16,2415,1701709067,1701709067,2,160196,159732,161628,163512,1424811,867194,1458767,430911,123840,123063,126081,126103,1253648,1260488,1760786,1009156,1,0,
2415,110497809067500,2.4348956,2,stimulus,147,110497804723300,1,0,16,2416,1701710072,1701710072,2,160218,159738,161643,163528,1424819,867196,1458767,430914,123856,123077,126094,126121,1253658,1260494,1760796,1009174,1,0,
2416,110497809067500,2.4348956,2,stimulus,147,110497804723300,1,0,16,2417,1701711077,1701711077,2,160221,159720,161628,163525,1424806,867181,1458759,430894,123861,123081,126099,126129,1253644,1260491,1760794,1009168,1,0,
2417,110497809067500,2.4348956,2,stimulus,147,110497804723300,1,0,16,2418,1701712082,1701712082,2,160188,159691,161601,163501,1424770,867136,1458728,430859,123843,123052,126079,126098,1253608,1260453,1760755,1009137,1,0,
2418,110497809067500,2.4348956,2,stimulus,147,110497804723300,1,0,16,2419,1701713087,1701713087,2,160223,159723,161636,163529,1424789,867161,1458751,430890,123885,123089,126114,126120,1253631,1260470,1760777,1009160,1,0,
2419,110497809067500,2.4348956,2,stimulus,147,110497804723300,1,0,16,2420,1701714092,1701714092,2,160248,159748,161653,163550,1424803,867173,1458759,430902,123914,123107,126125,126136,1253634,1260474,1760774,1009161,1,0,
2420,110497809067500,2.4348956,2,stimulus,147,110497804723300,1,0,16,2421,1701715097,1701715097,2,160134,159643,161545,163439,1424680,867050,1458632,430768,123787,122993,126015,126021,1253501,1260339,1760625,1009002,1,0,
2421,110497809067500,2.4348956,2,stimulus,147,110497804723300,1,0,16,2422,1701716102,1701716102,2,159976,159488,161395,163283,1424521,866886,1458459,430601,123623,122850,125872,125870,1253331,1260163,1760442,1008806,1,0,
2422,110497816039200,2.4418673,2,stimulus,147,110497804723300,1,0,16,2423,1701717106,1701717106,2,159908,159427,161328,163224,1424457,866813,1458389,430527,123563,122796,125808,125809,1253250,1260080,1760360,1008728,1,0,
2423,110497816039200,2.4418673,2,stimulus,147,110497804723300,1,0,16,2424,1701718111,1701718111,2,159979,159493,161394,163293,1424511,866872,1458448,430584,123640,122872,125874,125881,1253305,1260144,1760419,1008785,1,0,
2424,110497816039200,2.4418673,2,stimulus,147,110497804723300,1,0,16,2425,1701719116,1701719116,2,160171,159664,161559,163453,1424666,867026,1458611,430752,123824,123053,126056,126056,1253466,1260307,1760580,1008958,1,0,
2425,110497816039200,2.4418673,2,stimulus,147,110497804723300,1,0,16,2426,1701720121,1701720121,2,160149,159640,161553,163435,1424641,867004,1458586,430718,123796,123044,126044,126045,1253442,1260273,1760544,1008916,1,0,
2426,110497816039200,2.4418673,2,stimulus,147,110497804723300,1,0,16,2427,1701721126,1701721126,2,159744,159291,161233,163124,1424301,866658,1458228,430329,123388,122681,125701,125687,1253080,1259905,1760153,1008501,1,0,
2427,110497816039200,2.4418673,2,stimulus,147,110497804723300,1,0,16,2428,1701722131,1701722131,2,159786,159356,161288,163192,1424378,866734,1458296,430394,123434,122729,125753,125756,1253162,1259994,1760233,1008580,1,0,
2428,110497816039200,2.4418673,2,stimulus,147,110497804723300,1,0,16,2429,1701723136,1701723136,2,159936,159496,161411,163329,1424531,866884,1458456,430563,123578,122869,125883,125891,1253331,1260158,1760406,1008753,1,0,
2429,110497823016500,2.4488446,2,stimulus,148,110497820139100,1,0,16,2430,1701724141,1701724141,2,160072,159611,161514,163450,1424655,867013,1458593,430705,123719,123003,126004,126005,1253469,1260299,1760553,1008912,1,0,
2430,110497823016500,2.4488446,2,stimulus,148,110497820139100,1,0,16,2431,1701725145,1701725145,2,160162,159689,161571,163512,1424730,867091,1458676,430788,123803,123079,126066,126065,1253555,1260386,1760646,1009012,1,0,
2431,110497823016500,2.4488446,2,stimulus,148,110497820139100,1,0,16,2432,1701726150,1701726150,2,160251,159747,161625,163578,1424792,867153,1458743,430863,123873,123143,126123,126124,1253625,1260464,1760721,1009105,1,0,
2432,110497823016500,2.4488446,2,stimulus,148,110497820139100,1,0,16,2433,1701727155,1701727155,2,160419,159891,161767,163724,1424924,867281,1458890,431010,124044,123291,126267,126274,1253766,1260613,1760883,1009278,1,0,
2433,110497823016500,2.4488446,2,stimulus,148,110497820139100,1,0,16,2434,1701728160,1701728160,2,160404,159883,161746,163704,1424902,867251,1458849,430985,124038,123278,126256,126262,1253736,1260588,1760856,1009259,1,0,
2434,110497823016500,2.4488446,2,stimulus,148,110497820139100,1,0,16,2435,1701729165,1701729165,2,160226,159716,161584,163546,1424736,867084,1458671,430796,123863,123108,126093,126106,1253559,1260410,1760674,1009061,1,0,
2435,110497823016500,2.4488446,2,stimulus,148,110497820139100,1,0,16,2436,1701730170,1701730170,2,160256,159751,161624,163581,1424764,867112,1458707,430821,123899,123144,126126,126133,1253599,1260444,1760707,1009108,1,0,
2436,110497830020800,2.4558489,2,stimulus,148,110497820139100,1,0,16,2437,1701731175,1701731175,2,160270,159778,161651,163596,1424778,867122,1458712,430831,123920,123168,126144,126157,1253619,1260456,1760726,1009133,1,0,
2437,110497830020800,2.4558489,2,stimulus,148,110497820139100,1,0,16,2438,1701732180,1701732180,2,160263,159776,161642,163598,1424759,867095,1458692,430805,123910,123163,126137,126153,1253603,1260441,1760713,1009115,1,0,
2438,110497830020800,2.4558489,2,stimulus,148,110497820139100,1,0,16,2439,1701733185,1701733185,2,160307,159807,161672,163617,1424771,867111,1458714,430829,123936,123191,126173,126194,1253625,1260459,1760729,1009145,1,0,
2439,110497830020800,2.4558489,2,stimulus,148,110497820139100,1,0,16,2440,1701734190,1701734190,2,160321,159818,161678,163629,1424771,867104,1458714,430824,123941,123196,126174,126198,1253612,1260444,1760714,1009133,1,0,
2440,110497830020800,2.4558489,2,stimulus,148,110497820139100,1,0,16,2441,1701735194,1701735194,2,160206,159713,161561,163521,1424653,866980,1458585,430691,123825,123068,126058,126072,1253474,1260304,1760559,1008967,1,0,
2441,110497830020800,2.4558489,2,stimulus,148,110497820139100,1,0,16,2442,1701736199,1701736199,2,160061,159575,161421,163385,1424506,866834,1458431,430539,123689,122920,125924,125926,1253309,1260139,1760385,1008783,1,0,
2442,110497830020800,2.4558489,2,stimulus,148,110497820139100,1,0,16,2443,1701737204,1701737204,2,159993,159516,161369,163324,1424444,866768,1458360,430469,123638,122864,125864,125861,1253233,1260063,1760308,1008694,1,0,
2443,110497837177000,2.4630051,2,stimulus,148,110497820139100,1,0,16,2444,1701738209,1701738209,2,160076,159597,161444,163386,1424509,866833,1458434,430534,123723,122928,125953,125951,1253301,1260130,1760374,1008769,1,0,
2444,110497837177000,2.4630051,2,stimulus,148,110497820139100,1,0,16,2445,1701739214,1701739214,2,160251,159771,161611,163548,1424664,866983,1458593,430691,123907,123096,126114,126129,1253461,1260289,1760540,1008938,1,0,
2445,110497837177000,2.4630051,2,stimulus,148,110497820139100,1,0,16,2446,1701740219,1701740219,2,160206,159742,161587,163529,1424619,866948,1458552,430650,123884,123071,126090,126096,1253417,1260246,1760486,1008884,1,0,
2446,110497837177000,2.4630051,2,stimulus,148,110497820139100,1,0,16,2447,1701741224,1701741224,2,159818,159407,161273,163224,1424298,866618,1458208,430284,123488,122706,125761,125764,1253074,1259894,1760118,1008487,1,0,
2447,110497837177000,2.4630051,2,stimulus,148,110497820139100,1,0,16,2448,1701742229,1701742229,2,159868,159471,161356,163288,1424384,866700,1458289,430361,123541,122751,125826,125842,1253169,1259988,1760203,1008574,1,0,
2448,110497837177000,2.4630051,2,stimulus,148,110497820139100,1,0,16,2449,1701743234,1701743234,2,159993,159596,161490,163416,1424531,866847,1458441,430516,123675,122874,125949,125983,1253329,1260161,1760371,1008743,1,0,
2449,110497837177000,2.4630051,2,stimulus,148,110497820139100,1,0,16,2450,1701744239,1701744239,2,160120,159713,161606,163519,1424663,866977,1458587,430651,123804,122991,126059,126100,1253466,1260301,1760528,1008899,1,0,
2450,110497844087100,2.4699152,2,stimulus,149,110497838039100,1,0,16,2451,1701745243,1701745243,2,160194,159777,161666,163569,1424722,867045,1458653,430728,123879,123061,126121,126148,1253545,1260378,1760606,1008992,1,0,
2451,110497844087100,2.4699152,2,stimulus,149,110497838039100,1,0,16,2452,1701746248,1701746248,2,160264,159834,161704,163614,1424770,867097,1458701,430793,123943,123128,126176,126204,1253604,1260443,1760665,1009071,1,0,
2452,110497844087100,2.4699152,2,stimulus,149,110497838039100,1,0,16,2453,1701747253,1701747253,2,160449,159985,161847,163753,1424912,867238,1458858,430951,124108,123285,126336,126356,1253759,1260604,1760836,1009252,1,0,
2453,110497844087100,2.4699152,2,stimulus,149,110497838039100,1,0,16,2454,1701748258,1701748258,2,160423,159960,161820,163711,1424866,867184,1458818,430908,124079,123257,126313,126327,1253712,1260558,1760792,1009218,1,0,
2454,110497844087100,2.4699152,2,stimulus,149,110497838039100,1,0,16,2455,1701749263,1701749263,2,160218,159783,161646,163548,1424685,866996,1458616,430704,123883,123073,126124,126147,1253519,1260363,1760593,1009015,1,0,
2455,110497844087100,2.4699152,2,stimulus,149,110497838039100,1,0,16,2456,1701750267,1701750267,2,160251,159811,161669,163571,1424708,867016,1458636,430718,123911,123097,126157,126183,1253546,1260393,1760627,1009049,1,0,
2456,110497844087100,2.4699152,2,stimulus,149,110497838039100,1,0,16,2457,1701751272,1701751272,2,160270,159821,161673,163576,1424704,867013,1458643,430725,123928,123105,126173,126198,1253549,1260401,1760630,1009062,1,0,
2457,110497851119300,2.4769474,2,stimulus,149,110497838039100,1,0,16,2458,1701752277,1701752277,2,160256,159798,161658,163557,1424681,866989,1458617,430701,123909,123088,126161,126188,1253523,1260384,1760604,1009043,1,0,
2458,110497851119300,2.4769474,2,stimulus,149,110497838039100,1,0,16,2459,1701753282,1701753282,2,160299,159844,161706,163600,1424711,867023,1458654,430736,123954,123134,126207,126238,1253564,1260419,1760647,1009076,1,0,
2459,110497851119300,2.4769474,2,stimulus,149,110497838039100,1,0,16,2460,1701754287,1701754287,2,160338,159883,161735,163619,1424728,867044,1458673,430753,123999,123173,126221,126251,1253576,1260424,1760651,1009077,1,0,
2460,110497851119300,2.4769474,2,stimulus,149,110497838039100,1,0,16,2461,1701755292,1701755292,2,160223,159775,161623,163521,1424614,866918,1458548,430621,123893,123063,126110,126124,1253428,1260273,1760501,1008924,1,0,
2461,110497851119300,2.4769474,2,stimulus,149,110497838039100,1,0,16,2462,1701756296,1701756296,2,160055,159617,161461,163382,1424449,866750,1458374,430448,123725,122908,125951,125951,1253243,1260098,1760317,1008724,1,0,
2462,110497851119300,2.4769474,2,stimulus,149,110497838039100,1,0,16,2463,1701757301,1701757301,2,159993,159567,161396,163322,1424376,866668,1458304,430363,123667,122843,125881,125888,1253168,1260017,1760229,1008633,1,0,
2463,110497851119300,2.4769474,2,stimulus,149,110497838039100,1,0,16,2464,1701758306,1701758306,2,160068,159634,161463,163384,1424429,866723,1458356,430424,123744,122906,125944,125960,1253221,1260066,1760288,1008694,1,0,
2464,110497858047000,2.4838751,3,fixation_after,150,110497855632400,0,0,16,2465,1701759311,1701759311,2,160248,159801,161626,163541,1424587,866878,1458510,430587,123927,123060,126113,126136,1253376,1260227,1760448,1008867,1,0,
2465,110497858047000,2.4838751,3,fixation_after,150,110497855632400,0,0,16,2466,1701760316,1701760316,2,160193,159753,161600,163507,1424535,866831,1458461,430533,123883,123021,126073,126108,1253328,1260174,1760379,1008795,1,0,
2466,110497858047000,2.4838751,3,fixation_after,150,110497855632400,0,0,16,2467,1701761321,1701761321,2,159799,159409,161277,163196,1424206,866501,1458114,430159,123473,122671,125708,125770,1252973,1259819,1760001,1008390,1,0,
2467,110497858047000,2.4838751,3,fixation_after,150,110497855632400,0,0,16,2468,1701762326,1701762326,2,159847,159464,161338,163263,1424287,866583,1458198,430239,123508,122737,125764,125826,1253068,1259912,1760091,1008471,1,0,
2468,110497858047000,2.4838751,3,fixation_after,150,110497855632400,0,0,16,2469,1701763330,1701763330,2,159969,159589,161462,163378,1424428,866728,1458350,430388,123638,122866,125896,125946,1253223,1260062,1760256,1008643,1,0,
2469,110497858047000,2.4838751,3,fixation_after,150,110497855632400,0,0,16,2470,1701764335,1701764335,2,160093,159696,161560,163464,1424540,866839,1458480,430515,123761,122983,126007,126061,1253359,1260188,1760393,1008793,1,0,
2470,110497858047000,2.4838751,3,fixation_after,150,110497855632400,0,0,16,2471,1701765340,1701765340,2,160173,159764,161624,163516,1424612,866911,1458549,430591,123835,123050,126066,126128,1253436,1260269,1760471,1008877,1,0,
2471,110497865126200,2.4909543,3,fixation_after,150,110497855632400,0,0,16,2472,1701766345,1701766345,2,160261,159835,161684,163572,1424675,866974,1458613,430669,123904,123127,126137,126196,1253506,1260344,1760548,1008967,1,0,
2472,110497865126200,2.4909543,3,fixation_after,150,110497855632400,0,0,16,2473,1701767350,1701767350,2,160430,159986,161818,163704,1424808,867111,1458753,430819,124063,123285,126286,126348,1253656,1260500,1760713,1009151,1,0,
2473,110497865126200,2.4909543,3,fixation_after,150,110497855632400,0,0,16,2474,1701768355,1701768355,2,160399,159951,161787,163661,1424762,867058,1458703,430766,124018,123246,126254,126313,1253607,1260457,1760673,1009103,1,0,
2474,110497865126200,2.4909543,3,fixation_after,150,110497855632400,0,0,16,2475,1701769360,1701769360,2,160212,159768,161606,163489,1424580,866866,1458504,430552,123816,123060,126074,126123,1253409,1260267,1760463,1008894,1,0,
2475,110497865126200,2.4909543,3,fixation_after,150,110497855632400,0,0,16,2476,1701770365,1701770365,2,160264,159804,161641,163521,1424611,866894,1458527,430578,123852,123100,126118,126156,1253444,1260292,1760497,1008939,1,0,
2476,110497865126200,2.4909543,3,fixation_after,150,110497855632400,0,0,16,2477,1701771369,1701771369,2,160266,159806,161630,163523,1424592,866881,1458513,430574,123854,123111,126119,126157,1253438,1260279,1760493,1008937,1,0,
2477,110497865126200,2.4909543,3,fixation_after,150,110497855632400,0,0,16,2478,1701772374,1701772374,2,160250,159784,161616,163515,1424572,866862,1458494,430549,123841,123109,126114,126137,1253423,1260264,1760478,1008921,1,0,
2478,110497872265000,2.4980931,3,fixation_after,151,110497871694300,0,0,16,2479,1701773379,1701773379,2,160298,159826,161654,163554,1424599,866888,1458519,430575,123892,123142,126156,126166,1253444,1260294,1760504,1008958,1,0,
2479,110497872265000,2.4980931,3,fixation_after,151,110497871694300,0,0,16,2480,1701774384,1701774384,2,160314,159833,161659,163553,1424586,866865,1458515,430560,123896,123155,126161,126166,1253423,1260277,1760478,1008935,1,0,
2480,110497872265000,2.4980931,3,fixation_after,151,110497871694300,0,0,16,2481,1701775389,1701775389,2,160191,159708,161548,163446,1424464,866738,1458383,430431,123773,123051,126042,126036,1253279,1260120,1760326,1008769,1,0,
2481,110497872265000,2.4980931,3,fixation_after,151,110497871694300,0,0,16,2482,1701776394,1701776394,2,160046,159566,161420,163333,1424322,866594,1458227,430282,123629,122921,125903,125894,1253121,1259954,1760161,1008591,1,0,
2482,110497872265000,2.4980931,3,fixation_after,151,110497871694300,0,0,16,2483,1701777398,1701777398,2,160000,159516,161373,163288,1424264,866539,1458167,430221,123589,122864,125856,125829,1253056,1259896,1760088,1008514,1,0,
2483,110497872265000,2.4980931,3,fixation_after,151,110497871694300,0,0,16,2484,1701778403,1701778403,2,160079,159586,161448,163357,1424329,866598,1458230,430288,123675,122941,125929,125906,1253121,1259966,1760152,1008583,1,0,
2484,110497872265000,2.4980931,3,fixation_after,151,110497871694300,0,0,16,2485,1701779408,1701779408,2,160276,159764,161634,163534,1424496,866761,1458400,430454,123882,123133,126111,126097,1253289,1260134,1760323,1008768,1,0,
2485,110497879126000,2.5049541,3,fixation_after,151,110497871694300,0,0,16,2486,1701780413,1701780413,2,160228,159724,161603,163510,1424446,866727,1458352,430403,123849,123109,126083,126071,1253238,1260078,1760260,1008708,1,0,
2486,110497879126000,2.5049541,3,fixation_after,151,110497871694300,0,0,16,2487,1701781418,1701781418,2,159822,159364,161274,163193,1424116,866394,1458002,430033,123449,122748,125728,125720,1252886,1259714,1759888,1008301,1,0,
2487,110497879126000,2.5049541,3,fixation_after,151,110497871694300,0,0,16,2488,1701782423,1701782423,2,159881,159424,161351,163265,1424209,866476,1458100,430117,123508,122819,125797,125802,1252986,1259824,1759990,1008398,1,0,
2488,110497879126000,2.5049541,3,fixation_after,151,110497871694300,0,0,16,2489,1701783428,1701783428,2,160021,159548,161480,163392,1424356,866630,1458257,430281,123654,122946,125944,125941,1253159,1259996,1760154,1008576,1,0,
2489,110497879126000,2.5049541,3,fixation_after,151,110497871694300,0,0,16,2490,1701784432,1701784432,2,160138,159661,161589,163501,1424478,866753,1458389,430409,123772,123054,126048,126043,1253291,1260136,1760291,1008725,1,0,
2490,110497879126000,2.5049541,3,fixation_after,151,110497871694300,0,0,16,2491,1701785437,1701785437,2,160211,159728,161635,163556,1424529,866803,1458449,430479,123833,123104,126095,126094,1253357,1260213,1760368,1008814,1,0,
2491,110497879126000,2.5049541,3,fixation_after,151,110497871694300,0,0,16,2492,1701786442,1701786442,2,160287,159801,161683,163605,1424593,866857,1458519,430548,123919,123158,126154,126151,1253429,1260275,1760436,1008897,1,0,
2492,110497886109600,2.5119377,3,fixation_after,151,110497871694300,0,0,16,2493,1701787447,1701787447,2,160451,159938,161821,163739,1424726,866996,1458659,430692,124099,123307,126291,126303,1253572,1260419,1760594,1009063,1,0,
2493,110497886109600,2.5119377,3,fixation_after,151,110497871694300,0,0,16,2494,1701788452,1701788452,2,160418,159896,161777,163701,1424674,866943,1458592,430634,124059,123269,126256,126259,1253521,1260369,1760546,1009015,1,0,
2494,110497886109600,2.5119377,3,fixation_after,151,110497871694300,0,0,16,2495,1701789457,1701789457,2,160236,159736,161621,163546,1424501,866764,1458408,430442,123861,123084,126098,126095,1253340,1260196,1760364,1008828,1,0,
2495,110497886109600,2.5119377,3,fixation_after,151,110497871694300,0,0,16,2496,1701790462,1701790462,2,160270,159772,161654,163573,1424524,866786,1458431,430468,123894,123106,126125,126140,1253366,1260217,1760401,1008863,1,0,
2496,110497886109600,2.5119377,3,fixation_after,151,110497871694300,0,0,16,2497,1701791467,1701791467,2,160279,159770,161653,163573,1424512,866774,1458428,430463,123904,123107,126130,126149,1253358,1260211,1760399,1008862,1,0,
2497,110497886109600,2.5119377,3,fixation_after,151,110497871694300,0,0,16,2498,1701792472,1701792472,2,160251,159733,161633,163548,1424481,866739,1458395,430426,123879,123076,126113,126132,1253327,1260184,1760361,1008828,1,0,
2498,110497886109600,2.5119377,3,fixation_after,151,110497871694300,0,0,16,2499,1701793477,1701793477,2,160275,159759,161664,163574,1424496,866745,1458410,430439,123914,123104,126151,126163,1253347,1260199,1760371,1008850,1,0,
2499,110497893040500,2.5188686,3,fixation_after,152,110497887602900,0,0,16,2500,1701794482,1701794482,2,160285,159768,161669,163587,1424488,866738,1458399,430424,123933,123108,126164,126158,1253333,1260188,1760358,1008833,1,0,
2500,110497893040500,2.5188686,3,fixation_after,152,110497887602900,0,0,16,2501,1701795487,1701795487,2,160162,159658,161552,163474,1424366,866614,1458274,430291,123803,122998,126046,126030,1253186,1260038,1760208,1008673,1,0,
2501,110497893040500,2.5188686,3,fixation_after,152,110497887602900,0,0,16,2502,1701796492,1701796492,2,160024,159528,161416,163346,1424226,866471,1458119,430143,123669,122869,125922,125872,1253035,1259876,1760046,1008498,1,0,
2502,110497893040500,2.5188686,3,fixation_after,152,110497887602900,0,0,16,2503,1701797497,1701797497,2,159970,159475,161356,163284,1424151,866399,1458049,430074,123607,122820,125865,125813,1252959,1259800,1759961,1008409,1,0,
2503,110497893040500,2.5188686,3,fixation_after,152,110497887602900,0,0,16,2504,1701798501,1701798501,2,160046,159536,161419,163338,1424208,866443,1458108,430128,123683,122883,125933,125876,1253003,1259853,1760009,1008463,1,0,
2504,110497893040500,2.5188686,3,fixation_after,152,110497887602900,0,0,16,2505,1701799506,1701799506,2,160217,159693,161574,163488,1424351,866592,1458254,430281,123859,123053,126091,126038,1253151,1259999,1760162,1008629,1,0,
2505,110497893040500,2.5188686,3,fixation_after,152,110497887602900,0,0,16,2506,1701800511,1701800511,2,160148,159641,161521,163441,1424289,866526,1458186,430212,123800,123006,126038,125992,1253081,1259929,1760085,1008547,1,0,
2506,110497900090700,2.5259188,3,fixation_after,152,110497887602900,0,0,16,2507,1701801516,1701801516,2,159754,159308,161201,163128,1423967,866198,1457842,429848,123413,122644,125701,125655,1252736,1259583,1759715,1008149,1,0,
2507,110497900090700,2.5259188,3,fixation_after,152,110497887602900,0,0,16,2508,1701802521,1701802521,2,159817,159388,161275,163216,1424059,866288,1457946,429933,123474,122706,125775,125738,1252843,1259684,1759813,1008247,1,0,
2508,110497900090700,2.5259188,3,fixation_after,152,110497887602900,0,0,16,2509,1701803526,1701803526,2,159949,159517,161397,163336,1424197,866438,1458094,430082,123600,122837,125901,125864,1253006,1259849,1759975,1008418,1,0,
2509,110497900090700,2.5259188,3,fixation_after,152,110497887602900,0,0,16,2510,1701804531,1701804531,2,160077,159626,161503,163442,1424319,866563,1458223,430212,123719,122942,126011,125973,1253148,1259992,1760113,1008573,1,0,
2510,110497900090700,2.5259188,3,fixation_after,152,110497887602900,0,0,16,2511,1701805535,1701805535,2,160144,159674,161559,163491,1424378,866619,1458294,430288,123787,122991,126059,126027,1253213,1260061,1760189,1008659,1,0,
2511,110497900090700,2.5259188,3,fixation_after,152,110497887602900,0,0,16,2512,1701806540,1701806540,2,160211,159730,161614,163543,1424430,866672,1458359,430349,123858,123054,126111,126089,1253274,1260124,1760254,1008741,1,0,
2512,110497900090700,2.5259188,3,fixation_after,152,110497887602900,0,0,16,2513,1701807545,1701807545,2,160378,159866,161741,163669,1424554,866793,1458491,430489,124022,123193,126252,126234,1253414,1260264,1760410,1008912,1,0,
2513,110497907067600,2.5328957,3,fixation_after,153,110497903946200,0,0,16,2514,1701808551,1701808551,2,160337,159829,161698,163634,1424498,866739,1458429,430429,123984,123154,126216,126201,1253368,1260213,1760359,1008861,1,0,
2514,110497907067600,2.5328957,3,fixation_after,153,110497903946200,0,0,16,2515,1701809555,1701809555,2,160139,159651,161532,163469,1424321,866565,1458238,430231,123793,122983,126043,126021,1253179,1260024,1760168,1008656,1,0,
2515,110497907067600,2.5328957,3,fixation_after,153,110497903946200,0,0,16,2516,1701810560,1701810560,2,160186,159693,161563,163499,1424351,866587,1458271,430266,123824,123030,126075,126062,1253213,1260059,1760204,1008699,1,0,
2516,110497907067600,2.5328957,3,fixation_after,153,110497903946200,0,0,16,2517,1701811565,1701811565,2,160190,159694,161561,163493,1424337,866576,1458267,430261,123829,123037,126071,126066,1253204,1260055,1760201,1008701,1,0,
2517,110497907067600,2.5328957,3,fixation_after,153,110497903946200,0,0,16,2518,1701812570,1701812570,2,160187,159693,161556,163488,1424321,866554,1458242,430243,123834,123032,126070,126057,1253189,1260032,1760186,1008684,1,0,
2518,110497907067600,2.5328957,3,fixation_after,153,110497903946200,0,0,16,2519,1701813575,1701813575,2,160231,159734,161597,163523,1424351,866582,1458266,430265,123874,123076,126106,126091,1253216,1260061,1760208,1008715,1,0,
2519,110497907067600,2.5328957,3,fixation_after,153,110497903946200,0,0,16,2520,1701814580,1701814580,2,160241,159746,161608,163518,1424348,866574,1458262,430263,123890,123080,126106,126092,1253204,1260046,1760194,1008701,1,0,
2520,110497914105000,2.5399331,3,fixation_after,153,110497903946200,0,0,16,2521,1701815585,1701815585,2,160124,159648,161499,163412,1424228,866454,1458133,430133,123771,122964,125988,125970,1253061,1259903,1760039,1008544,1,0,
2521,110497914105000,2.5399331,3,fixation_after,153,110497903946200,0,0,16,2522,1701816590,1701816590,2,159978,159513,161369,163276,1424076,866306,1457981,429970,123624,122827,125848,125813,1252896,1259739,1759868,1008365,1,0,
2522,110497914105000,2.5399331,3,fixation_after,153,110497903946200,0,0,16,2523,1701817594,1701817594,2,159922,159458,161319,163226,1424016,866242,1457913,429912,123570,122776,125793,125763,1252832,1259668,1759799,1008287,1,0,
2523,110497914105000,2.5399331,3,fixation_after,153,110497903946200,0,0,16,2524,1701818599,1701818599,2,160013,159538,161391,163297,1424079,866308,1457980,429983,123659,122866,125869,125849,1252906,1259746,1759874,1008363,1,0,
2524,110497914105000,2.5399331,3,fixation_after,153,110497903946200,0,0,16,2525,1701819604,1701819604,2,160203,159718,161567,163468,1424243,866469,1458153,430154,123846,123053,126059,126041,1253065,1259913,1760043,1008554,1,0,
2525,110497914105000,2.5399331,3,fixation_after,153,110497903946200,0,0,16,2526,1701820609,1701820609,2,160125,159654,161509,163422,1424183,866397,1458085,430070,123784,122992,126007,125979,1252988,1259839,1759956,1008454,1,0,
2526,110497914105000,2.5399331,3,fixation_after,153,110497903946200,0,0,16,2527,1701821614,1701821614,2,159738,159312,161177,163107,1423856,866065,1457740,429700,123393,122629,125669,125651,1252648,1259489,1759586,1008055,1,0,
2527,110497921175900,2.547004,3,fixation_after,154,110497920667200,0,0,16,2528,1701822619,1701822619,2,159793,159368,161253,163183,1423939,866157,1457826,429784,123439,122678,125732,125731,1252745,1259579,1759677,1008140,1,0,
2528,110497921175900,2.547004,3,fixation_after,154,110497920667200,0,0,16,2529,1701823624,1701823624,2,159932,159487,161372,163310,1424083,866301,1457974,429936,123579,122795,125856,125865,1252907,1259734,1759839,1008312,1,0,
2529,110497921175900,2.547004,3,fixation_after,154,110497920667200,0,0,16,2530,1701824629,1701824629,2,160053,159594,161476,163414,1424195,866421,1458102,430064,123696,122901,125964,125968,1253048,1259876,1759984,1008467,1,0,
2530,110497921175900,2.547004,3,fixation_after,154,110497920667200,0,0,16,2531,1701825634,1701825634,2,160122,159664,161541,163484,1424273,866494,1458174,430156,123769,122980,126028,126030,1253126,1259959,1760076,1008561,1,0,
2531,110497921175900,2.547004,3,fixation_after,154,110497920667200,0,0,16,2532,1701826639,1701826639,2,160218,159744,161613,163559,1424348,866569,1458254,430241,123859,123073,126104,126103,1253208,1260042,1760169,1008665,1,0,
2532,110497921175900,2.547004,3,fixation_after,154,110497920667200,0,0,16,2533,1701827644,1701827644,2,160378,159888,161746,163703,1424484,866701,1458399,430381,124028,123227,126253,126240,1253344,1260188,1760324,1008836,1,0,
2533,110497921175900,2.547004,3,fixation_after,154,110497920667200,0,0,16,2534,1701828649,1701828649,2,160324,159835,161696,163645,1424420,866639,1458338,430318,123989,123174,126202,126185,1253289,1260134,1760263,1008785,1,0,
2534,110497928104500,2.5539326,3,fixation_after,154,110497920667200,0,0,16,2535,1701829654,1701829654,2,160119,159651,161523,163475,1424239,866455,1458144,430120,123787,122982,126023,126015,1253106,1259944,1760073,1008586,1,0,
2535,110497928104500,2.5539326,3,fixation_after,154,110497920667200,0,0,16,2536,1701830659,1701830659,2,160159,159689,161553,163504,1424266,866479,1458178,430148,123820,123026,126061,126063,1253133,1259980,1760109,1008622,1,0,
2536,110497928104500,2.5539326,3,fixation_after,154,110497920667200,0,0,16,2537,1701831664,1701831664,2,160161,159680,161548,163501,1424253,866459,1458157,430137,123826,123034,126059,126063,1253112,1259978,1760101,1008620,1,0,
2537,110497928104500,2.5539326,3,fixation_after,154,110497920667200,0,0,16,2538,1701832669,1701832669,2,160159,159664,161545,163502,1424238,866453,1458143,430117,123826,123033,126052,126068,1253099,1259962,1760084,1008611,1,0,
2538,110497928104500,2.5539326,3,fixation_after,154,110497920667200,0,0,16,2539,1701833674,1701833674,2,160223,159715,161600,163557,1424280,866494,1458186,430163,123883,123081,126111,126123,1253148,1260003,1760128,1008659,1,0,
2539,110497928104500,2.5539326,3,fixation_after,154,110497920667200,0,0,16,2540,1701834678,1701834678,2,160257,159734,161619,163559,1424279,866494,1458189,430166,123899,123096,126128,126143,1253145,1259998,1760121,1008650,1,0,
2540,110497928104500,2.5539326,3,fixation_after,154,110497920667200,0,0,16,2541,1701835683,1701835683,2,160133,159606,161489,163431,1424144,866351,1458041,430013,123754,122954,125991,126009,1252976,1259832,1759947,1008463,1,0,
2541,110497935118600,2.5609467,3,fixation_after,154,110497920667200,0,0,16,2542,1701836688,1701836688,2,159979,159461,161339,163291,1423989,866186,1457881,429849,123593,122798,125844,125855,1252801,1259655,1759766,1008270,1,0,
2542,110497935118600,2.5609467,3,fixation_after,154,110497920667200,0,0,16,2543,1701837693,1701837693,2,159921,159418,161294,163256,1423939,866134,1457828,429797,123552,122752,125794,125810,1252750,1259599,1759707,1008210,1,0,
2543,110497935118600,2.5609467,3,fixation_after,154,110497920667200,0,0,16,2544,1701838698,1701838698,2,160016,159508,161381,163340,1424008,866211,1457897,429879,123639,122844,125878,125893,1252828,1259675,1759784,1008287,1,0,
2544,110497935118600,2.5609467,3,fixation_after,154,110497920667200,0,0,16,2545,1701839703,1701839703,2,160214,159693,161558,163521,1424174,866367,1458073,430049,123843,123036,126058,126080,1252991,1259846,1759956,1008473,1,0,
2545,110497935118600,2.5609467,3,fixation_after,154,110497920667200,0,0,16,2546,1701840708,1701840708,2,160128,159633,161475,163453,1424102,866290,1457993,429953,123767,122971,125977,126020,1252909,1259764,1759854,1008364,1,0,
2546,110497935118600,2.5609467,3,fixation_after,154,110497920667200,0,0,16,2547,1701841713,1701841713,2,159730,159292,161144,163137,1423781,865965,1457644,429583,123375,122615,125629,125684,1252565,1259416,1759480,1007961,1,0,
2547,110497935118600,2.5609467,3,fixation_after,154,110497920667200,0,0,16,2548,1701842718,1701842718,2,159801,159353,161209,163213,1423864,866049,1457734,429672,123432,122667,125701,125770,1252656,1259513,1759574,1008054,1,0,
2548,110497942126000,2.5679541,3,fixation_after,155,110497937243700,0,0,16,2549,1701843724,1701843724,2,159931,159469,161321,163324,1423989,866188,1457879,429816,123552,122779,125821,125892,1252811,1259664,1759725,1008231,1,0,
2549,110497942126000,2.5679541,3,fixation_after,155,110497937243700,0,0,16,2550,1701844729,1701844729,2,160058,159573,161424,163419,1424109,866297,1457999,429941,123667,122879,125927,125991,1252938,1259799,1759867,1008384,1,0,
2550,110497942126000,2.5679541,3,fixation_after,155,110497937243700,0,0,16,2551,1701845734,1701845734,2,160139,159639,161481,163481,1424169,866361,1458069,430018,123746,122951,125994,126057,1253014,1259878,1759952,1008474,1,0,
2551,110497942126000,2.5679541,3,fixation_after,155,110497937243700,0,0,16,2552,1701846739,1701846739,2,160228,159714,161545,163551,1424236,866433,1458147,430096,123825,123042,126073,126133,1253088,1259956,1760041,1008563,1,0,
2552,110497942126000,2.5679541,3,fixation_after,155,110497937243700,0,0,16,2553,1701847744,1701847744,2,160393,159854,161672,163686,1424364,866560,1458284,430241,123979,123194,126220,126278,1253232,1260099,1760198,1008733,1,0,
2553,110497942126000,2.5679541,3,fixation_after,155,110497937243700,0,0,16,2554,1701848749,1701848749,2,160327,159804,161620,163623,1424297,866484,1458214,430173,123926,123149,126170,126233,1253169,1260029,1760121,1008666,1,0,
2554,110497942126000,2.5679541,3,fixation_after,155,110497937243700,0,0,16,2555,1701849753,1701849753,2,160148,159654,161466,163461,1424138,866313,1458044,429984,123738,122985,126005,126069,1252989,1259863,1759941,1008484,1,0,
2555,110497949086800,2.5749149,3,fixation_after,155,110497937243700,0,0,16,2556,1701850758,1701850758,2,160192,159696,161504,163495,1424163,866340,1458072,430008,123781,123014,126037,126096,1253016,1259889,1759979,1008528,1,0,
2556,110497949086800,2.5749149,3,fixation_after,155,110497937243700,0,0,16,2557,1701851763,1701851763,2,160183,159689,161489,163482,1424135,866319,1458048,429987,123784,123004,126028,126079,1252998,1259873,1759963,1008515,1,0,
2557,110497949086800,2.5749149,3,fixation_after,155,110497937243700,0,0,16,2558,1701852768,1701852768,2,160175,159683,161481,163473,1424114,866303,1458030,429971,123785,123002,126026,126071,1252989,1259863,1759943,1008503,1,0,
2558,110497949086800,2.5749149,3,fixation_after,155,110497937243700,0,0,16,2559,1701853772,1701853772,2,160237,159733,161537,163529,1424166,866346,1458079,430021,123859,123061,126084,126128,1253033,1259913,1759991,1008548,1,0,
2559,110497949086800,2.5749149,3,fixation_after,155,110497937243700,0,0,16,2560,1701854777,1701854777,2,160255,159756,161556,163548,1424178,866348,1458094,430032,123889,123081,126099,126131,1253030,1259909,1759988,1008541,1,0,
2560,110497949086800,2.5749149,3,fixation_after,155,110497937243700,0,0,16,2561,1701855782,1701855782,2,160115,159638,161435,163428,1424048,866210,1457948,429890,123768,122962,125976,125995,1252878,1259754,1759832,1008374,1,0,
2561,110497949086800,2.5749149,3,fixation_after,155,110497937243700,0,0,16,2562,1701856787,1701856787,2,159968,159510,161288,163284,1423893,866064,1457791,429728,123628,122818,125830,125867,1252714,1259586,1759662,1008191,1,0,
2562,110497956048700,2.5818768,3,fixation_after,156,110497954436500,0,0,16,2563,1701857792,1701857792,2,159918,159473,161246,163241,1423835,866011,1457733,429666,123576,122767,125769,125820,1252653,1259526,1759591,1008122,1,0,
2563,110497956048700,2.5818768,3,fixation_after,156,110497954436500,0,0,16,2564,1701858796,1701858796,2,160009,159557,161341,163323,1423914,866089,1457810,429749,123669,122870,125861,125893,1252729,1259605,1759672,1008208,1,0,
2564,110497956048700,2.5818768,3,fixation_after,156,110497954436500,0,0,16,2565,1701859801,1701859801,2,160186,159714,161501,163470,1424063,866231,1457969,429905,123849,123048,126026,126053,1252882,1259754,1759829,1008381,1,0,
2565,110497956048700,2.5818768,3,fixation_after,156,110497954436500,0,0,16,2566,1701860806,1701860806,2,160090,159644,161427,163400,1423972,866139,1457878,429812,123759,122968,125955,125981,1252787,1259656,1759714,1008268,1,0,
2566,110497956048700,2.5818768,3,fixation_after,156,110497954436500,0,0,16,2567,1701861811,1701861811,2,159731,159320,161124,163109,1423679,865837,1457556,429464,123381,122632,125639,125678,1252476,1259333,1759372,1007886,1,0,
2567,110497956048700,2.5818768,3,fixation_after,156,110497954436500,0,0,16,2568,1701862815,1701862815,2,159794,159391,161208,163186,1423776,865929,1457649,429551,123447,122694,125715,125756,1252583,1259438,1759475,1007993,1,0,
2568,110497956048700,2.5818768,3,fixation_after,156,110497954436500,0,0,16,2569,1701863820,1701863820,2,159923,159524,161327,163298,1423916,866069,1457801,429704,123571,122816,125841,125891,1252738,1259603,1759639,1008169,1,0,
2569,110497963104800,2.5889329,3,fixation_after,156,110497954436500,0,0,16,2570,1701864825,1701864825,2,160058,159636,161433,163399,1424033,866198,1457938,429836,123691,122926,125948,126008,1252874,1259746,1759779,1008318,1,0,
2570,110497963104800,2.5889329,3,fixation_after,156,110497954436500,0,0,16,2571,1701865830,1701865830,2,160138,159704,161481,163458,1424094,866259,1458001,429911,123754,122992,126004,126062,1252947,1259822,1759856,1008408,1,0,
2571,110497963104800,2.5889329,3,fixation_after,156,110497954436500,0,0,16,2572,1701866835,1701866835,2,160221,159778,161548,163527,1424164,866328,1458073,429991,123841,123070,126078,126137,1253030,1259903,1759950,1008502,1,0,
2572,110497963104800,2.5889329,3,fixation_after,156,110497954436500,0,0,16,2573,1701867839,1701867839,2,160388,159928,161693,163658,1424302,866458,1458225,430139,124010,123226,126230,126293,1253182,1260054,1760106,1008683,1,0,
2573,110497963104800,2.5889329,3,fixation_after,156,110497954436500,0,0,16,2574,1701868844,1701868844,2,160310,159852,161619,163585,1424226,866369,1458135,430052,123942,123168,126157,126215,1253090,1259968,1760025,1008601,1,0,
2574,110497963104800,2.5889329,3,fixation_after,156,110497954436500,0,0,16,2575,1701869849,1701869849,2,160134,159690,161463,163437,1424057,866206,1457951,429869,123763,123009,126004,126050,1252919,1259796,1759850,1008424,1,0,
2575,110497963104800,2.5889329,3,fixation_after,156,110497954436500,0,0,16,2576,1701870854,1701870854,2,160192,159731,161498,163483,1424090,866244,1457985,429905,123808,123058,126053,126111,1252961,1259840,1759897,1008475,1,0,
2576,110497970255400,2.5960835,3,fixation_after,157,110497970520400,0,0,16,2577,1701871858,1701871858,2,160191,159723,161494,163475,1424075,866233,1457974,429889,123810,123056,126048,126124,1252954,1259831,1759881,1008468,1,0,
2577,110497970255400,2.5960835,3,fixation_after,157,110497970520400,0,0,16,2578,1701872863,1701872863,2,160163,159701,161476,163452,1424048,866204,1457948,429861,123806,123042,126039,126104,1252930,1259800,1759863,1008438,1,0,
2578,110497970255400,2.5960835,3,fixation_after,157,110497970520400,0,0,16,2579,1701873868,1701873868,2,160213,159740,161515,163479,1424079,866226,1457974,429887,123845,123077,126079,126129,1252946,1259825,1759884,1008466,1,0,
2579,110497970255400,2.5960835,3,fixation_after,157,110497970520400,0,0,16,2580,1701874873,1701874873,2,160244,159755,161522,163502,1424079,866228,1457980,429891,123864,123088,126093,126124,1252942,1259824,1759875,1008456,1,0,
2580,110497970255400,2.5960835,3,fixation_after,157,110497970520400,0,0,16,2581,1701875878,1701875878,2,160125,159654,161401,163404,1423963,866103,1457850,429766,123751,122976,125991,126002,1252809,1259678,1759737,1008293,1,0,
2581,110497970255400,2.5960835,3,fixation_after,157,110497970520400,0,0,16,2582,1701876883,1701876883,2,159999,159531,161279,163279,1423835,865959,1457710,429611,123623,122851,125871,125871,1252659,1259529,1759578,1008128,1,0,
2582,110497970255400,2.5960835,3,fixation_after,157,110497970520400,0,0,16,2583,1701877888,1701877888,2,159967,159499,161254,163249,1423789,865918,1457668,429571,123598,122827,125836,125837,1252614,1259484,1759523,1008081,1,0,
2583,110497977151900,2.60298,3,fixation_after,157,110497970520400,0,0,16,2584,1701878892,1701878892,2,160070,159596,161363,163345,1423876,866011,1457761,429666,123713,122932,125928,125938,1252698,1259576,1759613,1008178,1,0,
2584,110497977151900,2.60298,3,fixation_after,157,110497970520400,0,0,16,2585,1701879897,1701879897,2,160261,159765,161542,163523,1424037,866174,1457929,429833,123908,123104,126110,126127,1252871,1259744,1759780,1008350,1,0,
2585,110497977151900,2.60298,3,fixation_after,157,110497970520400,0,0,16,2586,1701880902,1701880902,2,160160,159673,161464,163441,1423938,866078,1457824,429723,123802,123008,126018,126038,1252759,1259629,1759656,1008215,1,0,
2586,110497977151900,2.60298,3,fixation_after,157,110497970520400,0,0,16,2587,1701881907,1701881907,2,159811,159351,161170,163153,1423646,865775,1457506,429386,123436,122678,125704,125723,1252436,1259315,1759324,1007859,1,0,
2587,110497977151900,2.60298,3,fixation_after,157,110497970520400,0,0,16,2588,1701882912,1701882912,2,159906,159446,161281,163258,1423766,865899,1457627,429505,123534,122778,125803,125826,1252575,1259448,1759453,1007990,1,0,
2588,110497977151900,2.60298,3,fixation_after,157,110497970520400,0,0,16,2589,1701883917,1701883917,2,160042,159576,161406,163390,1423908,866051,1457789,429659,123669,122911,125944,125961,1252743,1259618,1759621,1008167,1,0,
2589,110497977151900,2.60298,3,fixation_after,157,110497970520400,0,0,16,2590,1701884921,1701884921,2,160179,159698,161518,163509,1424036,866185,1457936,429806,123799,123031,126063,126081,1252886,1259759,1759775,1008327,1,0,
2590,110497984026500,2.6098546,3,fixation_after,157,110497970520400,0,0,16,2591,1701885926,1701885926,2,160250,159769,161575,163569,1424105,866246,1458004,429880,123879,123088,126118,126150,1252960,1259831,1759863,1008416,1,0,
2591,110497984026500,2.6098546,3,fixation_after,157,110497970520400,0,0,16,2592,1701886931,1701886931,2,160333,159853,161639,163634,1424175,866315,1458077,429958,123958,123167,126194,126217,1253044,1259918,1759950,1008520,1,0,
2592,110497984026500,2.6098546,3,fixation_after,157,110497970520400,0,0,16,2593,1701887936,1701887936,2,160513,160015,161781,163786,1424316,866461,1458227,430106,124135,123327,126352,126363,1253205,1260074,1760112,1008700,1,0,
2593,110497984026500,2.6098546,3,fixation_after,157,110497970520400,0,0,16,2594,1701888941,1701888941,2,160446,159950,161718,163723,1424240,866394,1458145,430027,124071,123263,126288,126309,1253121,1259999,1760036,1008633,1,0,
2594,110497984026500,2.6098546,3,fixation_after,157,110497970520400,0,0,16,2595,1701889946,1701889946,2,160261,159788,161547,163561,1424074,866218,1457968,429837,123883,123096,126123,126136,1252942,1259826,1759861,1008449,1,0,
2595,110497984026500,2.6098546,3,fixation_after,157,110497970520400,0,0,16,2596,1701890950,1701890950,2,160305,159838,161593,163603,1424103,866248,1458004,429868,123921,123139,126158,126175,1252984,1259863,1759904,1008492,1,0,
2596,110497984026500,2.6098546,3,fixation_after,157,110497970520400,0,0,16,2597,1701891955,1701891955,2,160283,159829,161575,163584,1424083,866223,1457974,429846,123916,123129,126144,126165,1252956,1259838,1759879,1008476,1,0,
2597,110497991126200,2.6169543,3,fixation_after,158,110497987507300,0,0,16,2598,1701892960,1701892960,2,160264,159803,161549,163560,1424043,866185,1457936,429812,123893,123109,126121,126139,1252924,1259809,1759848,1008446,1,0,
2598,110497991126200,2.6169543,3,fixation_after,158,110497987507300,0,0,16,2599,1701893965,1701893965,2,160291,159827,161577,163588,1424058,866199,1457955,429826,123921,123134,126153,126164,1252936,1259819,1759856,1008453,1,0,
2599,110497991126200,2.6169543,3,fixation_after,158,110497987507300,0,0,16,2600,1701894970,1701894970,2,160291,159826,161590,163591,1424048,866193,1457946,429823,123933,123142,126162,126154,1252929,1259805,1759835,1008434,1,0,
2600,110497991126200,2.6169543,3,fixation_after,158,110497987507300,0,0,16,2601,1701895975,1701895975,2,160158,159704,161468,163471,1423909,866052,1457801,429671,123803,123006,126025,126001,1252768,1259653,1759671,1008255,1,0,
2601,110497991126200,2.6169543,3,fixation_after,158,110497987507300,0,0,16,2602,1701896979,1701896979,2,160015,159573,161345,163341,1423771,865906,1457653,429521,123672,122873,125879,125857,1252609,1259490,1759501,1008085,1,0,
2602,110497991126200,2.6169543,3,fixation_after,158,110497987507300,0,0,16,2603,1701897984,1701897984,2,159979,159530,161318,163310,1423729,865864,1457606,429481,123628,122843,125836,125821,1252558,1259435,1759453,1008024,1,0,
2603,110497991126200,2.6169543,3,fixation_after,158,110497987507300,0,0,16,2604,1701898989,1701898989,2,160071,159626,161421,163401,1423813,865951,1457691,429563,123743,122948,125927,125914,1252645,1259526,1759533,1008116,1,0,
2604,110497998140500,2.6239686,3,fixation_after,158,110497987507300,0,0,16,2605,1701899994,1701899994,2,160261,159806,161593,163567,1423969,866111,1457863,429731,123938,123132,126112,126083,1252824,1259693,1759710,1008302,1,0,
2605,110497998140500,2.6239686,3,fixation_after,158,110497987507300,0,0,16,2606,1701900999,1701900999,2,160139,159699,161484,163474,1423862,865993,1457749,429607,123812,123025,126023,125981,1252696,1259565,1759576,1008157,1,0,
2606,110497998140500,2.6239686,3,fixation_after,158,110497987507300,0,0,16,2607,1701902004,1701902004,2,159765,159367,161186,163174,1423557,865686,1457418,429251,123438,122678,125703,125660,1252360,1259237,1759226,1007781,1,0,
2607,110497998140500,2.6239686,3,fixation_after,158,110497987507300,0,0,16,2608,1701903008,1701903008,2,159843,159452,161296,163260,1423663,865796,1457524,429359,123508,122763,125793,125754,1252488,1259360,1759341,1007904,1,0,
2608,110497998140500,2.6239686,3,fixation_after,158,110497987507300,0,0,16,2609,1701904013,1701904013,2,159979,159578,161419,163366,1423806,865946,1457680,429508,123638,122890,125918,125894,1252644,1259522,1759506,1008077,1,0,
2609,110497998140500,2.6239686,3,fixation_after,158,110497987507300,0,0,16,2610,1701905018,1701905018,2,160108,159688,161530,163478,1423937,866069,1457814,429656,123768,123005,126051,126008,1252785,1259669,1759661,1008234,1,0,
2610,110497998140500,2.6239686,3,fixation_after,158,110497987507300,0,0,16,2611,1701906023,1701906023,2,160197,159754,161591,163548,1424008,866142,1457895,429744,123848,123074,126122,126076,1252870,1259754,1759749,1008332,1,0,
2611,110498005264300,2.6310924,3,fixation_after,159,110498004127500,0,0,16,2612,1701907027,1701907027,2,160298,159834,161668,163618,1424073,866217,1457978,429827,123937,123158,126197,126159,1252954,1259838,1759849,1008434,1,0,
2612,110498005264300,2.6310924,3,fixation_after,159,110498004127500,0,0,16,2613,1701908032,1701908032,2,160471,159988,161804,163753,1424213,866348,1458109,429975,124105,123304,126340,126311,1253099,1259984,1760001,1008606,1,0,
2613,110498005264300,2.6310924,3,fixation_after,159,110498004127500,0,0,16,2614,1701909037,1701909037,2,160400,159925,161723,163673,1424131,866264,1458014,429874,124018,123225,126264,126232,1253008,1259894,1759904,1008515,1,0,
2614,110498005264300,2.6310924,3,fixation_after,159,110498004127500,0,0,16,2615,1701910042,1701910042,2,160238,159783,161578,163527,1423974,866111,1457852,429698,123843,123071,126114,126084,1252844,1259731,1759736,1008344,1,0,
2615,110498005264300,2.6310924,3,fixation_after,159,110498004127500,0,0,16,2616,1701911047,1701911047,2,160284,159833,161626,163564,1424016,866146,1457889,429739,123897,123125,126166,126130,1252886,1259777,1759786,1008398,1,0,
2616,110498005264300,2.6310924,3,fixation_after,159,110498004127500,0,0,16,2617,1701912052,1701912052,2,160264,159819,161603,163543,1423988,866120,1457861,429714,123894,123111,126163,126118,1252866,1259755,1759770,1008387,1,0,
2617,110498005264300,2.6310924,3,fixation_after,159,110498004127500,0,0,16,2618,1701913057,1701913057,2,160246,159808,161594,163536,1423966,866101,1457841,429693,123884,123098,126146,126099,1252849,1259736,1759746,1008366,1,0,
2618,110498012055100,2.6378832,3,fixation_after,159,110498004127500,0,0,16,2619,1701914061,1701914061,2,160301,159850,161642,163579,1424003,866138,1457879,429727,123934,123154,126200,126149,1252884,1259773,1759782,1008400,1,0,
2619,110498012055100,2.6378832,3,fixation_after,159,110498004127500,0,0,16,2620,1701915066,1701915066,2,160298,159849,161644,163581,1423991,866124,1457869,429713,123946,123157,126199,126160,1252864,1259753,1759751,1008374,1,0,
2620,110498012055100,2.6378832,3,fixation_after,159,110498004127500,0,0,16,2621,1701916071,1701916071,2,160167,159726,161533,163454,1423859,865985,1457724,429566,123821,123026,126068,126032,1252711,1259591,1759582,1008203,1,0,
2621,110498012055100,2.6378832,3,fixation_after,159,110498004127500,0,0,16,2622,1701917076,1701917076,2,160017,159581,161388,163318,1423706,865838,1457562,429400,123678,122878,125916,125882,1252545,1259427,1759416,1008023,1,0,
2622,110498012055100,2.6378832,3,fixation_after,159,110498004127500,0,0,16,2623,1701918081,1701918081,2,159978,159549,161346,163283,1423659,865788,1457516,429353,123643,122837,125891,125843,1252489,1259373,1759353,1007960,1,0,
2623,110498012055100,2.6378832,3,fixation_after,159,110498004127500,0,0,16,2624,1701919086,1701919086,2,160079,159648,161449,163376,1423756,865879,1457609,429446,123746,122944,125996,125944,1252577,1259459,1759442,1008055,1,0,
2624,110498012055100,2.6378832,3,fixation_after,159,110498004127500,0,0,16,2625,1701920090,1701920090,2,160242,159802,161598,163528,1423887,866017,1457752,429594,123911,123105,126150,126103,1252718,1259605,1759583,1008203,1,0,
2625,110498019391400,2.6452195,3,fixation_after,159,110498004127500,0,0,16,2626,1701921095,1701921095,2,160104,159696,161491,163431,1423770,865898,1457623,429458,123785,122996,126039,125996,1252586,1259471,1759436,1008046,1,0,
2626,110498019391400,2.6452195,3,fixation_after,159,110498004127500,0,0,16,2627,1701922100,1701922100,2,159746,159394,161194,163158,1423485,865612,1457312,429125,123443,122673,125729,125699,1252281,1259162,1759115,1007703,1,0,
2627,110498019391400,2.6452195,3,fixation_after,159,110498004127500,0,0,16,2628,1701923105,1701923105,2,159835,159488,161296,163265,1423602,865731,1457446,429248,123524,122773,125823,125810,1252425,1259303,1759254,1007837,1,0,
2628,110498019391400,2.6452195,3,fixation_after,159,110498004127500,0,0,16,2629,1701924110,1701924110,2,159961,159599,161414,163385,1423736,865868,1457592,429396,123649,122889,125939,125944,1252577,1259461,1759411,1007996,1,0,
2629,110498019391400,2.6452195,3,fixation_after,159,110498004127500,0,0,16,2630,1701925115,1701925115,2,160083,159705,161514,163493,1423861,865994,1457717,429530,123778,123001,126044,126051,1252707,1259597,1759554,1008147,1,0,
2630,110498019391400,2.6452195,3,fixation_after,159,110498004127500,0,0,16,2631,1701926120,1701926120,2,160162,159755,161572,163543,1423924,866051,1457785,429606,123854,123058,126109,126106,1252784,1259673,1759630,1008236,1,0,
2631,110498019391400,2.6452195,3,fixation_after,159,110498004127500,0,0,16,2632,1701927124,1701927124,2,160244,159826,161633,163604,1423996,866121,1457858,429679,123944,123127,126183,126168,1252856,1259748,1759711,1008337,1,0,
2632,110498026019700,2.6518478,3,fixation_after,160,110498020881300,0,0,16,2633,1701928129,1701928129,2,160417,159979,161771,163739,1424117,866254,1457998,429821,124121,123284,126319,126313,1252999,1259895,1759863,1008511,1,0,
2633,110498026019700,2.6518478,3,fixation_after,160,110498020881300,0,0,16,2634,1701929134,1701929134,2,160353,159924,161708,163681,1424044,866180,1457922,429743,124057,123219,126261,126258,1252929,1259818,1759793,1008430,1,0,
2634,110498026019700,2.6518478,3,fixation_after,160,110498020881300,0,0,16,2635,1701930139,1701930139,2,160192,159776,161555,163548,1423902,866031,1457759,429569,123884,123063,126112,126108,1252768,1259660,1759631,1008258,1,0,
2635,110498026019700,2.6518478,3,fixation_after,160,110498020881300,0,0,16,2636,1701931144,1701931144,2,160236,159810,161589,163577,1423922,866056,1457778,429601,123925,123108,126141,126142,1252798,1259696,1759668,1008298,1,0,
2636,110498026019700,2.6518478,3,fixation_after,160,110498020881300,0,0,16,2637,1701932149,1701932149,2,160207,159783,161556,163539,1423878,866010,1457736,429564,123909,123084,126103,126114,1252755,1259656,1759628,1008272,1,0,
2637,110498026019700,2.6518478,3,fixation_after,160,110498020881300,0,0,16,2638,1701933153,1701933153,2,160200,159778,161539,163531,1423866,865994,1457721,429539,123896,123084,126103,126103,1252739,1259648,1759605,1008259,1,0,
2638,110498026019700,2.6518478,3,fixation_after,160,110498020881300,0,0,16,2639,1701934158,1701934158,2,160254,159833,161591,163583,1423905,866035,1457766,429579,123931,123143,126154,126157,1252776,1259679,1759646,1008301,1,0,
2639,110498032990900,2.658819,3,fixation_after,160,110498020881300,0,0,16,2640,1701935163,1701935163,2,160258,159839,161596,163584,1423889,866023,1457746,429566,123936,123146,126145,126144,1252761,1259658,1759620,1008264,1,0,
2640,110498032990900,2.658819,3,fixation_after,160,110498020881300,0,0,16,2641,1701936168,1701936168,2,160125,159705,161463,163459,1423753,865884,1457594,429423,123793,123021,126008,126003,1252597,1259503,1759452,1008090,1,0,
2641,110498032990900,2.658819,3,fixation_after,160,110498020881300,0,0,16,2642,1701937172,1701937172,2,159987,159558,161333,163321,1423606,865734,1457445,429266,123637,122886,125864,125858,1252427,1259334,1759284,1007911,1,0,
2642,110498032990900,2.658819,3,fixation_after,160,110498020881300,0,0,16,2643,1701938177,1701938177,2,159942,159511,161284,163273,1423539,865675,1457387,429198,123592,122836,125818,125808,1252364,1259261,1759216,1007839,1,0,
2643,110498032990900,2.658819,3,fixation_after,160,110498020881300,0,0,16,2644,1701939182,1701939182,2,160036,159594,161369,163364,1423619,865757,1457465,429285,123694,122926,125912,125896,1252457,1259346,1759306,1007935,1,0,
2644,110498032990900,2.658819,3,fixation_after,160,110498020881300,0,0,16,2645,1701940186,1701940186,2,160228,159771,161541,163531,1423784,865922,1457641,429468,123896,123111,126093,126083,1252621,1259514,1759473,1008118,1,0,
2645,110498032990900,2.658819,3,fixation_after,160,110498020881300,0,0,16,2646,1701941191,1701941191,2,160087,159653,161430,163416,1423662,865789,1457505,429331,123758,122986,125978,125960,1252479,1259377,1759318,1007956,1,0,
2646,110498039974800,2.6658029,3,fixation_after,161,110498037433800,0,0,16,2647,1701942195,1701942195,2,159724,159352,161149,163144,1423372,865507,1457194,428998,123394,122655,125679,125651,1252181,1259072,1758986,1007600,1,0,
2647,110498039974800,2.6658029,3,fixation_after,161,110498037433800,0,0,16,2648,1701943200,1701943200,2,159830,159448,161259,163244,1423489,865631,1457321,429112,123485,122744,125783,125763,1252313,1259203,1759118,1007730,1,0,
2648,110498039974800,2.6658029,3,fixation_after,161,110498037433800,0,0,16,2649,1701944205,1701944205,2,159954,159569,161357,163346,1423618,865761,1457469,429252,123610,122849,125886,125887,1252459,1259343,1759266,1007892,1,0,
2649,110498039974800,2.6658029,3,fixation_after,161,110498037433800,0,0,16,2650,1701945209,1701945209,2,160090,159686,161470,163453,1423753,865886,1457603,429387,123739,122964,126010,126006,1252596,1259486,1759412,1008046,1,0,
2650,110498039974800,2.6658029,3,fixation_after,161,110498037433800,0,0,16,2651,1701946214,1701946214,2,160173,159757,161534,163512,1423819,865956,1457676,429462,123822,123037,126086,126065,1252681,1259569,1759496,1008136,1,0,
2651,110498039974800,2.6658029,3,fixation_after,161,110498037433800,0,0,16,2652,1701947218,1701947218,2,160273,159839,161607,163573,1423888,866032,1457756,429556,123910,123108,126162,126133,1252759,1259656,1759591,1008242,1,0,
2652,110498039974800,2.6658029,3,fixation_after,161,110498037433800,0,0,16,2653,1701948223,1701948223,2,160424,159973,161753,163708,1424021,866158,1457891,429699,124069,123256,126306,126280,1252897,1259804,1759749,1008415,1,0,
2653,110498046986200,2.6728143,3,fixation_after,161,110498037433800,0,0,16,2654,1701949228,1701949228,2,160347,159899,161691,163641,1423934,866076,1457802,429611,123996,123188,126234,126213,1252821,1259720,1759663,1008329,1,0,
2654,110498046986200,2.6728143,3,fixation_after,161,110498037433800,0,0,16,2655,1701950232,1701950232,2,160190,159756,161550,163502,1423783,865931,1457646,429443,123836,123036,126093,126075,1252666,1259568,1759509,1008165,1,0,
2655,110498046986200,2.6728143,3,fixation_after,161,110498037433800,0,0,16,2656,1701951237,1701951237,2,160244,159804,161582,163546,1423823,865958,1457674,429471,123886,123074,126127,126120,1252700,1259608,1759552,1008213,1,0,
2656,110498046986200,2.6728143,3,fixation_after,161,110498037433800,0,0,16,2657,1701952242,1701952242,2,160212,159776,161548,163521,1423786,865929,1457638,429442,123875,123053,126098,126093,1252666,1259583,1759518,1008177,1,0,
2657,110498046986200,2.6728143,3,fixation_after,161,110498037433800,0,0,16,2658,1701953246,1701953246,2,160191,159767,161531,163517,1423764,865909,1457619,429415,123868,123052,126086,126086,1252647,1259564,1759492,1008164,1,0,
2658,110498046986200,2.6728143,3,fixation_after,161,110498037433800,0,0,16,2659,1701954251,1701954251,2,160244,159813,161569,163556,1423799,865938,1457654,429444,123918,123096,126133,126133,1252674,1259588,1759523,1008199,1,0,
2659,110498046986200,2.6728143,3,fixation_after,161,110498037433800,0,0,16,2660,1701955255,1701955255,2,160248,159813,161566,163546,1423791,865919,1457636,429424,123925,123098,126131,126123,1252649,1259561,1759494,1008173,1,0,
2660,110498054134000,2.6799621,3,fixation_after,162,110498052809100,0,0,16,2661,1701956260,1701956260,2,160123,159693,161443,163433,1423655,865778,1457484,429278,123804,122967,126007,125978,1252497,1259406,1759331,1007995,1,0,
2661,110498054134000,2.6799621,3,fixation_after,162,110498052809100,0,0,16,2662,1701957264,1701957264,2,159999,159570,161321,163318,1423519,865646,1457346,429140,123683,122841,125896,125844,1252353,1259262,1759172,1007833,1,0,
2662,110498054134000,2.6799621,3,fixation_after,162,110498052809100,0,0,16,2663,1701958269,1701958269,2,159946,159527,161285,163268,1423458,865593,1457296,429084,123638,122794,125846,125789,1252295,1259197,1759103,1007763,1,0,
2663,110498054134000,2.6799621,3,fixation_after,162,110498052809100,0,0,16,2664,1701959274,1701959274,2,160054,159619,161385,163343,1423549,865682,1457385,429176,123751,122899,125942,125887,1252381,1259293,1759192,1007859,1,0,
2664,110498054134000,2.6799621,3,fixation_after,162,110498052809100,0,0,16,2665,1701960278,1701960278,2,160243,159789,161564,163513,1423711,865848,1457556,429347,123950,123091,126116,126070,1252551,1259464,1759360,1008044,1,0,
2665,110498054134000,2.6799621,3,fixation_after,162,110498052809100,0,0,16,2666,1701961283,1701961283,2,160093,159664,161443,163399,1423579,865720,1457415,429202,123811,122964,125994,125952,1252406,1259313,1759207,1007869,1,0,
2666,110498054134000,2.6799621,3,fixation_after,162,110498052809100,0,0,16,2667,1701962288,1701962288,2,159742,159360,161149,163115,1423296,865434,1457105,428871,123454,122638,125688,125651,1252092,1258998,1758879,1007516,1,0,
2667,110498061154000,2.6869821,3,fixation_after,162,110498052809100,0,0,16,2668,1701963292,1701963292,2,159843,159458,161250,163229,1423419,865557,1457232,428994,123555,122740,125791,125756,1252234,1259129,1759015,1007656,1,0,
2668,110498061154000,2.6869821,3,fixation_after,162,110498052809100,0,0,16,2669,1701964297,1701964297,2,159963,159579,161369,163348,1423550,865696,1457385,429139,123680,122861,125914,125878,1252391,1259288,1759169,1007818,1,0,
2669,110498061154000,2.6869821,3,fixation_after,162,110498052809100,0,0,16,2670,1701965302,1701965302,2,160065,159674,161461,163437,1423649,865794,1457496,429256,123787,122944,126003,125988,1252501,1259411,1759296,1007954,1,0,
2670,110498061154000,2.6869821,3,fixation_after,162,110498052809100,0,0,16,2671,1701966306,1701966306,2,160133,159725,161518,163479,1423703,865848,1457556,429324,123849,122989,126050,126044,1252570,1259484,1759366,1008041,1,0,
2671,110498061154000,2.6869821,3,fixation_after,162,110498052809100,0,0,16,2672,1701967311,1701967311,2,160225,159801,161594,163561,1423779,865924,1457636,429406,123938,123075,126124,126129,1252659,1259568,1759451,1008143,1,0,
2672,110498061154000,2.6869821,3,fixation_after,162,110498052809100,0,0,16,2673,1701968316,1701968316,2,160388,159939,161723,163691,1423893,866043,1457761,429541,124088,123224,126256,126266,1252788,1259698,1759594,1008290,1,0,
2673,110498061154000,2.6869821,3,fixation_after,162,110498052809100,0,0,16,2674,1701969320,1701969320,2,160293,159848,161625,163600,1423780,865934,1457644,429422,123981,123134,126147,126169,1252672,1259587,1759485,1008176,1,0,
2674,110498068106400,2.6939345,3,fixation_after,162,110498052809100,0,0,16,2675,1701970325,1701970325,2,160131,159699,161483,163471,1423634,865778,1457488,429256,123809,122991,126006,126028,1252519,1259429,1759330,1008017,1,0,
2675,110498068106400,2.6939345,3,fixation_after,162,110498052809100,0,0,16,2676,1701971330,1701971330,2,160187,159744,161531,163518,1423671,865821,1457532,429293,123858,123042,126068,126073,1252569,1259474,1759373,1008075,1,0,
2676,110498068106400,2.6939345,3,fixation_after,162,110498052809100,0,0,16,2677,1701972334,1701972334,2,160186,159734,161533,163519,1423665,865808,1457516,429276,123873,123039,126063,126061,1252558,1259463,1759363,1008066,1,0,
2677,110498068106400,2.6939345,3,fixation_after,162,110498052809100,0,0,16,2678,1701973339,1701973339,2,160196,159736,161547,163523,1423659,865801,1457508,429271,123894,123039,126062,126073,1252562,1259466,1759359,1008073,1,0,
2678,110498068106400,2.6939345,3,fixation_after,162,110498052809100,0,0,16,2679,1701974344,1701974344,2,160233,159783,161585,163558,1423686,865831,1457535,429308,123933,123084,126095,126105,1252582,1259492,1759386,1008098,1,0,
2679,110498068106400,2.6939345,3,fixation_after,162,110498052809100,0,0,16,2680,1701975348,1701975348,2,160228,159769,161583,163545,1423669,865807,1457514,429287,123926,123085,126081,126083,1252543,1259449,1759347,1008052,1,0,
2680,110498068106400,2.6939345,3,fixation_after,162,110498052809100,0,0,16,2681,1701976353,1701976353,2,160086,159632,161446,163406,1423516,865658,1457358,429123,123778,122951,125949,125934,1252379,1259287,1759173,1007868,1,0,
2681,110498075160600,2.7009887,3,fixation_after,163,110498070967500,0,0,16,2682,1701977358,1701977358,2,159953,159516,161324,163286,1423381,865529,1457215,428971,123645,122829,125825,125814,1252231,1259141,1759016,1007701,1,0,
2682,110498075160600,2.7009887,3,fixation_after,163,110498070967500,0,0,16,2683,1701978363,1701978363,2,159913,159483,161284,163249,1423334,865483,1457158,428926,123609,122797,125780,125776,1252178,1259084,1758961,1007644,1,0,
2683,110498075160600,2.7009887,3,fixation_after,163,110498070967500,0,0,16,2684,1701979368,1701979368,2,160027,159588,161391,163345,1423429,865575,1457261,429031,123727,122899,125884,125883,1252279,1259176,1759061,1007749,1,0,
2684,110498075160600,2.7009887,3,fixation_after,163,110498070967500,0,0,16,2685,1701980372,1701980372,2,160223,159768,161581,163524,1423602,865753,1457440,429208,123931,123095,126073,126079,1252458,1259354,1759247,1007944,1,0,
2685,110498075160600,2.7009887,3,fixation_after,163,110498070967500,0,0,16,2686,1701981377,1701981377,2,160072,159641,161464,163423,1423484,865624,1457302,429066,123798,122966,125951,125956,1252313,1259222,1759093,1007781,1,0,
2686,110498075160600,2.7009887,3,fixation_after,163,110498070967500,0,0,16,2687,1701982382,1701982382,2,159749,159354,161189,163164,1423224,865359,1457020,428758,123456,122663,125671,125678,1252036,1258932,1758784,1007444,1,0,
2687,110498075160600,2.7009887,3,fixation_after,163,110498070967500,0,0,16,2688,1701983387,1701983387,2,159845,159463,161295,163273,1423346,865484,1457156,428885,123555,122761,125788,125794,1252180,1259065,1758919,1007581,1,0,
2688,110498082016800,2.7078449,3,fixation_after,163,110498070967500,0,0,16,2689,1701984392,1701984392,2,159966,159581,161413,163379,1423472,865614,1457296,429023,123678,122863,125906,125909,1252319,1259219,1759075,1007741,1,0,
2689,110498082016800,2.7078449,3,fixation_after,163,110498070967500,0,0,16,2690,1701985397,1701985397,2,160104,159691,161515,163475,1423586,865734,1457423,429150,123791,122976,126022,126028,1252449,1259355,1759220,1007888,1,0,
2690,110498082016800,2.7078449,3,fixation_after,163,110498070967500,0,0,16,2691,1701986402,1701986402,2,160183,159753,161567,163518,1423648,865794,1457487,429224,123858,123044,126076,126106,1252516,1259424,1759291,1007976,1,0,
2691,110498082016800,2.7078449,3,fixation_after,163,110498070967500,0,0,16,2692,1701987407,1701987407,2,160277,159841,161643,163587,1423723,865873,1457566,429316,123954,123127,126153,126183,1252596,1259508,1759381,1008084,1,0,
2692,110498082016800,2.7078449,3,fixation_after,163,110498070967500,0,0,16,2693,1701988411,1701988411,2,160449,159983,161784,163718,1423855,866008,1457710,429467,124129,123279,126286,126322,1252748,1259656,1759538,1008257,1,0,
2693,110498082016800,2.7078449,3,fixation_after,163,110498070967500,0,0,16,2694,1701989416,1701989416,2,160344,159882,161686,163621,1423750,865907,1457597,429351,124025,123187,126194,126218,1252638,1259548,1759421,1008141,1,0,
2694,110498082016800,2.7078449,3,fixation_after,163,110498070967500,0,0,16,2695,1701990421,1701990421,2,160182,159726,161541,163489,1423598,865750,1457435,429173,123851,123031,126043,126061,1252480,1259387,1759253,1007973,1,0,
2695,110498089049300,2.7148774,3,fixation_after,164,110498086853200,0,0,16,2696,1701991426,1701991426,2,160242,159786,161589,163533,1423640,865789,1457476,429221,123907,123084,126089,126114,1252529,1259441,1759304,1008033,1,0,
2696,110498089049300,2.7148774,3,fixation_after,164,110498086853200,0,0,16,2697,1701992431,1701992431,2,160222,159770,161567,163509,1423609,865756,1457444,429194,123891,123066,126073,126094,1252502,1259403,1759281,1008010,1,0,
2697,110498089049300,2.7148774,3,fixation_after,164,110498086853200,0,0,16,2698,1701993436,1701993436,2,160214,159771,161566,163514,1423599,865752,1457434,429186,123899,123083,126081,126098,1252494,1259405,1759284,1008007,1,0,
2698,110498089049300,2.7148774,3,fixation_after,164,110498086853200,0,0,16,2699,1701994441,1701994441,2,160273,159821,161610,163566,1423643,865791,1457475,429228,123960,123122,126141,126147,1252534,1259442,1759318,1008049,1,0,
2699,110498089049300,2.7148774,3,fixation_after,164,110498086853200,0,0,16,2700,1701995446,1701995446,2,160276,159815,161606,163556,1423631,865773,1457464,429209,123948,123120,126141,126141,1252511,1259414,1759285,1008028,1,0,
2700,110498089049300,2.7148774,3,fixation_after,164,110498086853200,0,0,16,2701,1701996451,1701996451,2,160138,159700,161491,163441,1423496,865637,1457324,429064,123810,122991,126016,126006,1252354,1259262,1759124,1007850,1,0,
2701,110498089049300,2.7148774,3,fixation_after,164,110498086853200,0,0,16,2702,1701997456,1701997456,2,160005,159576,161383,163322,1423363,865504,1457180,428918,123681,122855,125901,125881,1252209,1259112,1758970,1007683,1,0,
2702,110498095975900,2.721804,3,fixation_after,164,110498086853200,0,0,16,2703,1701998460,1701998460,2,159979,159551,161352,163294,1423326,865467,1457143,428876,123651,122824,125876,125860,1252168,1259067,1758919,1007632,1,0,
2703,110498095975900,2.721804,3,fixation_after,164,110498086853200,0,0,16,2704,1701999465,1701999465,2,160089,159648,161449,163394,1423418,865556,1457231,428973,123763,122921,125975,125959,1252254,1259162,1759014,1007725,1,0,
2704,110498095975900,2.721804,3,fixation_after,164,110498086853200,0,0,16,2705,1702000470,1702000470,2,160263,159812,161608,163552,1423566,865706,1457386,429128,123948,123098,126144,126123,1252413,1259315,1759168,1007903,1,0,
2705,110498095975900,2.721804,3,fixation_after,164,110498086853200,0,0,16,2706,1702001475,1702001475,2,160088,159664,161462,163416,1423411,865548,1457224,428954,123779,122945,126005,125977,1252246,1259146,1758989,1007706,1,0,
2706,110498095975900,2.721804,3,fixation_after,164,110498086853200,0,0,16,2707,1702002479,1702002479,2,159756,159380,161203,163158,1423153,865281,1456946,428645,123439,122659,125718,125707,1251966,1258862,1758683,1007381,1,0,
2707,110498095975900,2.721804,3,fixation_after,164,110498086853200,0,0,16,2708,1702003484,1702003484,2,159869,159493,161324,163274,1423281,865414,1457083,428773,123539,122768,125835,125824,1252106,1259007,1758830,1007524,1,0,
2708,110498095975900,2.721804,3,fixation_after,164,110498086853200,0,0,16,2709,1702004489,1702004489,2,160004,159617,161448,163408,1423423,865559,1457234,428931,123670,122888,125973,125961,1252269,1259173,1758993,1007705,1,0,
2709,110498103068200,2.7288963,3,fixation_after,164,110498086853200,0,0,16,2710,1702005494,1702005494,2,160132,159732,161565,163509,1423548,865686,1457365,429066,123786,123006,126089,126078,1252409,1259303,1759140,1007861,1,0,
2710,110498103068200,2.7288963,3,fixation_after,164,110498086853200,0,0,16,2711,1702006498,1702006498,2,160221,159809,161639,163575,1423623,865766,1457449,429158,123861,123079,126161,126149,1252495,1259398,1759229,1007960,1,0,
2711,110498103068200,2.7288963,3,fixation_after,164,110498086853200,0,0,16,2712,1702007503,1702007503,2,160331,159904,161718,163655,1423711,865856,1457553,429259,123971,123180,126247,126229,1252598,1259498,1759329,1008068,1,0,
2712,110498103068200,2.7288963,3,fixation_after,165,110498103396100,0,0,16,2713,1702008508,1702008508,2,160511,160054,161863,163798,1423848,865989,1457693,429404,124145,123341,126398,126372,1252734,1259649,1759493,1008241,1,0,
2713,110498103068200,2.7288963,3,fixation_after,165,110498103396100,0,0,16,2714,1702009513,1702009513,2,160421,159961,161764,163718,1423754,865886,1457583,429299,124048,123259,126312,126286,1252630,1259543,1759385,1008134,1,0,
2714,110498103068200,2.7288963,3,fixation_after,165,110498103396100,0,0,16,2715,1702010518,1702010518,2,160271,159819,161631,163576,1423604,865741,1457429,429135,123896,123109,126163,126151,1252478,1259388,1759230,1007973,1,0,
2715,110498103068200,2.7288963,3,fixation_after,165,110498103396100,0,0,16,2716,1702011523,1702011523,2,160335,159878,161690,163624,1423655,865789,1457478,429177,123954,123158,126211,126218,1252536,1259438,1759281,1008039,1,0,
2716,110498109982700,2.7358108,3,fixation_after,165,110498103396100,0,0,16,2717,1702012528,1702012528,2,160340,159871,161683,163630,1423647,865789,1457468,429167,123961,123174,126211,126224,1252536,1259446,1759279,1008043,1,0,
2717,110498109982700,2.7358108,3,fixation_after,165,110498103396100,0,0,16,2718,1702013532,1702013532,2,160335,159867,161672,163639,1423627,865775,1457450,429149,123954,123171,126210,126218,1252513,1259436,1759269,1008031,1,0,
2718,110498109982700,2.7358108,3,fixation_after,165,110498103396100,0,0,16,2719,1702014537,1702014537,2,160379,159906,161709,163666,1423653,865796,1457477,429178,124013,123210,126254,126259,1252539,1259466,1759298,1008058,1,0,
2719,110498109982700,2.7358108,3,fixation_after,165,110498103396100,0,0,16,2720,1702015542,1702015542,2,160381,159893,161698,163654,1423637,865784,1457461,429166,124011,123213,126251,126246,1252513,1259436,1759267,1008024,1,0,
2720,110498109982700,2.7358108,3,fixation_after,165,110498103396100,0,0,16,2721,1702016547,1702016547,2,160236,159757,161554,163509,1423487,865624,1457295,429000,123853,123053,126097,126091,1252339,1259259,1759081,1007834,1,0,
2721,110498109982700,2.7358108,3,fixation_after,165,110498103396100,0,0,16,2722,1702017551,1702017551,2,160097,159625,161421,163390,1423349,865487,1457151,428845,123713,122909,125964,125947,1252183,1259103,1758918,1007662,1,0,
2722,110498109982700,2.7358108,3,fixation_after,165,110498103396100,0,0,16,2723,1702018556,1702018556,2,160057,159583,161384,163356,1423299,865442,1457091,428797,123678,122869,125924,125899,1252132,1259048,1758858,1007599,1,0,
2723,110498117147400,2.7429755,3,fixation_after,165,110498103396100,0,0,16,2724,1702019561,1702019561,2,160166,159687,161494,163462,1423389,865532,1457188,428899,123794,122981,126029,126009,1252226,1259137,1758956,1007706,1,0,
2724,110498117147400,2.7429755,3,fixation_after,165,110498103396100,0,0,16,2725,1702020565,1702020565,2,160354,159861,161662,163625,1423554,865692,1457356,429069,123986,123163,126204,126191,1252390,1259299,1759127,1007877,1,0,
2725,110498117147400,2.7429755,3,fixation_after,165,110498103396100,0,0,16,2726,1702021570,1702021570,2,160194,159711,161518,163491,1423407,865544,1457197,428898,123818,123013,126073,126044,1252229,1259132,1758946,1007681,1,0,
2726,110498117147400,2.7429755,3,fixation_after,165,110498103396100,0,0,16,2727,1702022575,1702022575,2,159893,159456,161276,163254,1423171,865301,1456944,428614,123504,122739,125803,125794,1251966,1258876,1758671,1007381,1,0,
2727,110498117147400,2.7429755,3,fixation_after,165,110498103396100,0,0,16,2728,1702023579,1702023579,2,160005,159566,161407,163381,1423309,865444,1457094,428756,123618,122855,125922,125920,1252122,1259030,1758823,1007540,1,0,
2728,110498117147400,2.7429755,3,fixation_after,165,110498103396100,0,0,16,2729,1702024584,1702024584,2,160144,159707,161537,163513,1423457,865593,1457249,428914,123767,122983,126051,126069,1252294,1259194,1758987,1007714,1,0,
2729,110498117147400,2.7429755,3,fixation_after,165,110498103396100,0,0,16,2730,1702025589,1702025589,2,160273,159828,161646,163621,1423579,865726,1457386,429051,123904,123101,126158,126198,1252438,1259339,1759141,1007874,1,0,
2730,110498124120100,2.7499482,3,fixation_after,166,110498120019300,0,0,16,2731,1702026594,1702026594,2,160338,159893,161704,163670,1423637,865787,1457453,429126,123968,123174,126211,126249,1252510,1259415,1759210,1007965,1,0,
2731,110498124120100,2.7499482,3,fixation_after,166,110498120019300,0,0,16,2732,1702027598,1702027598,2,160428,159966,161786,163732,1423707,865853,1457533,429213,124060,123259,126294,126326,1252588,1259494,1759303,1008064,1,0,
2732,110498124120100,2.7499482,3,fixation_after,166,110498120019300,0,0,16,2733,1702028603,1702028603,2,160599,160111,161924,163861,1423833,865989,1457668,429362,124236,123416,126441,126457,1252721,1259641,1759453,1008226,1,0,
2733,110498124120100,2.7499482,3,fixation_after,166,110498120019300,0,0,16,2734,1702029608,1702029608,2,160489,160011,161828,163773,1423726,865881,1457548,429239,124130,123318,126334,126343,1252606,1259524,1759340,1008111,1,0,
2734,110498124120100,2.7499482,3,fixation_after,166,110498120019300,0,0,16,2735,1702030613,1702030613,2,160341,159875,161703,163661,1423599,865738,1457403,429086,123983,123170,126204,126218,1252469,1259383,1759195,1007958,1,0,
2735,110498124120100,2.7499482,3,fixation_after,166,110498120019300,0,0,16,2736,1702031617,1702031617,2,160421,159934,161764,163716,1423652,865788,1457459,429138,124060,123233,126262,126284,1252524,1259446,1759253,1008030,1,0,
2736,110498124120100,2.7499482,3,fixation_after,166,110498120019300,0,0,16,2737,1702032622,1702032622,2,160413,159913,161747,163694,1423624,865766,1457426,429113,124054,123225,126249,126274,1252503,1259424,1759230,1008013,1,0,
2737,110498131049400,2.7568775,3,fixation_after,166,110498120019300,0,0,16,2738,1702033627,1702033627,2,160402,159914,161731,163684,1423610,865749,1457407,429091,124044,123223,126253,126273,1252494,1259405,1759214,1008004,1,0,
2738,110498131049400,2.7568775,3,fixation_after,166,110498120019300,0,0,16,2739,1702034631,1702034631,2,160450,159946,161761,163718,1423633,865769,1457433,429122,124089,123268,126291,126303,1252514,1259427,1759236,1008024,1,0,
2739,110498131049400,2.7568775,3,fixation_after,166,110498120019300,0,0,16,2740,1702035636,1702035636,2,160444,159943,161752,163707,1423620,865751,1457414,429105,124086,123273,126279,126298,1252481,1259395,1759199,1007990,1,0,
2740,110498131049400,2.7568775,3,fixation_after,166,110498120019300,0,0,16,2741,1702036641,1702036641,2,160304,159813,161613,163590,1423471,865603,1457260,428949,123934,123133,126139,126154,1252318,1259236,1759029,1007807,1,0,
2741,110498131049400,2.7568775,3,fixation_after,166,110498120019300,0,0,16,2742,1702037645,1702037645,2,160164,159685,161486,163461,1423333,865464,1457114,428800,123797,123000,126011,126020,1252163,1259083,1758869,1007642,1,0,
2742,110498131049400,2.7568775,3,fixation_after,166,110498120019300,0,0,16,2743,1702038650,1702038650,2,160128,159646,161458,163423,1423291,865411,1457071,428748,123766,122958,125980,125981,1252104,1259026,1758812,1007589,1,0,
2743,110498131049400,2.7568775,3,fixation_after,166,110498120019300,0,0,16,2744,1702039654,1702039654,2,160241,159741,161553,163511,1423376,865505,1457161,428838,123877,123057,126077,126073,1252200,1259113,1758904,1007682,1,0,
2744,110498138109700,2.7639378,3,fixation_after,167,110498137578100,0,0,16,2745,1702040659,1702040659,2,160419,159899,161722,163666,1423526,865659,1457313,429004,124056,123235,126243,126241,1252366,1259272,1759058,1007848,1,0,
2745,110498138109700,2.7639378,3,fixation_after,167,110498137578100,0,0,16,2746,1702041664,1702041664,2,160233,159744,161580,163518,1423359,865494,1457145,428821,123872,123077,126096,126078,1252189,1259099,1758870,1007643,1,0,
2746,110498138109700,2.7639378,3,fixation_after,167,110498137578100,0,0,16,2747,1702042669,1702042669,2,159906,159464,161319,163266,1423106,865236,1456868,428522,123539,122776,125823,125796,1251914,1258818,1758576,1007318,1,0,
2747,110498138109700,2.7639378,3,fixation_after,167,110498137578100,0,0,16,2748,1702043673,1702043673,2,160018,159571,161436,163379,1423245,865372,1457009,428656,123637,122890,125940,125923,1252058,1258972,1758723,1007473,1,0,
2748,110498138109700,2.7639378,3,fixation_after,167,110498137578100,0,0,16,2749,1702044678,1702044678,2,160151,159699,161562,163502,1423385,865519,1457168,428809,123774,123031,126063,126059,1252221,1259126,1758887,1007648,1,0,
2749,110498138109700,2.7639378,3,fixation_after,167,110498137578100,0,0,16,2750,1702045683,1702045683,2,160277,159807,161675,163602,1423503,865637,1457294,428946,123907,123156,126172,126173,1252361,1259261,1759029,1007799,1,0,
2750,110498138109700,2.7639378,3,fixation_after,167,110498137578100,0,0,16,2751,1702046687,1702046687,2,160349,159859,161734,163661,1423566,865712,1457368,429026,123984,123219,126239,126232,1252433,1259343,1759111,1007885,1,0,
2751,110498145024000,2.7708521,3,fixation_after,167,110498137578100,0,0,16,2752,1702047692,1702047692,2,160452,159943,161811,163733,1423645,865798,1457455,429116,124079,123308,126326,126319,1252528,1259444,1759205,1008004,1,0,
2752,110498145024000,2.7708521,3,fixation_after,167,110498137578100,0,0,16,2753,1702048697,1702048697,2,160613,160088,161954,163879,1423776,865923,1457589,429257,124245,123454,126473,126458,1252671,1259590,1759358,1008178,1,0,
2753,110498145024000,2.7708521,3,fixation_after,167,110498137578100,0,0,16,2754,1702049701,1702049701,2,160487,159981,161851,163776,1423661,865803,1457459,429128,124126,123343,126358,126343,1252544,1259462,1759233,1008041,1,0,
2754,110498145024000,2.7708521,3,fixation_after,167,110498137578100,0,0,16,2755,1702050706,1702050706,2,160331,159846,161714,163644,1423518,865659,1457303,428958,123961,123191,126218,126192,1252391,1259306,1759078,1007885,1,0,
2755,110498145024000,2.7708521,3,fixation_after,167,110498137578100,0,0,16,2756,1702051710,1702051710,2,160379,159892,161756,163673,1423556,865691,1457344,428995,124016,123244,126269,126238,1252440,1259349,1759129,1007939,1,0,
2756,110498145024000,2.7708521,3,fixation_after,167,110498137578100,0,0,16,2757,1702052715,1702052715,2,160361,159873,161736,163646,1423528,865660,1457316,428964,124010,123226,126256,126225,1252405,1259322,1759111,1007914,1,0,
2757,110498145024000,2.7708521,3,fixation_after,167,110498137578100,0,0,16,2758,1702053720,1702053720,2,160351,159865,161724,163640,1423508,865641,1457294,428948,124013,123221,126244,126213,1252386,1259306,1759091,1007892,1,0,
2758,110498152127800,2.7779559,3,fixation_after,167,110498137578100,0,0,16,2759,1702054724,1702054724,2,160405,159911,161763,163691,1423539,865679,1457336,428995,124069,123270,126282,126263,1252423,1259342,1759122,1007929,1,0,
2759,110498152127800,2.7779559,3,fixation_after,167,110498137578100,0,0,16,2760,1702055729,1702055729,2,160392,159906,161754,163688,1423514,865661,1457315,428964,124059,123265,126266,126244,1252394,1259310,1759082,1007888,1,0,
2760,110498152127800,2.7779559,3,fixation_after,167,110498137578100,0,0,16,2761,1702056734,1702056734,2,160251,159778,161628,163563,1423366,865511,1457159,428806,123912,123123,126128,126094,1252221,1259131,1758900,1007694,1,0,
2761,110498152127800,2.7779559,3,fixation_after,167,110498137578100,0,0,16,2762,1702057739,1702057739,2,160141,159664,161518,163445,1423246,865391,1457026,428663,123793,123005,126005,125972,1252091,1258993,1758757,1007548,1,0,
2762,110498152127800,2.7779559,3,fixation_after,167,110498137578100,0,0,16,2763,1702058743,1702058743,2,160111,159633,161485,163418,1423204,865353,1456993,428605,123770,122981,125969,125951,1252043,1258961,1758711,1007502,1,0,
2763,110498152127800,2.7779559,3,fixation_after,167,110498137578100,0,0,16,2764,1702059748,1702059748,2,160225,159743,161597,163526,1423308,865444,1457098,428716,123898,123091,126074,126058,1252143,1259057,1758809,1007608,1,0,
2764,110498152127800,2.7779559,3,fixation_after,167,110498137578100,0,0,16,2765,1702060752,1702060752,2,160402,159907,161770,163691,1423459,865594,1457251,428880,124069,123260,126249,126221,1252306,1259211,1758964,1007771,1,0,
2765,110498159170400,2.7849985,3,fixation_after,168,110498153526100,0,0,16,2766,1702061757,1702061757,2,160199,159729,161610,163525,1423283,865422,1457064,428678,123869,123081,126068,126058,1252102,1259023,1758758,1007553,1,0,
2766,110498159170400,2.7849985,3,fixation_after,168,110498153526100,0,0,16,2767,1702062762,1702062762,2,159893,159469,161371,163287,1423048,865183,1456809,428396,123563,122805,125808,125799,1251852,1258760,1758486,1007262,1,0,
2767,110498159170400,2.7849985,3,fixation_after,168,110498153526100,0,0,16,2768,1702063767,1702063767,2,160003,159583,161498,163417,1423192,865319,1456956,428534,123678,122917,125929,125944,1252013,1258910,1758639,1007413,1,0,
2768,110498159170400,2.7849985,3,fixation_after,168,110498153526100,0,0,16,2769,1702064771,1702064771,2,160139,159709,161611,163538,1423330,865463,1457110,428691,123810,123049,126064,126086,1252174,1259068,1758799,1007589,1,0,
2769,110498159170400,2.7849985,3,fixation_after,168,110498153526100,0,0,16,2770,1702065776,1702065776,2,160274,159821,161701,163639,1423437,865589,1457239,428825,123926,123166,126172,126199,1252303,1259205,1758939,1007739,1,0,
2770,110498159170400,2.7849985,3,fixation_after,168,110498153526100,0,0,16,2771,1702066780,1702066780,2,160343,159884,161752,163696,1423495,865658,1457304,428895,123994,123238,126224,126256,1252373,1259286,1759023,1007826,1,0,
2771,110498159170400,2.7849985,3,fixation_after,168,110498153526100,0,0,16,2772,1702067785,1702067785,2,160452,159970,161834,163781,1423581,865744,1457388,428990,124103,123329,126317,126353,1252465,1259381,1759128,1007943,1,0,
2772,110498166003000,2.7918311,3,fixation_after,168,110498153526100,0,0,16,2773,1702068790,1702068790,2,160613,160099,161966,163904,1423708,865863,1457522,429124,124259,123474,126465,126488,1252605,1259516,1759273,1008107,1,0,
2773,110498166003000,2.7918311,3,fixation_after,168,110498153526100,0,0,16,2774,1702069794,1702069794,2,160488,159991,161854,163791,1423589,865740,1457393,428988,124137,123367,126348,126371,1252474,1259392,1759135,1007969,1,0,
2774,110498166003000,2.7918311,3,fixation_after,168,110498153526100,0,0,16,2775,1702070799,1702070799,2,160335,159855,161738,163659,1423453,865596,1457239,428831,123984,123210,126204,126229,1252330,1259251,1758982,1007808,1,0,
2775,110498166003000,2.7918311,3,fixation_after,168,110498153526100,0,0,16,2776,1702071804,1702071804,2,160398,159908,161788,163714,1423494,865648,1457286,428873,124048,123260,126264,126282,1252387,1259307,1759039,1007874,1,0,
2776,110498166003000,2.7918311,3,fixation_after,168,110498153526100,0,0,16,2777,1702072809,1702072809,2,160371,159889,161756,163696,1423455,865609,1457250,428841,124031,123240,126243,126260,1252353,1259274,1759020,1007854,1,0,
2777,110498166003000,2.7918311,3,fixation_after,168,110498153526100,0,0,16,2778,1702073813,1702073813,2,160355,159879,161748,163685,1423436,865590,1457230,428826,124031,123240,126238,126253,1252330,1259252,1759004,1007837,1,0,
2778,110498166003000,2.7918311,3,fixation_after,168,110498153526100,0,0,16,2779,1702074818,1702074818,2,160411,159930,161797,163722,1423473,865623,1457269,428861,124097,123286,126279,126306,1252363,1259289,1759029,1007870,1,0,
2779,110498172989700,2.7988178,3,fixation_after,169,110498170824100,0,0,16,2780,1702075822,1702075822,2,160402,159921,161789,163707,1423453,865599,1457246,428833,124094,123276,126265,126301,1252338,1259246,1758994,1007819,1,0,
2780,110498172989700,2.7988178,3,fixation_after,169,110498170824100,0,0,16,2781,1702076827,1702076827,2,160253,159776,161644,163561,1423294,865444,1457079,428666,123933,123119,126118,126141,1252157,1259068,1758812,1007621,1,0,
2781,110498172989700,2.7988178,3,fixation_after,169,110498170824100,0,0,16,2782,1702077832,1702077832,2,160124,159656,161516,163440,1423168,865313,1456943,428537,123803,122996,126001,126012,1252012,1258925,1758659,1007473,1,0,
2782,110498172989700,2.7988178,3,fixation_after,169,110498170824100,0,0,16,2783,1702078836,1702078836,2,160083,159616,161484,163405,1423124,865268,1456895,428484,123763,122953,125959,125979,1251958,1258871,1758604,1007422,1,0,
2783,110498172989700,2.7988178,3,fixation_after,169,110498170824100,0,0,16,2784,1702079841,1702079841,2,160189,159707,161584,163496,1423211,865350,1456988,428576,123876,123061,126059,126091,1252051,1258960,1758690,1007522,1,0,
2784,110498172989700,2.7988178,3,fixation_after,169,110498170824100,0,0,16,2785,1702080845,1702080845,2,160364,159878,161739,163656,1423361,865499,1457143,428737,124056,123236,126228,126256,1252208,1259114,1758845,1007684,1,0,
2785,110498172989700,2.7988178,3,fixation_after,169,110498170824100,0,0,16,2786,1702081850,1702081850,2,160156,159698,161567,163489,1423176,865318,1456946,428534,123855,123047,126059,126074,1252013,1258916,1758629,1007459,1,0,
2786,110498179913800,2.8057419,3,fixation_after,169,110498170824100,0,0,16,2787,1702082854,1702082854,2,159858,159438,161310,163259,1422941,865081,1456689,428259,123546,122758,125806,125816,1251756,1258653,1758356,1007163,1,0,
2787,110498179913800,2.8057419,3,fixation_after,169,110498170824100,0,0,16,2788,1702083859,1702083859,2,159969,159550,161427,163376,1423078,865224,1456836,428393,123655,122861,125928,125936,1251905,1258808,1758508,1007313,1,0,
2788,110498179913800,2.8057419,3,fixation_after,169,110498170824100,0,0,16,2789,1702084864,1702084864,2,160113,159678,161557,163496,1423227,865373,1456989,428547,123789,122988,126067,126065,1252071,1258975,1758677,1007484,1,0,
2789,110498179913800,2.8057419,3,fixation_after,169,110498170824100,0,0,16,2790,1702085869,1702085869,2,160243,159794,161672,163604,1423339,865496,1457118,428684,123908,123100,126189,126165,1252203,1259104,1758818,1007634,1,0,
2790,110498179913800,2.8057419,3,fixation_after,169,110498170824100,0,0,16,2791,1702086873,1702086873,2,160308,159851,161718,163659,1423398,865550,1457178,428754,123965,123159,126239,126209,1252270,1259176,1758889,1007717,1,0,
2791,110498179913800,2.8057419,3,fixation_after,169,110498170824100,0,0,16,2792,1702087878,1702087878,2,160414,159951,161799,163739,1423491,865639,1457278,428856,124071,123266,126333,126301,1252372,1259283,1758996,1007841,1,0,
2792,110498179913800,2.8057419,3,fixation_after,169,110498170824100,0,0,16,2793,1702088883,1702088883,2,160581,160103,161946,163868,1423624,865768,1457423,429002,124244,123416,126478,126436,1252512,1259422,1759151,1008006,1,0,
2793,110498187142100,2.8129702,3,fixation_after,170,110498186627100,0,0,16,2794,1702089888,1702089888,2,160451,159983,161822,163749,1423487,865636,1457279,428856,124116,123298,126364,126311,1252371,1259281,1759005,1007857,1,0,
2794,110498187142100,2.8129702,3,fixation_after,170,110498186627100,0,0,16,2795,1702090892,1702090892,2,160303,159849,161693,163620,1423346,865496,1457133,428696,123961,123159,126224,126180,1252219,1259143,1758858,1007708,1,0,
2795,110498187142100,2.8129702,3,fixation_after,170,110498186627100,0,0,16,2796,1702091897,1702091897,2,160363,159909,161740,163655,1423384,865538,1457173,428738,124016,123222,126252,126235,1252269,1259189,1758911,1007766,1,0,
2796,110498187142100,2.8129702,3,fixation_after,170,110498186627100,0,0,16,2797,1702092902,1702092902,2,160333,159888,161708,163632,1423357,865510,1457138,428708,124004,123217,126215,126212,1252244,1259159,1758877,1007737,1,0,
2797,110498187142100,2.8129702,3,fixation_after,170,110498186627100,0,0,16,2798,1702093907,1702093907,2,160328,159881,161697,163634,1423352,865498,1457124,428694,124003,123216,126202,126204,1252233,1259152,1758866,1007727,1,0,
2798,110498187142100,2.8129702,3,fixation_after,170,110498186627100,0,0,16,2799,1702094911,1702094911,2,160388,159933,161743,163694,1423392,865539,1457164,428739,124057,123274,126256,126253,1252269,1259192,1758904,1007770,1,0,
2799,110498187142100,2.8129702,3,fixation_after,170,110498186627100,0,0,16,2800,1702095916,1702095916,2,160375,159928,161737,163684,1423362,865509,1457142,428708,124052,123266,126229,126223,1252241,1259163,1758857,1007729,1,0,
2800,110498194069600,2.8198977,3,fixation_after,170,110498186627100,0,0,16,2801,1702096921,1702096921,2,160241,159789,161608,163554,1423214,865370,1456992,428558,123912,123126,126091,126071,1252068,1258993,1758683,1007544,1,0,
2801,110498194069600,2.8198977,3,fixation_after,170,110498186627100,0,0,16,2802,1702097925,1702097925,2,160113,159683,161496,163431,1423083,865242,1456856,428422,123788,123006,125979,125951,1251929,1258858,1758534,1007393,1,0,
2802,110498194069600,2.8198977,3,fixation_after,170,110498186627100,0,0,16,2803,1702098930,1702098930,2,160082,159657,161474,163398,1423051,865204,1456814,428383,123756,122978,125943,125914,1251891,1258806,1758491,1007339,1,0,
2803,110498194069600,2.8198977,3,fixation_after,170,110498186627100,0,0,16,2804,1702099935,1702099935,2,160201,159761,161576,163510,1423159,865309,1456926,428492,123880,123110,126059,126031,1251999,1258909,1758611,1007453,1,0,
2804,110498194069600,2.8198977,3,fixation_after,170,110498186627100,0,0,16,2805,1702100940,1702100940,2,160382,159919,161721,163661,1423304,865456,1457082,428651,124053,123269,126221,126206,1252146,1259066,1758758,1007617,1,0,
2805,110498194069600,2.8198977,3,fixation_after,170,110498186627100,0,0,16,2806,1702101945,1702101945,2,160151,159725,161535,163488,1423111,865258,1456868,428431,123834,123073,126025,126016,1251936,1258852,1758526,1007372,1,0,
2806,110498194069600,2.8198977,3,fixation_after,170,110498186627100,0,0,16,2807,1702102949,1702102949,2,159868,159474,161316,163271,1422887,865033,1456628,428168,123543,122809,125792,125772,1251698,1258606,1758274,1007093,1,0,
2807,110498201087200,2.8269153,3,fixation_after,170,110498186627100,0,0,16,2808,1702103954,1702103954,2,159999,159598,161448,163398,1423034,865179,1456789,428314,123676,122931,125938,125916,1251861,1258768,1758436,1007253,1,0,
2808,110498201087200,2.8269153,3,fixation_after,170,110498186627100,0,0,16,2809,1702104959,1702104959,2,160139,159727,161564,163516,1423177,865333,1456943,428469,123815,123048,126070,126056,1252018,1258928,1758593,1007424,1,0,
2809,110498201087200,2.8269153,3,fixation_after,170,110498186627100,0,0,16,2810,1702105964,1702105964,2,160262,159838,161658,163605,1423283,865453,1457062,428590,123919,123152,126174,126167,1252145,1259060,1758719,1007574,1,0,
2810,110498201087200,2.8269153,3,fixation_after,170,110498186627100,0,0,16,2811,1702106968,1702106968,2,160338,159897,161733,163681,1423354,865516,1457140,428671,123992,123213,126237,126239,1252225,1259139,1758806,1007664,1,0,
2811,110498201087200,2.8269153,3,fixation_after,170,110498186627100,0,0,16,2812,1702107973,1702107973,2,160449,159989,161826,163764,1423444,865601,1457226,428774,124098,123316,126329,126330,1252323,1259241,1758914,1007781,1,0,
2812,110498201087200,2.8269153,3,fixation_after,170,110498186627100,0,0,16,2813,1702108978,1702108978,2,160607,160131,161962,163886,1423576,865736,1457353,428911,124263,123466,126464,126469,1252454,1259385,1759062,1007943,1,0,
2813,110498201087200,2.8269153,3,fixation_after,170,110498186627100,0,0,16,2814,1702109982,1702109982,2,160464,160014,161848,163769,1423448,865599,1457218,428768,124138,123340,126347,126351,1252316,1259244,1758920,1007801,1,0,
2814,110498208054500,2.8338826,3,fixation_after,171,110498203695500,0,0,16,2815,1702110987,1702110987,2,160338,159898,161741,163670,1423321,865478,1457087,428633,124002,123214,126239,126238,1252191,1259120,1758796,1007679,1,0,
2815,110498208054500,2.8338826,3,fixation_after,171,110498203695500,0,0,16,2816,1702111992,1702111992,2,160419,159956,161805,163739,1423379,865538,1457148,428702,124074,123282,126301,126296,1252247,1259191,1758868,1007759,1,0,
2816,110498208054500,2.8338826,3,fixation_after,171,110498203695500,0,0,16,2817,1702112996,1702112996,2,160400,159929,161769,163708,1423351,865498,1457116,428664,124061,123259,126276,126271,1252213,1259161,1758834,1007731,1,0,
2817,110498208054500,2.8338826,3,fixation_after,171,110498203695500,0,0,16,2818,1702114001,1702114001,2,160398,159923,161762,163698,1423326,865480,1457099,428648,124066,123256,126283,126259,1252211,1259148,1758823,1007721,1,0,
2818,110498208054500,2.8338826,3,fixation_after,171,110498203695500,0,0,16,2819,1702115006,1702115006,2,160446,159980,161811,163740,1423363,865519,1457139,428687,124121,123303,126327,126301,1252239,1259178,1758860,1007748,1,0,
2819,110498208054500,2.8338826,3,fixation_after,171,110498203695500,0,0,16,2820,1702116010,1702116010,2,160434,159960,161796,163728,1423334,865486,1457103,428649,124099,123275,126309,126274,1252194,1259128,1758807,1007692,1,0,
2820,110498208054500,2.8338826,3,fixation_after,171,110498203695500,0,0,16,2821,1702117015,1702117015,2,160271,159814,161654,163578,1423169,865325,1456934,428474,123941,123123,126152,126104,1252011,1258944,1758614,1007491,1,0,
2821,110498215147200,2.8409753,3,fixation_after,171,110498203695500,0,0,16,2822,1702118020,1702118020,2,160129,159681,161518,163443,1423030,865183,1456783,428321,123793,122988,126014,125955,1251862,1258793,1758452,1007322,1,0,
2822,110498215147200,2.8409753,3,fixation_after,171,110498203695500,0,0,16,2823,1702119024,1702119024,2,160087,159642,161486,163406,1422976,865131,1456734,428270,123759,122950,125973,125901,1251806,1258730,1758391,1007269,1,0,
2823,110498215147200,2.8409753,3,fixation_after,171,110498203695500,0,0,16,2824,1702120029,1702120029,2,160198,159745,161589,163513,1423073,865231,1456844,428369,123873,123065,126085,126023,1251905,1258824,1758491,1007369,1,0,
2824,110498215147200,2.8409753,3,fixation_after,171,110498203695500,0,0,16,2825,1702121034,1702121034,2,160386,159926,161768,163680,1423234,865388,1457003,428536,124061,123241,126260,126208,1252069,1258992,1758649,1007547,1,0,
2825,110498215147200,2.8409753,3,fixation_after,171,110498203695500,0,0,16,2826,1702122039,1702122039,2,160161,159741,161592,163518,1423037,865194,1456795,428323,123844,123049,126063,126028,1251863,1258781,1758423,1007306,1,0,
2826,110498215147200,2.8409753,3,fixation_after,171,110498203695500,0,0,16,2827,1702123044,1702123044,2,159876,159496,161354,163306,1422819,864969,1456565,428064,123564,122783,125810,125794,1251623,1258539,1758170,1007028,1,0,
2827,110498215147200,2.8409753,3,fixation_after,171,110498203695500,0,0,16,2828,1702124048,1702124048,2,159991,159608,161474,163423,1422957,865117,1456711,428194,123678,122896,125931,125933,1251779,1258689,1758318,1007176,1,0,
2828,110498222069100,2.8478972,3,fixation_after,172,110498220477900,0,0,16,2829,1702125053,1702125053,2,160133,159744,161611,163546,1423109,865273,1456874,428353,123823,123037,126061,126069,1251943,1258864,1758496,1007357,1,0,
2829,110498222069100,2.8478972,3,fixation_after,172,110498220477900,0,0,16,2830,1702126057,1702126057,2,160269,159871,161728,163649,1423244,865401,1457009,428500,123949,123159,126180,126188,1252084,1259007,1758647,1007519,1,0,
2830,110498222069100,2.8478972,3,fixation_after,172,110498220477900,0,0,16,2831,1702127062,1702127062,2,160338,159938,161768,163697,1423287,865446,1457069,428573,124006,123216,126235,126248,1252146,1259073,1758715,1007591,1,0,
2831,110498222069100,2.8478972,3,fixation_after,172,110498220477900,0,0,16,2832,1702128067,1702128067,2,160443,160028,161832,163770,1423363,865532,1457154,428665,124108,123309,126316,126335,1252235,1259165,1758809,1007708,1,0,
2832,110498222069100,2.8478972,3,fixation_after,172,110498220477900,0,0,16,2833,1702129072,1702129072,2,160593,160147,161957,163889,1423476,865653,1457277,428788,124257,123446,126444,126467,1252363,1259289,1758944,1007858,1,0,
2833,110498222069100,2.8478972,3,fixation_after,172,110498220477900,0,0,16,2834,1702130076,1702130076,2,160456,160029,161829,163766,1423344,865514,1457135,428635,124129,123318,126318,126343,1252224,1259151,1758790,1007713,1,0,
2834,110498222069100,2.8478972,3,fixation_after,172,110498220477900,0,0,16,2835,1702131081,1702131081,2,160348,159926,161723,163666,1423234,865399,1457011,428507,124009,123200,126216,126229,1252106,1259042,1758676,1007592,1,0,
2835,110498228988100,2.8548162,3,fixation_after,172,110498220477900,0,0,16,2836,1702132085,1702132085,2,160426,159991,161784,163731,1423286,865456,1457064,428566,124076,123263,126273,126288,1252173,1259100,1758748,1007661,1,0,
2836,110498228988100,2.8548162,3,fixation_after,172,110498220477900,0,0,16,2837,1702133090,1702133090,2,160389,159961,161749,163708,1423250,865421,1457029,428528,124044,123250,126240,126268,1252133,1259057,1758711,1007629,1,0,
2837,110498228988100,2.8548162,3,fixation_after,172,110498220477900,0,0,16,2838,1702134095,1702134095,2,160368,159948,161733,163699,1423224,865401,1457003,428509,124030,123241,126240,126261,1252111,1259042,1758689,1007616,1,0,
2838,110498228988100,2.8548162,3,fixation_after,172,110498220477900,0,0,16,2839,1702135099,1702135099,2,160414,159985,161773,163738,1423258,865433,1457033,428543,124079,123300,126290,126308,1252140,1259073,1758714,1007641,1,0,
2839,110498228988100,2.8548162,3,fixation_after,172,110498220477900,0,0,16,2840,1702136104,1702136104,2,160396,159965,161757,163716,1423223,865392,1456997,428507,124064,123281,126269,126281,1252096,1259027,1758656,1007591,1,0,
2840,110498228988100,2.8548162,3,fixation_after,172,110498220477900,0,0,16,2841,1702137108,1702137108,2,160242,159829,161619,163576,1423075,865244,1456848,428348,123920,123140,126125,126123,1251923,1258853,1758481,1007401,1,0,
2841,110498228988100,2.8548162,3,fixation_after,172,110498220477900,0,0,16,2842,1702138113,1702138113,2,160124,159718,161504,163471,1422958,865117,1456719,428219,123801,123024,126008,126003,1251782,1258719,1758347,1007248,1,0,
2842,110498236116900,2.861945,3,fixation_after,172,110498220477900,0,0,16,2843,1702139118,1702139118,2,160104,159688,161474,163454,1422926,865085,1456679,428176,123775,122999,125985,125984,1251750,1258676,1758302,1007209,1,0,
2843,110498236116900,2.861945,3,fixation_after,172,110498220477900,0,0,16,2844,1702140122,1702140122,2,160220,159794,161592,163559,1423018,865179,1456780,428276,123894,123108,126088,126095,1251847,1258771,1758400,1007313,1,0,
2844,110498236116900,2.861945,3,fixation_after,172,110498220477900,0,0,16,2845,1702141126,1702141126,2,160380,159938,161739,163689,1423150,865310,1456919,428417,124056,123259,126239,126238,1251983,1258913,1758536,1007450,1,0,
2845,110498236116900,2.861945,3,fixation_after,172,110498220477900,0,0,16,2846,1702142131,1702142131,2,160128,159719,161534,163486,1422938,865096,1456692,428172,123814,123029,126017,126019,1251753,1258675,1758280,1007191,1,0,
2846,110498236116900,2.861945,3,fixation_after,172,110498220477900,0,0,16,2847,1702143136,1702143136,2,159856,159478,161318,163268,1422727,864871,1456454,427927,123542,122767,125783,125789,1251524,1258449,1758041,1006928,1,0,
2847,110498236116900,2.861945,3,fixation_after,172,110498220477900,0,0,16,2848,1702144140,1702144140,2,159981,159594,161443,163394,1422866,865026,1456607,428079,123668,122883,125917,125922,1251683,1258611,1758199,1007091,1,0,
2848,110498236116900,2.861945,3,fixation_after,172,110498220477900,0,0,16,2849,1702145145,1702145145,2,160103,159715,161557,163513,1422991,865159,1456749,428214,123792,123005,126033,126039,1251826,1258759,1758349,1007250,1,0,
2849,110498243155500,2.8689836,3,fixation_after,173,110498237926300,0,0,16,2850,1702146149,1702146149,2,160211,159814,161640,163606,1423087,865269,1456871,428335,123894,123109,126131,126126,1251951,1258881,1758476,1007386,1,0,
2850,110498243155500,2.8689836,3,fixation_after,173,110498237926300,0,0,16,2851,1702147154,1702147154,2,160263,159862,161680,163642,1423133,865316,1456922,428401,123952,123160,126162,126163,1252005,1258934,1758534,1007458,1,0,
2851,110498243155500,2.8689836,3,fixation_after,173,110498237926300,0,0,16,2852,1702148159,1702148159,2,160370,159957,161772,163723,1423228,865406,1457007,428494,124064,123257,126261,126251,1252101,1259028,1758646,1007575,1,0,
2852,110498243155500,2.8689836,3,fixation_after,173,110498237926300,0,0,16,2853,1702149163,1702149163,2,160533,160098,161906,163856,1423354,865533,1457139,428628,124214,123403,126404,126394,1252244,1259166,1758789,1007730,1,0,
2853,110498243155500,2.8689836,3,fixation_after,173,110498237926300,0,0,16,2854,1702150168,1702150168,2,160404,159971,161774,163743,1423229,865406,1457008,428491,124082,123290,126272,126276,1252104,1259031,1758639,1007590,1,0,
2854,110498243155500,2.8689836,3,fixation_after,173,110498237926300,0,0,16,2855,1702151172,1702151172,2,160290,159871,161661,163642,1423120,865291,1456893,428371,123958,123171,126169,126173,1251989,1258924,1758538,1007473,1,0,
2855,110498243155500,2.8689836,3,fixation_after,173,110498237926300,0,0,16,2856,1702152177,1702152177,2,160358,159928,161711,163686,1423168,865339,1456935,428415,124022,123217,126239,126231,1252046,1258982,1758599,1007538,1,0,
2856,110498250177400,2.8760055,3,fixation_after,173,110498237926300,0,0,16,2857,1702153181,1702153181,2,160342,159913,161691,163663,1423136,865304,1456904,428388,124018,123209,126217,126221,1252014,1258949,1758565,1007518,1,0,
2857,110498250177400,2.8760055,3,fixation_after,173,110498237926300,0,0,16,2858,1702154186,1702154186,2,160345,159916,161695,163656,1423129,865296,1456901,428375,124034,123221,126224,126217,1252007,1258941,1758560,1007510,1,0,
2858,110498250177400,2.8760055,3,fixation_after,173,110498237926300,0,0,16,2859,1702155191,1702155191,2,160401,159959,161759,163704,1423170,865339,1456944,428416,124086,123281,126273,126262,1252044,1258976,1758596,1007546,1,0,
2859,110498250177400,2.8760055,3,fixation_after,173,110498237926300,0,0,16,2860,1702156195,1702156195,2,160389,159946,161758,163690,1423144,865317,1456909,428391,124058,123269,126254,126242,1252002,1258941,1758551,1007499,1,0,
2860,110498250177400,2.8760055,3,fixation_after,173,110498237926300,0,0,16,2861,1702157200,1702157200,2,160238,159816,161621,163557,1422997,865170,1456756,428243,123907,123122,126128,126094,1251839,1258777,1758375,1007310,1,0,
2861,110498250177400,2.8760055,3,fixation_after,173,110498237926300,0,0,16,2862,1702158205,1702158205,2,160131,159720,161524,163469,1422891,865061,1456648,428130,123799,123019,126038,125995,1251723,1258654,1758258,1007179,1,0,
2862,110498250177400,2.8760055,3,fixation_after,173,110498237926300,0,0,16,2863,1702159210,1702159210,2,160124,159702,161502,163454,1422872,865037,1456627,428097,123779,123014,126015,125981,1251698,1258622,1758221,1007152,1,0,
2863,110498257058400,2.8828865,3,fixation_after,174,110498253414800,0,0,16,2864,1702160214,1702160214,2,160264,159823,161623,163578,1422988,865150,1456742,428220,123923,123149,126148,126110,1251822,1258746,1758340,1007279,1,0,
2864,110498257058400,2.8828865,3,fixation_after,174,110498253414800,0,0,16,2865,1702161219,1702161219,2,160445,159984,161786,163745,1423128,865303,1456894,428381,124102,123319,126310,126274,1251969,1258905,1758490,1007441,1,0,
2865,110498257058400,2.8828865,3,fixation_after,174,110498253414800,0,0,16,2866,1702162224,1702162224,2,160193,159769,161576,163546,1422912,865091,1456669,428133,123849,123093,126100,126074,1251728,1258660,1758243,1007171,1,0,
2866,110498257058400,2.8828865,3,fixation_after,174,110498253414800,0,0,16,2867,1702163228,1702163228,2,159943,159543,161371,163341,1422711,864890,1456451,427894,123586,122846,125878,125861,1251516,1258441,1758013,1006914,1,0,
2867,110498257058400,2.8828865,3,fixation_after,174,110498253414800,0,0,16,2868,1702164233,1702164233,2,160074,159678,161503,163471,1422863,865044,1456609,428055,123721,122968,126008,125991,1251684,1258608,1758174,1007086,1,0,
2868,110498257058400,2.8828865,3,fixation_after,174,110498253414800,0,0,16,2869,1702165238,1702165238,2,160226,159807,161648,163602,1423016,865191,1456774,428220,123866,123106,126143,126123,1251855,1258777,1758345,1007273,1,0,
2869,110498257058400,2.8828865,3,fixation_after,174,110498253414800,0,0,16,2870,1702166243,1702166243,2,160336,159913,161741,163701,1423121,865303,1456896,428343,123983,123206,126249,126225,1251980,1258901,1758482,1007409,1,0,
2870,110498264031400,2.8898595,3,fixation_after,174,110498253414800,0,0,16,2871,1702167248,1702167248,2,160390,159969,161785,163743,1423175,865358,1456946,428401,124041,123261,126297,126279,1252033,1258959,1758538,1007481,1,0,
2871,110498264031400,2.8898595,3,fixation_after,174,110498253414800,0,0,16,2872,1702168252,1702168252,2,160494,160073,161879,163833,1423268,865447,1457046,428500,124154,123364,126401,126363,1252130,1259064,1758643,1007603,1,0,
2872,110498264031400,2.8898595,3,fixation_after,174,110498253414800,0,0,16,2873,1702169257,1702169257,2,160632,160194,162006,163950,1423369,865560,1457163,428624,124306,123496,126531,126483,1252251,1259196,1758779,1007751,1,0,
2873,110498264031400,2.8898595,3,fixation_after,174,110498253414800,0,0,16,2874,1702170262,1702170262,2,160497,160070,161898,163833,1423238,865431,1457019,428473,124166,123369,126409,126356,1252112,1259056,1758634,1007606,1,0,
2874,110498264031400,2.8898595,3,fixation_after,174,110498253414800,0,0,16,2875,1702171267,1702171267,2,160391,159966,161808,163733,1423136,865325,1456899,428353,124049,123272,126303,126261,1252000,1258943,1758525,1007496,1,0,
2875,110498264031400,2.8898595,3,fixation_after,174,110498253414800,0,0,16,2876,1702172272,1702172272,2,160449,160008,161846,163776,1423167,865361,1456939,428394,124097,123328,126353,126314,1252045,1258993,1758578,1007554,1,0,
2876,110498264031400,2.8898595,3,fixation_after,174,110498253414800,0,0,16,2877,1702173276,1702173276,2,160442,159982,161818,163745,1423141,865331,1456913,428364,124086,123318,126331,126299,1252028,1258971,1758548,1007531,1,0,
2877,110498271121700,2.8969498,3,fixation_after,175,110498271032900,0,0,16,2878,1702174281,1702174281,2,160451,159986,161812,163743,1423139,865329,1456911,428362,124089,123335,126346,126301,1252027,1258964,1758543,1007524,1,0,
2878,110498271121700,2.8969498,3,fixation_after,175,110498271032900,0,0,16,2879,1702175286,1702175286,2,160491,160028,161839,163783,1423166,865358,1456941,428393,124135,123379,126393,126328,1252046,1258984,1758565,1007547,1,0,
2879,110498271121700,2.8969498,3,fixation_after,175,110498271032900,0,0,16,2880,1702176290,1702176290,2,160453,160001,161803,163742,1423117,865306,1456889,428338,124105,123342,126361,126292,1251987,1258919,1758503,1007481,1,0,
2880,110498271121700,2.8969498,3,fixation_after,175,110498271032900,0,0,16,2881,1702177295,1702177295,2,160292,159850,161660,163593,1422964,865138,1456726,428166,123948,123182,126208,126135,1251810,1258732,1758313,1007279,1,0,
2881,110498271121700,2.8969498,3,fixation_after,175,110498271032900,0,0,16,2882,1702178299,1702178299,2,160159,159723,161539,163478,1422834,865008,1456581,428026,123826,123056,126078,126003,1251659,1258586,1758156,1007120,1,0,
2882,110498271121700,2.8969498,3,fixation_after,175,110498271032900,0,0,16,2883,1702179304,1702179304,2,160127,159701,161511,163458,1422794,864976,1456541,427986,123797,123029,126054,125971,1251619,1258548,1758110,1007069,1,0,
2883,110498271121700,2.8969498,3,fixation_after,175,110498271032900,0,0,16,2884,1702180309,1702180309,2,160265,159820,161634,163573,1422903,865086,1456652,428098,123921,123154,126169,126093,1251732,1258663,1758221,1007189,1,0,
2884,110498278096400,2.9039245,3,fixation_after,175,110498271032900,0,0,16,2885,1702181313,1702181313,2,160435,159964,161788,163723,1423044,865229,1456803,428252,124083,123311,126324,126256,1251874,1258806,1758370,1007343,1,0,
2885,110498278096400,2.9039245,3,fixation_after,175,110498271032900,0,0,16,2886,1702182318,1702182318,2,160173,159733,161558,163511,1422811,864990,1456559,427996,123805,123076,126099,126034,1251627,1258552,1758106,1007059,1,0,
2886,110498278096400,2.9039245,3,fixation_after,175,110498271032900,0,0,16,2887,1702183322,1702183322,2,159946,159531,161362,163332,1422634,864803,1456364,427786,123559,122847,125894,125846,1251440,1258359,1757898,1006831,1,0,
2887,110498278096400,2.9039245,3,fixation_after,175,110498271032900,0,0,16,2888,1702184327,1702184327,2,160074,159661,161494,163455,1422784,864971,1456520,427938,123686,122969,126042,125994,1251609,1258531,1758069,1007005,1,0,
2888,110498278096400,2.9039245,3,fixation_after,175,110498271032900,0,0,16,2889,1702185332,1702185332,2,160184,159771,161604,163556,1422914,865104,1456660,428069,123801,123083,126154,126109,1251750,1258668,1758214,1007157,1,0,
2889,110498278096400,2.9039245,3,fixation_after,175,110498271032900,0,0,16,2890,1702186336,1702186336,2,160281,159861,161694,163649,1423013,865200,1456779,428183,123904,123168,126247,126198,1251866,1258784,1758333,1007289,1,0,
2890,110498278096400,2.9039245,3,fixation_after,175,110498271032900,0,0,16,2891,1702187341,1702187341,2,160346,159929,161735,163691,1423069,865259,1456835,428246,123966,123218,126295,126259,1251928,1258844,1758403,1007368,1,0,
2891,110498285114300,2.9109424,3,fixation_after,175,110498271032900,0,0,16,2892,1702188346,1702188346,2,160462,160036,161834,163776,1423165,865353,1456928,428351,124084,123326,126392,126354,1252036,1258958,1758514,1007501,1,0,
2892,110498285114300,2.9109424,3,fixation_after,175,110498271032900,0,0,16,2893,1702189350,1702189350,2,160609,160156,161970,163897,1423279,865467,1457059,428480,124240,123459,126523,126481,1252158,1259087,1758653,1007654,1,0,
2893,110498285114300,2.9109424,3,fixation_after,175,110498271032900,0,0,16,2894,1702190355,1702190355,2,160458,160007,161823,163758,1423123,865313,1456904,428319,124094,123309,126379,126349,1251992,1258925,1758488,1007488,1,0,
2894,110498285114300,2.9109424,3,fixation_after,175,110498271032900,0,0,16,2895,1702191360,1702191360,2,160343,159900,161708,163659,1423009,865196,1456773,428191,123968,123189,126269,126239,1251869,1258813,1758371,1007359,1,0,
2895,110498285114300,2.9109424,3,fixation_after,175,110498271032900,0,0,16,2896,1702192364,1702192364,2,160403,159953,161769,163707,1423059,865243,1456817,428241,124034,123258,126327,126292,1251920,1258873,1758424,1007426,1,0,
2896,110498285114300,2.9109424,3,fixation_after,175,110498271032900,0,0,16,2897,1702193369,1702193369,2,160395,159931,161758,163694,1423039,865222,1456801,428210,124033,123246,126325,126278,1251901,1258847,1758407,1007410,1,0,
2897,110498285114300,2.9109424,3,fixation_after,175,110498271032900,0,0,16,2898,1702194373,1702194373,2,160412,159936,161771,163713,1423043,865231,1456811,428212,124059,123266,126338,126294,1251908,1258848,1758406,1007414,1,0,
2898,110498291969700,2.9177978,3,fixation_after,176,110498286395900,0,0,16,2899,1702195378,1702195378,2,160474,159996,161824,163766,1423086,865274,1456851,428266,124128,123321,126394,126354,1251953,1258902,1758448,1007458,1,0,
2899,110498291969700,2.9177978,3,fixation_after,176,110498286395900,0,0,16,2900,1702196383,1702196383,2,160446,159977,161798,163736,1423046,865230,1456809,428228,124105,123282,126351,126328,1251897,1258849,1758394,1007395,1,0,
2900,110498291969700,2.9177978,3,fixation_after,176,110498286395900,0,0,16,2901,1702197387,1702197387,2,160288,159833,161653,163587,1422883,865068,1456641,428051,123946,123126,126183,126164,1251713,1258657,1758204,1007191,1,0,
2901,110498291969700,2.9177978,3,fixation_after,176,110498286395900,0,0,16,2902,1702198392,1702198392,2,160186,159734,161551,163495,1422781,864959,1456527,427932,123835,123034,126083,126070,1251602,1258537,1758075,1007064,1,0,
2902,110498291969700,2.9177978,3,fixation_after,176,110498286395900,0,0,16,2903,1702199396,1702199396,2,160173,159727,161531,163485,1422757,864940,1456496,427906,123813,123026,126073,126064,1251576,1258512,1758039,1007031,1,0,
2903,110498291969700,2.9177978,3,fixation_after,176,110498286395900,0,0,16,2904,1702200401,1702200401,2,160309,159850,161658,163601,1422871,865053,1456624,428026,123955,123156,126202,126189,1251694,1258629,1758155,1007155,1,0,
2904,110498291969700,2.9177978,3,fixation_after,176,110498286395900,0,0,16,2905,1702201406,1702201406,2,160461,160004,161812,163741,1423011,865191,1456773,428179,124118,123320,126356,126345,1251840,1258766,1758298,1007311,1,0,
2905,110498299163200,2.9249913,3,fixation_after,176,110498286395900,0,0,16,2906,1702202410,1702202410,2,160176,159757,161563,163521,1422767,864955,1456523,427908,123838,123076,126107,126108,1251570,1258504,1758016,1007003,1,0,
2906,110498299163200,2.9249913,3,fixation_after,176,110498286395900,0,0,16,2907,1702203415,1702203415,2,159940,159551,161371,163339,1422582,864765,1456317,427689,123585,122868,125908,125899,1251373,1258299,1757805,1006775,1,0,
2907,110498299163200,2.9249913,3,fixation_after,176,110498286395900,0,0,16,2908,1702204420,1702204420,2,160064,159680,161517,163471,1422731,864915,1456476,427836,123709,123001,126034,126026,1251537,1258455,1757969,1006951,1,0,
2908,110498299163200,2.9249913,3,fixation_after,176,110498286395900,0,0,16,2909,1702205424,1702205424,2,160179,159803,161621,163577,1422869,865046,1456618,427979,123844,123124,126151,126144,1251693,1258609,1758120,1007106,1,0,
2909,110498299163200,2.9249913,3,fixation_after,176,110498286395900,0,0,16,2910,1702206429,1702206429,2,160283,159894,161706,163669,1422964,865148,1456726,428098,123953,123210,126242,126234,1251798,1258736,1758234,1007233,1,0,
2910,110498299163200,2.9249913,3,fixation_after,176,110498286395900,0,0,16,2911,1702207433,1702207433,2,160336,159933,161751,163710,1423014,865204,1456776,428158,124005,123256,126286,126282,1251860,1258794,1758299,1007311,1,0,
2911,110498299163200,2.9249913,3,fixation_after,176,110498286395900,0,0,16,2912,1702208438,1702208438,2,160458,160028,161850,163790,1423107,865294,1456875,428271,124119,123361,126384,126376,1251968,1258903,1758411,1007439,1,0,
2912,110498306158500,2.9319866,3,fixation_after,177,110498304337500,0,0,16,2913,1702209443,1702209443,2,160594,160136,161954,163894,1423213,865403,1456984,428385,124242,123475,126507,126494,1252071,1259020,1758537,1007569,1,0,
2913,110498306158500,2.9319866,3,fixation_after,177,110498304337500,0,0,16,2914,1702210448,1702210448,2,160429,159986,161816,163762,1423066,865247,1456818,428208,124080,123322,126376,126345,1251909,1258851,1758375,1007395,1,0,
2914,110498306158500,2.9319866,3,fixation_after,177,110498304337500,0,0,16,2915,1702211452,1702211452,2,160326,159889,161716,163675,1422961,865140,1456713,428089,123971,123211,126284,126236,1251806,1258746,1758266,1007287,1,0,
2915,110498306158500,2.9319866,3,fixation_after,177,110498304337500,0,0,16,2916,1702212457,1702212457,2,160396,159953,161764,163732,1423014,865196,1456771,428151,124039,123282,126344,126297,1251867,1258814,1758328,1007361,1,0,
2916,110498306158500,2.9319866,3,fixation_after,177,110498304337500,0,0,16,2917,1702213461,1702213461,2,160376,159936,161738,163711,1422986,865166,1456739,428128,124030,123268,126327,126276,1251834,1258781,1758296,1007338,1,0,
2917,110498306158500,2.9319866,3,fixation_after,177,110498304337500,0,0,16,2918,1702214466,1702214466,2,160378,159940,161739,163715,1422978,865160,1456734,428123,124041,123275,126335,126280,1251826,1258777,1758296,1007334,1,0,
2918,110498306158500,2.9319866,3,fixation_after,177,110498304337500,0,0,16,2919,1702215471,1702215471,2,160418,159980,161779,163749,1423005,865193,1456766,428156,124098,123313,126370,126317,1251859,1258808,1758324,1007364,1,0,
2919,110498313140000,2.9389681,3,fixation_after,177,110498304337500,0,0,16,2920,1702216475,1702216475,2,160409,159955,161751,163729,1422971,865152,1456728,428119,124090,123286,126338,126271,1251805,1258753,1758268,1007308,1,0,
2920,110498313140000,2.9389681,3,fixation_after,177,110498304337500,0,0,16,2921,1702217480,1702217480,2,160242,159791,161599,163576,1422799,864983,1456546,427933,123931,123133,126165,126086,1251619,1258556,1758073,1007095,1,0,
2921,110498313140000,2.9389681,3,fixation_after,177,110498304337500,0,0,16,2922,1702218485,1702218485,2,160117,159681,161494,163453,1422671,864856,1456409,427796,123803,123022,126038,125969,1251481,1258416,1757923,1006936,1,0,
2922,110498313140000,2.9389681,3,fixation_after,177,110498304337500,0,0,16,2923,1702219489,1702219489,2,160093,159653,161464,163421,1422636,864819,1456369,427746,123781,122992,126009,125949,1251433,1258373,1757875,1006886,1,0,
2923,110498313140000,2.9389681,3,fixation_after,177,110498304337500,0,0,16,2924,1702220494,1702220494,2,160220,159774,161570,163539,1422751,864920,1456488,427857,123911,123108,126123,126064,1251543,1258480,1757988,1007011,1,0,
2924,110498313140000,2.9389681,3,fixation_after,177,110498304337500,0,0,16,2925,1702221499,1702221499,2,160387,159936,161728,163690,1422878,865063,1456631,428017,124080,123266,126281,126240,1251689,1258622,1758128,1007166,1,0,
2925,110498313140000,2.9389681,3,fixation_after,177,110498304337500,0,0,16,2926,1702222504,1702222504,2,160115,159691,161499,163463,1422633,864822,1456368,427746,123807,123009,126038,126015,1251423,1258354,1757839,1006858,1,0,
2926,110498320028400,2.9458565,3,fixation_after,178,110498320024900,0,0,16,2927,1702223508,1702223508,2,159864,159480,161300,163271,1422447,864635,1456166,427513,123562,122785,125826,125812,1251224,1258163,1757631,1006629,1,0,
2927,110498320028400,2.9458565,3,fixation_after,178,110498320024900,0,0,16,2928,1702224513,1702224513,2,159996,159603,161433,163398,1422603,864791,1456336,427672,123695,122918,125961,125946,1251396,1258328,1757801,1006805,1,0,
2928,110498320028400,2.9458565,3,fixation_after,178,110498320024900,0,0,16,2929,1702225518,1702225518,2,160138,159729,161563,163511,1422752,864936,1456486,427824,123834,123041,126092,126076,1251559,1258488,1757962,1006979,1,0,
2929,110498320028400,2.9458565,3,fixation_after,178,110498320024900,0,0,16,2930,1702226523,1702226523,2,160263,159846,161664,163604,1422859,865050,1456611,427951,123956,123158,126183,126181,1251686,1258618,1758101,1007125,1,0,
2930,110498320028400,2.9458565,3,fixation_after,178,110498320024900,0,0,16,2931,1702227528,1702227528,2,160326,159908,161709,163646,1422909,865103,1456669,428012,124013,123218,126226,126229,1251739,1258688,1758169,1007194,1,0,
2931,110498320028400,2.9458565,3,fixation_after,178,110498320024900,0,0,16,2932,1702228532,1702228532,2,160443,160011,161810,163739,1423005,865199,1456771,428119,124131,123324,126319,126336,1251845,1258788,1758279,1007313,1,0,
2932,110498320028400,2.9458565,3,fixation_after,178,110498320024900,0,0,16,2933,1702229537,1702229537,2,160582,160139,161931,163849,1423114,865308,1456894,428240,124273,123463,126452,126466,1251978,1258914,1758406,1007465,1,0,
2933,110498326977200,2.9528053,3,fixation_after,178,110498320024900,0,0,16,2934,1702230542,1702230542,2,160419,160003,161786,163708,1422964,865154,1456726,428072,124114,123316,126297,126316,1251809,1258751,1758234,1007301,1,0,
2934,110498326977200,2.9528053,3,fixation_after,178,110498320024900,0,0,16,2935,1702231547,1702231547,2,160312,159900,161695,163611,1422856,865043,1456601,427953,123999,123211,126186,126231,1251689,1258642,1758121,1007180,1,0,
2935,110498326977200,2.9528053,3,fixation_after,178,110498320024900,0,0,16,2936,1702232551,1702232551,2,160367,159946,161739,163649,1422897,865076,1456639,427987,124053,123253,126226,126273,1251731,1258692,1758168,1007237,1,0,
2936,110498326977200,2.9528053,3,fixation_after,178,110498320024900,0,0,16,2937,1702233556,1702233556,2,160335,159918,161716,163615,1422863,865046,1456603,427954,124029,123236,126211,126253,1251702,1258653,1758138,1007213,1,0,
2937,110498326977200,2.9528053,3,fixation_after,178,110498320024900,0,0,16,2938,1702234561,1702234561,2,160333,159914,161703,163628,1422848,865039,1456594,427946,124029,123227,126216,126244,1251696,1258643,1758127,1007196,1,0,
2938,110498326977200,2.9528053,3,fixation_after,178,110498320024900,0,0,16,2939,1702235566,1702235566,2,160400,159969,161754,163694,1422886,865074,1456641,427982,124084,123273,126274,126289,1251733,1258681,1758161,1007226,1,0,
2939,110498326977200,2.9528053,3,fixation_after,178,110498320024900,0,0,16,2940,1702236571,1702236571,2,160381,159937,161737,163669,1422851,865028,1456593,427941,124052,123258,126238,126258,1251676,1258630,1758106,1007174,1,0,
2940,110498334154200,2.9599823,3,fixation_after,178,110498320024900,0,0,16,2941,1702237576,1702237576,2,160203,159783,161576,163521,1422679,864861,1456414,427766,123878,123108,126069,126083,1251489,1258436,1757903,1006962,1,0,
2941,110498334154200,2.9599823,3,fixation_after,178,110498320024900,0,0,16,2942,1702238580,1702238580,2,160079,159673,161464,163424,1422556,864739,1456289,427638,123758,122986,125964,125957,1251356,1258299,1757761,1006814,1,0,
2942,110498334154200,2.9599823,3,fixation_after,178,110498320024900,0,0,16,2943,1702239585,1702239585,2,160068,159658,161449,163412,1422536,864718,1456267,427614,123747,122976,125965,125944,1251331,1258271,1757719,1006778,1,0,
2943,110498334154200,2.9599823,3,fixation_after,178,110498320024900,0,0,16,2944,1702240590,1702240590,2,160220,159798,161588,163548,1422667,864853,1456403,427757,123909,123121,126104,126086,1251466,1258400,1757861,1006928,1,0,
2944,110498334154200,2.9599823,3,fixation_after,178,110498320024900,0,0,16,2945,1702241595,1702241595,2,160391,159963,161750,163708,1422813,865001,1456555,427915,124080,123288,126273,126246,1251616,1258556,1758014,1007088,1,0,
2945,110498334154200,2.9599823,3,fixation_after,178,110498320024900,0,0,16,2946,1702242600,1702242600,2,160096,159696,161505,163471,1422553,864736,1456280,427629,123793,123015,126013,125989,1251339,1258278,1757706,1006768,1,0,
2946,110498334154200,2.9599823,3,fixation_after,178,110498320024900,0,0,16,2947,1702243605,1702243605,2,159874,159494,161319,163304,1422386,864565,1456098,427420,123552,122798,125823,125796,1251158,1258093,1757519,1006554,1,0,
2947,110498345439000,2.9712671,8,finished,180,110498337805500,0,0,16,2948,1702244609,1702244609,2,160013,159624,161456,163432,1422539,864720,1456256,427573,123678,122918,125951,125938,1251325,1258261,1757686,1006728,1,0,
2948,110498345439000,2.9712671,8,finished,180,110498337805500,0,0,16,2949,1702245614,1702245614,2,160153,159746,161575,163561,1422677,864865,1456408,427725,123816,123054,126071,126078,1251489,1258420,1757841,1006896,1,0,
2949,110498345439000,2.9712671,8,finished,180,110498337805500,0,0,16,2950,1702246619,1702246619,2,160259,159847,161666,163641,1422781,864965,1456514,427849,123924,123153,126166,126162,1251614,1258539,1757963,1007024,1,0,
2950,110498345439000,2.9712671,8,finished,180,110498337805500,0,0,16,2951,1702247624,1702247624,2,160317,159898,161705,163679,1422836,865022,1456569,427904,123976,123201,126212,126208,1251669,1258603,1758021,1007099,1,0,
2951,110498345439000,2.9712671,8,finished,180,110498337805500,0,0,16,2952,1702248629,1702248629,2,160434,159989,161786,163756,1422915,865104,1456652,427995,124077,123288,126304,126303,1251755,1258689,1758119,1007216,1,0,
