sample_index,pc_time_ns,experiment_time_s,phase_code,phase_name,frame_index,frame_time_ns,stimulus_active,stimulus_on_mask,serial_channel_count,sequence,device_time_us,device_time_unwrapped_us,protocol_version,ch1,ch2,ch3,ch4,ch5,ch6,ch7,ch8,ch9,ch10,ch11,ch12,ch13,ch14,ch15,ch16,crc_ok,sequence_gap,parse_error
0,110275421206500,0.0488089,1,fixation_before,3,110275409150900,0,0,16,1,1478249170,1478249170,2,165478,165115,166858,168820,1419004,860245,1430536,506997,127991,127265,130228,130349,1268752,1268676,1724006,1013132,1,0,
1,110275421206500,0.0488089,1,fixation_before,3,110275409150900,0,0,16,2,1478253189,1478253189,2,165636,165253,166995,168951,1419254,860499,1430803,507157,128142,127404,130376,130495,1269032,1268968,1724304,1013452,1,0,
2,110275421206500,0.0488089,1,fixation_before,3,110275409150900,0,0,16,3,1478257208,1478257208,2,165576,165173,166908,168874,1419236,860486,1430788,507032,128081,127332,130314,130419,1269026,1268971,1724322,1013481,1,0,
3,110275421206500,0.0488089,1,fixation_before,3,110275409150900,0,0,16,4,1478261226,1478261226,2,165408,165001,166738,168706,1419122,860369,1430665,506796,127913,127185,130154,130244,1268894,1268845,1724196,1013346,1,0,
4,110275421206500,0.0488089,1,fixation_before,3,110275409150900,0,0,16,5,1478265245,1478265245,2,165201,164806,166558,168509,1418973,860224,1430512,506531,127722,126991,129968,130050,1268711,1268664,1724011,1013142,1,0,
5,110275421206500,0.0488089,1,fixation_before,3,110275409150900,0,0,16,6,1478269265,1478269265,2,165023,164656,166433,168384,1418921,860174,1430454,506349,127559,126834,129836,129941,1268652,1268601,1723933,1013045,1,0,
6,110275421206500,0.0488089,1,fixation_before,3,110275409150900,0,0,16,7,1478273284,1478273284,2,165178,164775,166557,168519,1419148,860416,1430708,506489,127709,126971,129980,130090,1268913,1268875,1724216,1013346,1,0,
7,110275449139100,0.0767415,1,fixation_before,5,110275443619000,0,0,16,8,1478277303,1478277303,2,165149,164716,166493,168454,1419146,860417,1430710,506383,127676,126933,129929,130044,1268919,1268893,1724241,1013388,1,0,
8,110275449139100,0.0767415,1,fixation_before,5,110275443619000,0,0,16,9,1478281322,1478281322,2,164996,164558,166314,168264,1419018,860291,1430580,506141,127511,126785,129768,129887,1268777,1268760,1724107,1013246,1,0,
9,110275449139100,0.0767415,1,fixation_before,5,110275443619000,0,0,16,10,1478285341,1478285341,2,164814,164375,166129,168071,1418866,860147,1430424,505871,127318,126608,129564,129702,1268597,1268576,1723914,1013039,1,0,
10,110275449139100,0.0767415,1,fixation_before,5,110275443619000,0,0,16,11,1478289360,1478289360,2,164645,164224,166018,167953,1418809,860093,1430373,505683,127167,126464,129433,129573,1268528,1268508,1723833,1012946,1,0,
11,110275449139100,0.0767415,1,fixation_before,5,110275443619000,0,0,16,12,1478293379,1478293379,2,164802,164353,166154,168069,1419034,860330,1430619,505823,127333,126604,129582,129715,1268789,1268778,1724112,1013244,1,0,
12,110275449139100,0.0767415,1,fixation_before,5,110275443619000,0,0,16,13,1478297397,1478297397,2,164767,164318,166101,168011,1419040,860338,1430623,505721,127329,126568,129563,129653,1268801,1268803,1724150,1013296,1,0,
13,110275449139100,0.0767415,1,fixation_before,5,110275443619000,0,0,16,14,1478301415,1478301415,2,164605,164157,165938,167868,1418926,860219,1430502,505488,127197,126439,129433,129486,1268671,1268681,1724023,1013166,1,0,
14,110275477212500,0.1048149,1,fixation_before,7,110275474832900,0,0,16,15,1478305434,1478305434,2,164428,163996,165765,167709,1418788,860082,1430363,505230,127031,126277,129265,129309,1268502,1268507,1723841,1012971,1,0,
15,110275477212500,0.1048149,1,fixation_before,7,110275474832900,0,0,16,16,1478309452,1478309452,2,164283,163891,165673,167626,1418758,860054,1430328,505067,126905,126165,129167,129216,1268454,1268457,1723781,1012896,1,0,
16,110275477212500,0.1048149,1,fixation_before,7,110275474832900,0,0,16,17,1478313469,1478313469,2,164437,164033,165796,167760,1418983,860291,1430576,505214,127081,126320,129321,129378,1268719,1268728,1724061,1013195,1,0,
17,110275477212500,0.1048149,1,fixation_before,7,110275474832900,0,0,16,18,1478317487,1478317487,2,164403,163997,165726,167724,1418978,860292,1430577,505105,127053,126291,129293,129343,1268729,1268745,1724091,1013242,1,0,
18,110275477212500,0.1048149,1,fixation_before,7,110275474832900,0,0,16,19,1478321505,1478321505,2,164268,163884,165613,167606,1418888,860206,1430482,504900,126940,126173,129192,129237,1268627,1268647,1723993,1013139,1,0,
19,110275477212500,0.1048149,1,fixation_before,7,110275474832900,0,0,16,20,1478325523,1478325523,2,164113,163738,165484,167444,1418757,860075,1430348,504659,126795,126011,129034,129073,1268458,1268485,1723817,1012952,1,0,
20,110275477212500,0.1048149,1,fixation_before,7,110275474832900,0,0,16,21,1478329541,1478329541,2,163969,163623,165389,167361,1418714,860025,1430307,504484,126653,125891,128928,128966,1268406,1268431,1723749,1012864,1,0,
21,110275505199700,0.1328021,1,fixation_before,8,110275492127400,0,0,16,22,1478333559,1478333559,2,164148,163756,165540,167504,1418954,860264,1430563,504632,126827,126053,129097,129142,1268680,1268709,1724043,1013166,1,0,
22,110275505199700,0.1328021,1,fixation_before,8,110275492127400,0,0,16,23,1478337578,1478337578,2,164137,163730,165517,167461,1418969,860278,1430581,504542,126836,126051,129078,129132,1268703,1268741,1724091,1013226,1,0,
23,110275505199700,0.1328021,1,fixation_before,8,110275492127400,0,0,16,24,1478341597,1478341597,2,164018,163614,165401,167340,1418874,860177,1430489,504338,126728,125966,128963,129031,1268594,1268636,1723990,1013119,1,0,
24,110275505199700,0.1328021,1,fixation_before,8,110275492127400,0,0,16,25,1478345615,1478345615,2,163854,163445,165240,167196,1418731,860027,1430343,504076,126583,125819,128802,128869,1268424,1268463,1723805,1012918,1,0,
25,110275505199700,0.1328021,1,fixation_before,8,110275492127400,0,0,16,26,1478349634,1478349634,2,163734,163337,165144,167123,1418703,859994,1430311,503914,126481,125735,128719,128790,1268382,1268423,1723749,1012839,1,0,
26,110275505199700,0.1328021,1,fixation_before,8,110275492127400,0,0,16,27,1478353653,1478353653,2,163914,163489,165296,167261,1418941,860233,1430571,504065,126668,125909,128886,128986,1268654,1268703,1724038,1013144,1,0,
27,110275505199700,0.1328021,1,fixation_before,8,110275492127400,0,0,16,28,1478357672,1478357672,2,163903,163452,165275,167229,1418946,860233,1430584,503969,126664,125894,128871,128969,1268672,1268731,1724080,1013200,1,0,
28,110275533180400,0.1607828,1,fixation_before,10,110275525323800,0,0,16,29,1478361691,1478361691,2,163783,163327,165148,167111,1418844,860126,1430488,503758,126558,125785,128749,128857,1268562,1268621,1723973,1013087,1,0,
29,110275533180400,0.1607828,1,fixation_before,10,110275525323800,0,0,16,30,1478365709,1478365709,2,163633,163186,165005,166968,1418717,859992,1430357,503513,126404,125633,128606,128707,1268398,1268456,1723802,1012898,1,0,
30,110275533180400,0.1607828,1,fixation_before,10,110275525323800,0,0,16,31,1478369728,1478369728,2,163523,163096,164911,166889,1418678,859949,1430318,503348,126284,125533,128525,128609,1268346,1268398,1723740,1012819,1,0,
31,110275533180400,0.1607828,1,fixation_before,10,110275525323800,0,0,16,32,1478373746,1478373746,2,163712,163263,165063,167033,1418914,860187,1430574,503501,126474,125708,128704,128775,1268614,1268676,1724027,1013116,1,0,
32,110275533180400,0.1607828,1,fixation_before,10,110275525323800,0,0,16,33,1478377764,1478377764,2,163713,163249,165039,167002,1418929,860203,1430591,503419,126488,125705,128713,128773,1268644,1268717,1724075,1013184,1,0,
33,110275533180400,0.1607828,1,fixation_before,10,110275525323800,0,0,16,34,1478381783,1478381783,2,163575,163116,164911,166874,1418810,860084,1430470,503188,126376,125598,128593,128645,1268523,1268593,1723951,1013062,1,0,
34,110275533180400,0.1607828,1,fixation_before,10,110275525323800,0,0,16,35,1478385801,1478385801,2,163398,162966,164760,166713,1418661,859930,1430313,502919,126223,125439,128433,128468,1268338,1268404,1723756,1012849,1,0,
35,110275561297100,0.1888995,1,fixation_before,12,110275558824400,0,0,16,36,1478389819,1478389819,2,163270,162876,164691,166639,1418631,859893,1430278,502755,126114,125346,128361,128402,1268297,1268363,1723704,1012774,1,0,
36,110275561297100,0.1888995,1,fixation_before,12,110275558824400,0,0,16,37,1478393838,1478393838,2,163475,163060,164860,166798,1418886,860145,1430554,502923,126304,125534,128551,128616,1268587,1268659,1724014,1013098,1,0,
37,110275561297100,0.1888995,1,fixation_before,12,110275558824400,0,0,16,38,1478397858,1478397858,2,163481,163058,164850,166791,1418909,860163,1430579,502843,126312,125529,128558,128634,1268621,1268703,1724069,1013166,1,0,
38,110275561297100,0.1888995,1,fixation_before,12,110275558824400,0,0,16,39,1478401876,1478401876,2,163356,162945,164728,166681,1418800,860051,1430472,502621,126220,125410,128451,128513,1268503,1268590,1723961,1013048,1,0,
39,110275561297100,0.1888995,1,fixation_before,12,110275558824400,0,0,16,40,1478405895,1478405895,2,163193,162793,164562,166528,1418651,859900,1430313,502356,126069,125262,128304,128327,1268323,1268412,1723774,1012842,1,0,
40,110275561297100,0.1888995,1,fixation_before,12,110275558824400,0,0,16,41,1478409914,1478409914,2,163081,162705,164489,166462,1418618,859866,1430279,502191,125961,125180,128232,128254,1268284,1268376,1723722,1012768,1,0,
41,110275561297100,0.1888995,1,fixation_before,12,110275558824400,0,0,16,42,1478413932,1478413932,2,163274,162864,164646,166611,1418853,860107,1430538,502343,126153,125364,128406,128436,1268558,1268658,1724009,1013073,1,0,
42,110275589266200,0.2168686,1,fixation_before,13,110275574829900,0,0,16,43,1478417951,1478417951,2,163294,162848,164640,166600,1418867,860118,1430558,502260,126166,125385,128393,128432,1268591,1268697,1724062,1013141,1,0,
43,110275589266200,0.2168686,1,fixation_before,13,110275574829900,0,0,16,44,1478421969,1478421969,2,163169,162708,164518,166489,1418751,859997,1430439,502037,126058,125271,128276,128315,1268467,1268578,1723944,1013021,1,0,
44,110275589266200,0.2168686,1,fixation_before,13,110275574829900,0,0,16,45,1478425987,1478425987,2,162987,162531,164343,166315,1418581,859825,1430264,501756,125874,125109,128088,128140,1268268,1268378,1723739,1012792,1,0,
45,110275589266200,0.2168686,1,fixation_before,13,110275574829900,0,0,16,46,1478430006,1478430006,2,162863,162423,164260,166221,1418527,859771,1430210,501580,125741,125014,127988,128064,1268213,1268316,1723672,1012697,1,0,
46,110275589266200,0.2168686,1,fixation_before,13,110275574829900,0,0,16,47,1478434024,1478434024,2,163025,162577,164409,166361,1418746,859991,1430448,501711,125911,125182,128157,128240,1268468,1268578,1723944,1012984,1,0,
47,110275589266200,0.2168686,1,fixation_before,13,110275574829900,0,0,16,48,1478438042,1478438042,2,163026,162561,164382,166338,1418748,859989,1430461,501616,125919,125176,128160,128225,1268481,1268609,1723986,1013044,1,0,
48,110275589266200,0.2168686,1,fixation_before,13,110275574829900,0,0,16,49,1478442061,1478442061,2,162933,162473,164276,166239,1418652,859891,1430367,501411,125841,125081,128069,128132,1268384,1268509,1723887,1012943,1,0,
49,110275617088400,0.2446908,1,fixation_before,15,110275608743900,0,0,16,50,1478446079,1478446079,2,162777,162317,164117,166082,1418499,859732,1430209,501143,125689,124915,127928,127979,1268195,1268321,1723689,1012727,1,0,
50,110275617088400,0.2446908,1,fixation_before,15,110275608743900,0,0,16,51,1478450097,1478450097,2,162637,162199,163996,165984,1418429,859661,1430138,500944,125557,124792,127827,127885,1268113,1268238,1723599,1012614,1,0,
51,110275617088400,0.2446908,1,fixation_before,15,110275608743900,0,0,16,52,1478454116,1478454116,2,162795,162355,164149,166143,1418649,859881,1430380,501074,125736,124961,127978,128056,1268371,1268504,1723875,1012903,1,0,
52,110275617088400,0.2446908,1,fixation_before,15,110275608743900,0,0,16,53,1478458135,1478458135,2,162763,162322,164103,166089,1418621,859857,1430357,500951,125710,124935,127949,128023,1268358,1268501,1723886,1012926,1,0,
53,110275617088400,0.2446908,1,fixation_before,15,110275608743900,0,0,16,54,1478462154,1478462154,2,162621,162189,163962,165950,1418483,859727,1430221,500711,125587,124819,127833,127892,1268215,1268366,1723746,1012786,1,0,
54,110275617088400,0.2446908,1,fixation_before,15,110275608743900,0,0,16,55,1478466173,1478466173,2,162464,162042,163830,165809,1418339,859578,1430072,500446,125460,124688,127681,127741,1268035,1268187,1723556,1012584,1,0,
55,110275617088400,0.2446908,1,fixation_before,15,110275608743900,0,0,16,56,1478470192,1478470192,2,162358,161953,163773,165731,1418295,859533,1430029,500274,125356,124594,127619,127669,1267976,1268131,1723488,1012493,1,0,
56,110275645077400,0.2726798,1,fixation_before,17,110275641074700,0,0,16,57,1478474212,1478474212,2,162529,162121,163938,165884,1418514,859763,1430272,500410,125533,124774,127796,127848,1268231,1268393,1723762,1012781,1,0,
57,110275645077400,0.2726798,1,fixation_before,17,110275641074700,0,0,16,58,1478478230,1478478230,2,162551,162128,163949,165891,1418531,859784,1430295,500333,125561,124793,127806,127879,1268268,1268435,1723814,1012851,1,0,
58,110275645077400,0.2726798,1,fixation_before,17,110275641074700,0,0,16,59,1478482249,1478482249,2,162464,162014,163833,165778,1418422,859678,1430186,500118,125472,124706,127709,127774,1268152,1268324,1723701,1012737,1,0,
59,110275645077400,0.2726798,1,fixation_before,17,110275641074700,0,0,16,60,1478486267,1478486267,2,162317,161875,163679,165631,1418270,859524,1430026,499848,125328,124579,127556,127601,1267965,1268129,1723508,1012525,1,0,
60,110275645077400,0.2726798,1,fixation_before,17,110275641074700,0,0,16,61,1478490286,1478490286,2,162171,161775,163593,165544,1418205,859463,1429956,499653,125199,124467,127472,127511,1267890,1268052,1723419,1012413,1,0,
61,110275645077400,0.2726798,1,fixation_before,17,110275641074700,0,0,16,62,1478494304,1478494304,2,162348,161930,163739,165688,1418416,859686,1430188,499781,125366,124627,127647,127705,1268132,1268311,1723684,1012691,1,0,
62,110275645077400,0.2726798,1,fixation_before,17,110275641074700,0,0,16,63,1478498322,1478498322,2,162346,161914,163731,165681,1418409,859683,1430186,499681,125375,124614,127644,127716,1268139,1268336,1723711,1012739,1,0,
63,110275673364000,0.3009664,1,fixation_before,18,110275657708300,0,0,16,64,1478502340,1478502340,2,162204,161768,163593,165561,1418263,859545,1430043,499428,125246,124490,127521,127579,1267991,1268191,1723563,1012590,1,0,
64,110275673364000,0.3009664,1,fixation_before,18,110275657708300,0,0,16,65,1478506358,1478506358,2,162081,161633,163464,165432,1418129,859413,1429906,499181,125123,124376,127391,127457,1267828,1268020,1723386,1012397,1,0,
65,110275673364000,0.3009664,1,fixation_before,18,110275657708300,0,0,16,66,1478510376,1478510376,2,161984,161547,163405,165349,1418083,859371,1429858,499008,125026,124298,127320,127395,1267769,1267961,1723311,1012306,1,0,
66,110275673364000,0.3009664,1,fixation_before,18,110275657708300,0,0,16,67,1478514394,1478514394,2,162170,161712,163563,165489,1418294,859597,1430099,499142,125211,124474,127494,127571,1268019,1268219,1723575,1012590,1,0,
67,110275673364000,0.3009664,1,fixation_before,18,110275657708300,0,0,16,68,1478518412,1478518412,2,162196,161717,163553,165488,1418298,859605,1430108,499053,125246,124481,127508,127573,1268036,1268251,1723613,1012643,1,0,
68,110275673364000,0.3009664,1,fixation_before,18,110275657708300,0,0,16,69,1478522431,1478522431,2,162100,161626,163459,165404,1418199,859506,1430004,498849,125192,124391,127423,127489,1267924,1268144,1723510,1012536,1,0,
69,110275673364000,0.3009664,1,fixation_before,18,110275657708300,0,0,16,70,1478526450,1478526450,2,161954,161506,163326,165287,1418060,859370,1429863,498600,125081,124256,127303,127353,1267752,1267968,1723326,1012335,1,0,
70,110275701330700,0.3289331,1,fixation_before,20,110275692969700,0,0,16,71,1478530468,1478530468,2,161842,161421,163249,165224,1418009,859324,1429813,498428,124961,124165,127224,127294,1267689,1267902,1723248,1012238,1,0,
71,110275701330700,0.3289331,1,fixation_before,20,110275692969700,0,0,16,72,1478534486,1478534486,2,162036,161594,163414,165409,1418241,859564,1430068,498579,125161,124377,127394,127484,1267951,1268174,1723529,1012533,1,0,
72,110275701330700,0.3289331,1,fixation_before,20,110275692969700,0,0,16,73,1478538504,1478538504,2,162077,161646,163445,165427,1418278,859602,1430108,498519,125228,124432,127431,127503,1267999,1268234,1723603,1012621,1,0,
73,110275701330700,0.3289331,1,fixation_before,20,110275692969700,0,0,16,74,1478542522,1478542522,2,161998,161581,163400,165351,1418199,859521,1430028,498335,125196,124374,127373,127439,1267911,1268151,1723514,1012533,1,0,
74,110275701330700,0.3289331,1,fixation_before,20,110275692969700,0,0,16,75,1478546541,1478546541,2,161891,161485,163310,165253,1418088,859411,1429908,498115,125114,124280,127273,127349,1267766,1268004,1723360,1012362,1,0,
75,110275701330700,0.3289331,1,fixation_before,20,110275692969700,0,0,16,76,1478550559,1478550559,2,161779,161409,163241,165199,1418035,859366,1429854,497941,125009,124196,127215,127281,1267704,1267936,1723283,1012267,1,0,
76,110275701330700,0.3289331,1,fixation_before,20,110275692969700,0,0,16,77,1478554578,1478554578,2,161948,161570,163390,165349,1418239,859583,1430084,498066,125180,124381,127382,127443,1267939,1268184,1723543,1012531,1,0,
77,110275729235400,0.3568378,1,fixation_before,22,110275725072300,0,0,16,78,1478558597,1478558597,2,161993,161579,163388,165349,1418253,859597,1430104,497986,125213,124418,127401,127480,1267963,1268223,1723589,1012591,1,0,
78,110275729235400,0.3568378,1,fixation_before,22,110275725072300,0,0,16,79,1478562615,1478562615,2,161940,161507,163327,165289,1418174,859515,1430025,497800,125155,124358,127356,127433,1267874,1268139,1723504,1012506,1,0,
79,110275729235400,0.3568378,1,fixation_before,22,110275725072300,0,0,16,80,1478566634,1478566634,2,161806,161368,163202,165166,1418028,859364,1429871,497540,125019,124216,127227,127297,1267697,1267958,1723312,1012295,1,0,
80,110275729235400,0.3568378,1,fixation_before,22,110275725072300,0,0,16,81,1478570652,1478570652,2,161686,161270,163134,165101,1417966,859308,1429811,497361,124895,124127,127140,127218,1267618,1267881,1723220,1012183,1,0,
81,110275729235400,0.3568378,1,fixation_before,22,110275725072300,0,0,16,82,1478574671,1478574671,2,161889,161454,163322,165288,1418204,859557,1430071,497520,125106,124340,127343,127413,1267893,1268159,1723506,1012486,1,0,
82,110275729235400,0.3568378,1,fixation_before,22,110275725072300,0,0,16,83,1478578689,1478578689,2,161919,161483,163325,165298,1418223,859581,1430092,497446,125149,124394,127376,127426,1267928,1268204,1723563,1012553,1,0,
83,110275729235400,0.3568378,1,fixation_before,22,110275725072300,0,0,16,84,1478582708,1478582708,2,161808,161387,163214,165180,1418106,859464,1429972,497223,125059,124301,127284,127319,1267800,1268086,1723442,1012429,1,0,
84,110275757336900,0.3849393,1,fixation_before,23,110275740857600,0,0,16,85,1478586726,1478586726,2,161661,161248,163068,165037,1417953,859308,1429813,496953,124931,124159,127148,127179,1267609,1267892,1723239,1012216,1,0,
85,110275757336900,0.3849393,1,fixation_before,23,110275740857600,0,0,16,86,1478590745,1478590745,2,161536,161157,162985,164973,1417890,859244,1429749,496762,124806,124070,127067,127114,1267534,1267811,1723147,1012108,1,0,
86,110275757336900,0.3849393,1,fixation_before,23,110275740857600,0,0,16,87,1478594763,1478594763,2,161711,161335,163141,165137,1418106,859469,1429984,496895,124991,124252,127239,127304,1267788,1268066,1723410,1012383,1,0,
87,110275757336900,0.3849393,1,fixation_before,23,110275740857600,0,0,16,88,1478598781,1478598781,2,161763,161384,163171,165174,1418143,859509,1430024,496841,125058,124309,127281,127338,1267838,1268126,1723481,1012470,1,0,
88,110275757336900,0.3849393,1,fixation_before,23,110275740857600,0,0,16,89,1478602800,1478602800,2,161694,161298,163091,165107,1418059,859419,1429933,496651,125002,124249,127225,127253,1267736,1268031,1723388,1012370,1,0,
89,110275757336900,0.3849393,1,fixation_before,23,110275740857600,0,0,16,90,1478606818,1478606818,2,161581,161173,162971,165004,1417928,859289,1429794,496413,124887,124141,127113,127128,1267572,1267868,1723213,1012179,1,0,
90,110275757336900,0.3849393,1,fixation_before,23,110275740857600,0,0,16,91,1478610836,1478610836,2,161507,161129,162937,164979,1417905,859271,1429771,496269,124831,124088,127077,127094,1267540,1267835,1723168,1012116,1,0,
91,110275785235700,0.4128381,1,fixation_before,25,110275775480800,0,0,16,92,1478614855,1478614855,2,161707,161333,163119,165154,1418139,859516,1430029,496423,125049,124286,127288,127290,1267805,1268113,1723453,1012418,1,0,
92,110275785235700,0.4128381,1,fixation_before,25,110275775480800,0,0,16,93,1478618874,1478618874,2,161747,161343,163136,165148,1418151,859528,1430046,496344,125109,124315,127311,127297,1267833,1268150,1723501,1012484,1,0,
93,110275785235700,0.4128381,1,fixation_before,25,110275775480800,0,0,16,94,1478622893,1478622893,2,161656,161214,163049,165039,1418034,859410,1429920,496122,125024,124218,127212,127207,1267703,1268022,1723374,1012353,1,0,
94,110275785235700,0.4128381,1,fixation_before,25,110275775480800,0,0,16,95,1478626911,1478626911,2,161536,161089,162926,164911,1417883,859259,1429763,495860,124903,124081,127071,127068,1267516,1267837,1723180,1012143,1,0,
95,110275785235700,0.4128381,1,fixation_before,25,110275775480800,0,0,16,96,1478630930,1478630930,2,161448,161036,162879,164861,1417846,859230,1429729,495707,124813,124009,127009,127034,1267468,1267788,1723121,1012062,1,0,
96,110275785235700,0.4128381,1,fixation_before,25,110275775480800,0,0,16,97,1478634949,1478634949,2,161651,161238,163065,165046,1418094,859482,1429995,495871,125003,124218,127217,127266,1267742,1268074,1723413,1012370,1,0,
97,110275785235700,0.4128381,1,fixation_before,25,110275775480800,0,0,16,98,1478638968,1478638968,2,161697,161278,163087,165067,1418126,859511,1430029,495811,125049,124271,127246,127306,1267787,1268128,1723477,1012449,1,0,
98,110275813276900,0.4408793,1,fixation_before,27,110275807707800,0,0,16,99,1478642987,1478642987,2,161603,161198,162992,164974,1418013,859404,1429918,495597,124974,124198,127161,127219,1267670,1268015,1723367,1012333,1,0,
99,110275813276900,0.4408793,1,fixation_before,27,110275807707800,0,0,16,100,1478647006,1478647006,2,161478,161058,162869,164853,1417866,859262,1429771,495343,124869,124079,127047,127080,1267492,1267834,1723177,1012127,1,0,
100,110275813276900,0.4408793,1,fixation_before,27,110275807707800,0,0,16,101,1478651024,1478651024,2,161395,160995,162806,164808,1417824,859221,1429731,495183,124778,124022,127004,127032,1267441,1267775,1723104,1012038,1,0,
101,110275813276900,0.4408793,1,fixation_before,27,110275807707800,0,0,16,102,1478655043,1478655043,2,161603,161198,162972,164981,1418054,859449,1429978,495329,124970,124214,127195,127230,1267701,1268040,1723379,1012326,1,0,
102,110275813276900,0.4408793,1,fixation_before,27,110275807707800,0,0,16,103,1478659061,1478659061,2,161654,161230,163003,164992,1418074,859472,1430004,495259,125010,124251,127227,127268,1267732,1268083,1723436,1012399,1,0,
103,110275813276900,0.4408793,1,fixation_before,27,110275807707800,0,0,16,104,1478663080,1478663080,2,161556,161124,162914,164884,1417951,859352,1429879,495034,124911,124149,127129,127179,1267599,1267958,1723306,1012269,1,0,
104,110275813276900,0.4408793,1,fixation_before,27,110275807707800,0,0,16,105,1478667099,1478667099,2,161407,160976,162778,164741,1417786,859189,1429704,494761,124761,124010,126984,127039,1267398,1267751,1723096,1012039,1,0,
105,110275841395000,0.4689974,1,fixation_before,29,110275841559000,0,0,16,106,1478671118,1478671118,2,161315,160913,162726,164681,1417741,859148,1429656,494596,124668,123937,126938,126975,1267341,1267688,1723018,1011948,1,0,
106,110275841395000,0.4689974,1,fixation_before,29,110275841559000,0,0,16,107,1478675137,1478675137,2,161506,161099,162895,164845,1417963,859379,1429899,494741,124864,124133,127129,127159,1267595,1267953,1723284,1012230,1,0,
107,110275841395000,0.4689974,1,fixation_before,29,110275841559000,0,0,16,108,1478679156,1478679156,2,161521,161111,162887,164840,1417968,859390,1429909,494657,124894,124155,127151,127172,1267613,1267980,1723325,1012293,1,0,
108,110275841395000,0.4689974,1,fixation_before,29,110275841559000,0,0,16,109,1478683175,1478683175,2,161413,161014,162790,164741,1417854,859276,1429791,494442,124805,124074,127073,127081,1267491,1267856,1723209,1012174,1,0,
109,110275841395000,0.4689974,1,fixation_before,29,110275841559000,0,0,16,110,1478687194,1478687194,2,161305,160901,162682,164634,1417718,859144,1429651,494200,124706,123974,126965,126951,1267323,1267679,1723031,1011982,1,0,
110,110275841395000,0.4689974,1,fixation_before,29,110275841559000,0,0,16,111,1478691213,1478691213,2,161211,160829,162634,164601,1417668,859098,1429604,494036,124628,123898,126908,126894,1267264,1267621,1722957,1011893,1,0,
111,110275841395000,0.4689974,1,fixation_before,29,110275841559000,0,0,16,112,1478695231,1478695231,2,161398,161013,162822,164789,1417894,859331,1429850,494181,124837,124074,127095,127097,1267525,1267885,1723234,1012181,1,0,
112,110275869139700,0.4967421,2,stimulus,30,110275858794300,1,1,16,113,1478699250,1478699250,2,161451,161058,162858,164822,1417924,859368,1429893,494124,124905,124109,127124,127136,1267572,1267942,1723307,1012265,1,0,
113,110275869139700,0.4967421,2,stimulus,30,110275858794300,1,1,16,114,1478703269,1478703269,2,161341,160944,162746,164712,1417790,859238,1429764,493897,124812,124008,127003,127023,1267433,1267809,1723176,1012133,1,0,
114,110275869139700,0.4967421,2,stimulus,30,110275858794300,1,1,16,115,1478707287,1478707287,2,161199,160801,162607,164578,1417633,859079,1429602,493633,124695,123874,126856,126882,1267243,1267613,1722974,1011916,1,0,
115,110275869139700,0.4967421,2,stimulus,30,110275858794300,1,1,16,116,1478711305,1478711305,2,161118,160738,162556,164532,1417589,859036,1429549,493469,124605,123816,126806,126832,1267183,1267546,1722898,1011824,1,0,
116,110275869139700,0.4967421,2,stimulus,30,110275858794300,1,1,16,117,1478715324,1478715324,2,161319,160918,162744,164709,1417821,859272,1429798,493615,124787,124015,127001,127036,1267446,1267814,1723171,1012113,1,0,
117,110275869139700,0.4967421,2,stimulus,30,110275858794300,1,1,16,118,1478719342,1478719342,2,161389,160974,162791,164746,1417868,859317,1429850,493572,124854,124083,127053,127091,1267501,1267883,1723252,1012211,1,0,
118,110275869139700,0.4967421,2,stimulus,30,110275858794300,1,1,16,119,1478723360,1478723360,2,161308,160897,162703,164666,1417767,859219,1429744,493374,124786,124007,126979,127013,1267394,1267778,1723150,1012103,1,0,
119,110275897206300,0.5248087,2,stimulus,32,110275893045700,1,1,16,120,1478727379,1478727379,2,161185,160773,162590,164551,1417628,859076,1429594,493131,124671,123884,126866,126867,1267223,1267597,1722967,1011899,1,0,
120,110275897206300,0.5248087,2,stimulus,32,110275893045700,1,1,16,121,1478731398,1478731398,2,161073,160698,162530,164489,1417571,859023,1429534,492954,124571,123811,126806,126802,1267154,1267524,1722879,1011793,1,0,
121,110275897206300,0.5248087,2,stimulus,32,110275893045700,1,1,16,122,1478735417,1478735417,2,161254,160851,162692,164642,1417775,859238,1429765,493078,124751,123999,126984,126991,1267394,1267771,1723129,1012063,1,0,
122,110275897206300,0.5248087,2,stimulus,32,110275893045700,1,1,16,123,1478739436,1478739436,2,161305,160889,162726,164666,1417797,859266,1429799,493018,124786,124051,127015,127034,1267433,1267816,1723192,1012142,1,0,
123,110275897206300,0.5248087,2,stimulus,32,110275893045700,1,1,16,124,1478743454,1478743454,2,161245,160828,162641,164604,1417711,859181,1429710,492828,124712,123983,126952,126971,1267338,1267719,1723108,1012047,1,0,
124,110275897206300,0.5248087,2,stimulus,32,110275893045700,1,1,16,125,1478747473,1478747473,2,161141,160712,162520,164498,1417581,859049,1429573,492593,124602,123864,126844,126864,1267178,1267546,1722935,1011857,1,0,
125,110275897206300,0.5248087,2,stimulus,32,110275893045700,1,1,16,126,1478751492,1478751492,2,161052,160628,162454,164439,1417517,858989,1429511,492416,124513,123772,126771,126821,1267108,1267473,1722851,1011746,1,0,
126,110275925292800,0.5528952,2,stimulus,34,110275925445500,1,0,16,127,1478755511,1478755511,2,161259,160812,162647,164620,1417738,859223,1429758,492566,124717,123953,126962,127021,1267369,1267741,1723124,1012031,1,0,
127,110275925292800,0.5528952,2,stimulus,34,110275925445500,1,0,16,128,1478759529,1478759529,2,161317,160851,162694,164650,1417769,859263,1429802,492511,124792,124008,127013,127048,1267418,1267802,1723196,1012119,1,0,
128,110275925292800,0.5528952,2,stimulus,34,110275925445500,1,0,16,129,1478763547,1478763547,2,161224,160748,162609,164561,1417656,859150,1429683,492291,124728,123924,126921,126954,1267297,1267684,1723082,1012000,1,0,
129,110275925292800,0.5528952,2,stimulus,34,110275925445500,1,0,16,130,1478767566,1478767566,2,161093,160615,162483,164440,1417504,858997,1429522,492031,124607,123789,126792,126817,1267105,1267490,1722886,1011790,1,0,
130,110275925292800,0.5528952,2,stimulus,34,110275925445500,1,0,16,131,1478771585,1478771585,2,160982,160546,162406,164371,1417440,858935,1429450,491843,124488,123693,126734,126762,1267024,1267408,1722793,1011674,1,0,
131,110275925292800,0.5528952,2,stimulus,34,110275925445500,1,0,16,132,1478775604,1478775604,2,161185,160741,162569,164544,1417661,859160,1429691,491984,124660,123885,126925,126979,1267274,1267664,1723058,1011944,1,0,
132,110275925292800,0.5528952,2,stimulus,34,110275925445500,1,0,16,133,1478779623,1478779623,2,161239,160785,162603,164586,1417688,859190,1429723,491925,124713,123943,126954,127003,1267317,1267713,1723119,1012024,1,0,
133,110275953343400,0.5809458,2,stimulus,35,110275942160600,1,0,16,134,1478783642,1478783642,2,161141,160704,162514,164492,1417579,859078,1429608,491717,124640,123872,126862,126910,1267202,1267603,1723008,1011908,1,0,
134,110275953343400,0.5809458,2,stimulus,35,110275942160600,1,0,16,135,1478787661,1478787661,2,161005,160596,162393,164371,1417435,858929,1429454,491464,124518,123748,126728,126779,1267018,1267420,1722815,1011704,1,0,
135,110275953343400,0.5809458,2,stimulus,35,110275942160600,1,0,16,136,1478791680,1478791680,2,160936,160554,162352,164348,1417401,858899,1429417,491315,124438,123695,126675,126749,1266969,1267373,1722755,1011619,1,0,
136,110275953343400,0.5809458,2,stimulus,35,110275942160600,1,0,16,137,1478795699,1478795699,2,161144,160730,162524,164534,1417629,859141,1429666,491463,124641,123899,126882,126956,1267235,1267643,1723031,1011906,1,0,
137,110275953343400,0.5809458,2,stimulus,35,110275942160600,1,0,16,138,1478799717,1478799717,2,161217,160779,162559,164571,1417666,859184,1429714,491416,124715,123948,126948,127003,1267287,1267708,1723113,1012008,1,0,
138,110275953343400,0.5809458,2,stimulus,35,110275942160600,1,0,16,139,1478803736,1478803736,2,161146,160708,162478,164483,1417561,859084,1429611,491219,124643,123871,126893,126919,1267174,1267599,1723013,1011904,1,0,
139,110275953343400,0.5809458,2,stimulus,35,110275942160600,1,0,16,140,1478807755,1478807755,2,161013,160591,162369,164361,1417409,858930,1429447,490969,124519,123751,126762,126784,1266989,1267412,1722818,1011693,1,0,
140,110275981161600,0.608764,2,stimulus,37,110275975839400,1,1,16,141,1478811774,1478811774,2,160894,160509,162314,164298,1417342,858861,1429374,490788,124424,123666,126681,126714,1266908,1267326,1722718,1011571,1,0,
141,110275981161600,0.608764,2,stimulus,37,110275975839400,1,1,16,142,1478815793,1478815793,2,161078,160699,162499,164471,1417563,859092,1429616,490936,124628,123846,126875,126912,1267159,1267584,1722982,1011852,1,0,
142,110275981161600,0.608764,2,stimulus,37,110275975839400,1,1,16,143,1478819812,1478819812,2,161124,160735,162531,164492,1417581,859113,1429642,490874,124696,123888,126911,126954,1267194,1267635,1723039,1011933,1,0,
143,110275981161600,0.608764,2,stimulus,37,110275975839400,1,1,16,144,1478823830,1478823830,2,161028,160635,162437,164393,1417461,858999,1429521,490656,124614,123796,126830,126854,1267073,1267515,1722921,1011812,1,0,
144,110275981161600,0.608764,2,stimulus,37,110275975839400,1,1,16,145,1478827849,1478827849,2,160908,160517,162326,164271,1417321,858854,1429374,490406,124512,123697,126716,126714,1266899,1267336,1722741,1011614,1,0,
145,110275981161600,0.608764,2,stimulus,37,110275975839400,1,1,16,146,1478831868,1478831868,2,160823,160461,162276,164216,1417268,858799,1429324,490232,124422,123631,126659,126671,1266837,1267269,1722658,1011511,1,0,
146,110275981161600,0.608764,2,stimulus,37,110275975839400,1,1,16,147,1478835886,1478835886,2,161048,160669,162461,164390,1417504,859041,1429580,490389,124621,123831,126863,126895,1267110,1267544,1722940,1011803,1,0,
147,110276009279400,0.6368818,2,stimulus,39,110276008443700,1,0,16,148,1478839904,1478839904,2,161120,160720,162511,164439,1417548,859086,1429631,490356,124712,123895,126906,126945,1267166,1267609,1723024,1011900,1,0,
148,110276009279400,0.6368818,2,stimulus,39,110276008443700,1,0,16,149,1478843923,1478843923,2,161043,160658,162449,164374,1417455,858996,1429528,490167,124670,123822,126849,126861,1267066,1267511,1722928,1011803,1,0,
149,110276009279400,0.6368818,2,stimulus,39,110276008443700,1,0,16,150,1478847942,1478847942,2,160933,160551,162348,164288,1417322,858859,1429387,489930,124569,123725,126737,126739,1266906,1267345,1722748,1011608,1,0,
150,110276009279400,0.6368818,2,stimulus,39,110276008443700,1,0,16,151,1478851961,1478851961,2,160843,160473,162299,164257,1417265,858802,1429326,489757,124455,123657,126666,126682,1266841,1267274,1722668,1011503,1,0,
151,110276009279400,0.6368818,2,stimulus,39,110276008443700,1,0,16,152,1478855980,1478855980,2,161031,160644,162477,164430,1417471,859017,1429554,489892,124616,123836,126861,126860,1267084,1267520,1722927,1011774,1,0,
152,110276009279400,0.6368818,2,stimulus,39,110276008443700,1,0,16,153,1478859998,1478859998,2,161106,160694,162516,164463,1417506,859059,1429605,489846,124691,123904,126924,126918,1267138,1267585,1723004,1011867,1,0,
153,110276009279400,0.6368818,2,stimulus,39,110276008443700,1,0,16,154,1478864017,1478864017,2,161023,160620,162434,164382,1417406,858954,1429499,489644,124606,123833,126859,126844,1267032,1267474,1722903,1011758,1,0,
154,110276037152700,0.6647551,2,stimulus,40,110276025896700,1,0,16,155,1478868035,1478868035,2,160892,160501,162310,164258,1417254,858801,1429337,489383,124482,123700,126725,126705,1266846,1267283,1722703,1011547,1,0,
155,110276037152700,0.6647551,2,stimulus,40,110276025896700,1,0,16,156,1478872054,1478872054,2,160780,160416,162231,164191,1417174,858726,1429259,489192,124374,123601,126643,126624,1266751,1267191,1722596,1011423,1,0,
156,110276037152700,0.6647551,2,stimulus,40,110276025896700,1,0,16,157,1478876072,1478876072,2,160961,160584,162398,164348,1417379,858945,1429486,489320,124538,123764,126826,126825,1266988,1267439,1722851,1011688,1,0,
157,110276037152700,0.6647551,2,stimulus,40,110276025896700,1,0,16,158,1478880091,1478880091,2,161033,160641,162453,164383,1417418,858993,1429534,489275,124611,123844,126888,126884,1267044,1267512,1722936,1011785,1,0,
158,110276037152700,0.6647551,2,stimulus,40,110276025896700,1,0,16,159,1478884110,1478884110,2,160966,160571,162364,164309,1417320,858891,1429433,489083,124559,123784,126808,126809,1266943,1267411,1722839,1011684,1,0,
159,110276037152700,0.6647551,2,stimulus,40,110276025896700,1,0,16,160,1478888128,1478888128,2,160844,160442,162232,164196,1417178,858743,1429281,488836,124447,123667,126671,126691,1266764,1267225,1722648,1011478,1,0,
160,110276037152700,0.6647551,2,stimulus,40,110276025896700,1,0,16,161,1478892147,1478892147,2,160751,160372,162167,164158,1417123,858692,1429223,488667,124353,123600,126601,126658,1266701,1267157,1722563,1011375,1,0,
161,110276065140700,0.6927431,2,stimulus,42,110276058321700,1,1,16,162,1478896165,1478896165,2,160933,160540,162323,164333,1417325,858907,1429451,488802,124536,123785,126788,126844,1266941,1267403,1722816,1011638,1,0,
162,110276065140700,0.6927431,2,stimulus,42,110276058321700,1,1,16,163,1478900184,1478900184,2,161003,160599,162358,164378,1417359,858942,1429494,488759,124606,123848,126846,126886,1266991,1267462,1722893,1011731,1,0,
163,110276065140700,0.6927431,2,stimulus,42,110276058321700,1,1,16,164,1478904202,1478904202,2,160911,160511,162264,164271,1417229,858817,1429364,488534,124524,123757,126745,126784,1266860,1267334,1722768,1011599,1,0,
164,110276065140700,0.6927431,2,stimulus,42,110276058321700,1,1,16,165,1478908221,1478908221,2,160789,160388,162133,164129,1417069,858658,1429201,488276,124404,123623,126618,126640,1266671,1267139,1722564,1011380,1,0,
165,110276065140700,0.6927431,2,stimulus,42,110276058321700,1,1,16,166,1478912240,1478912240,2,160694,160310,162068,164086,1417008,858596,1429136,488097,124291,123541,126561,126566,1266594,1267058,1722471,1011265,1,0,
166,110276065140700,0.6927431,2,stimulus,42,110276058321700,1,1,16,167,1478916259,1478916259,2,160849,160448,162213,164226,1417181,858786,1429337,488199,124446,123682,126708,126707,1266806,1267269,1722696,1011498,1,0,
167,110276065140700,0.6927431,2,stimulus,42,110276058321700,1,1,16,168,1478920278,1478920278,2,160917,160492,162234,164239,1417198,858814,1429369,488147,124514,123725,126747,126744,1266842,1267318,1722758,1011577,1,0,
168,110276093127000,0.7207294,2,stimulus,44,110276091149200,1,1,16,169,1478924297,1478924297,2,160854,160418,162160,164153,1417099,858711,1429268,487954,124454,123663,126681,126674,1266738,1267215,1722657,1011478,1,0,
169,110276093127000,0.7207294,2,stimulus,44,110276091149200,1,1,16,170,1478928316,1478928316,2,160737,160293,162051,164025,1416951,858557,1429106,487705,124330,123546,126559,126553,1266553,1267028,1722464,1011265,1,0,
170,110276093127000,0.7207294,2,stimulus,44,110276091149200,1,1,16,171,1478932335,1478932335,2,160625,160213,161986,163963,1416879,858483,1429023,487514,124211,123461,126471,126492,1266463,1266935,1722354,1011139,1,0,
171,110276093127000,0.7207294,2,stimulus,44,110276091149200,1,1,16,172,1478936353,1478936353,2,160789,160372,162128,164126,1417069,858681,1429233,487634,124375,123610,126644,126654,1266688,1267164,1722591,1011388,1,0,
172,110276093127000,0.7207294,2,stimulus,44,110276091149200,1,1,16,173,1478940372,1478940372,2,160867,160427,162165,164167,1417104,858720,1429276,487588,124458,123663,126687,126706,1266743,1267226,1722669,1011481,1,0,
173,110276093127000,0.7207294,2,stimulus,44,110276091149200,1,1,16,174,1478944390,1478944390,2,160799,160348,162091,164091,1417003,858618,1429169,487385,124390,123590,126615,126636,1266638,1267121,1722566,1011376,1,0,
174,110276093127000,0.7207294,2,stimulus,44,110276091149200,1,1,16,175,1478948408,1478948408,2,160690,160226,161985,163974,1416858,858474,1429018,487149,124264,123474,126518,126517,1266461,1266945,1722385,1011175,1,0,
175,110276121221300,0.7488237,2,stimulus,45,110276107713900,1,0,16,176,1478952426,1478952426,2,160577,160149,161933,163900,1416784,858400,1428945,486974,124164,123394,126459,126476,1266376,1266863,1722284,1011052,1,0,
176,110276121221300,0.7488237,2,stimulus,45,110276107713900,1,0,16,177,1478956445,1478956445,2,160722,160298,162097,164052,1416974,858598,1429158,487093,124342,123563,126626,126653,1266605,1267093,1722529,1011299,1,0,
177,110276121221300,0.7488237,2,stimulus,45,110276107713900,1,0,16,178,1478960463,1478960463,2,160774,160344,162136,164092,1416998,858633,1429197,487045,124428,123634,126676,126684,1266655,1267149,1722607,1011394,1,0,
178,110276121221300,0.7488237,2,stimulus,45,110276107713900,1,0,16,179,1478964481,1478964481,2,160709,160288,162066,164033,1416903,858543,1429098,486854,124395,123565,126615,126603,1266553,1267054,1722518,1011296,1,0,
179,110276121221300,0.7488237,2,stimulus,45,110276107713900,1,0,16,180,1478968499,1478968499,2,160600,160191,161955,163926,1416754,858400,1428945,486613,124293,123443,126501,126465,1266378,1266878,1722331,1011094,1,0,
180,110276121221300,0.7488237,2,stimulus,45,110276107713900,1,0,16,181,1478972518,1478972518,2,160496,160105,161891,163864,1416677,858326,1428869,486428,124184,123383,126429,126406,1266294,1266791,1722232,1010970,1,0,
181,110276121221300,0.7488237,2,stimulus,45,110276107713900,1,0,16,182,1478976536,1478976536,2,160673,160256,162061,164026,1416879,858528,1429090,486556,124355,123563,126610,126613,1266521,1267028,1722476,1011226,1,0,
182,110276149197400,0.7767998,2,stimulus,47,110276142472700,1,0,16,183,1478980555,1478980555,2,160733,160301,162101,164056,1416904,858554,1429119,486502,124424,123598,126663,126665,1266561,1267085,1722546,1011313,1,0,
183,110276149197400,0.7767998,2,stimulus,47,110276142472700,1,0,16,184,1478984574,1478984574,2,160650,160223,162017,163971,1416783,858440,1428994,486286,124351,123498,126585,126578,1266436,1266961,1722430,1011194,1,0,
184,110276149197400,0.7767998,2,stimulus,47,110276142472700,1,0,16,185,1478988592,1478988592,2,160526,160101,161912,163856,1416627,858291,1428831,486039,124231,123389,126464,126454,1266251,1266767,1722234,1010983,1,0,
185,110276149197400,0.7767998,2,stimulus,47,110276142472700,1,0,16,186,1478992610,1478992610,2,160436,160039,161874,163821,1416571,858238,1428770,485873,124129,123344,126404,126417,1266184,1266696,1722151,1010879,1,0,
186,110276149197400,0.7767998,2,stimulus,47,110276142472700,1,0,16,187,1478996628,1478996628,2,160640,160229,162056,164000,1416790,858461,1429004,486018,124308,123538,126583,126636,1266434,1266953,1722413,1011149,1,0,
187,110276149197400,0.7767998,2,stimulus,47,110276142472700,1,0,16,188,1479000646,1479000646,2,160728,160307,162119,164054,1416846,858519,1429064,485995,124403,123616,126648,126713,1266506,1267036,1722508,1011259,1,0,
188,110276149197400,0.7767998,2,stimulus,47,110276142472700,1,0,16,189,1479004664,1479004664,2,160647,160226,162040,163980,1416744,858414,1428960,485803,124339,123558,126588,126633,1266400,1266933,1722404,1011156,1,0,
189,110276177116300,0.8047187,2,stimulus,49,110276174052400,1,1,16,190,1479008683,1479008683,2,160510,160094,161899,163863,1416578,858252,1428793,485546,124208,123436,126454,126492,1266206,1266733,1722202,1010938,1,0,
190,110276177116300,0.8047187,2,stimulus,49,110276174052400,1,1,16,191,1479012701,1479012701,2,160418,160023,161843,163816,1416510,858192,1428724,485376,124118,123354,126387,126434,1266128,1266650,1722106,1010819,1,0,
191,110276177116300,0.8047187,2,stimulus,49,110276174052400,1,1,16,192,1479016719,1479016719,2,160594,160179,161993,163973,1416697,858390,1428935,485493,124279,123523,126559,126605,1266346,1266875,1722343,1011060,1,0,
192,110276177116300,0.8047187,2,stimulus,49,110276174052400,1,1,16,193,1479020738,1479020738,2,160652,160217,162029,164008,1416726,858414,1428973,485439,124357,123578,126608,126659,1266390,1266928,1722406,1011142,1,0,
193,110276177116300,0.8047187,2,stimulus,49,110276174052400,1,1,16,194,1479024756,1479024756,2,160586,160166,161964,163924,1416633,858319,1428880,485254,124297,123509,126554,126604,1266291,1266831,1722312,1011043,1,0,
194,110276177116300,0.8047187,2,stimulus,49,110276174052400,1,1,16,195,1479028774,1479028774,2,160478,160068,161856,163807,1416495,858183,1428733,485019,124204,123407,126433,126484,1266119,1266657,1722132,1010843,1,0,
195,110276177116300,0.8047187,2,stimulus,49,110276174052400,1,1,16,196,1479032793,1479032793,2,160372,159971,161786,163742,1416409,858099,1428644,484826,124099,123321,126359,126412,1266020,1266552,1722010,1010706,1,0,
196,110276205349200,0.8329516,2,stimulus,50,110276193069500,1,1,16,197,1479036811,1479036811,2,160529,160121,161939,163880,1416584,858286,1428836,484931,124243,123483,126522,126564,1266233,1266764,1722228,1010939,1,0,
197,110276205349200,0.8329516,2,stimulus,50,110276193069500,1,1,16,198,1479040829,1479040829,2,160611,160202,162006,163939,1416632,858339,1428898,484904,124336,123563,126601,126639,1266301,1266844,1722319,1011044,1,0,
198,110276205349200,0.8329516,2,stimulus,50,110276193069500,1,1,16,199,1479044847,1479044847,2,160551,160135,161931,163881,1416537,858243,1428800,484718,124293,123503,126541,126582,1266198,1266743,1722220,1010944,1,0,
199,110276205349200,0.8329516,2,stimulus,50,110276193069500,1,1,16,200,1479048865,1479048865,2,160437,160012,161799,163759,1416381,858086,1428636,484457,124179,123383,126400,126447,1266001,1266544,1722013,1010722,1,0,
200,110276205349200,0.8329516,2,stimulus,50,110276193069500,1,1,16,201,1479052883,1479052883,2,160340,159950,161750,163723,1416323,858025,1428572,484277,124107,123326,126336,126395,1265928,1266463,1721924,1010611,1,0,
201,110276205349200,0.8329516,2,stimulus,50,110276193069500,1,1,16,202,1479056902,1479056902,2,160510,160117,161920,163893,1416519,858228,1428791,484402,124281,123489,126504,126569,1266159,1266698,1722164,1010864,1,0,
202,110276205349200,0.8329516,2,stimulus,50,110276193069500,1,1,16,203,1479060920,1479060920,2,160603,160196,161986,163950,1416577,858287,1428854,484385,124373,123573,126588,126638,1266234,1266776,1722255,1010983,1,0,
203,110276233160400,0.8607628,2,stimulus,52,110276224283400,1,0,16,204,1479064939,1479064939,2,160536,160126,161913,163875,1416473,858183,1428754,484194,124300,123511,126523,126583,1266125,1266671,1722154,1010883,1,0,
204,110276233160400,0.8607628,2,stimulus,52,110276224283400,1,0,16,205,1479068958,1479068958,2,160419,160006,161806,163758,1416325,858034,1428597,483948,124173,123394,126408,126451,1265939,1266479,1721956,1010668,1,0,
205,110276233160400,0.8607628,2,stimulus,52,110276224283400,1,0,16,206,1479072978,1479072978,2,160335,159946,161764,163731,1416272,857983,1428534,483793,124099,123343,126348,126398,1265866,1266406,1721866,1010559,1,0,
206,110276233160400,0.8607628,2,stimulus,52,110276224283400,1,0,16,207,1479076997,1479076997,2,160516,160111,161913,163890,1416464,858186,1428743,483918,124268,123514,126521,126561,1266086,1266635,1722101,1010802,1,0,
207,110276233160400,0.8607628,2,stimulus,52,110276224283400,1,0,16,208,1479081016,1479081016,2,160626,160179,161971,163947,1416519,858241,1428808,483904,124359,123592,126609,126633,1266158,1266715,1722191,1010911,1,0,
208,110276233160400,0.8607628,2,stimulus,52,110276224283400,1,0,16,209,1479085034,1479085034,2,160554,160103,161888,163864,1416408,858133,1428695,483703,124285,123529,126535,126558,1266041,1266598,1722075,1010798,1,0,
209,110276233160400,0.8607628,2,stimulus,52,110276224283400,1,0,16,210,1479089052,1479089052,2,160441,160002,161776,163753,1416257,857989,1428544,483458,124174,123432,126415,126434,1265858,1266411,1721884,1010589,1,0,
210,110276261221800,0.8888242,2,stimulus,54,110276258176100,1,1,16,211,1479093070,1479093070,2,160359,159964,161739,163715,1416200,857938,1428490,483300,124103,123371,126376,126395,1265787,1266338,1721801,1010478,1,0,
211,110276261221800,0.8888242,2,stimulus,54,110276258176100,1,1,16,212,1479097089,1479097089,2,160547,160158,161924,163891,1416415,858154,1428720,483443,124289,123552,126568,126588,1266030,1266586,1722057,1010743,1,0,
212,110276261221800,0.8888242,2,stimulus,54,110276258176100,1,1,16,213,1479101107,1479101107,2,160653,160256,162002,163966,1416480,858221,1428801,483440,124395,123644,126660,126681,1266119,1266684,1722168,1010877,1,0,
213,110276261221800,0.8888242,2,stimulus,54,110276258176100,1,1,16,214,1479105125,1479105125,2,160588,160202,161962,163901,1416394,858135,1428712,483266,124343,123593,126597,126626,1266026,1266595,1722081,1010791,1,0,
214,110276261221800,0.8888242,2,stimulus,54,110276258176100,1,1,16,215,1479109144,1479109144,2,160462,160097,161853,163774,1416243,857985,1428554,483021,124228,123476,126456,126499,1265845,1266407,1721886,1010578,1,0,
215,110276261221800,0.8888242,2,stimulus,54,110276258176100,1,1,16,216,1479113162,1479113162,2,160369,160024,161806,163718,1416172,857917,1428485,482846,124139,123398,126389,126431,1265763,1266319,1721788,1010456,1,0,
216,110276261221800,0.8888242,2,stimulus,54,110276258176100,1,1,16,217,1479117180,1479117180,2,160546,160186,161963,163889,1416369,858124,1428701,482978,124316,123567,126579,126618,1265993,1266554,1722030,1010707,1,0,
217,110276289362600,0.916965,2,stimulus,55,110276274307400,1,1,16,218,1479121199,1479121199,2,160646,160255,162013,163956,1416425,858183,1428765,482966,124413,123648,126658,126688,1266064,1266639,1722127,1010824,1,0,
218,110276289362600,0.916965,2,stimulus,55,110276274307400,1,1,16,219,1479125217,1479125217,2,160578,160168,161925,163871,1416311,858073,1428651,482761,124348,123564,126571,126616,1265942,1266526,1722014,1010713,1,0,
219,110276289362600,0.916965,2,stimulus,55,110276274307400,1,1,16,220,1479129236,1479129236,2,160464,160033,161794,163751,1416151,857915,1428490,482506,124237,123436,126439,126490,1265748,1266328,1721812,1010491,1,0,
220,110276289362600,0.916965,2,stimulus,55,110276274307400,1,1,16,221,1479133255,1479133255,2,160369,159955,161726,163719,1416088,857848,1428423,482338,124153,123353,126367,126442,1265671,1266243,1721714,1010376,1,0,
221,110276289362600,0.916965,2,stimulus,55,110276274307400,1,1,16,222,1479137274,1479137274,2,160532,160116,161889,163880,1416284,858045,1428630,482467,124316,123521,126529,126624,1265896,1266482,1721953,1010624,1,0,
222,110276289362600,0.916965,2,stimulus,55,110276274307400,1,1,16,223,1479141292,1479141292,2,160614,160178,161959,163928,1416326,858092,1428680,482444,124408,123598,126594,126696,1265961,1266556,1722042,1010730,1,0,
223,110276289362600,0.916965,2,stimulus,55,110276274307400,1,1,16,224,1479145311,1479145311,2,160553,160122,161909,163864,1416233,858002,1428588,482269,124355,123541,126548,126633,1265869,1266466,1721958,1010639,1,0,
224,110276317270500,0.9448729,2,stimulus,57,110276309068400,1,0,16,225,1479149329,1479149329,2,160445,160024,161812,163753,1416090,857861,1428444,482041,124233,123425,126452,126493,1265699,1266288,1721779,1010444,1,0,
225,110276317270500,0.9448729,2,stimulus,57,110276309068400,1,0,16,226,1479153348,1479153348,2,160371,159983,161781,163725,1416051,857819,1428404,481896,124156,123368,126419,126449,1265642,1266230,1721706,1010354,1,0,
226,110276317270500,0.9448729,2,stimulus,57,110276309068400,1,0,16,227,1479157366,1479157366,2,160542,160136,161940,163897,1416248,858019,1428620,482018,124323,123542,126585,126643,1265874,1266466,1721946,1010601,1,0,
227,110276317270500,0.9448729,2,stimulus,57,110276309068400,1,0,16,228,1479161385,1479161385,2,160625,160194,161989,163941,1416287,858065,1428663,481991,124396,123616,126631,126710,1265933,1266534,1722026,1010699,1,0,
228,110276317270500,0.9448729,2,stimulus,57,110276309068400,1,0,16,229,1479165403,1479165403,2,160548,160113,161903,163846,1416174,857948,1428544,481787,124329,123539,126546,126624,1265813,1266418,1721914,1010581,1,0,
229,110276317270500,0.9448729,2,stimulus,57,110276309068400,1,0,16,230,1479169422,1479169422,2,160443,160006,161801,163721,1416024,857801,1428398,481549,124239,123446,126438,126489,1265640,1266238,1721731,1010374,1,0,
230,110276317270500,0.9448729,2,stimulus,57,110276309068400,1,0,16,231,1479173439,1479173439,2,160365,159955,161758,163673,1415967,857744,1428335,481391,124164,123389,126396,126431,1265570,1266161,1721638,1010266,1,0,
231,110276345221200,0.9728236,2,stimulus,59,110276341270200,1,0,16,232,1479177457,1479177457,2,160534,160129,161909,163846,1416166,857952,1428549,481516,124318,123541,126571,126626,1265794,1266398,1721873,1010515,1,0,
232,110276345221200,0.9728236,2,stimulus,59,110276341270200,1,0,16,233,1479181475,1479181475,2,160624,160199,161971,163910,1416221,858016,1428611,481501,124409,123611,126641,126702,1265870,1266485,1721974,1010631,1,0,
233,110276345221200,0.9728236,2,stimulus,59,110276341270200,1,0,16,234,1479185494,1479185494,2,160536,160105,161875,163821,1416105,857898,1428494,481296,124332,123534,126557,126615,1265749,1266365,1721855,1010514,1,0,
234,110276345221200,0.9728236,2,stimulus,59,110276341270200,1,0,16,235,1479189512,1479189512,2,160403,159988,161746,163701,1415942,857740,1428327,481046,124203,123402,126443,126469,1265557,1266172,1721651,1010294,1,0,
235,110276345221200,0.9728236,2,stimulus,59,110276341270200,1,0,16,236,1479193530,1479193530,2,160299,159918,161684,163651,1415865,857666,1428244,480869,124090,123312,126372,126404,1265464,1266079,1721546,1010167,1,0,
236,110276345221200,0.9728236,2,stimulus,59,110276341270200,1,0,16,237,1479197548,1479197548,2,160457,160064,161843,163810,1416049,857856,1428445,480987,124248,123464,126533,126563,1265681,1266295,1721773,1010399,1,0,
237,110276345221200,0.9728236,2,stimulus,59,110276341270200,1,0,16,238,1479201567,1479201567,2,160558,160154,161924,163892,1416121,857929,1428523,480992,124358,123564,126621,126651,1265771,1266396,1721885,1010534,1,0,
238,110276373382500,1.0009849,2,stimulus,60,110276358441800,1,1,16,239,1479205586,1479205586,2,160493,160107,161859,163834,1416032,857843,1428431,480817,124299,123518,126575,126595,1265676,1266309,1721794,1010448,1,0,
239,110276373382500,1.0009849,2,stimulus,60,110276358441800,1,1,16,240,1479209604,1479209604,2,160370,159998,161741,163728,1415884,857696,1428276,480579,124176,123406,126453,126477,1265494,1266121,1721602,1010236,1,0,
240,110276373382500,1.0009849,2,stimulus,60,110276358441800,1,1,16,241,1479213623,1479213623,2,160281,159930,161698,163691,1415814,857633,1428201,480408,124093,123338,126384,126422,1265409,1266028,1721503,1010112,1,0,
241,110276373382500,1.0009849,2,stimulus,60,110276358441800,1,1,16,242,1479217641,1479217641,2,160449,160088,161868,163839,1415998,857825,1428406,480521,124258,123497,126542,126583,1265629,1266248,1721726,1010351,1,0,
242,110276373382500,1.0009849,2,stimulus,60,110276358441800,1,1,16,243,1479221660,1479221660,2,160535,160151,161923,163884,1416046,857881,1428467,480501,124368,123572,126618,126636,1265701,1266330,1721820,1010467,1,0,
243,110276373382500,1.0009849,2,stimulus,60,110276358441800,1,1,16,244,1479225679,1479225679,2,160460,160076,161838,163814,1415946,857784,1428367,480315,124311,123514,126559,126558,1265594,1266225,1721724,1010364,1,0,
244,110276373382500,1.0009849,2,stimulus,60,110276358441800,1,1,16,245,1479229698,1479229698,2,160341,159951,161719,163702,1415795,857631,1428203,480068,124187,123389,126423,126429,1265408,1266032,1721520,1010151,1,0,
245,110276401172200,1.0287746,2,stimulus,62,110276391812800,1,1,16,246,1479233717,1479233717,2,160245,159879,161665,163646,1415718,857557,1428118,479887,124071,123304,126343,126369,1265314,1265935,1721406,1010021,1,0,
246,110276401172200,1.0287746,2,stimulus,62,110276391812800,1,1,16,247,1479237735,1479237735,2,160386,160021,161814,163784,1415891,857741,1428310,479993,124223,123458,126489,126526,1265525,1266148,1721624,1010248,1,0,
247,110276401172200,1.0287746,2,stimulus,62,110276391812800,1,1,16,248,1479241752,1479241752,2,160496,160106,161898,163848,1415961,857816,1428388,479993,124337,123572,126557,126618,1265609,1266243,1721734,1010374,1,0,
248,110276401172200,1.0287746,2,stimulus,62,110276391812800,1,1,16,249,1479245770,1479245770,2,160452,160059,161855,163795,1415878,857743,1428311,479831,124305,123539,126517,126571,1265528,1266166,1721661,1010296,1,0,
249,110276401172200,1.0287746,2,stimulus,62,110276391812800,1,1,16,250,1479249788,1479249788,2,160349,159948,161747,163685,1415733,857600,1428159,479597,124200,123435,126394,126451,1265350,1265990,1721471,1010092,1,0,
250,110276401172200,1.0287746,2,stimulus,62,110276391812800,1,1,16,251,1479253807,1479253807,2,160256,159878,161679,163631,1415660,857524,1428080,479416,124109,123348,126313,126392,1265256,1265893,1721355,1009962,1,0,
251,110276401172200,1.0287746,2,stimulus,62,110276391812800,1,1,16,252,1479257825,1479257825,2,160439,160064,161861,163805,1415875,857745,1428311,479560,124286,123527,126509,126588,1265496,1266137,1721611,1010214,1,0,
252,110276429195400,1.0567978,2,stimulus,64,110276424731000,1,0,16,253,1479261844,1479261844,2,160549,160169,161949,163884,1415963,857840,1428404,479578,124406,123632,126629,126692,1265598,1266251,1721736,1010359,1,0,
253,110276429195400,1.0567978,2,stimulus,64,110276424731000,1,0,16,254,1479265863,1479265863,2,160475,160106,161881,163814,1415862,857743,1428299,479389,124353,123568,126571,126616,1265493,1266148,1721633,1010256,1,0,
254,110276429195400,1.0567978,2,stimulus,64,110276424731000,1,0,16,255,1479269882,1479269882,2,160360,159991,161759,163693,1415697,857581,1428138,479137,124256,123439,126434,126477,1265300,1265949,1721426,1010034,1,0,
255,110276429195400,1.0567978,2,stimulus,64,110276424731000,1,0,16,256,1479273901,1479273901,2,160268,159922,161685,163634,1415616,857502,1428059,478959,124168,123360,126360,126398,1265203,1265853,1721311,1009904,1,0,
256,110276429195400,1.0567978,2,stimulus,64,110276424731000,1,0,16,257,1479277919,1479277919,2,160434,160088,161844,163806,1415822,857712,1428282,479094,124342,123525,126528,126580,1265436,1266092,1721549,1010157,1,0,
257,110276429195400,1.0567978,2,stimulus,64,110276424731000,1,0,16,258,1479281938,1479281938,2,160562,160183,161946,163896,1415909,857807,1428380,479119,124466,123638,126629,126694,1265543,1266207,1721675,1010306,1,0,
258,110276429195400,1.0567978,2,stimulus,64,110276424731000,1,0,16,259,1479285957,1479285957,2,160503,160110,161889,163829,1415811,857708,1428279,478932,124402,123573,126570,126644,1265442,1266103,1721574,1010209,1,0,
259,110276457339100,1.0849415,2,stimulus,65,110276441346500,1,0,16,260,1479289975,1479289975,2,160376,159989,161763,163723,1415653,857548,1428111,478683,124284,123452,126445,126515,1265251,1265906,1721371,1009997,1,0,
260,110276457339100,1.0849415,2,stimulus,65,110276441346500,1,0,16,261,1479293994,1479293994,2,160279,159934,161706,163687,1415585,857491,1428046,478517,124195,123387,126396,126467,1265165,1265818,1721275,1009883,1,0,
261,110276457339100,1.0849415,2,stimulus,65,110276441346500,1,0,16,262,1479298013,1479298013,2,160425,160092,161848,163830,1415763,857674,1428241,478626,124326,123529,126549,126627,1265369,1266027,1721491,1010101,1,0,
262,110276457339100,1.0849415,2,stimulus,65,110276441346500,1,0,16,263,1479302032,1479302032,2,160539,160174,161915,163884,1415820,857736,1428309,478623,124407,123615,126631,126688,1265448,1266124,1721592,1010225,1,0,
263,110276457339100,1.0849415,2,stimulus,65,110276441346500,1,0,16,264,1479306051,1479306051,2,160459,160090,161826,163806,1415703,857624,1428193,478419,124328,123546,126555,126608,1265329,1266005,1721481,1010111,1,0,
264,110276457339100,1.0849415,2,stimulus,65,110276441346500,1,0,16,265,1479310069,1479310069,2,160336,159976,161702,163693,1415550,857467,1428034,478171,124208,123424,126436,126477,1265138,1265808,1721282,1009894,1,0,
265,110276457339100,1.0849415,2,stimulus,65,110276441346500,1,0,16,266,1479314088,1479314088,2,160240,159893,161633,163625,1415459,857388,1427942,477985,124104,123331,126356,126389,1265036,1265703,1721161,1009758,1,0,
266,110276485211000,1.1128134,2,stimulus,67,110276473962500,1,1,16,267,1479318106,1479318106,2,160398,160009,161772,163773,1415630,857567,1428129,478091,124253,123481,126494,126529,1265239,1265913,1721374,1009979,1,0,
267,110276485211000,1.1128134,2,stimulus,67,110276473962500,1,1,16,268,1479322125,1479322125,2,160502,160071,161846,163839,1415691,857629,1428195,478091,124356,123575,126563,126602,1265319,1265998,1721478,1010095,1,0,
268,110276485211000,1.1128134,2,stimulus,67,110276473962500,1,1,16,269,1479326143,1479326143,2,160423,159993,161779,163769,1415594,857534,1428094,477914,124305,123513,126494,126544,1265216,1265904,1721384,1009993,1,0,
269,110276485211000,1.1128134,2,stimulus,67,110276473962500,1,1,16,270,1479330161,1479330161,2,160300,159862,161662,163649,1415436,857383,1427929,477671,124190,123384,126364,126418,1265031,1265712,1721189,1009783,1,0,
270,110276485211000,1.1128134,2,stimulus,67,110276473962500,1,1,16,271,1479334179,1479334179,2,160224,159816,161618,163613,1415384,857326,1427868,477518,124115,123326,126306,126378,1264957,1265633,1721099,1009674,1,0,
271,110276485211000,1.1128134,2,stimulus,67,110276473962500,1,1,16,272,1479338198,1479338198,2,160404,159984,161792,163783,1415589,857535,1428086,477653,124286,123498,126498,126569,1265191,1265871,1721341,1009923,1,0,
272,110276485211000,1.1128134,2,stimulus,67,110276473962500,1,1,16,273,1479342216,1479342216,2,160529,160076,161884,163861,1415671,857619,1428178,477669,124412,123603,126609,126669,1265293,1265982,1721465,1010061,1,0,
273,110276513139800,1.1407422,2,stimulus,69,110276506201100,1,0,16,274,1479346234,1479346234,2,160491,160036,161831,163813,1415594,857549,1428101,477509,124378,123575,126569,126608,1265212,1265906,1721387,1009989,1,0,
274,110276513139800,1.1407422,2,stimulus,69,110276506201100,1,0,16,275,1479350252,1479350252,2,160414,159976,161751,163752,1415487,857443,1427983,477314,124303,123503,126500,126503,1265074,1265761,1721233,1009822,1,0,
275,110276513139800,1.1407422,2,stimulus,69,110276506201100,1,0,16,276,1479354270,1479354270,2,160366,159956,161739,163743,1415451,857404,1427947,477179,124246,123472,126469,126490,1265019,1265705,1721164,1009734,1,0,
276,110276513139800,1.1407422,2,stimulus,69,110276506201100,1,0,16,277,1479358288,1479358288,2,160542,160118,161899,163909,1415651,857614,1428164,477315,124404,123644,126636,126686,1265253,1265941,1721403,1009982,1,0,
277,110276513139800,1.1407422,2,stimulus,69,110276506201100,1,0,16,278,1479362306,1479362306,2,160640,160192,161967,163975,1415716,857687,1428237,477323,124506,123726,126711,126773,1265341,1266033,1721518,1010113,1,0,
278,110276513139800,1.1407422,2,stimulus,69,110276506201100,1,0,16,279,1479366324,1479366324,2,160568,160130,161903,163904,1415620,857589,1428138,477147,124443,123659,126639,126712,1265241,1265935,1721425,1010019,1,0,
279,110276513139800,1.1407422,2,stimulus,69,110276506201100,1,0,16,280,1479370343,1479370343,2,160483,160053,161823,163799,1415489,857463,1428003,476930,124354,123554,126536,126613,1265078,1265767,1721256,1009832,1,0,
280,110276541217800,1.1688202,2,stimulus,71,110276539488300,1,0,16,281,1479374361,1479374361,2,160431,160008,161786,163759,1415439,857419,1427948,476786,124285,123499,126496,126578,1265014,1265701,1721168,1009728,1,0,
281,110276541217800,1.1688202,2,stimulus,71,110276539488300,1,0,16,282,1479378379,1479378379,2,160587,160163,161938,163911,1415626,857611,1428153,476902,124435,123649,126663,126738,1265232,1265923,1721393,1009959,1,0,
282,110276541217800,1.1688202,2,stimulus,71,110276539488300,1,0,16,283,1479382397,1479382397,2,160716,160289,162055,164031,1415734,857722,1428270,476944,124584,123779,126808,126859,1265359,1266063,1721544,1010132,1,0,
283,110276541217800,1.1688202,2,stimulus,71,110276539488300,1,0,16,284,1479386416,1479386416,2,160643,160242,161998,163971,1415643,857634,1428182,476778,124533,123725,126748,126793,1265266,1265974,1721459,1010049,1,0,
284,110276541217800,1.1688202,2,stimulus,71,110276539488300,1,0,16,285,1479390434,1479390434,2,160526,160118,161889,163852,1415500,857491,1428028,476553,124417,123624,126626,126653,1265084,1265796,1721276,1009846,1,0,
285,110276541217800,1.1688202,2,stimulus,71,110276539488300,1,0,16,286,1479394453,1479394453,2,160440,160033,161852,163809,1415441,857430,1427963,476402,124348,123558,126556,126617,1265009,1265714,1721183,1009733,1,0,
286,110276541217800,1.1688202,2,stimulus,71,110276539488300,1,0,16,287,1479398471,1479398471,2,160589,160166,162009,163954,1415614,857613,1428159,476515,124491,123698,126689,126789,1265219,1265928,1721397,1009956,1,0,
287,110276569145400,1.1967478,2,stimulus,72,110276556258300,1,1,16,288,1479402490,1479402490,2,160709,160263,162097,164030,1415691,857694,1428246,476536,124606,123797,126776,126883,1265321,1266039,1721520,1010103,1,0,
288,110276569145400,1.1967478,2,stimulus,72,110276556258300,1,1,16,289,1479406508,1479406508,2,160633,160197,162013,163951,1415592,857599,1428144,476355,124541,123746,126715,126808,1265215,1265938,1721427,1010014,1,0,
289,110276569145400,1.1967478,2,stimulus,72,110276556258300,1,1,16,290,1479410526,1479410526,2,160509,160088,161879,163833,1415444,857450,1427987,476121,124431,123637,126581,126668,1265037,1265752,1721238,1009807,1,0,
290,110276569145400,1.1967478,2,stimulus,72,110276556258300,1,1,16,291,1479414544,1479414544,2,160429,160057,161846,163801,1415396,857399,1427933,475975,124344,123579,126544,126631,1264968,1265680,1721159,1009704,1,0,
291,110276569145400,1.1967478,2,stimulus,72,110276556258300,1,1,16,292,1479418562,1479418562,2,160586,160228,162002,163961,1415584,857594,1428142,476101,124489,123732,126719,126797,1265189,1265906,1721387,1009941,1,0,
292,110276569145400,1.1967478,2,stimulus,72,110276556258300,1,1,16,293,1479422581,1479422581,2,160686,160320,162066,164039,1415656,857669,1428221,476112,124602,123828,126805,126874,1265276,1266006,1721503,1010078,1,0,
293,110276569145400,1.1967478,2,stimulus,72,110276556258300,1,1,16,294,1479426599,1479426599,2,160599,160225,161967,163961,1415537,857547,1428098,475908,124519,123735,126716,126789,1265149,1265886,1721387,1009960,1,0,
294,110276597212200,1.2248146,2,stimulus,74,110276589856200,1,1,16,295,1479430617,1479430617,2,160475,160094,161839,163836,1415375,857379,1427928,475657,124398,123606,126581,126644,1264955,1265691,1721179,1009738,1,0,
295,110276597212200,1.2248146,2,stimulus,74,110276589856200,1,1,16,296,1479434636,1479434636,2,160380,160016,161783,163768,1415299,857305,1427850,475489,124309,123523,126506,126562,1264859,1265591,1721066,1009610,1,0,
296,110276597212200,1.2248146,2,stimulus,74,110276589856200,1,1,16,297,1479438654,1479438654,2,160527,160146,161928,163889,1415463,857481,1428036,475588,124436,123662,126629,126701,1265054,1265791,1721273,1009818,1,0,
297,110276597212200,1.2248146,2,stimulus,74,110276589856200,1,1,16,298,1479442672,1479442672,2,160657,160238,162010,163962,1415538,857564,1428129,475609,124547,123762,126720,126798,1265158,1265906,1721403,1009964,1,0,
298,110276597212200,1.2248146,2,stimulus,74,110276589856200,1,1,16,299,1479446691,1479446691,2,160581,160166,161929,163896,1415440,857462,1428026,475430,124477,123684,126656,126724,1265052,1265803,1721306,1009865,1,0,
299,110276597212200,1.2248146,2,stimulus,74,110276589856200,1,1,16,300,1479450709,1479450709,2,160458,160061,161811,163788,1415297,857313,1427872,475204,124374,123571,126542,126596,1264876,1265619,1721113,1009664,1,0,
300,110276597212200,1.2248146,2,stimulus,74,110276589856200,1,1,16,301,1479454728,1479454728,2,160365,159989,161757,163733,1415217,857235,1427793,475031,124274,123487,126472,126524,1264779,1265516,1720996,1009534,1,0,
301,110276625208400,1.2528108,2,stimulus,76,110276622786500,1,0,16,302,1479458747,1479458747,2,160513,160124,161894,163869,1415386,857413,1427979,475139,124409,123615,126626,126673,1264977,1265723,1721204,1009748,1,0,
302,110276625208400,1.2528108,2,stimulus,76,110276622786500,1,0,16,303,1479462766,1479462766,2,160636,160211,161980,163943,1415467,857493,1428068,475157,124529,123714,126734,126761,1265073,1265831,1721337,1009894,1,0,
303,110276625208400,1.2528108,2,stimulus,76,110276622786500,1,0,16,304,1479466784,1479466784,2,160571,160148,161933,163893,1415381,857408,1427979,474991,124480,123666,126686,126719,1264985,1265744,1721260,1009813,1,0,
304,110276625208400,1.2528108,2,stimulus,76,110276622786500,1,0,16,305,1479470802,1479470802,2,160449,160026,161831,163784,1415233,857258,1427823,474761,124377,123561,126565,126589,1264803,1265559,1721066,1009609,1,0,
305,110276625208400,1.2528108,2,stimulus,76,110276622786500,1,0,16,306,1479474821,1479474821,2,160368,159957,161777,163721,1415159,857189,1427747,474592,124263,123496,126496,126526,1264713,1265464,1720959,1009482,1,0,
306,110276625208400,1.2528108,2,stimulus,76,110276622786500,1,0,16,307,1479478840,1479478840,2,160529,160115,161923,163878,1415339,857382,1427949,474711,124401,123632,126646,126708,1264921,1265682,1721178,1009706,1,0,
307,110276625208400,1.2528108,2,stimulus,76,110276622786500,1,0,16,308,1479482859,1479482859,2,160654,160231,162005,163980,1415433,857475,1428051,474743,124534,123726,126741,126813,1265031,1265799,1721313,1009856,1,0,
308,110276653198100,1.2808005,2,stimulus,77,110276639373300,1,0,16,309,1479486877,1479486877,2,160578,160175,161929,163915,1415332,857378,1427950,474563,124487,123656,126665,126736,1264929,1265700,1721213,1009759,1,0,
309,110276653198100,1.2808005,2,stimulus,77,110276639373300,1,0,16,310,1479490896,1479490896,2,160464,160059,161809,163797,1415174,857224,1427793,474325,124376,123541,126531,126582,1264737,1265509,1721018,1009548,1,0,
310,110276653198100,1.2808005,2,stimulus,77,110276639373300,1,0,16,311,1479494915,1479494915,2,160387,160003,161758,163756,1415113,857164,1427724,474171,124276,123477,126475,126534,1264658,1265427,1720921,1009429,1,0,
311,110276653198100,1.2808005,2,stimulus,77,110276639373300,1,0,16,312,1479498934,1479498934,2,160536,160138,161918,163907,1415304,857359,1427929,474292,124414,123633,126641,126716,1264869,1265648,1721143,1009654,1,0,
312,110276653198100,1.2808005,2,stimulus,77,110276639373300,1,0,16,313,1479502952,1479502952,2,160669,160223,162006,163989,1415389,857448,1428026,474318,124541,123744,126752,126816,1264973,1265764,1721276,1009807,1,0,
313,110276653198100,1.2808005,2,stimulus,77,110276639373300,1,0,16,314,1479506971,1479506971,2,160591,160136,161925,163914,1415281,857343,1427917,474127,124468,123660,126674,126736,1264861,1265652,1721173,1009700,1,0,
314,110276653198100,1.2808005,2,stimulus,77,110276639373300,1,0,16,315,1479510990,1479510990,2,160474,160029,161817,163806,1415138,857199,1427769,473899,124343,123544,126571,126619,1264684,1265468,1720984,1009499,1,0,
315,110276681179400,1.3087818,2,stimulus,79,110276672940600,1,1,16,316,1479515009,1479515009,2,160377,159968,161753,163746,1415058,857122,1427684,473719,124233,123463,126498,126551,1264584,1265359,1720868,1009362,1,0,
316,110276681179400,1.3087818,2,stimulus,79,110276672940600,1,1,16,317,1479519028,1479519028,2,160533,160118,161899,163899,1415242,857316,1427884,473842,124384,123608,126650,126716,1264800,1265576,1721093,1009588,1,0,
317,110276681179400,1.3087818,2,stimulus,79,110276672940600,1,1,16,318,1479523046,1479523046,2,160673,160217,162011,163989,1415341,857419,1427996,473888,124542,123720,126766,126811,1264923,1265708,1721241,1009759,1,0,
318,110276681179400,1.3087818,2,stimulus,79,110276672940600,1,1,16,319,1479527065,1479527065,2,160604,160131,161950,163908,1415233,857319,1427888,473714,124491,123659,126699,126732,1264818,1265609,1721146,1009659,1,0,
319,110276681179400,1.3087818,2,stimulus,79,110276672940600,1,1,16,320,1479531083,1479531083,2,160504,160034,161859,163812,1415099,857186,1427753,473504,124391,123564,126592,126628,1264657,1265436,1720976,1009470,1,0,
320,110276681179400,1.3087818,2,stimulus,79,110276672940600,1,1,16,321,1479535101,1479535101,2,160409,159961,161797,163761,1415030,857111,1427669,473334,124300,123471,126516,126561,1264560,1265333,1720864,1009337,1,0,
321,110276681179400,1.3087818,2,stimulus,79,110276672940600,1,1,16,322,1479539120,1479539120,2,160533,160086,161929,163899,1415194,857282,1427850,473433,124421,123600,126654,126696,1264753,1265530,1721060,1009541,1,0,
322,110276709153300,1.3367557,2,stimulus,81,110276706181000,1,0,16,323,1479543139,1479543139,2,160657,160209,162032,163996,1415292,857381,1427958,473471,124543,123724,126760,126813,1264868,1265658,1721199,1009704,1,0,
323,110276709153300,1.3367557,2,stimulus,81,110276706181000,1,0,16,324,1479547158,1479547158,2,160600,160156,161964,163929,1415199,857295,1427865,473299,124471,123679,126710,126771,1264775,1265567,1721110,1009619,1,0,
324,110276709153300,1.3367557,2,stimulus,81,110276706181000,1,0,16,325,1479551177,1479551177,2,160493,160051,161860,163818,1415053,857153,1427716,473079,124376,123583,126601,126650,1264600,1265385,1720923,1009420,1,0,
325,110276709153300,1.3367557,2,stimulus,81,110276706181000,1,0,16,326,1479555196,1479555196,2,160420,159993,161818,163774,1414988,857096,1427648,472926,124304,123508,126541,126598,1264518,1265300,1720823,1009304,1,0,
326,110276709153300,1.3367557,2,stimulus,81,110276706181000,1,0,16,327,1479559215,1479559215,2,160555,160138,161950,163921,1415159,857277,1427836,473034,124438,123634,126681,126744,1264713,1265503,1721033,1009518,1,0,
327,110276709153300,1.3367557,2,stimulus,81,110276706181000,1,0,16,328,1479563234,1479563234,2,160691,160256,162047,164025,1415264,857384,1427951,473079,124576,123761,126789,126856,1264838,1265630,1721181,1009680,1,0,
328,110276709153300,1.3367557,2,stimulus,81,110276706181000,1,0,16,329,1479567253,1479567253,2,160636,160214,161999,163974,1415188,857304,1427868,472922,124539,123706,126749,126812,1264753,1265547,1721108,1009604,1,0,
329,110276737156900,1.3647593,2,stimulus,82,110276722780000,1,0,16,330,1479571272,1479571272,2,160519,160121,161894,163870,1415046,857159,1427719,472699,124438,123591,126639,126682,1264579,1265373,1720925,1009409,1,0,
330,110276737156900,1.3647593,2,stimulus,82,110276722780000,1,0,16,331,1479575290,1479575290,2,160416,160043,161834,163826,1414966,857082,1427637,472529,124333,123517,126570,126608,1264485,1265269,1720811,1009271,1,0,
331,110276737156900,1.3647593,2,stimulus,82,110276722780000,1,0,16,332,1479579309,1479579309,2,160565,160165,161966,163969,1415139,857266,1427829,472640,124468,123660,126723,126764,1264685,1265480,1721019,1009486,1,0,
332,110276737156900,1.3647593,2,stimulus,82,110276722780000,1,0,16,333,1479583327,1479583327,2,160712,160266,162074,164059,1415235,857367,1427937,472684,124603,123774,126830,126869,1264800,1265608,1721161,1009648,1,0,
333,110276737156900,1.3647593,2,stimulus,82,110276722780000,1,0,16,334,1479587346,1479587346,2,160632,160197,162013,163982,1415132,857265,1427835,472503,124536,123716,126746,126799,1264697,1265507,1721068,1009556,1,0,
334,110276737156900,1.3647593,2,stimulus,82,110276722780000,1,0,16,335,1479591364,1479591364,2,160486,160086,161890,163843,1414965,857101,1427668,472257,124402,123594,126598,126656,1264496,1265309,1720863,1009336,1,0,
335,110276737156900,1.3647593,2,stimulus,82,110276722780000,1,0,16,336,1479595382,1479595382,2,160405,160039,161839,163795,1414898,857036,1427596,472100,124314,123517,126536,126596,1264413,1265218,1720759,1009218,1,0,
336,110276765238800,1.3928412,2,stimulus,84,110276756621100,1,1,16,337,1479599401,1479599401,2,160539,160158,161953,163921,1415056,857200,1427771,472188,124416,123638,126667,126740,1264597,1265399,1720954,1009412,1,0,
337,110276765238800,1.3928412,2,stimulus,84,110276756621100,1,1,16,338,1479603419,1479603419,2,160649,160229,162033,163989,1415123,857271,1427851,472201,124502,123740,126754,126827,1264682,1265499,1721068,1009548,1,0,
338,110276765238800,1.3928412,2,stimulus,84,110276756621100,1,1,16,339,1479607437,1479607437,2,160564,160137,161956,163908,1415008,857159,1427732,472009,124417,123664,126674,126736,1264565,1265383,1720961,1009441,1,0,
339,110276765238800,1.3928412,2,stimulus,84,110276756621100,1,1,16,340,1479611456,1479611456,2,160432,159995,161829,163798,1414844,856996,1427564,471767,124302,123526,126541,126592,1264374,1265186,1720763,1009222,1,0,
340,110276765238800,1.3928412,2,stimulus,84,110276756621100,1,1,16,341,1479615474,1479615474,2,160328,159905,161766,163757,1414761,856911,1427475,471589,124213,123436,126473,126507,1264268,1265075,1720644,1009084,1,0,
341,110276765238800,1.3928412,2,stimulus,84,110276756621100,1,1,16,342,1479619493,1479619493,2,160459,160017,161887,163887,1414914,857072,1427648,471676,124338,123554,126590,126636,1264454,1265262,1720833,1009278,1,0,
342,110276765238800,1.3928412,2,stimulus,84,110276756621100,1,1,16,343,1479623512,1479623512,2,160606,160137,161978,163994,1415010,857182,1427761,471726,124483,123685,126697,126743,1264576,1265393,1720986,1009448,1,0,
343,110276793210000,1.4208124,2,stimulus,86,110276790228700,1,1,16,344,1479627531,1479627531,2,160534,160063,161901,163916,1414911,857080,1427658,471543,124416,123624,126624,126675,1264468,1265287,1720890,1009354,1,0,
344,110276793210000,1.4208124,2,stimulus,86,110276790228700,1,1,16,345,1479631549,1479631549,2,160416,159951,161801,163786,1414761,856931,1427506,471317,124291,123506,126511,126553,1264287,1265100,1720694,1009150,1,0,
345,110276793210000,1.4208124,2,stimulus,86,110276790228700,1,1,16,346,1479635568,1479635568,2,160321,159896,161751,163721,1414678,856860,1427431,471151,124199,123412,126454,126502,1264192,1265005,1720582,1009019,1,0,
346,110276793210000,1.4208124,2,stimulus,86,110276790228700,1,1,16,347,1479639587,1479639587,2,160452,160054,161898,163866,1414856,857043,1427626,471267,124337,123544,126602,126668,1264397,1265211,1720791,1009234,1,0,
347,110276793210000,1.4208124,2,stimulus,86,110276790228700,1,1,16,348,1479643607,1479643607,2,160594,160196,162008,163971,1414967,857154,1427742,471327,124465,123678,126734,126785,1264528,1265350,1720944,1009412,1,0,
348,110276793210000,1.4208124,2,stimulus,86,110276790228700,1,1,16,349,1479647626,1479647626,2,160513,160129,161937,163886,1414861,857054,1427640,471143,124389,123614,126651,126715,1264418,1265247,1720848,1009319,1,0,
349,110276793210000,1.4208124,2,stimulus,86,110276790228700,1,1,16,350,1479651645,1479651645,2,160382,159989,161804,163744,1414687,856882,1427463,470893,124274,123476,126491,126561,1264213,1265035,1720634,1009089,1,0,
350,110276821313500,1.4489159,2,stimulus,87,110276806193700,1,0,16,351,1479655665,1479655665,2,160305,159906,161728,163688,1414607,856794,1427381,470719,124187,123389,126419,126481,1264114,1264931,1720514,1008952,1,0,
351,110276821313500,1.4489159,2,stimulus,87,110276806193700,1,0,16,352,1479659684,1479659684,2,160441,160023,161846,163821,1414768,856963,1427559,470816,124311,123511,126553,126601,1264304,1265126,1720707,1009154,1,0,
352,110276821313500,1.4489159,2,stimulus,87,110276806193700,1,0,16,353,1479663703,1479663703,2,160572,160119,161928,163908,1414858,857053,1427654,470850,124441,123608,126645,126679,1264414,1265244,1720849,1009309,1,0,
353,110276821313500,1.4489159,2,stimulus,87,110276806193700,1,0,16,354,1479667722,1479667722,2,160494,160039,161846,163841,1414752,856950,1427547,470674,124367,123541,126576,126604,1264306,1265146,1720753,1009211,1,0,
354,110276821313500,1.4489159,2,stimulus,87,110276806193700,1,0,16,355,1479671741,1479671741,2,160378,159919,161718,163724,1414588,856790,1427386,470438,124226,123426,126438,126453,1264114,1264954,1720556,1009000,1,0,
355,110276821313500,1.4489159,2,stimulus,87,110276806193700,1,0,16,356,1479675761,1479675761,2,160286,159855,161665,163676,1414513,856714,1427307,470273,124125,123348,126378,126388,1264017,1264855,1720442,1008871,1,0,
356,110276821313500,1.4489159,2,stimulus,87,110276806193700,1,0,16,357,1479679781,1479679781,2,160409,159986,161806,163811,1414679,856889,1427488,470379,124256,123476,126522,126534,1264213,1265054,1720638,1009071,1,0,
357,110276849235900,1.4768383,2,stimulus,89,110276840692800,1,0,16,358,1479683800,1479683800,2,160543,160109,161910,163910,1414785,856999,1427602,470429,124380,123609,126639,126650,1264338,1265191,1720789,1009243,1,0,
358,110276849235900,1.4768383,2,stimulus,89,110276840692800,1,0,16,359,1479687819,1479687819,2,160468,160019,161826,163813,1414667,856887,1427483,470239,124312,123542,126563,126569,1264223,1265082,1720684,1009140,1,0,
359,110276849235900,1.4768383,2,stimulus,89,110276840692800,1,0,16,360,1479691839,1479691839,2,160346,159884,161694,163681,1414498,856725,1427315,469998,124206,123411,126411,126424,1264026,1264881,1720480,1008924,1,0,
360,110276849235900,1.4768383,2,stimulus,89,110276840692800,1,0,16,361,1479695858,1479695858,2,160265,159839,161649,163647,1414434,856665,1427251,469847,124123,123345,126353,126366,1263942,1264790,1720378,1008808,1,0,
361,110276849235900,1.4768383,2,stimulus,89,110276840692800,1,0,16,362,1479699878,1479699878,2,160384,159979,161779,163789,1414604,856839,1427429,469951,124231,123476,126500,126503,1264135,1264991,1720579,1009004,1,0,
362,110276849235900,1.4768383,2,stimulus,89,110276840692800,1,0,16,363,1479703897,1479703897,2,160523,160098,161894,163893,1414711,856952,1427549,470009,124381,123606,126621,126620,1264268,1265133,1720739,1009180,1,0,
363,110276849235900,1.4768383,2,stimulus,89,110276840692800,1,0,16,364,1479707917,1479707917,2,160466,160034,161832,163832,1414621,856862,1427456,469841,124339,123550,126566,126555,1264174,1265043,1720655,1009098,1,0,
364,110276877213100,1.5048155,2,stimulus,91,110276873378700,1,1,16,365,1479711936,1479711936,2,160366,159938,161709,163721,1414474,856713,1427307,469616,124244,123441,126461,126428,1263996,1264868,1720465,1008889,1,0,
365,110276877213100,1.5048155,2,stimulus,91,110276873378700,1,1,16,366,1479715955,1479715955,2,160291,159884,161670,163674,1414406,856654,1427241,469468,124183,123380,126403,126388,1263913,1264783,1720365,1008769,1,0,
366,110276877213100,1.5048155,2,stimulus,91,110276873378700,1,1,16,367,1479719974,1479719974,2,160444,160023,161809,163807,1414581,856838,1427433,469584,124319,123521,126553,126554,1264115,1264984,1720574,1008976,1,0,
367,110276877213100,1.5048155,2,stimulus,91,110276873378700,1,1,16,368,1479723993,1479723993,2,160612,160165,161929,163932,1414708,856971,1427573,469663,124476,123669,126701,126697,1264263,1265143,1720749,1009172,1,0,
368,110276877213100,1.5048155,2,stimulus,91,110276873378700,1,1,16,369,1479728013,1479728013,2,160554,160111,161884,163892,1414620,856885,1427483,469505,124419,123622,126642,126633,1264172,1265054,1720670,1009094,1,0,
369,110276877213100,1.5048155,2,stimulus,91,110276873378700,1,1,16,370,1479732032,1479732032,2,160462,160026,161803,163804,1414492,856749,1427350,469298,124331,123528,126543,126524,1264009,1264891,1720501,1008914,1,0,
370,110276877213100,1.5048155,2,stimulus,91,110276873378700,1,1,16,371,1479736051,1479736051,2,160386,159980,161783,163763,1414430,856694,1427289,469150,124271,123461,126500,126478,1263935,1264811,1720407,1008800,1,0,
371,110276905169900,1.5327723,2,stimulus,92,110276889739100,1,1,16,372,1479740070,1479740070,2,160531,160143,161953,163924,1414623,856890,1427492,469278,124423,123605,126663,126652,1264149,1265033,1720625,1009024,1,0,
372,110276905169900,1.5327723,2,stimulus,92,110276889739100,1,1,16,373,1479744090,1479744090,2,160697,160282,162093,164048,1414750,857026,1427634,469355,124587,123766,126788,126794,1264301,1265199,1720798,1009221,1,0,
373,110276905169900,1.5327723,2,stimulus,92,110276889739100,1,1,16,374,1479748109,1479748109,2,160634,160211,162028,163978,1414653,856932,1427543,469185,124523,123712,126732,126734,1264204,1265111,1720712,1009136,1,0,
374,110276905169900,1.5327723,2,stimulus,92,110276889739100,1,1,16,375,1479752128,1479752128,2,160522,160103,161915,163858,1414499,856781,1427388,468956,124401,123584,126610,126619,1264024,1264922,1720520,1008928,1,0,
375,110276905169900,1.5327723,2,stimulus,92,110276889739100,1,1,16,376,1479756147,1479756147,2,160444,160058,161882,163833,1414439,856726,1427326,468813,124321,123518,126563,126574,1263950,1264843,1720425,1008814,1,0,
376,110276905169900,1.5327723,2,stimulus,92,110276889739100,1,1,16,377,1479760166,1479760166,2,160563,160182,162006,163984,1414606,856895,1427503,468911,124430,123646,126689,126719,1264140,1265038,1720618,1009009,1,0,
377,110276905169900,1.5327723,2,stimulus,92,110276889739100,1,1,16,378,1479764185,1479764185,2,160724,160314,162129,164105,1414727,857024,1427634,468984,124586,123791,126818,126849,1264286,1265193,1720787,1009199,1,0,
378,110276933143800,1.5607462,2,stimulus,94,110276922849900,1,0,16,379,1479768205,1479768205,2,160654,160250,162053,164019,1414622,856928,1427533,468815,124514,123728,126756,126766,1264183,1265095,1720693,1009106,1,0,
379,110276933143800,1.5607462,2,stimulus,94,110276922849900,1,0,16,380,1479772223,1479772223,2,160513,160118,161909,163884,1414448,856751,1427350,468564,124354,123589,126606,126616,1263976,1264885,1720484,1008876,1,0,
380,110276933143800,1.5607462,2,stimulus,94,110276922849900,1,0,16,381,1479776242,1479776242,2,160416,160038,161831,163833,1414364,856666,1427259,468389,124244,123501,126536,126535,1263873,1264773,1720358,1008733,1,0,
381,110276933143800,1.5607462,2,stimulus,94,110276922849900,1,0,16,382,1479780261,1479780261,2,160553,160171,161978,163971,1414538,856844,1427446,468499,124386,123641,126690,126668,1264072,1264976,1720556,1008938,1,0,
382,110276933143800,1.5607462,2,stimulus,94,110276922849900,1,0,16,383,1479784280,1479784280,2,160718,160310,162098,164086,1414658,856975,1427582,468573,124555,123796,126833,126788,1264216,1265129,1720731,1009124,1,0,
383,110276933143800,1.5607462,2,stimulus,94,110276922849900,1,0,16,384,1479788299,1479788299,2,160631,160221,161999,163993,1414537,856853,1427459,468375,124463,123699,126743,126701,1264089,1265011,1720619,1009013,1,0,
384,110276933143800,1.5607462,2,stimulus,94,110276922849900,1,0,16,385,1479792317,1479792317,2,160474,160076,161850,163837,1414355,856665,1427269,468114,124312,123544,126578,126537,1263873,1264788,1720396,1008778,1,0,
385,110276961211700,1.5888141,2,stimulus,96,110276956562600,1,1,16,386,1479796336,1479796336,2,160365,159981,161768,163762,1414256,856568,1427164,467929,124191,123448,126486,126438,1263749,1264663,1720254,1008624,1,0,
386,110276961211700,1.5888141,2,stimulus,96,110276956562600,1,1,16,387,1479800354,1479800354,2,160479,160088,161882,163899,1414404,856728,1427334,468020,124293,123550,126594,126564,1263924,1264846,1720436,1008813,1,0,
387,110276961211700,1.5888141,2,stimulus,96,110276956562600,1,1,16,388,1479804373,1479804373,2,160622,160208,161983,164008,1414504,856836,1427448,468072,124442,123669,126703,126670,1264048,1264983,1720591,1008987,1,0,
388,110276961211700,1.5888141,2,stimulus,96,110276956562600,1,1,16,389,1479808392,1479808392,2,160542,160142,161904,163934,1414399,856727,1427341,467891,124369,123616,126630,126590,1263943,1264882,1720492,1008890,1,0,
389,110276961211700,1.5888141,2,stimulus,96,110276956562600,1,1,16,390,1479812411,1479812411,2,160419,160032,161802,163831,1414253,856584,1427188,467671,124251,123508,126521,126470,1263768,1264703,1720308,1008691,1,0,
390,110276961211700,1.5888141,2,stimulus,96,110276956562600,1,1,16,391,1479816430,1479816430,2,160319,159929,161733,163767,1414162,856498,1427088,467496,124146,123433,126434,126405,1263654,1264588,1720181,1008549,1,0,
391,110276961211700,1.5888141,2,stimulus,96,110276956562600,1,1,16,392,1479820449,1479820449,2,160402,160014,161849,163863,1414293,856637,1427234,467570,124238,123512,126513,126521,1263813,1264749,1720343,1008719,1,0,
392,110276989296800,1.6168992,2,stimulus,97,110276973427200,1,1,16,393,1479824469,1479824469,2,160544,160138,161954,163949,1414398,856743,1427351,467622,124387,123623,126614,126646,1263943,1264888,1720496,1008899,1,0,
393,110276989296800,1.6168992,2,stimulus,97,110276973427200,1,1,16,394,1479828488,1479828488,2,160497,160094,161907,163896,1414320,856664,1427269,467468,124348,123593,126568,126617,1263861,1264810,1720423,1008838,1,0,
394,110276989296800,1.6168992,2,stimulus,97,110276973427200,1,1,16,395,1479832508,1479832508,2,160370,159980,161803,163783,1414169,856514,1427109,467241,124239,123490,126446,126488,1263677,1264621,1720231,1008633,1,0,
395,110276989296800,1.6168992,2,stimulus,97,110276973427200,1,1,16,396,1479836527,1479836527,2,160256,159901,161734,163707,1414076,856421,1427008,467061,124135,123394,126364,126403,1263563,1264502,1720104,1008480,1,0,
396,110276989296800,1.6168992,2,stimulus,97,110276973427200,1,1,16,397,1479840546,1479840546,2,160375,160024,161840,163833,1414234,856583,1427176,467159,124238,123504,126488,126536,1263742,1264683,1720290,1008669,1,0,
397,110276989296800,1.6168992,2,stimulus,97,110276973427200,1,1,16,398,1479844565,1479844565,2,160536,160146,161935,163950,1414343,856696,1427299,467221,124396,123611,126623,126651,1263874,1264826,1720449,1008853,1,0,
398,110276989296800,1.6168992,2,stimulus,97,110276973427200,1,1,16,399,1479848583,1479848583,2,160473,160080,161868,163875,1414233,856592,1427195,467048,124344,123538,126557,126581,1263766,1264720,1720353,1008763,1,0,
399,110277017149200,1.6447516,2,stimulus,99,110277006152800,1,0,16,400,1479852602,1479852602,2,160368,159992,161773,163770,1414094,856450,1427054,466843,124246,123450,126438,126476,1263602,1264549,1720177,1008572,1,0,
400,110277017149200,1.6447516,2,stimulus,99,110277006152800,1,0,16,401,1479856622,1479856622,2,160290,159951,161731,163730,1414029,856389,1426987,466696,124168,123396,126383,126414,1263514,1264459,1720071,1008448,1,0,
401,110277017149200,1.6447516,2,stimulus,99,110277006152800,1,0,16,402,1479860641,1479860641,2,160412,160080,161854,163851,1414178,856548,1427153,466789,124266,123499,126517,126526,1263688,1264636,1720251,1008631,1,0,
402,110277017149200,1.6447516,2,stimulus,99,110277006152800,1,0,16,403,1479864659,1479864659,2,160585,160223,161985,163977,1414304,856679,1427294,466879,124419,123639,126656,126671,1263840,1264796,1720431,1008834,1,0,
403,110277017149200,1.6447516,2,stimulus,99,110277006152800,1,0,16,404,1479868678,1479868678,2,160528,160161,161925,163914,1414218,856594,1427212,466728,124378,123592,126582,126632,1263753,1264712,1720351,1008763,1,0,
404,110277017149200,1.6447516,2,stimulus,99,110277006152800,1,0,16,405,1479872697,1479872697,2,160410,160028,161806,163783,1414068,856434,1427054,466498,124271,123482,126461,126488,1263564,1264523,1720151,1008556,1,0,
405,110277017149200,1.6447516,2,stimulus,99,110277006152800,1,0,16,406,1479876717,1479876717,2,160317,159933,161738,163707,1413977,856347,1426959,466319,124169,123411,126391,126408,1263447,1264404,1720018,1008411,1,0,
406,110277045157500,1.6727599,2,stimulus,101,110277039624000,1,0,16,407,1479880736,1479880736,2,160413,160019,161843,163806,1414104,856486,1427108,466388,124251,123509,126487,126533,1263606,1264565,1720181,1008573,1,0,
407,110277045157500,1.6727599,2,stimulus,101,110277039624000,1,0,16,408,1479884755,1479884755,2,160548,160115,161940,163893,1414201,856575,1427211,466440,124381,123611,126601,126639,1263725,1264689,1720325,1008743,1,0,
408,110277045157500,1.6727599,2,stimulus,101,110277039624000,1,0,16,409,1479888774,1479888774,2,160480,160043,161859,163811,1414099,856474,1427101,466264,124318,123537,126537,126569,1263619,1264589,1720229,1008651,1,0,
409,110277045157500,1.6727599,2,stimulus,101,110277039624000,1,0,16,410,1479892794,1479892794,2,160362,159948,161741,163704,1413954,856331,1426949,466047,124215,123414,126421,126448,1263448,1264415,1720044,1008458,1,0,
410,110277045157500,1.6727599,2,stimulus,101,110277039624000,1,0,16,411,1479896813,1479896813,2,160272,159883,161674,163667,1413868,856249,1426863,465882,124126,123324,126356,126379,1263345,1264306,1719921,1008319,1,0,
411,110277045157500,1.6727599,2,stimulus,101,110277039624000,1,0,16,412,1479900832,1479900832,2,160383,160010,161799,163791,1414022,856408,1427035,465979,124234,123446,126483,126500,1263524,1264490,1720109,1008503,1,0,
412,110277045157500,1.6727599,2,stimulus,101,110277039624000,1,0,16,413,1479904850,1479904850,2,160539,160153,161928,163901,1414148,856534,1427169,466058,124393,123601,126612,126625,1263668,1264648,1720283,1008698,1,0,
413,110277073256900,1.7008593,2,stimulus,103,110277073127200,1,1,16,414,1479908869,1479908869,2,160491,160101,161863,163843,1414051,856437,1427069,465894,124337,123554,126545,126578,1263574,1264555,1720196,1008617,1,0,
414,110277073256900,1.7008593,2,stimulus,103,110277073127200,1,1,16,415,1479912888,1479912888,2,160386,159986,161745,163743,1413903,856288,1426913,465673,124238,123439,126423,126457,1263396,1264371,1720008,1008416,1,0,
415,110277073256900,1.7008593,2,stimulus,103,110277073127200,1,1,16,416,1479916907,1479916907,2,160290,159906,161688,163678,1413813,856198,1426823,465499,124146,123345,126347,126390,1263287,1264258,1719881,1008268,1,0,
416,110277073256900,1.7008593,2,stimulus,103,110277073127200,1,1,16,417,1479920926,1479920926,2,160378,160004,161792,163779,1413950,856338,1426971,465573,124244,123428,126455,126504,1263445,1264417,1720044,1008431,1,0,
417,110277073256900,1.7008593,2,stimulus,103,110277073127200,1,1,16,418,1479924945,1479924945,2,160553,160163,161933,163919,1414092,856483,1427124,465669,124423,123592,126608,126667,1263606,1264590,1720233,1008642,1,0,
418,110277073256900,1.7008593,2,stimulus,103,110277073127200,1,1,16,419,1479928964,1479928964,2,160519,160136,161899,163878,1414026,856423,1427059,465540,124403,123582,126571,126645,1263538,1264534,1720178,1008591,1,0,
419,110277073256900,1.7008593,2,stimulus,103,110277073127200,1,1,16,420,1479932982,1479932982,2,160424,160035,161804,163776,1413893,856294,1426919,465336,124306,123513,126464,126531,1263373,1264368,1720006,1008408,1,0,
420,110277101143200,1.7287456,2,stimulus,104,110277090052200,1,1,16,421,1479937001,1479937001,2,160340,159977,161755,163724,1413818,856221,1426844,465187,124223,123455,126399,126471,1263284,1264271,1719898,1008279,1,0,
421,110277101143200,1.7287456,2,stimulus,104,110277090052200,1,1,16,422,1479941019,1479941019,2,160468,160108,161899,163860,1413989,856399,1427026,465298,124344,123598,126542,126614,1263475,1264465,1720095,1008471,1,0,
422,110277101143200,1.7287456,2,stimulus,104,110277090052200,1,1,16,423,1479945038,1479945038,2,160647,160254,162036,163993,1414128,856536,1427173,465388,124509,123751,126699,126763,1263630,1264630,1720277,1008669,1,0,
423,110277101143200,1.7287456,2,stimulus,104,110277090052200,1,1,16,424,1479949056,1479949056,2,160600,160187,161977,163944,1414035,856442,1427083,465229,124450,123692,126664,126709,1263538,1264547,1720198,1008596,1,0,
424,110277101143200,1.7287456,2,stimulus,104,110277090052200,1,1,16,425,1479953075,1479953075,2,160496,160062,161863,163836,1413883,856293,1426924,465013,124341,123572,126555,126575,1263359,1264360,1720009,1008396,1,0,
425,110277101143200,1.7287456,2,stimulus,104,110277090052200,1,1,16,426,1479957094,1479957094,2,160383,159962,161778,163757,1413777,856194,1426814,464828,124230,123459,126460,126477,1263231,1264226,1719863,1008234,1,0,
426,110277101143200,1.7287456,2,stimulus,104,110277090052200,1,1,16,427,1479961112,1479961112,2,160466,160052,161863,163846,1413896,856324,1426950,464893,124306,123525,126551,126579,1263374,1264376,1720013,1008378,1,0,
427,110277129197000,1.7567994,2,stimulus,106,110277122841500,1,0,16,428,1479965131,1479965131,2,160634,160190,161992,163966,1414028,856454,1427091,464979,124472,123665,126688,126724,1263524,1264538,1720193,1008583,1,0,
428,110277129197000,1.7567994,2,stimulus,106,110277122841500,1,0,16,429,1479969149,1479969149,2,160558,160113,161926,163903,1413923,856357,1426988,464809,124422,123600,126618,126667,1263422,1264438,1720100,1008490,1,0,
429,110277129197000,1.7567994,2,stimulus,106,110277122841500,1,0,16,430,1479973168,1479973168,2,160412,159989,161808,163793,1413769,856203,1426826,464583,124313,123490,126491,126537,1263235,1264246,1719906,1008280,1,0,
430,110277129197000,1.7567994,2,stimulus,106,110277122841500,1,0,16,431,1479977186,1479977186,2,160315,159923,161744,163740,1413683,856118,1426737,464421,124218,123416,126429,126461,1263131,1264135,1719786,1008144,1,0,
431,110277129197000,1.7567994,2,stimulus,106,110277122841500,1,0,16,432,1479981204,1479981204,2,160404,160021,161828,163832,1413803,856256,1426878,464486,124300,123508,126520,126554,1263278,1264288,1719933,1008296,1,0,
432,110277129197000,1.7567994,2,stimulus,106,110277122841500,1,0,16,433,1479985223,1479985223,2,160553,160131,161934,163927,1413911,856366,1426996,464551,124451,123633,126628,126672,1263404,1264434,1720088,1008470,1,0,
433,110277129197000,1.7567994,2,stimulus,106,110277122841500,1,0,16,434,1479989241,1479989241,2,160491,160051,161876,163861,1413818,856271,1426893,464388,124390,123572,126577,126609,1263308,1264344,1720004,1008383,1,0,
434,110277157457200,1.7850596,2,stimulus,108,110277156685500,1,1,16,435,1479993260,1479993260,2,160364,159931,161766,163747,1413664,856119,1426731,464163,124267,123458,126463,126476,1263128,1264155,1719811,1008177,1,0,
435,110277157457200,1.7850596,2,stimulus,108,110277156685500,1,1,16,436,1479997279,1479997279,2,160284,159869,161715,163690,1413580,856041,1426652,464007,124188,123399,126399,126428,1263029,1264053,1719700,1008043,1,0,
436,110277157457200,1.7850596,2,stimulus,108,110277156685500,1,1,16,437,1480001298,1480001298,2,160406,159988,161830,163801,1413726,856199,1426814,464091,124280,123512,126528,126573,1263199,1264236,1719873,1008215,1,0,
437,110277157457200,1.7850596,2,stimulus,108,110277156685500,1,1,16,438,1480005316,1480005316,2,160586,160124,161950,163906,1413850,856324,1426945,464174,124424,123653,126662,126704,1263343,1264392,1720043,1008404,1,0,
438,110277157457200,1.7850596,2,stimulus,108,110277156685500,1,1,16,439,1480009335,1480009335,2,160519,160061,161903,163842,1413761,856238,1426851,464024,124365,123587,126610,126653,1263251,1264303,1719957,1008330,1,0,
439,110277157457200,1.7850596,2,stimulus,108,110277156685500,1,1,16,440,1480013353,1480013353,2,160384,159956,161796,163730,1413610,856085,1426702,463804,124265,123471,126501,126529,1263074,1264123,1719772,1008133,1,0,
440,110277157457200,1.7850596,2,stimulus,108,110277156685500,1,1,16,441,1480017372,1480017372,2,160277,159876,161729,163668,1413518,855996,1426606,463632,124177,123382,126425,126438,1262963,1264007,1719641,1007986,1,0,
441,110277185194800,1.8127972,2,stimulus,109,110277172950400,1,1,16,442,1480021390,1480021390,2,160358,159954,161815,163760,1413639,856126,1426741,463698,124257,123467,126519,126526,1263103,1264155,1719784,1008131,1,0,
442,110277185194800,1.8127972,2,stimulus,109,110277172950400,1,1,16,443,1480025408,1480025408,2,160536,160134,161937,163902,1413780,856272,1426889,463793,124424,123621,126671,126677,1263264,1264325,1719967,1008338,1,0,
443,110277185194800,1.8127972,2,stimulus,109,110277172950400,1,1,16,444,1480029427,1480029427,2,160477,160071,161868,163843,1413681,856176,1426789,463628,124378,123561,126594,126606,1263166,1264228,1719876,1008248,1,0,
444,110277185194800,1.8127972,2,stimulus,109,110277172950400,1,1,16,445,1480033446,1480033446,2,160366,159951,161762,163716,1413528,856023,1426629,463405,124274,123436,126466,126483,1262979,1264039,1719682,1008041,1,0,
445,110277185194800,1.8127972,2,stimulus,109,110277172950400,1,1,16,446,1480037465,1480037465,2,160272,159883,161718,163659,1413442,855941,1426538,463241,124181,123358,126394,126422,1262873,1263931,1719559,1007899,1,0,
446,110277185194800,1.8127972,2,stimulus,109,110277172950400,1,1,16,447,1480041484,1480041484,2,160388,160004,161851,163801,1413601,856107,1426712,463348,124287,123494,126522,126571,1263061,1264121,1719749,1008087,1,0,
447,110277185194800,1.8127972,2,stimulus,109,110277172950400,1,1,16,448,1480045503,1480045503,2,160563,160155,161979,163937,1413743,856254,1426866,463451,124452,123654,126677,126721,1263230,1264296,1719941,1008298,1,0,
448,110277213197800,1.8408002,2,stimulus,111,110277206073100,1,0,16,449,1480049522,1480049522,2,160501,160100,161916,163876,1413661,856164,1426774,463299,124398,123612,126626,126663,1263141,1264215,1719861,1008220,1,0,
449,110277213197800,1.8408002,2,stimulus,111,110277206073100,1,0,16,450,1480053541,1480053541,2,160409,160002,161821,163794,1413530,856036,1426641,463108,124306,123523,126529,126564,1262989,1264056,1719696,1008043,1,0,
450,110277213197800,1.8408002,2,stimulus,111,110277206073100,1,0,16,451,1480057559,1480057559,2,160333,159948,161772,163762,1413466,855969,1426564,462967,124238,123460,126477,126523,1262898,1263962,1719589,1007917,1,0,
451,110277213197800,1.8408002,2,stimulus,111,110277206073100,1,0,16,452,1480061578,1480061578,2,160438,160068,161881,163888,1413621,856127,1426730,463064,124366,123576,126605,126661,1263072,1264141,1719768,1008094,1,0,
452,110277213197800,1.8408002,2,stimulus,111,110277206073100,1,0,16,453,1480065597,1480065597,2,160619,160228,162000,164011,1413754,856268,1426879,463162,124525,123746,126757,126810,1263230,1264312,1719954,1008304,1,0,
453,110277213197800,1.8408002,2,stimulus,111,110277206073100,1,0,16,454,1480069616,1480069616,2,160575,160166,161928,163931,1413661,856172,1426781,463003,124452,123700,126689,126744,1263135,1264216,1719870,1008218,1,0,
454,110277213197800,1.8408002,2,stimulus,111,110277206073100,1,0,16,455,1480073635,1480073635,2,160482,160071,161830,163839,1413527,856039,1426645,462801,124373,123605,126591,126624,1262976,1264049,1719696,1008033,1,0,
455,110277241364200,1.8689666,2,stimulus,113,110277240171500,1,0,16,456,1480077654,1480077654,2,160387,160006,161756,163783,1413448,855958,1426558,462637,124279,123519,126529,126554,1262870,1263937,1719574,1007896,1,0,
456,110277241364200,1.8689666,2,stimulus,113,110277240171500,1,0,16,457,1480081673,1480081673,2,160464,160092,161859,163870,1413581,856091,1426698,462705,124361,123593,126629,126671,1263027,1264089,1719729,1008048,1,0,
457,110277241364200,1.8689666,2,stimulus,113,110277240171500,1,0,16,458,1480085692,1480085692,2,160621,160221,161988,163974,1413706,856224,1426835,462792,124520,123746,126761,126807,1263176,1264241,1719904,1008244,1,0,
458,110277241364200,1.8689666,2,stimulus,113,110277240171500,1,0,16,459,1480089711,1480089711,2,160553,160152,161924,163889,1413602,856122,1426729,462628,124446,123703,126705,126741,1263069,1264144,1719810,1008154,1,0,
459,110277241364200,1.8689666,2,stimulus,113,110277240171500,1,0,16,460,1480093729,1480093729,2,160438,160011,161809,163754,1413446,855965,1426566,462405,124329,123581,126582,126608,1262887,1263954,1719616,1007948,1,0,
460,110277241364200,1.8689666,2,stimulus,113,110277240171500,1,0,16,461,1480097748,1480097748,2,160350,159934,161739,163691,1413364,855884,1426483,462246,124245,123504,126508,126545,1262784,1263847,1719494,1007812,1,0,
461,110277241364200,1.8689666,2,stimulus,113,110277240171500,1,0,16,462,1480101766,1480101766,2,160444,160030,161841,163803,1413508,856027,1426631,462322,124335,123589,126620,126654,1262944,1264010,1719657,1007971,1,0,
462,110277269258000,1.8968604,2,stimulus,114,110277257705000,1,1,16,463,1480105785,1480105785,2,160619,160184,161963,163940,1413638,856158,1426779,462418,124515,123731,126770,126778,1263108,1264175,1719837,1008175,1,0,
463,110277269258000,1.8968604,2,stimulus,114,110277257705000,1,1,16,464,1480109803,1480109803,2,160573,160132,161903,163885,1413553,856075,1426692,462265,124463,123669,126723,126718,1263023,1264094,1719760,1008094,1,0,
464,110277269258000,1.8968604,2,stimulus,114,110277257705000,1,1,16,465,1480113822,1480113822,2,160461,160032,161795,163768,1413408,855930,1426538,462049,124356,123551,126601,126615,1262845,1263916,1719574,1007894,1,0,
465,110277269258000,1.8968604,2,stimulus,114,110277257705000,1,1,16,466,1480117840,1480117840,2,160356,159964,161720,163716,1413314,855841,1426441,461886,124283,123475,126519,126549,1262739,1263804,1719450,1007754,1,0,
466,110277269258000,1.8968604,2,stimulus,114,110277257705000,1,1,16,467,1480121859,1480121859,2,160413,160048,161805,163807,1413421,855959,1426566,461946,124354,123562,126608,126637,1262879,1263939,1719588,1007890,1,0,
467,110277269258000,1.8968604,2,stimulus,114,110277257705000,1,1,16,468,1480125878,1480125878,2,160572,160171,161931,163924,1413540,856082,1426696,462026,124493,123700,126739,126764,1263019,1264093,1719752,1008078,1,0,
468,110277269258000,1.8968604,2,stimulus,114,110277257705000,1,1,16,469,1480129897,1480129897,2,160514,160093,161860,163859,1413444,855982,1426591,461862,124415,123641,126664,126706,1262916,1263996,1719654,1007982,1,0,
469,110277297164800,1.9247672,2,stimulus,116,110277290972300,1,1,16,470,1480133916,1480133916,2,160395,159983,161733,163746,1413286,855824,1426424,461643,124294,123523,126528,126588,1262734,1263811,1719462,1007773,1,0,
470,110277297164800,1.9247672,2,stimulus,116,110277290972300,1,1,16,471,1480137935,1480137935,2,160296,159900,161665,163683,1413192,855732,1426328,461477,124189,123454,126455,126503,1262625,1263696,1719336,1007631,1,0,
471,110277297164800,1.9247672,2,stimulus,116,110277290972300,1,1,16,472,1480141954,1480141954,2,160393,159999,161765,163785,1413328,855872,1426473,461564,124278,123556,126569,126607,1262786,1263856,1719497,1007790,1,0,
472,110277297164800,1.9247672,2,stimulus,116,110277290972300,1,1,16,473,1480145973,1480145973,2,160594,160173,161916,163941,1413490,856037,1426643,461690,124487,123724,126734,126773,1262973,1264052,1719707,1008021,1,0,
473,110277297164800,1.9247672,2,stimulus,116,110277290972300,1,1,16,474,1480149992,1480149992,2,160569,160149,161894,163919,1413434,855971,1426574,461571,124478,123696,126704,126743,1262918,1263998,1719658,1007974,1,0,
474,110277297164800,1.9247672,2,stimulus,116,110277290972300,1,1,16,475,1480154011,1480154011,2,160470,160071,161799,163839,1413311,855841,1426441,461381,124408,123608,126598,126646,1262766,1263834,1719494,1007799,1,0,
475,110277297164800,1.9247672,2,stimulus,116,110277290972300,1,1,16,476,1480158031,1480158031,2,160382,160015,161754,163798,1413244,855768,1426373,461237,124321,123555,126533,126590,1262683,1263736,1719392,1007678,1,0,
476,110277325294900,1.9528973,2,stimulus,118,110277323531900,1,0,16,477,1480162050,1480162050,2,160466,160106,161867,163893,1413375,855900,1426524,461311,124372,123654,126636,126707,1262836,1263888,1719543,1007832,1,0,
477,110277325294900,1.9528973,2,stimulus,118,110277323531900,1,0,16,478,1480166069,1480166069,2,160651,160259,162016,163996,1413508,856042,1426673,461414,124516,123805,126783,126857,1262994,1264059,1719731,1008040,1,0,
478,110277325294900,1.9528973,2,stimulus,118,110277323531900,1,0,16,479,1480170088,1480170088,2,160591,160209,161967,163923,1413421,855954,1426579,461268,124471,123759,126738,126785,1262910,1263977,1719648,1007964,1,0,
479,110277325294900,1.9528973,2,stimulus,118,110277323531900,1,0,16,480,1480174107,1480174107,2,160503,160128,161874,163836,1413299,855833,1426446,461081,124405,123677,126631,126678,1262763,1263820,1719487,1007794,1,0,
480,110277325294900,1.9528973,2,stimulus,118,110277323531900,1,0,16,481,1480178127,1480178127,2,160427,160069,161843,163801,1413234,855769,1426373,460939,124335,123619,126579,126624,1262681,1263728,1719382,1007669,1,0,
481,110277325294900,1.9528973,2,stimulus,118,110277323531900,1,0,16,482,1480182146,1480182146,2,160533,160158,161966,163923,1413385,855924,1426534,461026,124433,123716,126696,126748,1262856,1263903,1719554,1007841,1,0,
482,110277325294900,1.9528973,2,stimulus,118,110277323531900,1,0,16,483,1480186165,1480186165,2,160718,160314,162104,164064,1413533,856074,1426694,461138,124616,123861,126862,126895,1263026,1264085,1719751,1008061,1,0,
483,110277353281200,1.9808836,2,stimulus,119,110277340588600,1,0,16,484,1480190184,1480190184,2,160638,160239,161999,163987,1413419,855951,1426579,460962,124548,123768,126774,126819,1262914,1263974,1719644,1007956,1,0,
484,110277353281200,1.9808836,2,stimulus,119,110277340588600,1,0,16,485,1480194204,1480194204,2,160511,160122,161877,163860,1413261,855793,1426416,460739,124441,123647,126633,126684,1262733,1263786,1719453,1007750,1,0,
485,110277353281200,1.9808836,2,stimulus,119,110277340588600,1,0,16,486,1480198223,1480198223,2,160383,160021,161803,163763,1413148,855681,1426298,460553,124331,123551,126545,126591,1262603,1263653,1719306,1007586,1,0,
486,110277353281200,1.9808836,2,stimulus,119,110277340588600,1,0,16,487,1480202243,1480202243,2,160459,160108,161906,163865,1413282,855824,1426449,460633,124413,123647,126652,126712,1262762,1263811,1719463,1007740,1,0,
487,110277353281200,1.9808836,2,stimulus,119,110277340588600,1,0,16,488,1480206262,1480206262,2,160626,160255,162036,164003,1413424,855975,1426606,460739,124583,123804,126801,126854,1262931,1263988,1719656,1007957,1,0,
488,110277353281200,1.9808836,2,stimulus,119,110277340588600,1,0,16,489,1480210281,1480210281,2,160537,160169,161961,163927,1413313,855860,1426482,460555,124501,123720,126731,126769,1262816,1263882,1719548,1007854,1,0,
489,110277353281200,1.9808836,2,stimulus,119,110277340588600,1,0,16,490,1480214300,1480214300,2,160419,160068,161853,163819,1413164,855714,1426325,460339,124394,123606,126606,126629,1262643,1263702,1719362,1007661,1,0,
490,110277381138400,2.0087408,2,stimulus,121,110277373179600,1,1,16,491,1480218319,1480218319,2,160353,160020,161814,163788,1413104,855646,1426261,460198,124343,123539,126555,126582,1262561,1263613,1719262,1007544,1,0,
491,110277381138400,2.0087408,2,stimulus,121,110277373179600,1,1,16,492,1480222338,1480222338,2,160459,160126,161929,163914,1413256,855805,1426424,460284,124437,123646,126693,126734,1262738,1263789,1719441,1007714,1,0,
492,110277381138400,2.0087408,2,stimulus,121,110277373179600,1,1,16,493,1480226357,1480226357,2,160645,160264,162054,164049,1413398,855948,1426576,460383,124595,123806,126859,126893,1262901,1263968,1719632,1007931,1,0,
493,110277381138400,2.0087408,2,stimulus,121,110277373179600,1,1,16,494,1480230377,1480230377,2,160594,160193,161984,163969,1413303,855847,1426475,460220,124519,123731,126787,126818,1262798,1263869,1719541,1007840,1,0,
494,110277381138400,2.0087408,2,stimulus,121,110277373179600,1,1,16,495,1480234396,1480234396,2,160484,160072,161869,163854,1413158,855706,1426326,460013,124414,123614,126664,126701,1262626,1263696,1719360,1007649,1,0,
495,110277381138400,2.0087408,2,stimulus,121,110277373179600,1,1,16,496,1480238415,1480238415,2,160393,159980,161801,163799,1413073,855626,1426244,459859,124331,123543,126598,126636,1262526,1263590,1719239,1007518,1,0,
496,110277381138400,2.0087408,2,stimulus,121,110277373179600,1,1,16,497,1480242435,1480242435,2,160486,160070,161913,163886,1413207,855763,1426389,459932,124393,123634,126710,126737,1262681,1263741,1719391,1007670,1,0,
497,110277409158000,2.0367604,2,stimulus,123,110277406002000,1,0,16,498,1480246454,1480246454,2,160650,160213,162036,164007,1413337,855893,1426528,460022,124547,123787,126847,126854,1262829,1263901,1719569,1007869,1,0,
498,110277409158000,2.0367604,2,stimulus,123,110277406002000,1,0,16,499,1480250473,1480250473,2,160559,160136,161943,163918,1413216,855771,1426406,459838,124472,123693,126758,126761,1262707,1263789,1719459,1007761,1,0,
499,110277409158000,2.0367604,2,stimulus,123,110277406002000,1,0,16,500,1480254491,1480254491,2,160439,160014,161813,163792,1413056,855614,1426240,459618,124367,123558,126614,126618,1262521,1263600,1719264,1007555,1,0,
500,110277409158000,2.0367604,2,stimulus,123,110277406002000,1,0,16,501,1480258510,1480258510,2,160352,159948,161748,163725,1412968,855528,1426148,459456,124294,123473,126523,126520,1262416,1263483,1719138,1007409,1,0,
501,110277409158000,2.0367604,2,stimulus,123,110277406002000,1,0,16,502,1480262529,1480262529,2,160422,160023,161841,163823,1413093,855655,1426284,459525,124370,123561,126599,126626,1262558,1263628,1719275,1007547,1,0,
502,110277409158000,2.0367604,2,stimulus,123,110277406002000,1,0,16,503,1480266548,1480266548,2,160598,160169,161980,163972,1413236,855801,1426442,459640,124543,123740,126752,126803,1262728,1263808,1719471,1007768,1,0,
503,110277409158000,2.0367604,2,stimulus,123,110277406002000,1,0,16,504,1480270567,1480270567,2,160559,160124,161932,163915,1413159,855724,1426363,459504,124486,123707,126718,126769,1262649,1263731,1719404,1007705,1,0,
504,110277437144800,2.0647472,2,stimulus,124,110277422953800,1,0,16,505,1480274586,1480274586,2,160451,160025,161840,163794,1413025,855587,1426219,459309,124387,123596,126623,126646,1262483,1263564,1719236,1007516,1,0,
505,110277437144800,2.0647472,2,stimulus,124,110277422953800,1,0,16,506,1480278605,1480278605,2,160358,159974,161789,163729,1412944,855508,1426129,459160,124316,123511,126553,126574,1262384,1263460,1719117,1007379,1,0,
506,110277437144800,2.0647472,2,stimulus,124,110277422953800,1,0,16,507,1480282624,1480282624,2,160436,160068,161871,163819,1413066,855631,1426259,459218,124376,123599,126618,126681,1262524,1263597,1719254,1007521,1,0,
507,110277437144800,2.0647472,2,stimulus,124,110277422953800,1,0,16,508,1480286644,1480286644,2,160644,160252,162039,163964,1413233,855805,1426443,459356,124557,123795,126780,126849,1262713,1263799,1719473,1007769,1,0,
508,110277437144800,2.0647472,2,stimulus,124,110277422953800,1,0,16,509,1480290663,1480290663,2,160615,160212,161997,163924,1413163,855736,1426373,459233,124529,123761,126754,126805,1262644,1263733,1719414,1007712,1,0,
509,110277437144800,2.0647472,2,stimulus,124,110277422953800,1,0,16,510,1480294683,1480294683,2,160518,160097,161891,163829,1413031,855598,1426234,459036,124442,123656,126650,126693,1262480,1263569,1719241,1007521,1,0,
510,110277437144800,2.0647472,2,stimulus,124,110277422953800,1,0,16,511,1480298703,1480298703,2,160421,160009,161826,163778,1412940,855509,1426137,458876,124362,123568,126564,126619,1262365,1263450,1719111,1007371,1,0,
511,110277465198300,2.0928007,2,stimulus,126,110277456779800,1,1,16,512,1480302722,1480302722,2,160460,160074,161894,163861,1413028,855608,1426243,458916,124398,123616,126628,126694,1262483,1263564,1719224,1007485,1,0,
512,110277465198300,2.0928007,2,stimulus,126,110277456779800,1,1,16,513,1480306742,1480306742,2,160619,160217,162012,163979,1413148,855732,1426383,459006,124547,123755,126761,126809,1262628,1263721,1719398,1007682,1,0,
513,110277465198300,2.0928007,2,stimulus,126,110277456779800,1,1,16,514,1480310761,1480310761,2,160563,160138,161930,163909,1413050,855631,1426277,458848,124478,123684,126683,126743,1262525,1263625,1719308,1007594,1,0,
514,110277465198300,2.0928007,2,stimulus,126,110277456779800,1,1,16,515,1480314780,1480314780,2,160450,160023,161813,163813,1412913,855490,1426133,458646,124369,123567,126561,126645,1262358,1263459,1719128,1007409,1,0,
515,110277465198300,2.0928007,2,stimulus,126,110277456779800,1,1,16,516,1480318799,1480318799,2,160348,159943,161749,163754,1412823,855406,1426049,458489,124266,123495,126499,126585,1262249,1263348,1719005,1007267,1,0,
516,110277465198300,2.0928007,2,stimulus,126,110277456779800,1,1,16,517,1480322818,1480322818,2,160411,160026,161842,163835,1412944,855534,1426184,458558,124332,123583,126588,126686,1262388,1263484,1719141,1007402,1,0,
517,110277465198300,2.0928007,2,stimulus,126,110277456779800,1,1,16,518,1480326837,1480326837,2,160608,160216,162011,163988,1413117,855706,1426371,458695,124531,123774,126759,126853,1262584,1263688,1719362,1007646,1,0,
518,110277493267500,2.1208699,2,stimulus,128,110277491416300,1,1,16,519,1480330855,1480330855,2,160543,160163,161965,163924,1413028,855616,1426278,458547,124483,123713,126704,126790,1262497,1263604,1719287,1007566,1,0,
519,110277493267500,2.1208699,2,stimulus,128,110277491416300,1,1,16,520,1480334874,1480334874,2,160438,160061,161866,163829,1412894,855473,1426133,458349,124386,123593,126593,126666,1262333,1263436,1719111,1007379,1,0,
520,110277493267500,2.1208699,2,stimulus,128,110277491416300,1,1,16,521,1480338893,1480338893,2,160377,160014,161829,163804,1412835,855410,1426071,458224,124338,123538,126541,126614,1262252,1263354,1719014,1007264,1,0,
521,110277493267500,2.1208699,2,stimulus,128,110277491416300,1,1,16,522,1480342912,1480342912,2,160476,160115,161948,163919,1412984,855564,1426229,458314,124441,123655,126653,126736,1262421,1263526,1719181,1007430,1,0,
522,110277493267500,2.1208699,2,stimulus,128,110277491416300,1,1,16,523,1480346931,1480346931,2,160683,160288,162098,164054,1413139,855728,1426402,458447,124638,123831,126822,126901,1262609,1263722,1719390,1007662,1,0,
523,110277493267500,2.1208699,2,stimulus,128,110277491416300,1,1,16,524,1480350950,1480350950,2,160632,160224,162037,163993,1413054,855640,1426314,458299,124600,123775,126763,126844,1262524,1263638,1719313,1007590,1,0,
524,110277493267500,2.1208699,2,stimulus,128,110277491416300,1,1,16,525,1480354970,1480354970,2,160538,160127,161948,163907,1412933,855516,1426185,458116,124513,123681,126676,126731,1262373,1263489,1719153,1007417,1,0,
525,110277521165500,2.1487679,2,stimulus,129,110277507293900,1,0,16,526,1480358989,1480358989,2,160488,160084,161921,163891,1412886,855474,1426134,458002,124448,123649,126646,126699,1262303,1263421,1719070,1007314,1,0,
526,110277521165500,2.1487679,2,stimulus,129,110277507293900,1,0,16,527,1480363008,1480363008,2,160590,160190,162048,164009,1413038,855636,1426295,458099,124539,123756,126759,126849,1262478,1263599,1719244,1007484,1,0,
527,110277521165500,2.1487679,2,stimulus,129,110277507293900,1,0,16,528,1480367028,1480367028,2,160780,160366,162206,164153,1413196,855799,1426476,458229,124723,123933,126917,127023,1262667,1263794,1719453,1007718,1,0,
528,110277521165500,2.1487679,2,stimulus,129,110277507293900,1,0,16,529,1480371047,1480371047,2,160723,160318,162127,164083,1413104,855704,1426378,458074,124658,123879,126864,126941,1262569,1263705,1719370,1007640,1,0,
529,110277521165500,2.1487679,2,stimulus,129,110277507293900,1,0,16,530,1480375067,1480375067,2,160618,160221,162013,163973,1412966,855558,1426229,457877,124556,123774,126754,126800,1262404,1263536,1719193,1007452,1,0,
530,110277521165500,2.1487679,2,stimulus,129,110277507293900,1,0,16,531,1480379086,1480379086,2,160524,160153,161949,163919,1412878,855473,1426139,457728,124470,123699,126684,126716,1262301,1263424,1719071,1007311,1,0,
531,110277521165500,2.1487679,2,stimulus,129,110277507293900,1,0,16,532,1480383105,1480383105,2,160579,160223,162022,164008,1412982,855584,1426258,457784,124522,123770,126756,126798,1262424,1263554,1719198,1007431,1,0,
532,110277549253100,2.1768555,2,stimulus,131,110277540332400,1,0,16,533,1480387124,1480387124,2,160757,160374,162148,164156,1413126,855734,1426425,457903,124694,123933,126915,126953,1262598,1263735,1719399,1007653,1,0,
533,110277549253100,2.1768555,2,stimulus,131,110277540332400,1,0,16,534,1480391143,1480391143,2,160710,160309,162090,164096,1413052,855657,1426343,457768,124651,123876,126878,126901,1262523,1263664,1719336,1007591,1,0,
534,110277549253100,2.1768555,2,stimulus,131,110277540332400,1,0,16,535,1480395163,1480395163,2,160601,160198,161979,163976,1412911,855518,1426200,457566,124544,123759,126774,126799,1262357,1263495,1719162,1007406,1,0,
535,110277549253100,2.1768555,2,stimulus,131,110277540332400,1,0,16,536,1480399183,1480399183,2,160509,160129,161918,163922,1412832,855433,1426113,457410,124459,123684,126703,126757,1262249,1263387,1719043,1007272,1,0,
536,110277549253100,2.1768555,2,stimulus,131,110277540332400,1,0,16,537,1480403202,1480403202,2,160560,160191,161979,163993,1412936,855540,1426223,457454,124501,123752,126759,126857,1262366,1263513,1719165,1007387,1,0,
537,110277549253100,2.1768555,2,stimulus,131,110277540332400,1,0,16,538,1480407222,1480407222,2,160778,160383,162143,164149,1413113,855714,1426413,457598,124698,123941,126934,127038,1262569,1263724,1719394,1007634,1,0,
538,110277549253100,2.1768555,2,stimulus,131,110277540332400,1,0,16,539,1480411241,1480411241,2,160736,160336,162097,164087,1413031,855633,1426325,457459,124656,123898,126877,126972,1262489,1263646,1719318,1007568,1,0,
539,110277577192200,2.2047946,2,stimulus,133,110277574140000,1,1,16,540,1480415261,1480415261,2,160623,160225,161989,163973,1412882,855489,1426172,457253,124543,123785,126760,126825,1262315,1263470,1719139,1007369,1,0,
540,110277577192200,2.2047946,2,stimulus,133,110277574140000,1,1,16,541,1480419280,1480419280,2,160552,160164,161938,163938,1412812,855423,1426098,457114,124453,123723,126705,126763,1262223,1263371,1719036,1007244,1,0,
541,110277577192200,2.2047946,2,stimulus,133,110277574140000,1,1,16,542,1480423299,1480423299,2,160610,160233,162006,164024,1412918,855538,1426217,457162,124496,123780,126778,126843,1262351,1263501,1719159,1007370,1,0,
542,110277577192200,2.2047946,2,stimulus,133,110277574140000,1,1,16,543,1480427318,1480427318,2,160798,160408,162165,164176,1413081,855710,1426395,457299,124693,123943,126952,126997,1262543,1263704,1719374,1007606,1,0,
543,110277577192200,2.2047946,2,stimulus,133,110277574140000,1,1,16,544,1480431338,1480431338,2,160730,160349,162094,164111,1412990,855619,1426304,457153,124643,123885,126891,126929,1262456,1263618,1719294,1007533,1,0,
544,110277577192200,2.2047946,2,stimulus,133,110277574140000,1,1,16,545,1480435358,1480435358,2,160580,160223,161961,163990,1412831,855459,1426134,456937,124510,123746,126752,126782,1262266,1263424,1719100,1007324,1,0,
545,110277577192200,2.2047946,2,stimulus,133,110277574140000,1,1,16,546,1480439377,1480439377,2,160479,160139,161894,163918,1412743,855364,1426038,456778,124414,123655,126683,126691,1262152,1263303,1718970,1007175,1,0,
546,110277605208200,2.2328106,2,stimulus,134,110277589924700,1,1,16,547,1480443396,1480443396,2,160543,160194,161978,163987,1412853,855476,1426157,456831,124457,123711,126754,126780,1262279,1263432,1719089,1007294,1,0,
547,110277605208200,2.2328106,2,stimulus,134,110277589924700,1,1,16,548,1480447415,1480447415,2,160726,160342,162125,164127,1413008,855633,1426326,456958,124656,123863,126883,126936,1262455,1263623,1719295,1007529,1,0,
548,110277605208200,2.2328106,2,stimulus,134,110277589924700,1,1,16,549,1480451435,1480451435,2,160689,160291,162075,164084,1412941,855561,1426256,456829,124623,123812,126821,126892,1262387,1263559,1719236,1007473,1,0,
549,110277605208200,2.2328106,2,stimulus,134,110277589924700,1,1,16,550,1480455454,1480455454,2,160572,160176,161947,163968,1412793,855411,1426098,456624,124509,123692,126693,126751,1262213,1263384,1719048,1007280,1,0,
550,110277605208200,2.2328106,2,stimulus,134,110277589924700,1,1,16,551,1480459473,1480459473,2,160514,160134,161896,163941,1412736,855351,1426031,456501,124443,123651,126646,126698,1262136,1263298,1718953,1007166,1,0,
551,110277605208200,2.2328106,2,stimulus,134,110277589924700,1,1,16,552,1480463493,1480463493,2,160606,160222,162002,164049,1412871,855491,1426175,456581,124515,123733,126756,126815,1262288,1263451,1719104,1007314,1,0,
552,110277605208200,2.2328106,2,stimulus,134,110277589924700,1,1,16,553,1480467513,1480467513,2,160811,160396,162178,164202,1413043,855665,1426361,456731,124708,123910,126946,126990,1262488,1263662,1719331,1007569,1,0,
553,110277633125000,2.2607274,2,stimulus,136,110277624069400,1,0,16,554,1480471533,1480471533,2,160764,160348,162143,164145,1412963,855593,1426286,456601,124647,123879,126906,126938,1262413,1263590,1719261,1007510,1,0,
554,110277633125000,2.2607274,2,stimulus,136,110277624069400,1,0,16,555,1480475552,1480475552,2,160652,160227,162036,164039,1412823,855451,1426141,456403,124547,123774,126774,126816,1262246,1263419,1719083,1007318,1,0,
555,110277633125000,2.2607274,2,stimulus,136,110277624069400,1,0,16,556,1480479572,1480479572,2,160547,160142,161972,163964,1412726,855358,1426046,456246,124471,123683,126686,126729,1262127,1263301,1718954,1007170,1,0,
556,110277633125000,2.2607274,2,stimulus,136,110277624069400,1,0,16,557,1480483591,1480483591,2,160600,160207,162047,164033,1412826,855463,1426156,456291,124528,123741,126756,126788,1262246,1263422,1719074,1007288,1,0,
557,110277633125000,2.2607274,2,stimulus,136,110277624069400,1,0,16,558,1480487611,1480487611,2,160788,160355,162211,164168,1412985,855621,1426325,456420,124713,123900,126919,126937,1262433,1263613,1719287,1007522,1,0,
558,110277633125000,2.2607274,2,stimulus,136,110277624069400,1,0,16,559,1480491631,1480491631,2,160713,160281,162146,164091,1412887,855522,1426223,456264,124648,123839,126851,126868,1262338,1263522,1719201,1007442,1,0,
559,110277633125000,2.2607274,2,stimulus,136,110277624069400,1,0,16,560,1480495651,1480495651,2,160591,160179,162003,163962,1412726,855357,1426063,456048,124520,123701,126706,126743,1262150,1263333,1719008,1007234,1,0,
560,110277661021300,2.2886237,2,stimulus,138,110277657618600,1,1,16,561,1480499671,1480499671,2,160508,160136,161936,163909,1412653,855275,1425980,455908,124436,123628,126634,126694,1262047,1263230,1718893,1007100,1,0,
561,110277661021300,2.2886237,2,stimulus,138,110277657618600,1,1,16,562,1480503690,1480503690,2,160564,160201,162012,163981,1412765,855398,1426098,455958,124462,123708,126721,126789,1262176,1263368,1719021,1007228,1,0,
562,110277661021300,2.2886237,2,stimulus,138,110277657618600,1,1,16,563,1480507709,1480507709,2,160762,160352,162156,164112,1412922,855562,1426273,456089,124629,123881,126869,126950,1262359,1263565,1719235,1007466,1,0,
563,110277661021300,2.2886237,2,stimulus,138,110277657618600,1,1,16,564,1480511728,1480511728,2,160686,160282,162074,164036,1412826,855461,1426175,455938,124567,123804,126793,126874,1262263,1263478,1719153,1007386,1,0,
564,110277661021300,2.2886237,2,stimulus,138,110277657618600,1,1,16,565,1480515747,1480515747,2,160546,160152,161942,163904,1412664,855296,1426010,455718,124439,123656,126655,126729,1262078,1263288,1718957,1007180,1,0,
565,110277661021300,2.2886237,2,stimulus,138,110277657618600,1,1,16,566,1480519767,1480519767,2,160439,160068,161873,163832,1412566,855203,1425906,455554,124325,123564,126582,126637,1261961,1263161,1718823,1007023,1,0,
566,110277661021300,2.2886237,2,stimulus,138,110277657618600,1,1,16,567,1480523786,1480523786,2,160497,160127,161946,163912,1412673,855316,1426023,455604,124379,123641,126661,126719,1262087,1263284,1718947,1007143,1,0,
567,110277689257700,2.3168601,2,stimulus,139,110277673780400,1,1,16,568,1480527806,1480527806,2,160699,160286,162093,164062,1412836,855486,1426206,455746,124587,123818,126818,126896,1262281,1263488,1719163,1007388,1,0,
568,110277689257700,2.3168601,2,stimulus,139,110277673780400,1,1,16,569,1480531826,1480531826,2,160623,160202,162005,163975,1412730,855379,1426096,455581,124539,123736,126727,126819,1262170,1263389,1719069,1007294,1,0,
569,110277689257700,2.3168601,2,stimulus,139,110277673780400,1,1,16,570,1480535846,1480535846,2,160514,160077,161884,163853,1412584,855226,1425938,455373,124431,123619,126609,126676,1261988,1263208,1718891,1007099,1,0,
570,110277689257700,2.3168601,2,stimulus,139,110277673780400,1,1,16,571,1480539865,1480539865,2,160451,160015,161835,163799,1412511,855153,1425865,455243,124353,123549,126571,126612,1261897,1263116,1718784,1006976,1,0,
571,110277689257700,2.3168601,2,stimulus,139,110277673780400,1,1,16,572,1480543884,1480543884,2,160521,160101,161941,163898,1412637,855286,1425999,455320,124413,123628,126668,126706,1262046,1263263,1718924,1007115,1,0,
572,110277689257700,2.3168601,2,stimulus,139,110277673780400,1,1,16,573,1480547902,1480547902,2,160738,160295,162136,164070,1412831,855477,1426206,455484,124643,123836,126863,126891,1262268,1263490,1719169,1007386,1,0,
573,110277689257700,2.3168601,2,stimulus,139,110277673780400,1,1,16,574,1480551921,1480551921,2,160700,160261,162086,164020,1412759,855403,1426135,455356,124613,123809,126830,126859,1262196,1263421,1719113,1007338,1,0,
574,110277717154900,2.3447573,2,stimulus,141,110277706337600,1,0,16,575,1480555940,1480555940,2,160584,160142,161955,163905,1412608,855257,1425976,455148,124491,123683,126711,126740,1262014,1263244,1718929,1007143,1,0,
575,110277717154900,2.3447573,2,stimulus,141,110277706337600,1,0,16,576,1480559959,1480559959,2,160500,160059,161890,163844,1412520,855174,1425887,454996,124395,123591,126639,126672,1261906,1263133,1718805,1006998,1,0,
576,110277717154900,2.3447573,2,stimulus,141,110277706337600,1,0,16,577,1480563978,1480563978,2,160549,160111,161964,163923,1412622,855279,1425996,455040,124431,123646,126694,126742,1262025,1263251,1718917,1007106,1,0,
577,110277717154900,2.3447573,2,stimulus,141,110277706337600,1,0,16,578,1480567997,1480567997,2,160753,160274,162120,164072,1412785,855441,1426176,455172,124616,123819,126856,126904,1262219,1263449,1719134,1007346,1,0,
578,110277717154900,2.3447573,2,stimulus,141,110277706337600,1,0,16,579,1480572016,1480572016,2,160678,160216,162044,163994,1412675,855327,1426068,455008,124540,123746,126775,126824,1262111,1263344,1719041,1007259,1,0,
579,110277717154900,2.3447573,2,stimulus,141,110277706337600,1,0,16,580,1480576036,1480576036,2,160559,160117,161929,163872,1412528,855178,1425916,454804,124435,123635,126663,126703,1261936,1263166,1718857,1007064,1,0,
580,110277717154900,2.3447573,2,stimulus,141,110277706337600,1,0,16,581,1480580055,1480580055,2,160471,160051,161873,163808,1412447,855096,1425828,454664,124358,123572,126608,126638,1261834,1263063,1718741,1006932,1,0,
581,110277745096700,2.3726991,2,stimulus,143,110277740234300,1,0,16,582,1480584075,1480584075,2,160518,160100,161946,163885,1412548,855200,1425936,454713,124393,123639,126685,126707,1261949,1263184,1718854,1007040,1,0,
582,110277745096700,2.3726991,2,stimulus,143,110277740234300,1,0,16,583,1480588095,1480588095,2,160701,160248,162094,164033,1412699,855360,1426109,454844,124576,123806,126838,126868,1262132,1263381,1719066,1007273,1,0,
583,110277745096700,2.3726991,2,stimulus,143,110277740234300,1,0,16,584,1480592114,1480592114,2,160622,160156,162001,163943,1412578,855241,1425992,454673,124496,123719,126738,126790,1262021,1263273,1718968,1007172,1,0,
584,110277745096700,2.3726991,2,stimulus,143,110277740234300,1,0,16,585,1480596134,1480596134,2,160499,160037,161886,163828,1412428,855082,1425833,454464,124388,123580,126593,126661,1261843,1263088,1718781,1006972,1,0,
585,110277745096700,2.3726991,2,stimulus,143,110277740234300,1,0,16,586,1480600153,1480600153,2,160404,159964,161818,163778,1412333,854982,1425735,454309,124307,123496,126507,126573,1261731,1262966,1718652,1006828,1,0,
586,110277745096700,2.3726991,2,stimulus,143,110277740234300,1,0,16,587,1480604173,1480604173,2,160443,160034,161874,163853,1412435,855074,1425843,454356,124353,123551,126588,126646,1261845,1263078,1718764,1006933,1,0,
587,110277745096700,2.3726991,2,stimulus,143,110277740234300,1,0,16,588,1480608193,1480608193,2,160676,160229,162064,164031,1412626,855266,1426059,454522,124578,123768,126797,126842,1262066,1263302,1719013,1007208,1,0,
588,110277773384900,2.4009873,2,stimulus,144,110277757235600,1,1,16,589,1480612213,1480612213,2,160606,160168,162005,163968,1412528,855165,1425964,454373,124514,123721,126748,126764,1261973,1263214,1718936,1007132,1,0,
589,110277773384900,2.4009873,2,stimulus,144,110277757235600,1,1,16,590,1480616233,1480616233,2,160449,160035,161869,163848,1412361,854992,1425790,454149,124383,123588,126602,126624,1261784,1263021,1718735,1006918,1,0,
590,110277773384900,2.4009873,2,stimulus,144,110277757235600,1,1,16,591,1480620252,1480620252,2,160340,159936,161787,163783,1412259,854881,1425681,453979,124274,123492,126508,126531,1261652,1262886,1718591,1006761,1,0,
591,110277773384900,2.4009873,2,stimulus,144,110277757235600,1,1,16,592,1480624273,1480624273,2,160381,159966,161831,163829,1412331,854953,1425765,454001,124267,123518,126566,126581,1261742,1262978,1718678,1006837,1,0,
592,110277773384900,2.4009873,2,stimulus,144,110277757235600,1,1,16,593,1480628293,1480628293,2,160599,160151,162009,163988,1412504,855124,1425959,454151,124470,123705,126749,126753,1261945,1263194,1718907,1007092,1,0,
593,110277773384900,2.4009873,2,stimulus,144,110277757235600,1,1,16,594,1480632313,1480632313,2,160557,160107,161950,163941,1412425,855036,1425876,454018,124437,123668,126694,126699,1261868,1263124,1718844,1007032,1,0,
594,110277773384900,2.4009873,2,stimulus,144,110277757235600,1,1,16,595,1480636333,1480636333,2,160428,160004,161839,163833,1412281,854884,1425728,453821,124344,123566,126566,126569,1261694,1262954,1718665,1006841,1,0,
595,110277801135300,2.4287377,2,stimulus,146,110277790999500,1,1,16,596,1480640353,1480640353,2,160339,159941,161785,163782,1412204,854799,1425642,453680,124271,123496,126479,126501,1261584,1262845,1718541,1006699,1,0,
596,110277801135300,2.4287377,2,stimulus,146,110277790999500,1,1,16,597,1480644372,1480644372,2,160409,160009,161854,163850,1412311,854901,1425757,453734,124313,123559,126565,126596,1261713,1262965,1718663,1006814,1,0,
597,110277801135300,2.4287377,2,stimulus,146,110277790999500,1,1,16,598,1480648392,1480648392,2,160629,160200,162006,163990,1412491,855076,1425951,453890,124503,123746,126764,126778,1261923,1263183,1718897,1007073,1,0,
598,110277801135300,2.4287377,2,stimulus,146,110277790999500,1,1,16,599,1480652412,1480652412,2,160591,160170,161951,163924,1412416,854996,1425882,453761,124467,123699,126721,126739,1261854,1263121,1718843,1007022,1,0,
599,110277801135300,2.4287377,2,stimulus,146,110277790999500,1,1,16,600,1480656432,1480656432,2,160501,160085,161843,163833,1412286,854862,1425744,453569,124378,123606,126603,126625,1261698,1262959,1718680,1006838,1,0,
600,110277801135300,2.4287377,2,stimulus,146,110277790999500,1,1,16,601,1480660452,1480660452,2,160396,160001,161778,163754,1412174,854746,1425629,453399,124273,123513,126496,126536,1261571,1262827,1718529,1006671,1,0,
601,110277801135300,2.4287377,2,stimulus,146,110277790999500,1,1,16,602,1480664472,1480664472,2,160415,160046,161842,163814,1412251,854828,1425719,453429,124303,123549,126541,126603,1261669,1262923,1718619,1006758,1,0,
602,110277829182100,2.4567845,2,stimulus,148,110277824088100,1,0,16,603,1480668492,1480668492,2,160611,160234,161996,163981,1412419,854998,1425909,453578,124495,123731,126710,126779,1261868,1263132,1718852,1007009,1,0,
603,110277829182100,2.4567845,2,stimulus,148,110277824088100,1,0,16,604,1480672511,1480672511,2,160559,160178,161934,163938,1412341,854905,1425825,453446,124427,123686,126655,126725,1261793,1263058,1718790,1006950,1,0,
604,110277829182100,2.4567845,2,stimulus,148,110277824088100,1,0,16,605,1480676530,1480676530,2,160464,160074,161841,163840,1412209,854764,1425686,453256,124336,123586,126556,126602,1261634,1262894,1718620,1006769,1,0,
605,110277829182100,2.4567845,2,stimulus,148,110277824088100,1,0,16,606,1480680549,1480680549,2,160386,160014,161783,163778,1412118,854669,1425593,453103,124249,123516,126489,126519,1261521,1262783,1718494,1006623,1,0,
606,110277829182100,2.4567845,2,stimulus,148,110277824088100,1,0,16,607,1480684568,1480684568,2,160407,160061,161841,163838,1412204,854754,1425687,453135,124281,123553,126539,126576,1261626,1262885,1718589,1006711,1,0,
607,110277829182100,2.4567845,2,stimulus,148,110277824088100,1,0,16,608,1480688588,1480688588,2,160605,160228,162014,164005,1412383,854931,1425886,453294,124490,123743,126716,126751,1261834,1263101,1718826,1006971,1,0,
608,110277829182100,2.4567845,2,stimulus,148,110277824088100,1,0,16,609,1480692607,1480692607,2,160558,160149,161959,163938,1412296,854838,1425793,453154,124444,123674,126668,126691,1261751,1263020,1718754,1006908,1,0,
609,110277857275800,2.4848782,3,fixation_after,150,110277856752400,0,0,16,610,1480696626,1480696626,2,160420,159989,161815,163806,1412117,854653,1425606,452919,124306,123521,126526,126530,1261546,1262808,1718544,1006682,1,0,
610,110277857275800,2.4848782,3,fixation_after,150,110277856752400,0,0,16,611,1480700645,1480700645,2,160289,159883,161714,163713,1411991,854516,1425473,452729,124188,123404,126417,126406,1261393,1262651,1718381,1006495,1,0,
611,110277857275800,2.4848782,3,fixation_after,150,110277856752400,0,0,16,612,1480704664,1480704664,2,160294,159931,161762,163761,1412060,854586,1425554,452746,124206,123424,126466,126463,1261481,1262744,1718466,1006573,1,0,
612,110277857275800,2.4848782,3,fixation_after,150,110277856752400,0,0,16,613,1480708684,1480708684,2,160506,160119,161921,163918,1412233,854761,1425748,452900,124409,123601,126640,126648,1261684,1262964,1718698,1006834,1,0,
613,110277857275800,2.4848782,3,fixation_after,150,110277856752400,0,0,16,614,1480712703,1480712703,2,160463,160060,161846,163852,1412147,854669,1425661,452769,124358,123561,126578,126596,1261604,1262890,1718631,1006767,1,0,
614,110277857275800,2.4848782,3,fixation_after,150,110277856752400,0,0,16,615,1480716723,1480716723,2,160369,159959,161743,163743,1412011,854527,1425521,452582,124269,123464,126460,126471,1261443,1262726,1718461,1006586,1,0,
615,110277857275800,2.4848782,3,fixation_after,150,110277856752400,0,0,16,616,1480720743,1480720743,2,160277,159878,161678,163661,1411916,854421,1425419,452423,124190,123370,126363,126402,1261323,1262601,1718323,1006432,1,0,
616,110277885046000,2.5126484,3,fixation_after,151,110277873018800,0,0,16,617,1480724762,1480724762,2,160309,159913,161721,163714,1411993,854498,1425509,452453,124219,123399,126408,126479,1261421,1262696,1718418,1006515,1,0,
617,110277885046000,2.5126484,3,fixation_after,151,110277873018800,0,0,16,618,1480728782,1480728782,2,160516,160086,161884,163871,1412161,854669,1425694,452604,124421,123588,126581,126656,1261621,1262906,1718645,1006761,1,0,
618,110277885046000,2.5126484,3,fixation_after,151,110277873018800,0,0,16,619,1480732802,1480732802,2,160452,160026,161838,163818,1412074,854573,1425611,452461,124368,123551,126532,126594,1261533,1262826,1718575,1006691,1,0,
619,110277885046000,2.5126484,3,fixation_after,151,110277873018800,0,0,16,620,1480736822,1480736822,2,160368,159949,161770,163736,1411956,854448,1425494,452294,124274,123484,126452,126481,1261391,1262683,1718428,1006533,1,0,
620,110277885046000,2.5126484,3,fixation_after,151,110277873018800,0,0,16,621,1480740841,1480740841,2,160314,159908,161741,163691,1411897,854378,1425425,452174,124206,123434,126409,126428,1261309,1262592,1718329,1006411,1,0,
621,110277885046000,2.5126484,3,fixation_after,151,110277873018800,0,0,16,622,1480744861,1480744861,2,160358,159954,161801,163754,1411985,854464,1425522,452208,124229,123474,126473,126488,1261411,1262696,1718426,1006502,1,0,
622,110277885046000,2.5126484,3,fixation_after,151,110277873018800,0,0,16,623,1480748881,1480748881,2,160576,160116,161956,163911,1412152,854630,1425708,452356,124431,123653,126651,126660,1261613,1262911,1718654,1006752,1,0,
623,110277913209000,2.5408114,3,fixation_after,153,110277906607700,0,0,16,624,1480752901,1480752901,2,160512,160053,161884,163849,1412063,854529,1425614,452213,124373,123598,126576,126618,1261526,1262828,1718584,1006685,1,0,
624,110277913209000,2.5408114,3,fixation_after,153,110277906607700,0,0,16,625,1480756920,1480756920,2,160403,159963,161776,163753,1411931,854387,1425479,452031,124285,123503,126449,126526,1261365,1262664,1718423,1006508,1,0,
625,110277913209000,2.5408114,3,fixation_after,153,110277906607700,0,0,16,626,1480760939,1480760939,2,160305,159893,161703,163685,1411829,854288,1425376,451874,124208,123434,126383,126443,1261244,1262536,1718285,1006354,1,0,
626,110277913209000,2.5408114,3,fixation_after,153,110277906607700,0,0,16,627,1480764959,1480764959,2,160332,159941,161745,163736,1411907,854368,1425461,451902,124218,123472,126446,126507,1261338,1262633,1718373,1006440,1,0,
627,110277913209000,2.5408114,3,fixation_after,153,110277906607700,0,0,16,628,1480768979,1480768979,2,160569,160138,161929,163912,1412096,854557,1425672,452076,124431,123662,126643,126703,1261559,1262870,1718623,1006711,1,0,
628,110277913209000,2.5408114,3,fixation_after,153,110277906607700,0,0,16,629,1480772998,1480772998,2,160542,160106,161885,163883,1412029,854481,1425604,451963,124410,123618,126623,126657,1261501,1262814,1718573,1006665,1,0,
629,110277913209000,2.5408114,3,fixation_after,153,110277906607700,0,0,16,630,1480777017,1480777017,2,160433,160006,161796,163786,1411889,854338,1425464,451776,124310,123513,126523,126546,1261339,1262651,1718404,1006481,1,0,
630,110277941295200,2.5688976,3,fixation_after,154,110277923505200,0,0,16,631,1480781037,1480781037,2,160349,159953,161764,163749,1411813,854260,1425384,451644,124232,123456,126472,126504,1261243,1262549,1718290,1006346,1,0,
631,110277941295200,2.5688976,3,fixation_after,154,110277923505200,0,0,16,632,1480785056,1480785056,2,160396,160023,161848,163828,1411922,854364,1425498,451696,124271,123528,126548,126604,1261361,1262674,1718405,1006454,1,0,
632,110277941295200,2.5688976,3,fixation_after,154,110277923505200,0,0,16,633,1480789075,1480789075,2,160631,160232,162043,164016,1412124,854561,1425719,451878,124493,123746,126739,126818,1261593,1262921,1718663,1006737,1,0,
633,110277941295200,2.5688976,3,fixation_after,154,110277923505200,0,0,16,634,1480793095,1480793095,2,160615,160199,162008,164000,1412069,854506,1425662,451781,124481,123721,126730,126788,1261547,1262881,1718628,1006707,1,0,
634,110277941295200,2.5688976,3,fixation_after,154,110277923505200,0,0,16,635,1480797115,1480797115,2,160530,160093,161911,163923,1411947,854378,1425530,451610,124400,123633,126633,126668,1261394,1262723,1718468,1006531,1,0,
635,110277941295200,2.5688976,3,fixation_after,154,110277923505200,0,0,16,636,1480801135,1480801135,2,160444,160021,161847,163859,1411854,854276,1425433,451464,124306,123568,126558,126584,1261278,1262601,1718335,1006376,1,0,
636,110277941295200,2.5688976,3,fixation_after,154,110277923505200,0,0,16,637,1480805154,1480805154,2,160486,160063,161921,163907,1411933,854354,1425519,451492,124327,123614,126613,126656,1261378,1262701,1718428,1006462,1,0,
637,110277969130200,2.5967326,3,fixation_after,156,110277956596400,0,0,16,638,1480809172,1480809172,2,160714,160253,162094,164064,1412117,854539,1425724,451658,124546,123820,126798,126840,1261595,1262930,1718669,1006730,1,0,
638,110277969130200,2.5967326,3,fixation_after,156,110277956596400,0,0,16,639,1480813192,1480813192,2,160659,160188,162014,163994,1412018,854435,1425625,451511,124485,123752,126728,126754,1261499,1262846,1718592,1006654,1,0,
639,110277969130200,2.5967326,3,fixation_after,156,110277956596400,0,0,16,640,1480817211,1480817211,2,160526,160063,161875,163851,1411842,854256,1425447,451286,124356,123600,126581,126591,1261303,1262646,1718388,1006437,1,0,
640,110277969130200,2.5967326,3,fixation_after,156,110277956596400,0,0,16,641,1480821230,1480821230,2,160434,160009,161807,163798,1411758,854163,1425356,451141,124289,123506,126518,126514,1261189,1262528,1718260,1006296,1,0,
641,110277969130200,2.5967326,3,fixation_after,156,110277956596400,0,0,16,642,1480825249,1480825249,2,160454,160072,161864,163861,1411846,854251,1425449,451180,124321,123548,126581,126587,1261300,1262636,1718361,1006388,1,0,
642,110277969130200,2.5967326,3,fixation_after,156,110277956596400,0,0,16,643,1480829268,1480829268,2,160666,160251,162028,164018,1412027,854429,1425647,451346,124507,123724,126764,126766,1261511,1262859,1718599,1006649,1,0,
643,110277969130200,2.5967326,3,fixation_after,156,110277956596400,0,0,16,644,1480833287,1480833287,2,160591,160189,161951,163935,1411926,854325,1425551,451206,124430,123640,126704,126704,1261415,1262769,1718521,1006577,1,0,
644,110277997214100,2.6248165,3,fixation_after,158,110277990035100,0,0,16,645,1480837306,1480837306,2,160484,160089,161848,163844,1411794,854188,1425418,451026,124324,123537,126606,126604,1261259,1262613,1718356,1006399,1,0,
645,110277997214100,2.6248165,3,fixation_after,158,110277990035100,0,0,16,646,1480841325,1480841325,2,160424,160025,161788,163793,1411719,854104,1425334,450887,124266,123483,126543,126538,1261156,1262508,1718238,1006265,1,0,
646,110277997214100,2.6248165,3,fixation_after,158,110277990035100,0,0,16,647,1480845343,1480845343,2,160461,160059,161836,163841,1411795,854188,1425423,450914,124308,123534,126584,126585,1261250,1262606,1718331,1006352,1,0,
647,110277997214100,2.6248165,3,fixation_after,158,110277990035100,0,0,16,648,1480849362,1480849362,2,160651,160218,161994,163989,1411968,854359,1425613,451067,124506,123729,126743,126763,1261453,1262818,1718559,1006602,1,0,
648,110277997214100,2.6248165,3,fixation_after,158,110277990035100,0,0,16,649,1480853381,1480853381,2,160579,160143,161939,163929,1411878,854262,1425522,450930,124449,123689,126671,126727,1261376,1262738,1718491,1006534,1,0,
649,110277997214100,2.6248165,3,fixation_after,158,110277990035100,0,0,16,650,1480857400,1480857400,2,160468,160034,161823,163822,1411733,854106,1425366,450734,124333,123569,126545,126611,1261208,1262566,1718314,1006346,1,0,
650,110277997214100,2.6248165,3,fixation_after,158,110277990035100,0,0,16,651,1480861420,1480861420,2,160367,159953,161723,163741,1411618,853984,1425245,450561,124229,123458,126450,126510,1261069,1262420,1718158,1006169,1,0,
651,110278025219600,2.652822,3,fixation_after,159,110278006529900,0,0,16,652,1480865439,1480865439,2,160388,159996,161771,163809,1411698,854068,1425331,450593,124263,123491,126494,126564,1261166,1262519,1718250,1006249,1,0,
652,110278025219600,2.652822,3,fixation_after,159,110278006529900,0,0,16,653,1480869458,1480869458,2,160589,160173,161948,163971,1411878,854247,1425529,450755,124476,123684,126671,126752,1261381,1262738,1718489,1006517,1,0,
653,110278025219600,2.652822,3,fixation_after,159,110278006529900,0,0,16,654,1480873478,1480873478,2,160513,160096,161864,163879,1411764,854134,1425418,450598,124392,123617,126598,126676,1261282,1262643,1718398,1006433,1,0,
654,110278025219600,2.652822,3,fixation_after,159,110278006529900,0,0,16,655,1480877498,1480877498,2,160379,159963,161729,163741,1411592,853959,1425246,450383,124261,123498,126458,126525,1261093,1262450,1718199,1006218,1,0,
655,110278025219600,2.652822,3,fixation_after,159,110278006529900,0,0,16,656,1480881518,1480881518,2,160263,159874,161643,163638,1411469,853826,1425120,450199,124150,123399,126358,126413,1260947,1262296,1718035,1006034,1,0,
656,110278025219600,2.652822,3,fixation_after,159,110278006529900,0,0,16,657,1480885537,1480885537,2,160289,159922,161701,163686,1411544,853899,1425200,450223,124169,123433,126413,126469,1261038,1262388,1718120,1006111,1,0,
657,110278025219600,2.652822,3,fixation_after,159,110278006529900,0,0,16,658,1480889557,1480889557,2,160512,160124,161893,163868,1411743,854102,1425419,450409,124409,123634,126614,126679,1261269,1262630,1718378,1006399,1,0,
658,110278053279900,2.6808823,3,fixation_after,161,110278039985500,0,0,16,659,1480893575,1480893575,2,160459,160071,161851,163814,1411669,854028,1425343,450289,124383,123599,126581,126639,1261202,1262566,1718326,1006349,1,0,
659,110278053279900,2.6808823,3,fixation_after,161,110278039985500,0,0,16,660,1480897594,1480897594,2,160354,159964,161742,163700,1411532,853883,1425205,450103,124276,123502,126495,126514,1261039,1262401,1718154,1006166,1,0,
660,110278053279900,2.6808823,3,fixation_after,161,110278039985500,0,0,16,661,1480901612,1480901612,2,160297,159911,161688,163644,1411454,853801,1425120,449964,124199,123426,126451,126454,1260934,1262294,1718035,1006026,1,0,
661,110278053279900,2.6808823,3,fixation_after,161,110278039985500,0,0,16,662,1480905631,1480905631,2,160318,159957,161736,163699,1411531,853883,1425201,449988,124211,123457,126492,126522,1261021,1262384,1718120,1006098,1,0,
662,110278053279900,2.6808823,3,fixation_after,161,110278039985500,0,0,16,663,1480909650,1480909650,2,160536,160152,161922,163888,1411729,854084,1425415,450169,124433,123670,126679,126721,1261247,1262620,1718370,1006374,1,0,
663,110278053279900,2.6808823,3,fixation_after,161,110278039985500,0,0,16,664,1480913669,1480913669,2,160477,160082,161869,163828,1411638,853991,1425325,450029,124369,123621,126618,126657,1261162,1262535,1718296,1006305,1,0,
664,110278053279900,2.6808823,3,fixation_after,161,110278039985500,0,0,16,665,1480917688,1480917688,2,160350,159953,161747,163711,1411478,853830,1425164,449821,124258,123499,126478,126519,1260976,1262351,1718108,1006106,1,0,
665,110278081082700,2.7086851,3,fixation_after,163,110278072844700,0,0,16,666,1480921707,1480921707,2,160269,159898,161676,163662,1411391,853745,1425076,449678,124193,123431,126408,126448,1260867,1262240,1717984,1005969,1,0,
666,110278081082700,2.7086851,3,fixation_after,163,110278072844700,0,0,16,667,1480925726,1480925726,2,160313,159964,161750,163713,1411480,853838,1425171,449716,124229,123464,126477,126521,1260977,1262344,1718083,1006057,1,0,
667,110278081082700,2.7086851,3,fixation_after,163,110278072844700,0,0,16,668,1480929746,1480929746,2,160527,160139,161918,163871,1411662,854031,1425376,449886,124428,123653,126670,126706,1261194,1262569,1718326,1006326,1,0,
668,110278081082700,2.7086851,3,fixation_after,163,110278072844700,0,0,16,669,1480933765,1480933765,2,160482,160074,161856,163814,1411579,853949,1425293,449756,124373,123601,126621,126657,1261113,1262499,1718258,1006268,1,0,
669,110278081082700,2.7086851,3,fixation_after,163,110278072844700,0,0,16,670,1480937785,1480937785,2,160388,159977,161763,163716,1411448,853811,1425154,449576,124280,123506,126518,126556,1260956,1262339,1718093,1006092,1,0,
670,110278081082700,2.7086851,3,fixation_after,163,110278072844700,0,0,16,671,1480941804,1480941804,2,160321,159935,161714,163686,1411380,853742,1425084,449449,124220,123456,126469,126514,1260869,1262245,1717991,1005968,1,0,
671,110278081082700,2.7086851,3,fixation_after,163,110278072844700,0,0,16,672,1480945824,1480945824,2,160310,159962,161742,163723,1411434,853801,1425146,449457,124229,123467,126503,126566,1260936,1262310,1718051,1006019,1,0,
672,110278109178200,2.7367806,3,fixation_after,165,110278106609900,0,0,16,673,1480949844,1480949844,2,160523,160156,161916,163898,1411623,853996,1425353,449634,124449,123664,126701,126771,1261157,1262537,1718298,1006290,1,0,
673,110278109178200,2.7367806,3,fixation_after,165,110278106609900,0,0,16,674,1480953863,1480953863,2,160478,160106,161846,163836,1411536,853913,1425269,449508,124401,123613,126651,126723,1261076,1262467,1718234,1006234,1,0,
674,110278109178200,2.7367806,3,fixation_after,165,110278106609900,0,0,16,675,1480957883,1480957883,2,160374,159991,161734,163718,1411393,853767,1425119,449319,124293,123509,126529,126605,1260908,1262299,1718063,1006045,1,0,
675,110278109178200,2.7367806,3,fixation_after,165,110278106609900,0,0,16,676,1480961902,1480961902,2,160274,159906,161661,163634,1411284,853658,1425005,449156,124200,123420,126435,126504,1260772,1262164,1717909,1005879,1,0,
676,110278109178200,2.7367806,3,fixation_after,165,110278106609900,0,0,16,677,1480965921,1480965921,2,160286,159929,161708,163677,1411345,853723,1425079,449166,124215,123454,126476,126534,1260848,1262245,1717978,1005941,1,0,
677,110278109178200,2.7367806,3,fixation_after,165,110278106609900,0,0,16,678,1480969940,1480969940,2,160524,160119,161911,163859,1411544,853929,1425299,449354,124441,123671,126677,126725,1261083,1262486,1718236,1006223,1,0,
678,110278109178200,2.7367806,3,fixation_after,165,110278106609900,0,0,16,679,1480973959,1480973959,2,160470,160059,161848,163806,1411455,853842,1425206,449230,124389,123623,126615,126658,1261006,1262408,1718166,1006163,1,0,
679,110278137178800,2.7647812,3,fixation_after,166,110278123848200,0,0,16,680,1480977978,1480977978,2,160340,159934,161716,163689,1411297,853677,1425036,449021,124279,123490,126484,126514,1260823,1262219,1717973,1005964,1,0,
680,110278137178800,2.7647812,3,fixation_after,166,110278123848200,0,0,16,681,1480981998,1480981998,2,160255,159870,161651,163638,1411203,853584,1424941,448871,124214,123416,126413,126434,1260704,1262097,1717842,1005813,1,0,
681,110278137178800,2.7647812,3,fixation_after,166,110278123848200,0,0,16,682,1480986017,1480986017,2,160269,159926,161706,163696,1411276,853667,1425023,448898,124249,123459,126461,126483,1260794,1262188,1717927,1005888,1,0,
682,110278137178800,2.7647812,3,fixation_after,166,110278123848200,0,0,16,683,1480990036,1480990036,2,160498,160138,161900,163888,1411478,853880,1425241,449085,124474,123667,126679,126684,1261033,1262434,1718186,1006176,1,0,
683,110278137178800,2.7647812,3,fixation_after,166,110278123848200,0,0,16,684,1480994055,1480994055,2,160446,160098,161836,163829,1411393,853791,1425153,448953,124409,123604,126646,126640,1260951,1262360,1718121,1006111,1,0,
684,110278137178800,2.7647812,3,fixation_after,166,110278123848200,0,0,16,685,1480998074,1480998074,2,160356,159998,161732,163730,1411261,853651,1425011,448774,124320,123498,126544,126536,1260796,1262202,1717956,1005933,1,0,
685,110278137178800,2.7647812,3,fixation_after,166,110278123848200,0,0,16,686,1481002094,1481002094,2,160278,159906,161653,163669,1411163,853545,1424908,448613,124240,123426,126454,126446,1260666,1262068,1717816,1005771,1,0,
686,110278165099300,2.7927017,3,fixation_after,168,110278156462600,0,0,16,687,1481006113,1481006113,2,160312,159944,161718,163740,1411238,853624,1424993,448645,124264,123474,126514,126511,1260753,1262161,1717899,1005849,1,0,
687,110278165099300,2.7927017,3,fixation_after,168,110278156462600,0,0,16,688,1481010133,1481010133,2,160588,160181,161956,163948,1411469,853870,1425245,448869,124521,123718,126744,126756,1261020,1262446,1718193,1006164,1,0,
688,110278165099300,2.7927017,3,fixation_after,168,110278156462600,0,0,16,689,1481014151,1481014151,2,160563,160146,161922,163902,1411408,853814,1425181,448768,124501,123686,126722,126709,1260969,1262398,1718154,1006129,1,0,
689,110278165099300,2.7927017,3,fixation_after,168,110278156462600,0,0,16,690,1481018171,1481018171,2,160446,160021,161798,163771,1411259,853654,1425016,448567,124378,123567,126596,126558,1260794,1262213,1717969,1005935,1,0,
690,110278165099300,2.7927017,3,fixation_after,168,110278156462600,0,0,16,691,1481022189,1481022189,2,160352,159952,161727,163706,1411158,853546,1424911,448409,124298,123473,126503,126464,1260670,1262079,1717829,1005774,1,0,
691,110278165099300,2.7927017,3,fixation_after,168,110278156462600,0,0,16,692,1481026209,1481026209,2,160367,159993,161785,163762,1411223,853608,1424984,448428,124311,123493,126547,126523,1260752,1262159,1717899,1005841,1,0,
692,110278165099300,2.7927017,3,fixation_after,168,110278156462600,0,0,16,693,1481030228,1481030228,2,160608,160203,161977,163958,1411434,853822,1425207,448626,124528,123705,126766,126738,1261001,1262413,1718161,1006136,1,0,
693,110278193283700,2.8208861,3,fixation_after,170,110278191506800,0,0,16,694,1481034247,1481034247,2,160571,160150,161928,163919,1411357,853738,1425130,448508,124471,123663,126738,126693,1260934,1262349,1718108,1006086,1,0,
694,110278193283700,2.8208861,3,fixation_after,170,110278191506800,0,0,16,695,1481038267,1481038267,2,160464,160044,161826,163806,1411209,853588,1424979,448318,124343,123558,126621,126580,1260766,1262178,1717936,1005901,1,0,
695,110278193283700,2.8208861,3,fixation_after,170,110278191506800,0,0,16,696,1481042286,1481042286,2,160364,159946,161743,163726,1411095,853466,1424858,448149,124241,123463,126515,126493,1260628,1262033,1717780,1005731,1,0,
696,110278193283700,2.8208861,3,fixation_after,170,110278191506800,0,0,16,697,1481046305,1481046305,2,160364,159942,161776,163763,1411135,853508,1424907,448144,124234,123474,126518,126508,1260688,1262089,1717831,1005768,1,0,
697,110278193283700,2.8208861,3,fixation_after,170,110278191506800,0,0,16,698,1481050324,1481050324,2,160601,160139,161976,163939,1411334,853704,1425126,448337,124464,123698,126711,126709,1260918,1262333,1718091,1006053,1,0,
698,110278193283700,2.8208861,3,fixation_after,170,110278191506800,0,0,16,699,1481054343,1481054343,2,160557,160106,161914,163882,1411263,853624,1425055,448223,124421,123661,126663,126684,1260847,1262269,1718034,1006003,1,0,
699,110278193283700,2.8208861,3,fixation_after,170,110278191506800,0,0,16,700,1481058362,1481058362,2,160427,159983,161782,163775,1411107,853466,1424896,448024,124299,123533,126549,126569,1260679,1262084,1717848,1005812,1,0,
700,110278221198300,2.8488007,3,fixation_after,171,110278206651800,0,0,16,701,1481062382,1481062382,2,160356,159924,161724,163728,1411028,853379,1424814,447896,124227,123464,126491,126514,1260577,1261978,1717731,1005671,1,0,
701,110278221198300,2.8488007,3,fixation_after,171,110278206651800,0,0,16,702,1481066401,1481066401,2,160366,159967,161761,163779,1411100,853451,1424891,447923,124247,123505,126528,126557,1260658,1262066,1717806,1005739,1,0,
702,110278221198300,2.8488007,3,fixation_after,171,110278206651800,0,0,16,703,1481070420,1481070420,2,160576,160156,161938,163939,1411285,853639,1425096,448103,124469,123713,126695,126738,1260878,1262299,1718051,1006012,1,0,
703,110278221198300,2.8488007,3,fixation_after,171,110278206651800,0,0,16,704,1481074440,1481074440,2,160506,160084,161879,163858,1411190,853535,1424998,447967,124426,123655,126627,126666,1260793,1262211,1717976,1005941,1,0,
704,110278221198300,2.8488007,3,fixation_after,171,110278206651800,0,0,16,705,1481078460,1481078460,2,160391,159971,161759,163738,1411041,853377,1424841,447771,124328,123543,126521,126536,1260618,1262033,1717794,1005748,1,0,
705,110278221198300,2.8488007,3,fixation_after,171,110278206651800,0,0,16,706,1481082479,1481082479,2,160301,159889,161678,163676,1410935,853265,1424723,447606,124233,123440,126436,126454,1260481,1261895,1717639,1005580,1,0,
706,110278221198300,2.8488007,3,fixation_after,171,110278206651800,0,0,16,707,1481086498,1481086498,2,160335,159946,161736,163741,1411021,853344,1424811,447636,124260,123476,126509,126511,1260578,1261992,1717723,1005661,1,0,
707,110278249202100,2.8768045,3,fixation_after,173,110278242624500,0,0,16,708,1481090518,1481090518,2,160590,160179,161935,163939,1411243,853561,1425057,447844,124498,123703,126733,126727,1260840,1262258,1717999,1005968,1,0,
708,110278249202100,2.8768045,3,fixation_after,173,110278242624500,0,0,16,709,1481094537,1481094537,2,160541,160146,161883,163882,1411163,853473,1424976,447725,124457,123666,126680,126681,1260766,1262191,1717941,1005917,1,0,
709,110278249202100,2.8768045,3,fixation_after,173,110278242624500,0,0,16,710,1481098556,1481098556,2,160429,160043,161788,163794,1411023,853325,1424834,447543,124351,123574,126566,126568,1260603,1262024,1717773,1005736,1,0,
710,110278249202100,2.8768045,3,fixation_after,173,110278242624500,0,0,16,711,1481102576,1481102576,2,160349,159979,161743,163749,1410941,853240,1424751,447411,124288,123510,126499,126514,1260493,1261913,1717652,1005595,1,0,
711,110278249202100,2.8768045,3,fixation_after,173,110278242624500,0,0,16,712,1481106595,1481106595,2,160359,160009,161806,163793,1411014,853308,1424830,447433,124303,123545,126546,126576,1260574,1261993,1717726,1005659,1,0,
712,110278249202100,2.8768045,3,fixation_after,173,110278242624500,0,0,16,713,1481110614,1481110614,2,160586,160213,162005,163988,1411223,853517,1425060,447628,124534,123762,126766,126783,1260811,1262243,1717994,1005952,1,0,
713,110278249202100,2.8768045,3,fixation_after,173,110278242624500,0,0,16,714,1481114633,1481114633,2,160553,160174,161968,163955,1411163,853454,1425001,447531,124500,123735,126749,126764,1260759,1262201,1717956,1005921,1,0,
714,110278277193800,2.9047962,3,fixation_after,175,110278274307000,0,0,16,715,1481118652,1481118652,2,160438,160066,161858,163843,1411018,853301,1424854,447345,124391,123631,126626,126651,1260593,1262035,1717783,1005744,1,0,
715,110278277193800,2.9047962,3,fixation_after,175,110278274307000,0,0,16,716,1481122671,1481122671,2,160349,159994,161794,163763,1410916,853187,1424745,447191,124299,123545,126539,126548,1260461,1261898,1717636,1005584,1,0,
716,110278277193800,2.9047962,3,fixation_after,175,110278274307000,0,0,16,717,1481126691,1481126691,2,160368,160023,161848,163795,1410983,853255,1424819,447205,124304,123557,126576,126591,1260539,1261976,1717704,1005647,1,0,
717,110278277193800,2.9047962,3,fixation_after,175,110278274307000,0,0,16,718,1481130710,1481130710,2,160601,160220,162041,163984,1411193,853468,1425048,447403,124545,123764,126792,126802,1260790,1262232,1717974,1005937,1,0,
718,110278277193800,2.9047962,3,fixation_after,175,110278274307000,0,0,16,719,1481134729,1481134729,2,160544,160148,161971,163917,1411108,853373,1424959,447276,124506,123723,126748,126742,1260708,1262160,1717908,1005876,1,0,
719,110278277193800,2.9047962,3,fixation_after,175,110278274307000,0,0,16,720,1481138748,1481138748,2,160424,160014,161862,163792,1410956,853218,1424802,447081,124394,123616,126639,126612,1260534,1261987,1717724,1005687,1,0,
720,110278277193800,2.9047962,3,fixation_after,175,110278274307000,0,0,16,721,1481142766,1481142766,2,160334,159921,161787,163706,1410848,853096,1424688,446921,124284,123524,126545,126528,1260390,1261841,1717575,1005516,1,0,
721,110278305188000,2.9327904,3,fixation_after,176,110278290772800,0,0,16,722,1481146784,1481146784,2,160321,159908,161798,163719,1410878,853129,1424726,446909,124266,123526,126532,126543,1260431,1261881,1717611,1005544,1,0,
722,110278305188000,2.9327904,3,fixation_after,176,110278290772800,0,0,16,723,1481150803,1481150803,2,160533,160099,161963,163880,1411064,853318,1424934,447088,124487,123710,126703,126726,1260654,1262111,1717862,1005815,1,0,
723,110278305188000,2.9327904,3,fixation_after,176,110278290772800,0,0,16,724,1481154822,1481154822,2,160499,160064,161903,163826,1410989,853236,1424856,446967,124461,123648,126658,126674,1260586,1262050,1717807,1005761,1,0,
724,110278305188000,2.9327904,3,fixation_after,176,110278290772800,0,0,16,725,1481158840,1481158840,2,160377,159947,161773,163689,1410831,853073,1424690,446761,124337,123518,126530,126546,1260398,1261868,1717623,1005563,1,0,
725,110278305188000,2.9327904,3,fixation_after,176,110278290772800,0,0,16,726,1481162859,1481162859,2,160293,159878,161697,163623,1410737,852969,1424588,446612,124239,123437,126457,126482,1260278,1261735,1717489,1005406,1,0,
726,110278305188000,2.9327904,3,fixation_after,176,110278290772800,0,0,16,727,1481166878,1481166878,2,160307,159912,161752,163683,1410812,853039,1424668,446637,124259,123477,126508,126546,1260365,1261819,1717568,1005473,1,0,
727,110278305188000,2.9327904,3,fixation_after,176,110278290772800,0,0,16,728,1481170896,1481170896,2,160541,160113,161938,163871,1411023,853249,1424899,446834,124496,123696,126719,126751,1260609,1262078,1717841,1005763,1,0,
728,110278333123400,2.9607258,3,fixation_after,178,110278324404300,0,0,16,729,1481174914,1481174914,2,160499,160064,161874,163820,1410948,853172,1424821,446723,124463,123663,126671,126700,1260537,1262020,1717785,1005715,1,0,
729,110278333123400,2.9607258,3,fixation_after,178,110278324404300,0,0,16,730,1481178933,1481178933,2,160361,159934,161747,163689,1410783,852998,1424654,446511,124352,123534,126531,126545,1260351,1261827,1717594,1005514,1,0,
730,110278333123400,2.9607258,3,fixation_after,178,110278324404300,0,0,16,731,1481182952,1481182952,2,160234,159832,161655,163591,1410653,852865,1424517,446324,124246,123414,126424,126424,1260195,1261664,1717422,1005324,1,0,
731,110278333123400,2.9607258,3,fixation_after,178,110278324404300,0,0,16,732,1481186971,1481186971,2,160206,159822,161663,163599,1410679,852883,1424546,446298,124211,123393,126432,126431,1260231,1261699,1717451,1005342,1,0,
732,110278333123400,2.9607258,3,fixation_after,178,110278324404300,0,0,16,733,1481190989,1481190989,2,160423,160011,161850,163767,1410873,853070,1424759,446482,124412,123600,126610,126628,1260462,1261936,1717708,1005623,1,0,
733,110278333123400,2.9607258,3,fixation_after,178,110278324404300,0,0,16,734,1481195008,1481195008,2,160384,159972,161796,163713,1410798,852984,1424677,446369,124344,123556,126554,126594,1260391,1261871,1717656,1005574,1,0,
734,110278333123400,2.9607258,3,fixation_after,178,110278324404300,0,0,16,735,1481199027,1481199027,2,160276,159856,161676,163592,1410648,852827,1424521,446176,124226,123436,126436,126471,1260218,1261696,1717477,1005386,1,0,
735,110278344717400,2.9723198,8,finished,180,110278341816500,0,0,16,736,1481203045,1481203045,2,160170,159753,161575,163500,1410522,852694,1424388,445998,124130,123325,126323,126364,1260066,1261541,1717315,1005203,1,0,
736,110278344717400,2.9723198,8,finished,180,110278341816500,0,0,16,737,1481207064,1481207064,2,160168,159770,161609,163527,1410568,852736,1424436,445996,124138,123338,126348,126405,1260124,1261604,1717366,1005241,1,0,
