sample_index,pc_time_ns,experiment_time_s,phase_code,phase_name,frame_index,frame_time_ns,stimulus_active,stimulus_on_mask,serial_channel_count,sequence,device_time_us,device_time_unwrapped_us,protocol_version,ch1,ch2,ch3,ch4,ch5,ch6,ch7,ch8,ch9,ch10,ch11,ch12,ch13,ch14,ch15,ch16,crc_ok,sequence_gap,parse_error
0,110489364325900,0.0199087,1,fixation_before,2,110489358892100,0,0,16,1,1693224480,1693224480,2,161384,160993,162799,164763,1407904,848763,1434413,452031,124081,123316,126326,126328,1227934,1242212,1763154,987545,1,0,
1,110489364325900,0.0199087,1,fixation_before,2,110489358892100,0,0,16,2,1693225485,1693225485,2,161553,161143,162946,164906,1408043,848903,1434564,452174,124241,123478,126488,126490,1228088,1242355,1763291,987708,1,0,
2,110489364325900,0.0199087,1,fixation_before,2,110489358892100,0,0,16,3,1693226489,1693226489,2,161677,161254,163043,165003,1408137,848993,1434661,452269,124358,123585,126590,126614,1228186,1242458,1763383,987809,1,0,
3,110489364325900,0.0199087,1,fixation_before,2,110489358892100,0,0,16,4,1693227494,1693227494,2,161276,160909,162703,164690,1407806,848661,1434314,451887,123976,123226,126249,126270,1227825,1242092,1762998,987401,1,0,
4,110489364325900,0.0199087,1,fixation_before,2,110489358892100,0,0,16,5,1693228498,1693228498,2,161168,160826,162632,164633,1407760,848616,1434260,451803,123868,123141,126170,126200,1227778,1242038,1762933,987327,1,0,
5,110489364325900,0.0199087,1,fixation_before,2,110489358892100,0,0,16,6,1693229503,1693229503,2,161311,160964,162770,164773,1407913,848769,1434432,451961,124011,123281,126304,126351,1227958,1242223,1763107,987513,1,0,
6,110489364325900,0.0199087,1,fixation_before,2,110489358892100,0,0,16,7,1693230507,1693230507,2,161439,161081,162893,164885,1408052,848911,1434581,452103,124154,123406,126426,126476,1228118,1242383,1763264,987684,1,0,
7,110489371361200,0.026944,1,fixation_before,2,110489358892100,0,0,16,8,1693231512,1693231512,2,161547,161169,162977,164961,1408150,849009,1434691,452199,124269,123501,126508,126569,1228228,1242489,1763383,987812,1,0,
8,110489371361200,0.026944,1,fixation_before,2,110489358892100,0,0,16,9,1693232516,1693232516,2,161620,161236,163033,165010,1408221,849076,1434759,452270,124338,123563,126566,126626,1228296,1242560,1763457,987904,1,0,
9,110489371361200,0.026944,1,fixation_before,2,110489358892100,0,0,16,10,1693233521,1693233521,2,161764,161358,163158,165123,1408345,849197,1434886,452398,124486,123695,126696,126763,1228426,1242705,1763595,988069,1,0,
10,110489371361200,0.026944,1,fixation_before,2,110489358892100,0,0,16,11,1693234525,1693234525,2,161831,161414,163204,165168,1408393,849247,1434935,452444,124566,123765,126769,126826,1228488,1242766,1763647,988144,1,0,
11,110489371361200,0.026944,1,fixation_before,2,110489358892100,0,0,16,12,1693235530,1693235530,2,161636,161241,163034,165001,1408219,849069,1434748,452238,124368,123579,126602,126666,1228316,1242585,1763448,987953,1,0,
12,110489371361200,0.026944,1,fixation_before,2,110489358892100,0,0,16,13,1693236534,1693236534,2,161592,161211,163003,164963,1408181,849029,1434710,452175,124321,123541,126559,126631,1228275,1242548,1763413,987913,1,0,
13,110489371361200,0.026944,1,fixation_before,2,110489358892100,0,0,16,14,1693237538,1693237538,2,161633,161250,163024,164973,1408206,849053,1434732,452196,124354,123579,126594,126659,1228303,1242576,1763452,987953,1,0,
14,110489378226400,0.0338092,1,fixation_before,3,110489374806500,0,0,16,15,1693238543,1693238543,2,161604,161215,162988,164932,1408171,849021,1434702,452153,124326,123563,126574,126631,1228273,1242539,1763413,987923,1,0,
15,110489378226400,0.0338092,1,fixation_before,3,110489374806500,0,0,16,16,1693239547,1693239547,2,161641,161239,163019,164958,1408194,849043,1434726,452160,124363,123599,126614,126658,1228297,1242561,1763429,987949,1,0,
16,110489378226400,0.0338092,1,fixation_before,3,110489374806500,0,0,16,17,1693240552,1693240552,2,161679,161269,163052,164987,1408226,849073,1434755,452181,124396,123643,126651,126683,1228320,1242581,1763445,987977,1,0,
17,110489378226400,0.0338092,1,fixation_before,3,110489374806500,0,0,16,18,1693241556,1693241556,2,161598,161193,162969,164915,1408140,848986,1434663,452078,124312,123569,126564,126588,1228212,1242478,1763334,987859,1,0,
18,110489378226400,0.0338092,1,fixation_before,3,110489374806500,0,0,16,19,1693242561,1693242561,2,161419,161032,162800,164759,1407968,848809,1434478,451884,124143,123386,126396,126406,1228021,1242275,1763126,987641,1,0,
19,110489378226400,0.0338092,1,fixation_before,3,110489374806500,0,0,16,20,1693243565,1693243565,2,161314,160928,162697,164668,1407861,848703,1434373,451769,124047,123279,126299,126300,1227905,1242156,1763004,987515,1,0,
20,110489378226400,0.0338092,1,fixation_before,3,110489374806500,0,0,16,21,1693244570,1693244570,2,161320,160934,162699,164681,1407863,848696,1434371,451760,124062,123289,126316,126308,1227906,1242153,1762992,987514,1,0,
21,110489385222100,0.0408049,1,fixation_before,3,110489374806500,0,0,16,22,1693245574,1693245574,2,161489,161087,162851,164836,1408004,848838,1434519,451904,124239,123448,126471,126458,1228067,1242307,1763139,987679,1,0,
22,110489385222100,0.0408049,1,fixation_before,3,110489374806500,0,0,16,23,1693246579,1693246579,2,161599,161190,162963,164940,1408106,848934,1434628,451999,124363,123568,126589,126572,1228169,1242409,1763241,987789,1,0,
23,110489385222100,0.0408049,1,fixation_before,3,110489374806500,0,0,16,24,1693247583,1693247583,2,161213,160848,162640,164621,1407782,848612,1434286,451628,123984,123219,126253,126244,1227818,1242051,1762861,987392,1,0,
24,110489385222100,0.0408049,1,fixation_before,3,110489374806500,0,0,16,25,1693248588,1693248588,2,161134,160788,162589,164573,1407740,848578,1434250,451553,123903,123147,126189,126195,1227771,1242016,1762805,987329,1,0,
25,110489385222100,0.0408049,1,fixation_before,3,110489374806500,0,0,16,26,1693249593,1693249593,2,161259,160914,162709,164691,1407879,848730,1434408,451692,124032,123273,126313,126327,1227929,1242179,1762963,987498,1,0,
26,110489385222100,0.0408049,1,fixation_before,3,110489374806500,0,0,16,27,1693250597,1693250597,2,161383,161032,162824,164789,1408026,848854,1434542,451826,124164,123388,126423,126448,1228085,1242324,1763106,987658,1,0,
27,110489385222100,0.0408049,1,fixation_before,3,110489374806500,0,0,16,28,1693251602,1693251602,2,161483,161109,162906,164859,1408123,848958,1434641,451917,124262,123475,126513,126535,1228199,1242441,1763228,987782,1,0,
28,110489392390000,0.0479728,1,fixation_before,3,110489374806500,0,0,16,29,1693252607,1693252607,2,161556,161168,162950,164897,1408181,849019,1434708,451979,124324,123536,126574,126584,1228269,1242513,1763301,987863,1,0,
29,110489392390000,0.0479728,1,fixation_before,3,110489374806500,0,0,16,30,1693253611,1693253611,2,161701,161304,163073,164999,1408304,849134,1434844,452106,124474,123672,126694,126704,1228400,1242649,1763448,988032,1,0,
30,110489392390000,0.0479728,1,fixation_before,3,110489374806500,0,0,16,31,1693254616,1693254616,2,161781,161374,163134,165064,1408366,849199,1434911,452168,124568,123753,126766,126781,1228463,1242712,1763509,988114,1,0,
31,110489392390000,0.0479728,1,fixation_before,3,110489374806500,0,0,16,32,1693255621,1693255621,2,161582,161183,162948,164878,1408182,849013,1434707,451954,124364,123566,126586,126601,1228266,1242509,1763298,987901,1,0,
32,110489392390000,0.0479728,1,fixation_before,3,110489374806500,0,0,16,33,1693256626,1693256626,2,161535,161144,162901,164828,1408134,848962,1434653,451883,124320,123529,126551,126566,1228229,1242466,1763255,987860,1,0,
33,110489392390000,0.0479728,1,fixation_before,3,110489374806500,0,0,16,34,1693257630,1693257630,2,161570,161173,162928,164851,1408166,848994,1434688,451899,124374,123568,126584,126606,1228263,1242508,1763289,987909,1,0,
34,110489392390000,0.0479728,1,fixation_before,3,110489374806500,0,0,16,35,1693258635,1693258635,2,161536,161143,162913,164819,1408124,848962,1434652,451855,124361,123541,126566,126582,1228228,1242478,1763251,987873,1,0,
35,110489399342700,0.0549255,1,fixation_before,4,110489393151100,0,0,16,36,1693259639,1693259639,2,161563,161169,162943,164853,1408149,848981,1434677,451873,124398,123569,126589,126619,1228256,1242498,1763268,987901,1,0,
36,110489399342700,0.0549255,1,fixation_before,4,110489393151100,0,0,16,37,1693260644,1693260644,2,161606,161214,162981,164898,1408184,849013,1434721,451900,124448,123611,126626,126653,1228290,1242526,1763289,987933,1,0,
37,110489399342700,0.0549255,1,fixation_before,4,110489393151100,0,0,16,38,1693261649,1693261649,2,161518,161131,162900,164809,1408088,848914,1434623,451794,124361,123524,126528,126552,1228183,1242416,1763174,987811,1,0,
38,110489399342700,0.0549255,1,fixation_before,4,110489393151100,0,0,16,39,1693262654,1693262654,2,161341,160958,162725,164639,1407913,848742,1434438,451594,124179,123353,126349,126383,1227988,1242224,1762966,987598,1,0,
39,110489399342700,0.0549255,1,fixation_before,4,110489393151100,0,0,16,40,1693263658,1693263658,2,161259,160872,162634,164561,1407824,848649,1434339,451492,124081,123271,126259,126296,1227893,1242122,1762850,987487,1,0,
40,110489399342700,0.0549255,1,fixation_before,4,110489393151100,0,0,16,41,1693264663,1693264663,2,161291,160896,162657,164581,1407844,848662,1434355,451500,124104,123294,126284,126317,1227904,1242133,1762858,987493,1,0,
41,110489399342700,0.0549255,1,fixation_before,4,110489393151100,0,0,16,42,1693265668,1693265668,2,161457,161045,162816,164719,1407979,848803,1434498,451645,124271,123464,126441,126473,1228053,1242283,1763003,987651,1,0,
42,110489406431600,0.0620144,1,fixation_before,4,110489393151100,0,0,16,43,1693266673,1693266673,2,161553,161136,162914,164822,1408069,848891,1434601,451726,124398,123582,126558,126574,1228149,1242371,1763088,987748,1,0,
43,110489406431600,0.0620144,1,fixation_before,4,110489393151100,0,0,16,44,1693267678,1693267678,2,161168,160788,162573,164509,1407742,848562,1434255,451343,124023,123230,126216,126237,1227791,1242006,1762704,987346,1,0,
44,110489406431600,0.0620144,1,fixation_before,4,110489393151100,0,0,16,45,1693268682,1693268682,2,161078,160715,162517,164451,1407711,848522,1434217,451266,123925,123143,126144,126179,1227743,1241958,1762651,987281,1,0,
45,110489406431600,0.0620144,1,fixation_before,4,110489393151100,0,0,16,46,1693269687,1693269687,2,161207,160838,162643,164573,1407864,848669,1434375,451412,124052,123270,126278,126318,1227918,1242132,1762815,987461,1,0,
46,110489406431600,0.0620144,1,fixation_before,4,110489393151100,0,0,16,47,1693270692,1693270692,2,161317,160942,162734,164672,1407975,848794,1434497,451536,124161,123369,126391,126426,1228058,1242267,1762957,987616,1,0,
47,110489406431600,0.0620144,1,fixation_before,4,110489393151100,0,0,16,48,1693271696,1693271696,2,161409,161015,162803,164743,1408057,848884,1434585,451624,124258,123456,126466,126504,1228163,1242371,1763052,987733,1,0,
48,110489406431600,0.0620144,1,fixation_before,4,110489393151100,0,0,16,49,1693272701,1693272701,2,161457,161054,162841,164779,1408101,848930,1434638,451672,124314,123503,126504,126541,1228210,1242438,1763109,987799,1,0,
49,110489413192700,0.0687755,1,fixation_before,5,110489408801600,0,0,16,50,1693273706,1693273706,2,161583,161176,162958,164894,1408217,849044,1434755,451794,124441,123631,126627,126671,1228336,1242570,1763244,987946,1,0,
50,110489413192700,0.0687755,1,fixation_before,5,110489408801600,0,0,16,51,1693274710,1693274710,2,161649,161236,163013,164949,1408267,849093,1434813,451839,124503,123691,126696,126734,1228389,1242618,1763297,988018,1,0,
51,110489413192700,0.0687755,1,fixation_before,5,110489408801600,0,0,16,52,1693275715,1693275715,2,161457,161044,162838,164774,1408088,848901,1434615,451634,124314,123508,126516,126560,1228199,1242420,1763098,987814,1,0,
52,110489413192700,0.0687755,1,fixation_before,5,110489408801600,0,0,16,53,1693276720,1693276720,2,161421,161028,162814,164749,1408058,848876,1434585,451578,124280,123486,126504,126534,1228173,1242408,1763076,987793,1,0,
53,110489413192700,0.0687755,1,fixation_before,5,110489408801600,0,0,16,54,1693277724,1693277724,2,161443,161054,162840,164764,1408081,848898,1434604,451600,124320,123514,126544,126554,1228194,1242431,1763095,987826,1,0,
54,110489413192700,0.0687755,1,fixation_before,5,110489408801600,0,0,16,55,1693278729,1693278729,2,161412,161021,162808,164728,1408046,848861,1434569,451550,124289,123486,126516,126532,1228163,1242393,1763053,987785,1,0,
55,110489413192700,0.0687755,1,fixation_before,5,110489408801600,0,0,16,56,1693279734,1693279734,2,161448,161039,162811,164736,1408053,848870,1434591,451546,124316,123506,126531,126561,1228183,1242409,1763060,987804,1,0,
56,110489420238000,0.0758208,1,fixation_before,5,110489408801600,0,0,16,57,1693280738,1693280738,2,161504,161090,162854,164777,1408096,848906,1434630,451579,124383,123553,126577,126611,1228218,1242444,1763093,987845,1,0,
57,110489420238000,0.0758208,1,fixation_before,5,110489408801600,0,0,16,58,1693281743,1693281743,2,161424,161011,162779,164713,1408018,848822,1434542,451492,124306,123475,126505,126526,1228118,1242346,1762987,987730,1,0,
58,110489420238000,0.0758208,1,fixation_before,5,110489408801600,0,0,16,59,1693282747,1693282747,2,161273,160865,162631,164563,1407859,848667,1434374,451310,124146,123331,126362,126366,1227952,1242170,1762794,987528,1,0,
59,110489420238000,0.0758208,1,fixation_before,5,110489408801600,0,0,16,60,1693283752,1693283752,2,161204,160795,162561,164494,1407788,848584,1434295,451220,124070,123263,126306,126284,1227867,1242080,1762693,987435,1,0,
60,110489420238000,0.0758208,1,fixation_before,5,110489408801600,0,0,16,61,1693284757,1693284757,2,161225,160816,162587,164517,1407808,848609,1434319,451236,124098,123286,126341,126304,1227883,1242088,1762707,987455,1,0,
61,110489420238000,0.0758208,1,fixation_before,5,110489408801600,0,0,16,62,1693285761,1693285761,2,161384,160955,162739,164657,1407953,848749,1434458,451380,124258,123458,126490,126463,1228026,1242233,1762857,987618,1,0,
62,110489420238000,0.0758208,1,fixation_before,5,110489408801600,0,0,16,63,1693286766,1693286766,2,161486,161047,162848,164758,1408041,848851,1434549,451458,124373,123563,126592,126574,1228121,1242326,1762936,987714,1,0,
63,110489427209700,0.0827925,1,fixation_before,6,110489425305300,0,0,16,64,1693287771,1693287771,2,161081,160706,162494,164426,1407694,848506,1434193,451066,123984,123203,126240,126230,1227758,1241955,1762541,987293,1,0,
64,110489427209700,0.0827925,1,fixation_before,6,110489425305300,0,0,16,65,1693288776,1693288776,2,161003,160654,162441,164395,1407672,848478,1434169,451013,123903,123151,126183,126184,1227739,1241923,1762499,987246,1,0,
65,110489427209700,0.0827925,1,fixation_before,6,110489425305300,0,0,16,66,1693289780,1693289780,2,161146,160788,162572,164528,1407836,848639,1434336,451168,124042,123293,126326,126334,1227914,1242097,1762674,987435,1,0,
66,110489427209700,0.0827925,1,fixation_before,6,110489425305300,0,0,16,67,1693290785,1693290785,2,161275,160899,162675,164634,1407966,848773,1434481,451299,124163,123418,126446,126458,1228060,1242248,1762833,987601,1,0,
67,110489427209700,0.0827925,1,fixation_before,6,110489425305300,0,0,16,68,1693291790,1693291790,2,161364,160983,162753,164708,1408063,848873,1434573,451399,124258,123514,126526,126535,1228171,1242358,1762934,987724,1,0,
68,110489427209700,0.0827925,1,fixation_before,6,110489425305300,0,0,16,69,1693292795,1693292795,2,161431,161030,162808,164761,1408118,848932,1434635,451464,124331,123575,126594,126585,1228238,1242424,1762994,987807,1,0,
69,110489427209700,0.0827925,1,fixation_before,6,110489425305300,0,0,16,70,1693293799,1693293799,2,161586,161163,162937,164888,1408230,849053,1434776,451596,124483,123711,126734,126717,1228376,1242563,1763147,987973,1,0,
70,110489434124600,0.0897074,1,fixation_before,6,110489425305300,0,0,16,71,1693294804,1693294804,2,161660,161226,162990,164940,1408289,849104,1434827,451639,124558,123781,126798,126764,1228433,1242628,1763201,988044,1,0,
71,110489434124600,0.0897074,1,fixation_before,6,110489425305300,0,0,16,72,1693295809,1693295809,2,161473,161054,162812,164773,1408113,848919,1434642,451432,124363,123597,126623,126585,1228240,1242437,1763005,987842,1,0,
72,110489434124600,0.0897074,1,fixation_before,6,110489425305300,0,0,16,73,1693296814,1693296814,2,161448,161034,162796,164754,1408094,848907,1434608,451393,124345,123576,126596,126566,1228216,1242417,1762987,987825,1,0,
73,110489434124600,0.0897074,1,fixation_before,6,110489425305300,0,0,16,74,1693297819,1693297819,2,161473,161064,162807,164773,1408118,848931,1434633,451402,124388,123605,126629,126609,1228248,1242446,1763007,987858,1,0,
74,110489434124600,0.0897074,1,fixation_before,6,110489425305300,0,0,16,75,1693298823,1693298823,2,161433,161038,162774,164733,1408066,848876,1434592,451346,124350,123558,126604,126581,1228209,1242396,1762961,987816,1,0,
75,110489434124600,0.0897074,1,fixation_before,6,110489425305300,0,0,16,76,1693299828,1693299828,2,161451,161051,162798,164754,1408079,848890,1434603,451355,124366,123570,126626,126611,1228219,1242410,1762966,987823,1,0,
76,110489434124600,0.0897074,1,fixation_before,6,110489425305300,0,0,16,77,1693300833,1693300833,2,161508,161103,162846,164808,1408122,848934,1434644,451392,124426,123624,126682,126664,1228257,1242457,1763010,987863,1,0,
77,110489441274100,0.0968569,1,fixation_before,6,110489425305300,0,0,16,78,1693301838,1693301838,2,161432,161029,162781,164728,1408051,848858,1434562,451298,124367,123544,126612,126584,1228164,1242363,1762898,987759,1,0,
78,110489441274100,0.0968569,1,fixation_before,6,110489425305300,0,0,16,79,1693302842,1693302842,2,161261,160872,162635,164564,1407895,848706,1434398,451116,124200,123388,126444,126421,1227988,1242179,1762698,987564,1,0,
79,110489441274100,0.0968569,1,fixation_before,6,110489425305300,0,0,16,80,1693303847,1693303847,2,161159,160781,162548,164486,1407805,848602,1434302,451004,124113,123308,126359,126328,1227881,1242072,1762584,987447,1,0,
80,110489441274100,0.0968569,1,fixation_before,6,110489425305300,0,0,16,81,1693304852,1693304852,2,161187,160796,162559,164503,1407812,848606,1434312,451007,124146,123325,126381,126357,1227898,1242075,1762592,987451,1,0,
81,110489441274100,0.0968569,1,fixation_before,6,110489425305300,0,0,16,82,1693305857,1693305857,2,161351,160953,162706,164658,1407957,848759,1434469,451158,124328,123493,126546,126521,1228048,1242231,1762746,987614,1,0,
82,110489441274100,0.0968569,1,fixation_before,6,110489425305300,0,0,16,83,1693306861,1693306861,2,161436,161039,162794,164745,1408041,848849,1434552,451239,124416,123593,126650,126622,1228129,1242308,1762816,987698,1,0,
83,110489441274100,0.0968569,1,fixation_before,6,110489425305300,0,0,16,84,1693307866,1693307866,2,161030,160687,162455,164423,1407704,848512,1434205,450854,124014,123236,126303,126281,1227773,1241941,1762423,987288,1,0,
84,110489448117400,0.1037002,1,fixation_before,7,110489442049400,0,0,16,85,1693308871,1693308871,2,160949,160622,162409,164374,1407670,848466,1434155,450792,123917,123157,126235,126229,1227736,1241903,1762374,987231,1,0,
85,110489448117400,0.1037002,1,fixation_before,7,110489442049400,0,0,16,86,1693309876,1693309876,2,161092,160750,162543,164504,1407824,848630,1434319,450946,124053,123298,126376,126375,1227912,1242076,1762547,987411,1,0,
86,110489448117400,0.1037002,1,fixation_before,7,110489442049400,0,0,16,87,1693310880,1693310880,2,161238,160870,162657,164619,1407967,848774,1434472,451088,124197,123431,126504,126493,1228072,1242240,1762704,987591,1,0,
87,110489448117400,0.1037002,1,fixation_before,7,110489442049400,0,0,16,88,1693311885,1693311885,2,161341,160960,162748,164709,1408066,848882,1434575,451191,124309,123523,126601,126578,1228179,1242358,1762823,987717,1,0,
88,110489448117400,0.1037002,1,fixation_before,7,110489442049400,0,0,16,89,1693312889,1693312889,2,161406,161009,162788,164754,1408129,848943,1434637,451251,124379,123579,126654,126623,1228244,1242419,1762889,987801,1,0,
89,110489448117400,0.1037002,1,fixation_before,7,110489442049400,0,0,16,90,1693313894,1693313894,2,161564,161141,162907,164862,1408251,849065,1434774,451383,124537,123718,126783,126757,1228389,1242557,1763028,987968,1,0,
90,110489448117400,0.1037002,1,fixation_before,7,110489442049400,0,0,16,91,1693314899,1693314899,2,161618,161191,162950,164901,1408283,849103,1434811,451411,124604,123775,126823,126808,1228428,1242601,1763068,988026,1,0,
91,110489455484100,0.1110669,1,fixation_before,7,110489442049400,0,0,16,92,1693315904,1693315904,2,161395,160993,162754,164717,1408081,848906,1434596,451181,124392,123569,126629,126614,1228222,1242396,1762856,987801,1,0,
92,110489455484100,0.1110669,1,fixation_before,7,110489442049400,0,0,16,93,1693316908,1693316908,2,161364,160958,162728,164696,1408058,848872,1434564,451136,124361,123544,126617,126598,1228199,1242369,1762830,987780,1,0,
93,110489455484100,0.1110669,1,fixation_before,7,110489442049400,0,0,16,94,1693317913,1693317913,2,161398,160990,162753,164715,1408083,848900,1434593,451150,124393,123580,126652,126636,1228229,1242403,1762855,987817,1,0,
94,110489455484100,0.1110669,1,fixation_before,7,110489442049400,0,0,16,95,1693318918,1693318918,2,161359,160969,162726,164693,1408047,848864,1434551,451107,124359,123549,126621,126611,1228187,1242366,1762816,987781,1,0,
95,110489455484100,0.1110669,1,fixation_before,7,110489442049400,0,0,16,96,1693319922,1693319922,2,161401,160996,162753,164722,1408078,848888,1434580,451124,124395,123587,126653,126639,1228211,1242389,1762847,987807,1,0,
96,110489455484100,0.1110669,1,fixation_before,7,110489442049400,0,0,16,97,1693320927,1693320927,2,161446,161021,162782,164738,1408097,848905,1434608,451135,124429,123619,126672,126664,1228229,1242404,1762844,987821,1,0,
97,110489455484100,0.1110669,1,fixation_before,7,110489442049400,0,0,16,98,1693321932,1693321932,2,161364,160942,162703,164660,1408018,848834,1434515,451037,124350,123546,126596,126593,1228128,1242305,1762725,987704,1,0,
98,110489462244800,0.1178276,1,fixation_before,8,110489457147700,0,0,16,99,1693322937,1693322937,2,161213,160806,162556,164523,1407863,848683,1434347,450863,124204,123393,126456,126441,1227956,1242126,1762541,987516,1,0,
99,110489462244800,0.1178276,1,fixation_before,8,110489457147700,0,0,16,100,1693323941,1693323941,2,161126,160723,162470,164441,1407775,848588,1434254,450756,124125,123309,126371,126344,1227866,1242024,1762436,987409,1,0,
100,110489462244800,0.1178276,1,fixation_before,8,110489457147700,0,0,16,101,1693324946,1693324946,2,161152,160748,162493,164461,1407791,848608,1434276,450759,124150,123343,126389,126363,1227886,1242036,1762453,987424,1,0,
101,110489462244800,0.1178276,1,fixation_before,8,110489457147700,0,0,16,102,1693325951,1693325951,2,161331,160911,162651,164616,1407943,848764,1434433,450918,124326,123506,126546,126528,1228044,1242187,1762606,987601,1,0,
102,110489462244800,0.1178276,1,fixation_before,8,110489457147700,0,0,16,103,1693326956,1693326956,2,161413,160997,162741,164701,1408018,848845,1434522,450996,124428,123598,126636,126631,1228122,1242263,1762683,987678,1,0,
103,110489462244800,0.1178276,1,fixation_before,8,110489457147700,0,0,16,104,1693327961,1693327961,2,160999,160639,162395,164366,1407681,848500,1434154,450595,124029,123234,126279,126275,1227753,1241890,1762283,987257,1,0,
104,110489462244800,0.1178276,1,fixation_before,8,110489457147700,0,0,16,105,1693328966,1693328966,2,160924,160589,162354,164324,1407648,848474,1434109,450540,123951,123163,126229,126224,1227726,1241863,1762239,987210,1,0,
105,110489469247100,0.1248299,1,fixation_before,8,110489457147700,0,0,16,106,1693329971,1693329971,2,161063,160719,162488,164458,1407805,848629,1434283,450704,124085,123306,126377,126360,1227903,1242044,1762408,987397,1,0,
106,110489469247100,0.1248299,1,fixation_before,8,110489457147700,0,0,16,107,1693330975,1693330975,2,161190,160836,162605,164564,1407934,848768,1434424,450834,124206,123427,126499,126473,1228053,1242189,1762552,987560,1,0,
107,110489469247100,0.1248299,1,fixation_before,8,110489457147700,0,0,16,108,1693331980,1693331980,2,161273,160913,162670,164638,1408027,848859,1434519,450918,124305,123510,126575,126558,1228153,1242288,1762659,987674,1,0,
108,110489469247100,0.1248299,1,fixation_before,8,110489457147700,0,0,16,109,1693332985,1693332985,2,161335,160966,162723,164686,1408080,848917,1434579,450979,124365,123558,126623,126599,1228214,1242353,1762723,987749,1,0,
109,110489469247100,0.1248299,1,fixation_before,8,110489457147700,0,0,16,110,1693333989,1693333989,2,161491,161094,162847,164798,1408204,849039,1434714,451106,124513,123696,126749,126736,1228351,1242490,1762861,987916,1,0,
110,110489469247100,0.1248299,1,fixation_before,8,110489457147700,0,0,16,111,1693334994,1693334994,2,161554,161142,162889,164830,1408247,849079,1434751,451137,124578,123756,126801,126799,1228391,1242527,1762906,987970,1,0,
111,110489469247100,0.1248299,1,fixation_before,8,110489457147700,0,0,16,112,1693335999,1693335999,2,161339,160944,162693,164644,1408051,848879,1434534,450904,124358,123550,126601,126603,1228186,1242323,1762688,987749,1,0,
112,110489476267600,0.1318504,1,fixation_before,9,110489473237300,0,0,16,113,1693337004,1693337004,2,161304,160900,162666,164623,1408012,848832,1434490,450844,124307,123511,126571,126566,1228149,1242283,1762649,987716,1,0,
113,110489476267600,0.1318504,1,fixation_before,9,110489473237300,0,0,16,114,1693338008,1693338008,2,161331,160913,162681,164635,1408015,848852,1434511,450854,124336,123543,126598,126591,1228173,1242309,1762666,987748,1,0,
114,110489476267600,0.1318504,1,fixation_before,9,110489473237300,0,0,16,115,1693339013,1693339013,2,161298,160876,162644,164596,1407976,848819,1434473,450801,124311,123518,126559,126555,1228133,1242275,1762626,987714,1,0,
115,110489476267600,0.1318504,1,fixation_before,9,110489473237300,0,0,16,116,1693340018,1693340018,2,161309,160886,162656,164604,1407986,848824,1434478,450799,124338,123526,126579,126559,1228135,1242274,1762616,987717,1,0,
116,110489476267600,0.1318504,1,fixation_before,9,110489473237300,0,0,16,117,1693341023,1693341023,2,161341,160916,162694,164629,1408009,848846,1434504,450812,124371,123569,126620,126594,1228159,1242294,1762628,987742,1,0,
117,110489476267600,0.1318504,1,fixation_before,9,110489473237300,0,0,16,118,1693342027,1693342027,2,161261,160838,162627,164563,1407929,848764,1434421,450718,124296,123499,126529,126515,1228063,1242193,1762520,987623,1,0,
118,110489476267600,0.1318504,1,fixation_before,9,110489473237300,0,0,16,119,1693343032,1693343032,2,161101,160686,162479,164423,1407774,848603,1434249,450541,124135,123347,126379,126342,1227879,1242010,1762328,987424,1,0,
119,110489483218000,0.1388008,1,fixation_before,9,110489473237300,0,0,16,120,1693344037,1693344037,2,161018,160596,162404,164339,1407691,848513,1434156,450434,124053,123264,126301,126254,1227785,1241908,1762227,987316,1,0,
120,110489483218000,0.1388008,1,fixation_before,9,110489473237300,0,0,16,121,1693345042,1693345042,2,161049,160622,162438,164360,1407715,848544,1434183,450456,124084,123297,126334,126299,1227816,1241929,1762239,987339,1,0,
121,110489483218000,0.1388008,1,fixation_before,9,110489473237300,0,0,16,122,1693346047,1693346047,2,161227,160779,162580,164503,1407860,848698,1434339,450605,124268,123469,126486,126474,1227964,1242085,1762389,987511,1,0,
122,110489483218000,0.1388008,1,fixation_before,9,110489473237300,0,0,16,123,1693347052,1693347052,2,161311,160865,162653,164580,1407927,848772,1434413,450668,124351,123563,126556,126564,1228031,1242163,1762464,987575,1,0,
123,110489483218000,0.1388008,1,fixation_before,9,110489473237300,0,0,16,124,1693348056,1693348056,2,160902,160510,162308,164256,1407583,848427,1434049,450271,123944,123190,126203,126201,1227668,1241786,1762066,987155,1,0,
124,110489483218000,0.1388008,1,fixation_before,9,110489473237300,0,0,16,125,1693349061,1693349061,2,160833,160465,162269,164228,1407573,848413,1434032,450224,123879,123131,126172,126167,1227659,1241773,1762035,987127,1,0,
125,110489483218000,0.1388008,1,fixation_before,9,110489473237300,0,0,16,126,1693350066,1693350066,2,160975,160601,162408,164368,1407738,848576,1434204,450392,124028,123283,126325,126328,1227841,1241954,1762219,987316,1,0,
126,110489490272500,0.1458553,1,fixation_before,9,110489473237300,0,0,16,127,1693351071,1693351071,2,161106,160725,162535,164485,1407876,848727,1434354,450536,124164,123413,126453,126456,1227999,1242109,1762373,987492,1,0,
127,110489490272500,0.1458553,1,fixation_before,9,110489473237300,0,0,16,128,1693352076,1693352076,2,161188,160789,162599,164545,1407957,848814,1434444,450609,124257,123480,126516,126520,1228091,1242199,1762460,987598,1,0,
128,110489490272500,0.1458553,1,fixation_before,9,110489473237300,0,0,16,129,1693353081,1693353081,2,161253,160826,162629,164584,1408006,848859,1434496,450661,124319,123529,126557,126566,1228146,1242253,1762511,987670,1,0,
129,110489490272500,0.1458553,1,fixation_before,9,110489473237300,0,0,16,130,1693354086,1693354086,2,161404,160961,162757,164712,1408134,848983,1434626,450790,124463,123675,126687,126693,1228287,1242404,1762666,987839,1,0,
130,110489490272500,0.1458553,1,fixation_before,9,110489473237300,0,0,16,131,1693355091,1693355091,2,161446,161004,162798,164746,1408166,849019,1434653,450817,124506,123725,126729,126733,1228318,1242448,1762708,987888,1,0,
131,110489490272500,0.1458553,1,fixation_before,9,110489473237300,0,0,16,132,1693356095,1693356095,2,161236,160809,162611,164565,1407967,848835,1434453,450602,124304,123523,126536,126541,1228115,1242237,1762493,987669,1,0,
132,110489490272500,0.1458553,1,fixation_before,9,110489473237300,0,0,16,133,1693357100,1693357100,2,161214,160781,162583,164548,1407937,848801,1434423,450562,124273,123493,126511,126516,1228095,1242213,1762463,987648,1,0,
133,110489497169500,0.1527523,1,fixation_before,10,110489492211200,0,0,16,134,1693358105,1693358105,2,161249,160817,162614,164581,1407970,848828,1434457,450584,124323,123542,126556,126561,1228133,1242258,1762503,987693,1,0,
134,110489497169500,0.1527523,1,fixation_before,10,110489492211200,0,0,16,135,1693359110,1693359110,2,161220,160794,162586,164566,1407953,848805,1434429,450537,124310,123531,126540,126543,1228108,1242230,1762473,987678,1,0,
135,110489497169500,0.1527523,1,fixation_before,10,110489492211200,0,0,16,136,1693360114,1693360114,2,161243,160823,162614,164592,1407976,848829,1434454,450551,124343,123557,126573,126573,1228131,1242244,1762483,987701,1,0,
136,110489497169500,0.1527523,1,fixation_before,10,110489492211200,0,0,16,137,1693361119,1693361119,2,161279,160856,162653,164626,1407991,848851,1434474,450571,124379,123590,126604,126598,1228148,1242259,1762494,987716,1,0,
137,110489497169500,0.1527523,1,fixation_before,10,110489492211200,0,0,16,138,1693362124,1693362124,2,161198,160778,162571,164545,1407908,848763,1434376,450459,124298,123508,126514,126513,1228044,1242153,1762380,987599,1,0,
138,110489497169500,0.1527523,1,fixation_before,10,110489492211200,0,0,16,139,1693363129,1693363129,2,161028,160628,162426,164402,1407752,848604,1434214,450279,124129,123353,126358,126355,1227871,1241976,1762188,987405,1,0,
139,110489497169500,0.1527523,1,fixation_before,10,110489492211200,0,0,16,140,1693364134,1693364134,2,160921,160532,162334,164318,1407654,848503,1434109,450165,124033,123258,126269,126257,1227761,1241866,1762064,987279,1,0,
140,110489504193400,0.1597762,1,fixation_before,10,110489492211200,0,0,16,141,1693365139,1693365139,2,160934,160553,162356,164337,1407669,848512,1434119,450173,124064,123282,126280,126272,1227762,1241873,1762060,987282,1,0,
141,110489504193400,0.1597762,1,fixation_before,10,110489492211200,0,0,16,142,1693366144,1693366144,2,161093,160701,162514,164489,1407811,848655,1434274,450324,124236,123438,126445,126443,1227911,1242024,1762210,987449,1,0,
142,110489504193400,0.1597762,1,fixation_before,10,110489492211200,0,0,16,143,1693367148,1693367148,2,161169,160775,162589,164571,1407866,848731,1434349,450384,124316,123511,126524,126538,1227978,1242083,1762268,987516,1,0,
143,110489504193400,0.1597762,1,fixation_before,10,110489492211200,0,0,16,144,1693368153,1693368153,2,160767,160399,162238,164237,1407521,848384,1433978,449983,123899,123123,126158,126189,1227604,1241701,1761868,987087,1,0,
144,110489504193400,0.1597762,1,fixation_before,10,110489492211200,0,0,16,145,1693369158,1693369158,2,160720,160371,162221,164218,1407524,848377,1433966,449945,123837,123092,126130,126176,1227599,1241706,1761858,987072,1,0,
145,110489504193400,0.1597762,1,fixation_before,10,110489492211200,0,0,16,146,1693370162,1693370162,2,160855,160508,162359,164343,1407684,848537,1434131,450100,123982,123224,126277,126321,1227779,1241876,1762029,987254,1,0,
146,110489504193400,0.1597762,1,fixation_before,10,110489492211200,0,0,16,147,1693371167,1693371167,2,160973,160610,162459,164431,1407798,848660,1434256,450224,124103,123326,126379,126423,1227920,1241998,1762168,987409,1,0,
147,110489511156200,0.166739,1,fixation_before,11,110489508442900,0,0,16,148,1693372172,1693372172,2,161066,160676,162517,164499,1407873,848745,1434339,450308,124192,123396,126444,126494,1228006,1242097,1762258,987514,1,0,
148,110489511156200,0.166739,1,fixation_before,11,110489508442900,0,0,16,149,1693373177,1693373177,2,161129,160724,162557,164552,1407921,848801,1434396,450365,124256,123454,126494,126548,1228073,1242161,1762325,987593,1,0,
149,110489511156200,0.166739,1,fixation_before,11,110489508442900,0,0,16,150,1693374181,1693374181,2,161284,160868,162697,164672,1408059,848935,1434544,450509,124416,123606,126646,126697,1228218,1242310,1762488,987774,1,0,
150,110489511156200,0.166739,1,fixation_before,11,110489508442900,0,0,16,151,1693375186,1693375186,2,161334,160918,162734,164709,1408101,848974,1434583,450541,124468,123652,126704,126746,1228259,1242354,1762522,987817,1,0,
151,110489511156200,0.166739,1,fixation_before,11,110489508442900,0,0,16,152,1693376191,1693376191,2,161124,160735,162541,164529,1407914,848783,1434381,450312,124252,123457,126521,126559,1228055,1242152,1762311,987603,1,0,
152,110489511156200,0.166739,1,fixation_before,11,110489508442900,0,0,16,153,1693377196,1693377196,2,161121,160724,162534,164521,1407901,848769,1434364,450279,124236,123449,126508,126545,1228048,1242139,1762306,987604,1,0,
153,110489511156200,0.166739,1,fixation_before,11,110489508442900,0,0,16,154,1693378200,1693378200,2,161155,160744,162543,164527,1407908,848779,1434375,450284,124271,123473,126525,126564,1228068,1242160,1762319,987626,1,0,
154,110489518231900,0.1738147,1,fixation_before,11,110489508442900,0,0,16,155,1693379205,1693379205,2,161123,160709,162497,164481,1407867,848731,1434328,450227,124240,123443,126491,126528,1228025,1242114,1762274,987585,1,0,
155,110489518231900,0.1738147,1,fixation_before,11,110489508442900,0,0,16,156,1693380210,1693380210,2,161162,160748,162533,164506,1407888,848747,1434356,450246,124281,123471,126529,126562,1228061,1242136,1762296,987611,1,0,
156,110489518231900,0.1738147,1,fixation_before,11,110489508442900,0,0,16,157,1693381215,1693381215,2,161216,160798,162579,164558,1407928,848790,1434394,450273,124345,123520,126568,126602,1228086,1242175,1762314,987644,1,0,
157,110489518231900,0.1738147,1,fixation_before,11,110489508442900,0,0,16,158,1693382220,1693382220,2,161109,160709,162480,164463,1407821,848679,1434288,450146,124254,123422,126459,126504,1227965,1242054,1762183,987508,1,0,
158,110489518231900,0.1738147,1,fixation_before,11,110489508442900,0,0,16,159,1693383225,1693383225,2,160941,160561,162321,164317,1407666,848524,1434118,449966,124111,123268,126299,126343,1227789,1241866,1761994,987312,1,0,
159,110489518231900,0.1738147,1,fixation_before,11,110489508442900,0,0,16,160,1693384230,1693384230,2,160858,160479,162236,164244,1407580,848444,1434025,449868,124037,123184,126225,126254,1227697,1241773,1761886,987204,1,0,
160,110489518231900,0.1738147,1,fixation_before,11,110489508442900,0,0,16,161,1693385234,1693385234,2,160899,160518,162271,164276,1407609,848474,1434057,449888,124077,123217,126259,126283,1227724,1241804,1761915,987233,1,0,
161,110489525303600,0.1808864,1,fixation_before,12,110489522979400,0,0,16,162,1693386239,1693386239,2,161071,160673,162432,164431,1407759,848619,1434218,450044,124256,123383,126421,126444,1227880,1241956,1762069,987406,1,0,
162,110489525303600,0.1808864,1,fixation_before,12,110489522979400,0,0,16,163,1693387244,1693387244,2,161152,160743,162514,164499,1407833,848694,1434289,450103,124343,123478,126520,126534,1227945,1242021,1762128,987473,1,0,
163,110489525303600,0.1808864,1,fixation_before,12,110489522979400,0,0,16,164,1693388248,1693388248,2,160747,160393,162173,164173,1407494,848351,1433928,449709,123936,123115,126174,126186,1227580,1241653,1761739,987058,1,0,
164,110489525303600,0.1808864,1,fixation_before,12,110489522979400,0,0,16,165,1693389253,1693389253,2,160690,160364,162157,164160,1407488,848350,1433922,449681,123887,123079,126151,126159,1227579,1241649,1761721,987036,1,0,
165,110489525303600,0.1808864,1,fixation_before,12,110489522979400,0,0,16,166,1693390257,1693390257,2,160818,160490,162291,164295,1407639,848508,1434091,449838,124029,123221,126290,126293,1227760,1241820,1761888,987218,1,0,
166,110489525303600,0.1808864,1,fixation_before,12,110489522979400,0,0,16,167,1693391262,1693391262,2,160941,160616,162418,164408,1407776,848644,1434238,449978,124172,123346,126411,126415,1227910,1241975,1762039,987388,1,0,
167,110489525303600,0.1808864,1,fixation_before,12,110489522979400,0,0,16,168,1693392267,1693392267,2,161034,160695,162492,164476,1407858,848731,1434327,450065,124261,123421,126483,126505,1228003,1242074,1762138,987499,1,0,
168,110489532180100,0.1877629,1,fixation_before,12,110489522979400,0,0,16,169,1693393271,1693393271,2,161109,160760,162537,164533,1407923,848793,1434391,450133,124333,123488,126553,126566,1228075,1242148,1762205,987584,1,0,
169,110489532180100,0.1877629,1,fixation_before,12,110489522979400,0,0,16,170,1693394276,1693394276,2,161276,160899,162668,164664,1408058,848933,1434536,450276,124498,123644,126697,126708,1228228,1242295,1762360,987766,1,0,
170,110489532180100,0.1877629,1,fixation_before,12,110489522979400,0,0,16,171,1693395281,1693395281,2,161326,160934,162711,164693,1408086,848956,1434558,450291,124533,123679,126735,126753,1228257,1242325,1762384,987803,1,0,
171,110489532180100,0.1877629,1,fixation_before,12,110489522979400,0,0,16,172,1693396285,1693396285,2,161127,160748,162531,164514,1407900,848763,1434355,450074,124325,123490,126554,126582,1228056,1242124,1762183,987597,1,0,
172,110489532180100,0.1877629,1,fixation_before,12,110489522979400,0,0,16,173,1693397290,1693397290,2,161116,160727,162511,164489,1407877,848746,1434345,450043,124297,123468,126533,126568,1228040,1242106,1762171,987588,1,0,
173,110489532180100,0.1877629,1,fixation_before,12,110489522979400,0,0,16,174,1693398295,1693398295,2,161153,160746,162531,164506,1407897,848764,1434361,450054,124336,123498,126560,126594,1228064,1242133,1762196,987627,1,0,
174,110489532180100,0.1877629,1,fixation_before,12,110489522979400,0,0,16,175,1693399300,1693399300,2,161125,160708,162505,164481,1407866,848742,1434322,450011,124323,123482,126531,126566,1228032,1242101,1762162,987598,1,0,
175,110489539424100,0.1950069,1,fixation_before,12,110489522979400,0,0,16,176,1693400304,1693400304,2,161168,160742,162542,164522,1407889,848771,1434351,450034,124370,123525,126576,126608,1228066,1242132,1762184,987628,1,0,
176,110489539424100,0.1950069,1,fixation_before,12,110489522979400,0,0,16,177,1693401309,1693401309,2,161217,160782,162573,164561,1407916,848796,1434378,450058,124417,123561,126613,126643,1228086,1242142,1762197,987648,1,0,
177,110489539424100,0.1950069,1,fixation_before,12,110489522979400,0,0,16,178,1693402314,1693402314,2,161121,160680,162473,164465,1407821,848683,1434268,449934,124309,123464,126517,126528,1227962,1242012,1762069,987504,1,0,
178,110489539424100,0.1950069,1,fixation_before,12,110489522979400,0,0,16,179,1693403319,1693403319,2,160954,160516,162313,164309,1407648,848509,1434093,449739,124138,123299,126354,126352,1227783,1241819,1761865,987296,1,0,
179,110489539424100,0.1950069,1,fixation_before,12,110489522979400,0,0,16,180,1693404323,1693404323,2,160868,160434,162246,164233,1407566,848431,1434008,449645,124067,123229,126272,126278,1227693,1241732,1761758,987196,1,0,
180,110489539424100,0.1950069,1,fixation_before,12,110489522979400,0,0,16,181,1693405328,1693405328,2,160906,160466,162289,164268,1407603,848474,1434046,449668,124121,123274,126309,126314,1227721,1241772,1761782,987237,1,0,
181,110489539424100,0.1950069,1,fixation_before,12,110489522979400,0,0,16,182,1693406333,1693406333,2,161078,160635,162444,164427,1407757,848626,1434204,449824,124303,123437,126475,126488,1227888,1241929,1761941,987404,1,0,
182,110489546220400,0.2018032,1,fixation_before,13,110489541800900,0,0,16,183,1693407338,1693407338,2,161134,160703,162506,164484,1407807,848673,1434269,449874,124369,123509,126547,126563,1227938,1241987,1761992,987456,1,0,
183,110489546220400,0.2018032,1,fixation_before,13,110489541800900,0,0,16,184,1693408342,1693408342,2,160713,160329,162148,164139,1407457,848318,1433889,449464,123943,123128,126188,126190,1227551,1241594,1761577,987020,1,0,
184,110489546220400,0.2018032,1,fixation_before,13,110489541800900,0,0,16,185,1693409347,1693409347,2,160682,160316,162141,164137,1407468,848338,1433895,449451,123896,123107,126183,126197,1227566,1241609,1761585,987014,1,0,
185,110489546220400,0.2018032,1,fixation_before,13,110489541800900,0,0,16,186,1693410352,1693410352,2,160843,160474,162291,164283,1407639,848511,1434075,449622,124053,123262,126349,126366,1227761,1241801,1761771,987221,1,0,
186,110489546220400,0.2018032,1,fixation_before,13,110489541800900,0,0,16,187,1693411356,1693411356,2,161004,160631,162436,164417,1407806,848677,1434245,449778,124211,123413,126494,126504,1227938,1241985,1761949,987416,1,0,
187,110489546220400,0.2018032,1,fixation_before,13,110489541800900,0,0,16,188,1693412361,1693412361,2,161101,160714,162514,164485,1407897,848771,1434350,449876,124307,123497,126568,126584,1228051,1242090,1762062,987537,1,0,
188,110489546220400,0.2018032,1,fixation_before,13,110489541800900,0,0,16,189,1693413366,1693413366,2,161152,160755,162551,164521,1407949,848828,1434404,449929,124372,123548,126614,126628,1228111,1242145,1762126,987609,1,0,
189,110489553177800,0.2087606,1,fixation_before,13,110489541800900,0,0,16,190,1693414371,1693414371,2,161313,160879,162681,164649,1408082,848954,1434539,450066,124546,123689,126744,126751,1228249,1242291,1762268,987770,1,0,
190,110489553177800,0.2087606,1,fixation_before,13,110489541800900,0,0,16,191,1693415375,1693415375,2,161353,160898,162696,164663,1408084,848965,1434544,450068,124588,123726,126770,126770,1228259,1242308,1762278,987799,1,0,
191,110489553177800,0.2087606,1,fixation_before,13,110489541800900,0,0,16,192,1693416380,1693416380,2,161146,160701,162497,164473,1407883,848769,1434337,449834,124371,123522,126571,126587,1228056,1242101,1762064,987580,1,0,
192,110489553177800,0.2087606,1,fixation_before,13,110489541800900,0,0,16,193,1693417385,1693417385,2,161151,160703,162499,164470,1407889,848770,1434339,449825,124379,123528,126574,126590,1228061,1242111,1762071,987593,1,0,
193,110489553177800,0.2087606,1,fixation_before,13,110489541800900,0,0,16,194,1693418389,1693418389,2,161185,160731,162524,164503,1407918,848793,1434367,449850,124429,123563,126596,126617,1228089,1242144,1762098,987634,1,0,
194,110489553177800,0.2087606,1,fixation_before,13,110489541800900,0,0,16,195,1693419394,1693419394,2,161156,160700,162493,164468,1407882,848752,1434329,449798,124391,123539,126579,126598,1228053,1242102,1762054,987598,1,0,
195,110489553177800,0.2087606,1,fixation_before,13,110489541800900,0,0,16,196,1693420398,1693420398,2,161181,160724,162513,164482,1407902,848776,1434341,449799,124412,123569,126613,126627,1228076,1242120,1762074,987621,1,0,
196,110489560285000,0.2158678,1,fixation_before,14,110489558346700,0,0,16,197,1693421403,1693421403,2,161218,160758,162546,164508,1407924,848794,1434362,449815,124451,123614,126632,126655,1228089,1242136,1762086,987638,1,0,
197,110489560285000,0.2158678,1,fixation_before,14,110489558346700,0,0,16,198,1693422408,1693422408,2,161116,160660,162443,164394,1407809,848676,1434246,449684,124351,123502,126521,126533,1227963,1242006,1761935,987494,1,0,
198,110489560285000,0.2158678,1,fixation_before,14,110489558346700,0,0,16,199,1693423413,1693423413,2,160939,160479,162276,164224,1407629,848496,1434055,449477,124171,123321,126345,126354,1227768,1241800,1761721,987274,1,0,
199,110489560285000,0.2158678,1,fixation_before,14,110489558346700,0,0,16,200,1693424418,1693424418,2,160849,160390,162188,164143,1407542,848402,1433961,449383,124082,123239,126256,126270,1227669,1241703,1761611,987163,1,0,
200,110489560285000,0.2158678,1,fixation_before,14,110489558346700,0,0,16,201,1693425422,1693425422,2,160878,160423,162213,164174,1407565,848442,1433984,449405,124109,123269,126289,126305,1227690,1241719,1761628,987184,1,0,
201,110489560285000,0.2158678,1,fixation_before,14,110489558346700,0,0,16,202,1693426427,1693426427,2,161057,160589,162381,164338,1407724,848599,1434151,449566,124283,123448,126456,126473,1227848,1241879,1761794,987359,1,0,
202,110489560285000,0.2158678,1,fixation_before,14,110489558346700,0,0,16,203,1693427432,1693427432,2,161133,160664,162462,164412,1407786,848665,1434226,449618,124356,123527,126538,126549,1227914,1241946,1761849,987420,1,0,
203,110489567340500,0.2229233,1,fixation_before,14,110489558346700,0,0,16,204,1693428437,1693428437,2,160713,160290,162106,164064,1407436,848314,1433844,449209,123936,123146,126169,126180,1227538,1241556,1761441,986988,1,0,
204,110489567340500,0.2229233,1,fixation_before,14,110489558346700,0,0,16,205,1693429442,1693429442,2,160654,160249,162085,164040,1407429,848306,1433840,449186,123883,123103,126139,126161,1227539,1241551,1761432,986973,1,0,
205,110489567340500,0.2229233,1,fixation_before,14,110489558346700,0,0,16,206,1693430446,1693430446,2,160783,160368,162210,164159,1407573,848451,1434004,449331,124009,123234,126268,126286,1227703,1241728,1761586,987145,1,0,
206,110489567340500,0.2229233,1,fixation_before,14,110489558346700,0,0,16,207,1693431451,1693431451,2,160903,160476,162320,164264,1407709,848581,1434141,449457,124133,123354,126386,126401,1227849,1241871,1761729,987305,1,0,
207,110489567340500,0.2229233,1,fixation_before,14,110489558346700,0,0,16,208,1693432456,1693432456,2,160995,160562,162389,164348,1407803,848676,1434236,449556,124229,123443,126468,126478,1227953,1241970,1761839,987426,1,0,
208,110489567340500,0.2229233,1,fixation_before,14,110489558346700,0,0,16,209,1693433461,1693433461,2,161061,160613,162439,164403,1407856,848728,1434294,449604,124295,123499,126513,126534,1228013,1242031,1761906,987503,1,0,
209,110489567340500,0.2229233,1,fixation_before,14,110489558346700,0,0,16,210,1693434466,1693434466,2,161220,160751,162573,164534,1407984,848861,1434437,449743,124458,123657,126653,126675,1228153,1242179,1762058,987686,1,0,
210,110489574243200,0.229826,1,fixation_before,15,110489573308800,0,0,16,211,1693435471,1693435471,2,161259,160781,162604,164564,1407999,848879,1434453,449758,124504,123691,126684,126701,1228173,1242206,1762081,987719,1,0,
211,110489574243200,0.229826,1,fixation_before,15,110489573308800,0,0,16,212,1693436475,1693436475,2,161053,160601,162423,164394,1407818,848691,1434252,449539,124304,123498,126495,126513,1227983,1242013,1761877,987511,1,0,
212,110489574243200,0.229826,1,fixation_before,15,110489573308800,0,0,16,213,1693437480,1693437480,2,161047,160595,162411,164387,1407803,848682,1434233,449516,124296,123485,126489,126496,1227972,1241996,1761870,987504,1,0,
213,110489574243200,0.229826,1,fixation_before,15,110489573308800,0,0,16,214,1693438485,1693438485,2,161081,160625,162429,164413,1407818,848702,1434254,449530,124317,123531,126521,126532,1227995,1242026,1761888,987538,1,0,
214,110489574243200,0.229826,1,fixation_before,15,110489573308800,0,0,16,215,1693439490,1693439490,2,161042,160588,162393,164382,1407788,848666,1434220,449476,124287,123510,126485,126504,1227958,1241992,1761846,987500,1,0,
215,110489574243200,0.229826,1,fixation_before,15,110489573308800,0,0,16,216,1693440495,1693440495,2,161085,160621,162428,164412,1407823,848697,1434249,449495,124326,123551,126519,126543,1227991,1242031,1761873,987541,1,0,
216,110489574243200,0.229826,1,fixation_before,15,110489573308800,0,0,16,217,1693441499,1693441499,2,161130,160653,162449,164448,1407838,848717,1434278,449514,124367,123573,126540,126574,1228008,1242036,1761877,987556,1,0,
217,110489581272700,0.2368555,1,fixation_before,15,110489573308800,0,0,16,218,1693442504,1693442504,2,161026,160555,162351,164354,1407727,848603,1434157,449384,124259,123470,126425,126464,1227881,1241903,1761743,987413,1,0,
218,110489581272700,0.2368555,1,fixation_before,15,110489573308800,0,0,16,219,1693443509,1693443509,2,160844,160380,162187,164194,1407549,848427,1433974,449186,124074,123293,126259,126292,1227689,1241717,1761537,987196,1,0,
219,110489581272700,0.2368555,1,fixation_before,15,110489573308800,0,0,16,220,1693444514,1693444514,2,160755,160307,162104,164104,1407468,848341,1433880,449084,123988,123213,126183,126218,1227598,1241616,1761425,987084,1,0,
220,110489581272700,0.2368555,1,fixation_before,15,110489573308800,0,0,16,221,1693445519,1693445519,2,160791,160348,162146,164131,1407508,848369,1433915,449110,124041,123261,126223,126253,1227629,1241641,1761446,987124,1,0,
221,110489581272700,0.2368555,1,fixation_before,15,110489573308800,0,0,16,222,1693446523,1693446523,2,160981,160517,162314,164296,1407667,848533,1434078,449275,124223,123437,126399,126425,1227789,1241812,1761613,987313,1,0,
222,110489581272700,0.2368555,1,fixation_before,15,110489573308800,0,0,16,223,1693447528,1693447528,2,161034,160569,162380,164352,1407711,848580,1434127,449324,124284,123494,126469,126491,1227852,1241856,1761656,987353,1,0,
223,110489581272700,0.2368555,1,fixation_before,15,110489573308800,0,0,16,224,1693448533,1693448533,2,160629,160204,162045,164027,1407363,848242,1433764,448923,123863,123111,126108,126129,1227483,1241485,1761258,986928,1,0,
224,110489588343100,0.2439259,1,fixation_before,15,110489573308800,0,0,16,225,1693449538,1693449538,2,160609,160207,162046,164029,1407385,848264,1433782,448917,123837,123091,126108,126127,1227503,1241510,1761273,986940,1,0,
225,110489588343100,0.2439259,1,fixation_before,15,110489573308800,0,0,16,226,1693450542,1693450542,2,160744,160339,162173,164159,1407529,848414,1433946,449068,123978,123214,126251,126264,1227669,1241677,1761439,987120,1,0,
226,110489588343100,0.2439259,1,fixation_before,16,110489588571200,0,0,16,227,1693451547,1693451547,2,160871,160454,162288,164285,1407667,848554,1434091,449204,124118,123338,126376,126391,1227816,1241826,1761585,987289,1,0,
227,110489588343100,0.2439259,1,fixation_before,16,110489588571200,0,0,16,228,1693452552,1693452552,2,160951,160520,162343,164346,1407751,848634,1434176,449277,124198,123416,126443,126466,1227908,1241914,1761680,987394,1,0,
228,110489588343100,0.2439259,1,fixation_before,16,110489588571200,0,0,16,229,1693453557,1693453557,2,161009,160564,162376,164374,1407798,848678,1434223,449326,124259,123446,126490,126509,1227962,1241976,1761734,987465,1,0,
229,110489588343100,0.2439259,1,fixation_before,16,110489588571200,0,0,16,230,1693454562,1693454562,2,161166,160698,162496,164494,1407920,848804,1434358,449456,124424,123583,126629,126651,1228099,1242116,1761874,987633,1,0,
230,110489588343100,0.2439259,1,fixation_before,16,110489588571200,0,0,16,231,1693455566,1693455566,2,161186,160718,162508,164508,1407928,848815,1434372,449459,124458,123609,126654,126674,1228118,1242131,1761890,987657,1,0,
231,110489595148700,0.2507315,1,fixation_before,16,110489588571200,0,0,16,232,1693456571,1693456571,2,160966,160523,162318,164328,1407743,848624,1434170,449234,124250,123418,126466,126479,1227922,1241926,1761684,987441,1,0,
232,110489595148700,0.2507315,1,fixation_before,16,110489588571200,0,0,16,233,1693457576,1693457576,2,160968,160526,162313,164328,1407735,848620,1434165,449220,124246,123417,126463,126475,1227921,1241935,1761685,987444,1,0,
233,110489595148700,0.2507315,1,fixation_before,16,110489588571200,0,0,16,234,1693458581,1693458581,2,160986,160543,162332,164336,1407738,848626,1434169,449217,124257,123439,126483,126486,1227928,1241943,1761695,987474,1,0,
234,110489595148700,0.2507315,1,fixation_before,16,110489588571200,0,0,16,235,1693459586,1693459586,2,160951,160514,162295,164298,1407704,848591,1434126,449168,124224,123420,126460,126462,1227892,1241904,1761651,987437,1,0,
235,110489595148700,0.2507315,1,fixation_before,16,110489588571200,0,0,16,236,1693460591,1693460591,2,160978,160545,162313,164313,1407719,848604,1434139,449173,124255,123443,126487,126494,1227906,1241921,1761659,987454,1,0,
236,110489595148700,0.2507315,1,fixation_before,16,110489588571200,0,0,16,237,1693461596,1693461596,2,161021,160578,162346,164349,1407743,848623,1434167,449203,124289,123489,126520,126529,1227929,1241937,1761676,987469,1,0,
237,110489595148700,0.2507315,1,fixation_before,16,110489588571200,0,0,16,238,1693462601,1693462601,2,160926,160486,162249,164259,1407634,848519,1434060,449083,124189,123403,126413,126431,1227805,1241806,1761541,987333,1,0,
238,110489602222500,0.2578053,1,fixation_before,16,110489588571200,0,0,16,239,1693463605,1693463605,2,160774,160334,162101,164119,1407483,848369,1433901,448905,124040,123255,126263,126284,1227636,1241634,1761352,987144,1,0,
239,110489602222500,0.2578053,1,fixation_before,16,110489588571200,0,0,16,240,1693464610,1693464610,2,160703,160258,162028,164043,1407396,848288,1433811,448813,123963,123179,126189,126212,1227545,1241540,1761248,987039,1,0,
240,110489602222500,0.2578053,1,fixation_before,16,110489588571200,0,0,16,241,1693465615,1693465615,2,160738,160297,162058,164075,1407426,848313,1433844,448830,124006,123212,126224,126244,1227576,1241572,1761271,987070,1,0,
241,110489602222500,0.2578053,1,fixation_before,16,110489588571200,0,0,16,242,1693466620,1693466620,2,160910,160472,162211,164231,1407581,848469,1434009,448986,124190,123391,126393,126424,1227738,1241733,1761436,987243,1,0,
242,110489602222500,0.2578053,1,fixation_before,16,110489588571200,0,0,16,243,1693467625,1693467625,2,160949,160519,162255,164271,1407611,848509,1434044,449009,124244,123448,126450,126468,1227766,1241759,1761463,987268,1,0,
243,110489602222500,0.2578053,1,fixation_before,16,110489588571200,0,0,16,244,1693468630,1693468630,2,160536,160146,161906,163925,1407264,848143,1433667,448604,123824,123069,126089,126107,1227382,1241369,1761046,986843,1,0,
244,110489602222500,0.2578053,1,fixation_before,16,110489588571200,0,0,16,245,1693469635,1693469635,2,160516,160129,161913,163928,1407284,848164,1433685,448588,123789,123047,126075,126109,1227411,1241388,1761061,986847,1,0,
245,110489609157400,0.2647402,1,fixation_before,17,110489607497000,0,0,16,246,1693470640,1693470640,2,160657,160253,162043,164053,1407429,848324,1433841,448736,123923,123181,126206,126250,1227580,1241557,1761218,987023,1,0,
246,110489609157400,0.2647402,1,fixation_before,17,110489607497000,0,0,16,247,1693471644,1693471644,2,160784,160368,162145,164153,1407559,848456,1433985,448868,124043,123296,126317,126365,1227715,1241699,1761354,987184,1,0,
247,110489609157400,0.2647402,1,fixation_before,17,110489607497000,0,0,16,248,1693472649,1693472649,2,160880,160449,162218,164223,1407644,848549,1434073,448957,124136,123369,126399,126437,1227814,1241801,1761457,987294,1,0,
248,110489609157400,0.2647402,1,fixation_before,17,110489607497000,0,0,16,249,1693473654,1693473654,2,160935,160491,162261,164256,1407691,848587,1434113,449003,124188,123417,126453,126472,1227868,1241861,1761519,987364,1,0,
249,110489609157400,0.2647402,1,fixation_before,17,110489607497000,0,0,16,250,1693474659,1693474659,2,161087,160633,162386,164378,1407821,848720,1434259,449136,124348,123558,126603,126608,1228009,1242002,1761675,987538,1,0,
250,110489609157400,0.2647402,1,fixation_before,17,110489607497000,0,0,16,251,1693475664,1693475664,2,161110,160659,162416,164402,1407832,848737,1434279,449136,124374,123588,126635,126643,1228033,1242030,1761688,987566,1,0,
251,110489609157400,0.2647402,1,fixation_before,17,110489607497000,0,0,16,252,1693476669,1693476669,2,160889,160453,162214,164209,1407631,848531,1434057,448906,124152,123375,126429,126451,1227818,1241811,1761461,987338,1,0,
252,110489616131400,0.2717142,1,fixation_before,17,110489607497000,0,0,16,253,1693477674,1693477674,2,160883,160453,162194,164203,1407619,848518,1434039,448884,124139,123353,126413,126450,1227801,1241801,1761449,987343,1,0,
253,110489616131400,0.2717142,1,fixation_before,17,110489607497000,0,0,16,254,1693478679,1693478679,2,160918,160472,162204,164210,1407631,848524,1434050,448887,124179,123367,126441,126471,1227828,1241814,1761472,987363,1,0,
254,110489616131400,0.2717142,1,fixation_before,17,110489607497000,0,0,16,255,1693479684,1693479684,2,160899,160441,162184,164193,1407604,848498,1434020,448846,124169,123344,126414,126455,1227800,1241786,1761439,987338,1,0,
255,110489616131400,0.2717142,1,fixation_before,17,110489607497000,0,0,16,256,1693480688,1693480688,2,160923,160468,162220,164219,1407624,848518,1434043,448859,124208,123379,126437,126492,1227810,1241807,1761444,987357,1,0,
256,110489616131400,0.2717142,1,fixation_before,17,110489607497000,0,0,16,257,1693481693,1693481693,2,160944,160496,162241,164242,1407628,848531,1434053,448861,124231,123401,126461,126517,1227814,1241808,1761439,987356,1,0,
257,110489616131400,0.2717142,1,fixation_before,17,110489607497000,0,0,16,258,1693482698,1693482698,2,160849,160402,162140,164146,1407524,848424,1433939,448741,124127,123303,126359,126408,1227686,1241683,1761300,987223,1,0,
258,110489616131400,0.2717142,1,fixation_before,17,110489607497000,0,0,16,259,1693483703,1693483703,2,160678,160239,161974,163993,1407364,848259,1433764,448548,123954,123143,126202,126239,1227504,1241494,1761108,987015,1,0,
259,110489623243500,0.2788263,1,fixation_before,18,110489621340800,0,0,16,260,1693484708,1693484708,2,160606,160162,161895,163924,1407286,848178,1433678,448453,123878,123078,126132,126158,1227418,1241410,1761007,986911,1,0,
260,110489623243500,0.2788263,1,fixation_before,18,110489621340800,0,0,16,261,1693485713,1693485713,2,160650,160212,161938,163959,1407318,848212,1433712,448481,123943,123134,126176,126206,1227457,1241443,1761038,986958,1,0,
261,110489623243500,0.2788263,1,fixation_before,18,110489621340800,0,0,16,262,1693486718,1693486718,2,160821,160378,162098,164115,1407475,848368,1433873,448643,124129,123306,126346,126374,1227625,1241597,1761194,987129,1,0,
262,110489623243500,0.2788263,1,fixation_before,18,110489621340800,0,0,16,263,1693487722,1693487722,2,160862,160424,162139,164156,1407510,848403,1433916,448656,124176,123350,126391,126410,1227659,1241623,1761214,987157,1,0,
263,110489623243500,0.2788263,1,fixation_before,18,110489621340800,0,0,16,264,1693488727,1693488727,2,160455,160063,161798,163811,1407159,848050,1433542,448254,123759,122980,126016,126051,1227281,1241251,1760811,986724,1,0,
264,110489623243500,0.2788263,1,fixation_before,18,110489621340800,0,0,16,265,1693489732,1693489732,2,160419,160041,161804,163814,1407173,848061,1433557,448249,123723,122961,126009,126049,1227301,1241274,1760826,986729,1,0,
265,110489623243500,0.2788263,1,fixation_before,18,110489621340800,0,0,16,266,1693490737,1693490737,2,160536,160158,161927,163933,1407306,848208,1433704,448388,123839,123066,126121,126171,1227458,1241425,1760977,986898,1,0,
266,110489630180100,0.2857629,1,fixation_before,18,110489621340800,0,0,16,267,1693491741,1693491741,2,160659,160261,162036,164043,1407437,848343,1433835,448523,123954,123177,126232,126284,1227600,1241567,1761121,987056,1,0,
267,110489630180100,0.2857629,1,fixation_before,18,110489621340800,0,0,16,268,1693492746,1693492746,2,160741,160336,162086,164115,1407509,848421,1433923,448601,124029,123249,126309,126341,1227696,1241657,1761214,987165,1,0,
268,110489630180100,0.2857629,1,fixation_before,18,110489621340800,0,0,16,269,1693493751,1693493751,2,160801,160385,162114,164155,1407552,848469,1433976,448636,124081,123301,126357,126381,1227748,1241711,1761263,987232,1,0,
269,110489630180100,0.2857629,1,fixation_before,18,110489621340800,0,0,16,270,1693494756,1693494756,2,160963,160525,162253,164292,1407683,848606,1434118,448781,124263,123460,126507,126531,1227890,1241863,1761420,987408,1,0,
270,110489630180100,0.2857629,1,fixation_before,18,110489621340800,0,0,16,271,1693495761,1693495761,2,160983,160544,162268,164309,1407693,848614,1434129,448788,124297,123496,126529,126548,1227896,1241878,1761432,987433,1,0,
271,110489630180100,0.2857629,1,fixation_before,18,110489621340800,0,0,16,272,1693496766,1693496766,2,160764,160349,162069,164125,1407493,848412,1433914,448560,124074,123295,126323,126344,1227688,1241665,1761214,987209,1,0,
272,110489630180100,0.2857629,1,fixation_before,18,110489621340800,0,0,16,273,1693497771,1693497771,2,160773,160356,162078,164127,1407499,848411,1433923,448543,124083,123291,126329,126341,1227701,1241668,1761218,987218,1,0,
273,110489637263600,0.2928464,1,fixation_before,18,110489621340800,0,0,16,274,1693498776,1693498776,2,160796,160359,162097,164127,1407501,848410,1433925,448536,124109,123299,126338,126353,1227711,1241678,1761228,987236,1,0,
274,110489637263600,0.2928464,1,fixation_before,18,110489621340800,0,0,16,275,1693499780,1693499780,2,160748,160317,162063,164099,1407469,848369,1433883,448475,124084,123259,126296,126322,1227662,1241636,1761181,987203,1,0,
275,110489637263600,0.2928464,1,fixation_before,18,110489621340800,0,0,16,276,1693500785,1693500785,2,160773,160346,162094,164129,1407494,848399,1433908,448489,124118,123299,126322,126344,1227684,1241664,1761200,987221,1,0,
276,110489637263600,0.2928464,1,fixation_before,18,110489621340800,0,0,16,277,1693501790,1693501790,2,160821,160383,162136,164161,1407521,848427,1433941,448521,124164,123356,126363,126368,1227719,1241692,1761219,987249,1,0,
277,110489637263600,0.2928464,1,fixation_before,18,110489621340800,0,0,16,278,1693502794,1693502794,2,160715,160283,162048,164063,1407408,848319,1433823,448394,124060,123249,126256,126261,1227594,1241556,1761084,987103,1,0,
278,110489637263600,0.2928464,1,fixation_before,18,110489621340800,0,0,16,279,1693503799,1693503799,2,160553,160133,161904,163910,1407251,848163,1433659,448217,123895,123093,126094,126097,1227414,1241376,1760891,986914,1,0,
279,110489637263600,0.2928464,1,fixation_before,18,110489621340800,0,0,16,280,1693504804,1693504804,2,160498,160074,161845,163842,1407186,848091,1433584,448134,123836,123033,126024,126027,1227341,1241304,1760804,986833,1,0,
280,110489644229900,0.2998127,1,fixation_before,19,110489638769100,0,0,16,281,1693505809,1693505809,2,160544,160098,161883,163873,1407216,848121,1433613,448146,123886,123065,126059,126069,1227373,1241328,1760833,986854,1,0,
281,110489644229900,0.2998127,1,fixation_before,19,110489638769100,0,0,16,282,1693506814,1693506814,2,160724,160268,162059,164041,1407361,848271,1433775,448297,124073,123237,126224,126251,1227534,1241489,1760991,987026,1,0,
282,110489644229900,0.2998127,1,fixation_before,19,110489638769100,0,0,16,283,1693507818,1693507818,2,160753,160284,162091,164080,1407384,848293,1433796,448314,124111,123265,126254,126301,1227551,1241496,1761002,987043,1,0,
283,110489644229900,0.2998127,1,fixation_before,19,110489638769100,0,0,16,284,1693508823,1693508823,2,160336,159910,161747,163744,1407037,847949,1433423,447923,123697,122889,125906,125939,1227174,1241125,1760601,986618,1,0,
284,110489644229900,0.2998127,1,fixation_before,19,110489638769100,0,0,16,285,1693509828,1693509828,2,160338,159932,161779,163778,1407085,847991,1433464,447945,123686,122900,125933,125965,1227223,1241177,1760639,986663,1,0,
285,110489644229900,0.2998127,1,fixation_before,19,110489638769100,0,0,16,286,1693510833,1693510833,2,160486,160070,161920,163919,1407250,848158,1433646,448103,123828,123041,126079,126116,1227403,1241351,1760816,986841,1,0,
286,110489644229900,0.2998127,1,fixation_before,19,110489638769100,0,0,16,287,1693511837,1693511837,2,160623,160180,162034,164036,1407380,848296,1433785,448229,123959,123156,126206,126248,1227556,1241508,1760966,987003,1,0,
287,110489651130600,0.3067134,1,fixation_before,19,110489638769100,0,0,16,288,1693512842,1693512842,2,160704,160250,162103,164109,1407456,848381,1433865,448314,124047,123226,126263,126323,1227649,1241595,1761064,987117,1,0,
288,110489651130600,0.3067134,1,fixation_before,19,110489638769100,0,0,16,289,1693513847,1693513847,2,160772,160308,162153,164142,1407510,848435,1433932,448376,124116,123299,126310,126369,1227713,1241658,1761127,987196,1,0,
289,110489651130600,0.3067134,1,fixation_before,19,110489638769100,0,0,16,290,1693514851,1693514851,2,160941,160444,162281,164263,1407644,848565,1434083,448509,124281,123456,126451,126494,1227859,1241804,1761270,987364,1,0,
290,110489651130600,0.3067134,1,fixation_before,19,110489638769100,0,0,16,291,1693515856,1693515856,2,160956,160453,162286,164268,1407637,848566,1434071,448498,124299,123464,126466,126501,1227855,1241810,1761268,987373,1,0,
291,110489651130600,0.3067134,1,fixation_before,19,110489638769100,0,0,16,292,1693516861,1693516861,2,160748,160260,162103,164074,1407434,848367,1433851,448268,124083,123259,126273,126309,1227640,1241594,1761052,987161,1,0,
292,110489651130600,0.3067134,1,fixation_before,19,110489638769100,0,0,16,293,1693517866,1693517866,2,160768,160283,162109,164088,1407441,848374,1433871,448267,124105,123278,126291,126326,1227659,1241610,1761071,987191,1,0,
293,110489651130600,0.3067134,1,fixation_before,19,110489638769100,0,0,16,294,1693518870,1693518870,2,160798,160323,162134,164111,1407464,848399,1433893,448278,124145,123313,126333,126351,1227687,1241636,1761102,987219,1,0,
294,110489658225300,0.3138081,1,fixation_before,20,110489655230800,0,0,16,295,1693519875,1693519875,2,160767,160291,162112,164078,1407431,848364,1433851,448234,124123,123293,126305,126328,1227650,1241603,1761069,987184,1,0,
295,110489658225300,0.3138081,1,fixation_before,20,110489655230800,0,0,16,296,1693520880,1693520880,2,160798,160324,162148,164112,1407459,848390,1433879,448253,124164,123330,126334,126354,1227671,1241622,1761082,987211,1,0,
296,110489658225300,0.3138081,1,fixation_before,20,110489655230800,0,0,16,297,1693521885,1693521885,2,160820,160353,162168,164133,1407470,848393,1433888,448243,124182,123344,126351,126363,1227674,1241621,1761073,987206,1,0,
297,110489658225300,0.3138081,1,fixation_before,20,110489655230800,0,0,16,298,1693522890,1693522890,2,160719,160249,162055,164033,1407364,848284,1433765,448111,124087,123244,126243,126246,1227539,1241491,1760928,987056,1,0,
298,110489658225300,0.3138081,1,fixation_before,20,110489655230800,0,0,16,299,1693523895,1693523895,2,160558,160095,161911,163885,1407203,848129,1433598,447935,123932,123094,126089,126081,1227364,1241310,1760738,986865,1,0,
299,110489658225300,0.3138081,1,fixation_before,20,110489655230800,0,0,16,300,1693524900,1693524900,2,160481,160033,161845,163823,1407134,848053,1433519,447839,123860,123023,126025,126009,1227283,1241226,1760639,986771,1,0,
300,110489658225300,0.3138081,1,fixation_before,20,110489655230800,0,0,16,301,1693525904,1693525904,2,160527,160087,161901,163869,1407173,848095,1433569,447879,123908,123082,126091,126056,1227326,1241276,1760679,986816,1,0,
301,110489665158800,0.3207416,1,fixation_before,20,110489655230800,0,0,16,302,1693526909,1693526909,2,160700,160251,162059,164021,1407319,848246,1433727,448038,124073,123243,126273,126228,1227488,1241435,1760846,986987,1,0,
302,110489665158800,0.3207416,1,fixation_before,20,110489655230800,0,0,16,303,1693527914,1693527914,2,160715,160274,162093,164041,1407338,848266,1433748,448047,124103,123274,126303,126258,1227496,1241446,1760856,986996,1,0,
303,110489665158800,0.3207416,1,fixation_before,20,110489655230800,0,0,16,304,1693528919,1693528919,2,160308,159909,161751,163701,1406990,847913,1433382,447645,123684,122900,125939,125893,1227126,1241064,1760447,986570,1,0,
304,110489665158800,0.3207416,1,fixation_before,20,110489655230800,0,0,16,305,1693529924,1693529924,2,160300,159911,161777,163716,1407028,847947,1433411,447653,123669,122896,125956,125908,1227171,1241097,1760485,986596,1,0,
305,110489665158800,0.3207416,1,fixation_before,20,110489655230800,0,0,16,306,1693530928,1693530928,2,160451,160040,161911,163841,1407173,848103,1433569,447804,123795,123021,126103,126043,1227344,1241267,1760653,986775,1,0,
306,110489665158800,0.3207416,1,fixation_before,20,110489655230800,0,0,16,307,1693531933,1693531933,2,160579,160162,162033,163950,1407312,848244,1433710,447944,123921,123144,126231,126171,1227494,1241416,1760797,986939,1,0,
307,110489665158800,0.3207416,1,fixation_before,20,110489655230800,0,0,16,308,1693532938,1693532938,2,160672,160249,162099,164024,1407403,848331,1433811,448036,124015,123230,126303,126254,1227583,1241518,1760894,987059,1,0,
308,110489672182500,0.3277653,1,fixation_before,20,110489655230800,0,0,16,309,1693533943,1693533943,2,160759,160313,162156,164074,1407462,848399,1433888,448099,124087,123299,126379,126323,1227661,1241598,1760976,987159,1,0,
309,110489672182500,0.3277653,1,fixation_before,20,110489655230800,0,0,16,310,1693534948,1693534948,2,160944,160473,162301,164211,1407607,848544,1434039,448252,124263,123458,126539,126487,1227829,1241757,1761143,987346,1,0,
310,110489672182500,0.3277653,1,fixation_before,20,110489655230800,0,0,16,311,1693535953,1693535953,2,160959,160484,162319,164230,1407616,848546,1434041,448241,124291,123468,126558,126507,1227826,1241757,1761144,987356,1,0,
311,110489672182500,0.3277653,1,fixation_before,20,110489655230800,0,0,16,312,1693536957,1693536957,2,160751,160297,162129,164053,1407419,848354,1433837,448018,124075,123270,126365,126317,1227625,1241560,1760935,987151,1,0,
312,110489672182500,0.3277653,1,fixation_before,20,110489655230800,0,0,16,313,1693537962,1693537962,2,160746,160294,162140,164060,1407418,848351,1433833,448010,124079,123279,126364,126316,1227626,1241566,1760935,987154,1,0,
313,110489672182500,0.3277653,1,fixation_before,20,110489655230800,0,0,16,314,1693538967,1693538967,2,160760,160305,162136,164077,1407423,848356,1433842,448011,124108,123296,126390,126332,1227633,1241574,1760943,987174,1,0,
314,110489672182500,0.3277653,1,fixation_before,20,110489655230800,0,0,16,315,1693539972,1693539972,2,160736,160284,162105,164055,1407400,848326,1433814,447971,124094,123283,126373,126308,1227609,1241545,1760914,987143,1,0,
315,110489679215700,0.3347985,1,fixation_before,21,110489675167200,0,0,16,316,1693540977,1693540977,2,160778,160308,162139,164092,1407423,848349,1433832,447994,124126,123316,126400,126336,1227635,1241571,1760935,987167,1,0,
316,110489679215700,0.3347985,1,fixation_before,21,110489675167200,0,0,16,317,1693541982,1693541982,2,160805,160323,162143,164104,1407428,848359,1433838,447994,124149,123330,126417,126347,1227639,1241569,1760923,987166,1,0,
317,110489679215700,0.3347985,1,fixation_before,21,110489675167200,0,0,16,318,1693542987,1693542987,2,160705,160223,162028,164002,1407319,848254,1433721,447868,124049,123224,126300,126241,1227508,1241436,1760782,987023,1,0,
318,110489679215700,0.3347985,1,fixation_before,21,110489675167200,0,0,16,319,1693543991,1693543991,2,160540,160070,161878,163853,1407163,848081,1433551,447680,123882,123068,126130,126076,1227325,1241249,1760586,986821,1,0,
319,110489679215700,0.3347985,1,fixation_before,21,110489675167200,0,0,16,320,1693544996,1693544996,2,160449,159977,161801,163764,1407065,847986,1433448,447564,123784,122987,126041,125985,1227227,1241149,1760474,986714,1,0,
320,110489679215700,0.3347985,1,fixation_before,21,110489675167200,0,0,16,321,1693546001,1693546001,2,160486,160013,161848,163808,1407094,848026,1433478,447589,123826,123028,126082,126026,1227255,1241179,1760501,986744,1,0,
321,110489679215700,0.3347985,1,fixation_before,21,110489675167200,0,0,16,322,1693547006,1693547006,2,160654,160168,162008,163964,1407238,848169,1433638,447741,124005,123191,126236,126194,1227409,1241328,1760649,986911,1,0,
322,110489686393700,0.3419765,1,fixation_before,21,110489675167200,0,0,16,323,1693548011,1693548011,2,160687,160203,162044,164001,1407264,848192,1433667,447754,124039,123235,126265,126233,1227427,1241348,1760659,986920,1,0,
323,110489686393700,0.3419765,1,fixation_before,21,110489675167200,0,0,16,324,1693549015,1693549015,2,160276,159851,161697,163674,1406923,847852,1433301,447356,123618,122856,125899,125878,1227054,1240976,1760266,986500,1,0,
324,110489686393700,0.3419765,1,fixation_before,21,110489675167200,0,0,16,325,1693550020,1693550020,2,160267,159863,161711,163691,1406959,847881,1433331,447364,123602,122859,125901,125906,1227095,1241018,1760295,986529,1,0,
325,110489686393700,0.3419765,1,fixation_before,21,110489675167200,0,0,16,326,1693551025,1693551025,2,160417,160004,161858,163832,1407113,848046,1433503,447529,123740,123004,126048,126058,1227276,1241192,1760472,986717,1,0,
326,110489686393700,0.3419765,1,fixation_before,21,110489675167200,0,0,16,327,1693552029,1693552029,2,160537,160118,161978,163946,1407238,848177,1433639,447666,123869,123111,126164,126186,1227422,1241336,1760617,986876,1,0,
327,110489686393700,0.3419765,1,fixation_before,21,110489675167200,0,0,16,328,1693553034,1693553034,2,160613,160194,162035,164001,1407321,848251,1433718,447742,123961,123186,126231,126246,1227506,1241428,1760704,986978,1,0,
328,110489686393700,0.3419765,1,fixation_before,21,110489675167200,0,0,16,329,1693554039,1693554039,2,160684,160244,162088,164045,1407378,848314,1433774,447799,124036,123253,126289,126285,1227564,1241489,1760767,987067,1,0,
329,110489693145600,0.3487284,1,fixation_before,22,110489690538800,0,0,16,330,1693555043,1693555043,2,160834,160381,162220,164176,1407493,848436,1433921,447934,124200,123395,126419,126418,1227699,1241630,1760909,987232,1,0,
330,110489693145600,0.3487284,1,fixation_before,22,110489690538800,0,0,16,331,1693556048,1693556048,2,160839,160379,162206,164165,1407481,848419,1433904,447912,124206,123400,126407,126417,1227685,1241623,1760888,987229,1,0,
331,110489693145600,0.3487284,1,fixation_before,22,110489690538800,0,0,16,332,1693557053,1693557053,2,160630,160193,162019,163978,1407286,848228,1433694,447683,123991,123204,126219,126217,1227483,1241411,1760679,987013,1,0,
332,110489693145600,0.3487284,1,fixation_before,22,110489690538800,0,0,16,333,1693558058,1693558058,2,160639,160195,162026,163971,1407277,848223,1433683,447660,123990,123214,126214,126218,1227486,1241423,1760680,987011,1,0,
333,110489693145600,0.3487284,1,fixation_before,22,110489690538800,0,0,16,334,1693559062,1693559062,2,160677,160215,162053,163989,1407288,848231,1433692,447669,124021,123245,126234,126231,1227509,1241438,1760699,987035,1,0,
334,110489693145600,0.3487284,1,fixation_before,22,110489690538800,0,0,16,335,1693560067,1693560067,2,160656,160196,162031,163960,1407266,848202,1433668,447630,124007,123237,126221,126211,1227480,1241409,1760666,987020,1,0,
335,110489693145600,0.3487284,1,fixation_before,22,110489690538800,0,0,16,336,1693561072,1693561072,2,160696,160248,162069,164006,1407306,848235,1433704,447663,124061,123280,126281,126253,1227513,1241442,1760692,987060,1,0,
336,110489700141400,0.3557242,1,fixation_before,22,110489690538800,0,0,16,337,1693562077,1693562077,2,160731,160276,162092,164041,1407324,848258,1433719,447669,124101,123308,126308,126281,1227532,1241450,1760695,987071,1,0,
337,110489700141400,0.3557242,1,fixation_before,22,110489690538800,0,0,16,338,1693563082,1693563082,2,160639,160190,162008,163958,1407223,848161,1433622,447556,124021,123214,126210,126182,1227418,1241331,1760573,986943,1,0,
338,110489700141400,0.3557242,1,fixation_before,22,110489690538800,0,0,16,339,1693564087,1693564087,2,160498,160059,161883,163836,1407092,848028,1433482,447398,123883,123081,126075,126041,1227264,1241179,1760408,986765,1,0,
339,110489700141400,0.3557242,1,fixation_before,22,110489690538800,0,0,16,340,1693565092,1693565092,2,160431,159996,161822,163785,1407026,847961,1433413,447319,123821,123015,126023,125974,1227189,1241101,1760326,986679,1,0,
340,110489700141400,0.3557242,1,fixation_before,22,110489690538800,0,0,16,341,1693566096,1693566096,2,160478,160038,161867,163826,1407059,847990,1433449,447351,123864,123064,126071,126024,1227228,1241136,1760353,986724,1,0,
341,110489700141400,0.3557242,1,fixation_before,22,110489690538800,0,0,16,342,1693567101,1693567101,2,160658,160208,162031,163999,1407216,848148,1433618,447504,124050,123236,126247,126209,1227392,1241302,1760516,986898,1,0,
342,110489700141400,0.3557242,1,fixation_before,22,110489690538800,0,0,16,343,1693568106,1693568106,2,160662,160217,162042,164015,1407213,848149,1433608,447499,124063,123248,126256,126218,1227388,1241299,1760506,986878,1,0,
343,110489707280600,0.3628634,1,fixation_before,23,110489704940700,0,0,16,344,1693569111,1693569111,2,160246,159845,161707,163681,1406864,847802,1433238,447096,123641,122876,125891,125849,1227023,1240918,1760101,986455,1,0,
344,110489707280600,0.3628634,1,fixation_before,23,110489704940700,0,0,16,345,1693570116,1693570116,2,160274,159863,161743,163723,1406916,847858,1433297,447137,123638,122905,125926,125894,1227079,1240972,1760149,986502,1,0,
345,110489707280600,0.3628634,1,fixation_before,23,110489704940700,0,0,16,346,1693571121,1693571121,2,160433,160003,161866,163844,1407073,848018,1433459,447299,123768,123044,126063,126051,1227249,1241148,1760320,986687,1,0,
346,110489707280600,0.3628634,1,fixation_before,23,110489704940700,0,0,16,347,1693572125,1693572125,2,160562,160124,161979,163948,1407204,848164,1433601,447430,123893,123170,126185,126179,1227395,1241298,1760474,986854,1,0,
347,110489707280600,0.3628634,1,fixation_before,23,110489704940700,0,0,16,348,1693573130,1693573130,2,160636,160196,162054,164018,1407279,848238,1433686,447511,123976,123244,126261,126251,1227490,1241393,1760564,986963,1,0,
348,110489707280600,0.3628634,1,fixation_before,23,110489704940700,0,0,16,349,1693574135,1693574135,2,160705,160253,162104,164058,1407336,848286,1433753,447573,124048,123301,126322,126313,1227554,1241458,1760632,987046,1,0,
349,110489707280600,0.3628634,1,fixation_before,23,110489704940700,0,0,16,350,1693575140,1693575140,2,160862,160396,162235,164188,1407470,848425,1433894,447712,124204,123456,126468,126470,1227700,1241600,1760786,987208,1,0,
350,110489714215600,0.3697984,1,fixation_before,23,110489704940700,0,0,16,351,1693576145,1693576145,2,160862,160400,162231,164187,1407453,848415,1433874,447689,124211,123450,126478,126473,1227693,1241588,1760766,987211,1,0,
351,110489714215600,0.3697984,1,fixation_before,23,110489704940700,0,0,16,352,1693577150,1693577150,2,160654,160226,162061,164013,1407270,848220,1433674,447475,124022,123254,126289,126284,1227493,1241391,1760567,987009,1,0,
352,110489714215600,0.3697984,1,fixation_before,23,110489704940700,0,0,16,353,1693578155,1693578155,2,160668,160231,162070,164010,1407269,848225,1433674,447455,124034,123249,126298,126283,1227498,1241396,1760572,987018,1,0,
353,110489714215600,0.3697984,1,fixation_before,23,110489704940700,0,0,16,354,1693579160,1693579160,2,160677,160243,162059,164014,1407270,848221,1433673,447449,124058,123260,126304,126283,1227498,1241394,1760569,987021,1,0,
354,110489714215600,0.3697984,1,fixation_before,23,110489704940700,0,0,16,355,1693580165,1693580165,2,160636,160202,162025,163992,1407226,848175,1433631,447396,124036,123236,126267,126248,1227459,1241355,1760529,986985,1,0,
355,110489714215600,0.3697984,1,fixation_before,23,110489704940700,0,0,16,356,1693581170,1693581170,2,160671,160231,162059,164020,1407243,848191,1433648,447408,124072,123267,126293,126283,1227475,1241364,1760539,987006,1,0,
356,110489714215600,0.3697984,1,fixation_before,23,110489704940700,0,0,16,357,1693582175,1693582175,2,160704,160261,162089,164038,1407263,848207,1433667,447421,124117,123300,126320,126314,1227488,1241373,1760539,987019,1,0,
357,110489721399600,0.3769824,1,fixation_before,23,110489704940700,0,0,16,358,1693583180,1693583180,2,160600,160158,161978,163928,1407151,848098,1433541,447284,124008,123187,126209,126193,1227351,1241233,1760397,986868,1,0,
358,110489721399600,0.3769824,1,fixation_before,23,110489704940700,0,0,16,359,1693584185,1693584185,2,160448,160014,161826,163779,1406997,847946,1433381,447119,123840,123039,126056,126035,1227181,1241069,1760216,986677,1,0,
359,110489721399600,0.3769824,1,fixation_before,23,110489704940700,0,0,16,360,1693585190,1693585190,2,160380,159949,161764,163702,1406919,847858,1433304,447024,123761,122973,125986,125971,1227099,1240985,1760113,986576,1,0,
360,110489721399600,0.3769824,1,fixation_before,23,110489704940700,0,0,16,361,1693586195,1693586195,2,160433,160004,161833,163765,1406965,847907,1433353,447061,123834,123031,126046,126026,1227144,1241028,1760151,986622,1,0,
361,110489721399600,0.3769824,1,fixation_before,23,110489704940700,0,0,16,362,1693587200,1693587200,2,160612,160169,162006,163931,1407116,848062,1433508,447223,124025,123206,126225,126203,1227309,1241182,1760311,986793,1,0,
362,110489721399600,0.3769824,1,fixation_before,23,110489704940700,0,0,16,363,1693588205,1693588205,2,160623,160189,162022,163944,1407124,848081,1433527,447224,124041,123231,126244,126221,1227319,1241190,1760313,986802,1,0,
363,110489721399600,0.3769824,1,fixation_before,23,110489704940700,0,0,16,364,1693589210,1693589210,2,160207,159824,161671,163601,1406777,847734,1433158,446819,123619,122853,125878,125862,1226946,1240809,1759914,986375,1,0,
364,110489728190200,0.383773,1,fixation_before,24,110489723186400,0,0,16,365,1693590215,1693590215,2,160228,159844,161711,163640,1406824,847781,1433208,446848,123631,122859,125902,125903,1227004,1240869,1759965,986426,1,0,
365,110489728190200,0.383773,1,fixation_before,24,110489723186400,0,0,16,366,1693591219,1693591219,2,160367,159966,161842,163766,1406969,847926,1433366,446986,123761,122986,126034,126037,1227161,1241029,1760116,986596,1,0,
366,110489728190200,0.383773,1,fixation_before,24,110489723186400,0,0,16,367,1693592224,1693592224,2,160488,160084,161943,163873,1407088,848055,1433493,447108,123879,123094,126146,126145,1227296,1241171,1760259,986749,1,0,
367,110489728190200,0.383773,1,fixation_before,24,110489723186400,0,0,16,368,1693593229,1693593229,2,160576,160177,162028,163939,1407174,848144,1433581,447193,123975,123185,126236,126231,1227399,1241267,1760362,986856,1,0,
368,110489728190200,0.383773,1,fixation_before,24,110489723186400,0,0,16,369,1693594234,1693594234,2,160668,160238,162101,163996,1407248,848206,1433663,447263,124064,123253,126300,126299,1227486,1241343,1760439,986957,1,0,
369,110489728190200,0.383773,1,fixation_before,24,110489723186400,0,0,16,370,1693595239,1693595239,2,160837,160373,162233,164130,1407382,848344,1433807,447411,124233,123401,126441,126429,1227620,1241498,1760593,987138,1,0,
370,110489728190200,0.383773,1,fixation_before,24,110489723186400,0,0,16,371,1693596244,1693596244,2,160832,160369,162211,164129,1407364,848324,1433783,447382,124226,123396,126438,126428,1227601,1241486,1760573,987129,1,0,
371,110489735330700,0.3909135,1,fixation_before,24,110489723186400,0,0,16,372,1693597249,1693597249,2,160615,160173,162006,163946,1407167,848126,1433562,447148,124013,123187,126253,126232,1227397,1241278,1760351,986908,1,0,
372,110489735330700,0.3909135,1,fixation_before,24,110489723186400,0,0,16,373,1693598253,1693598253,2,160639,160185,162032,163959,1407184,848139,1433578,447158,124029,123193,126275,126262,1227415,1241297,1760374,986934,1,0,
373,110489735330700,0.3909135,1,fixation_before,24,110489723186400,0,0,16,374,1693599258,1693599258,2,160656,160191,162064,163969,1407184,848143,1433588,447168,124052,123218,126286,126286,1227425,1241309,1760386,986950,1,0,
374,110489735330700,0.3909135,1,fixation_before,24,110489723186400,0,0,16,375,1693600263,1693600263,2,160620,160154,162040,163941,1407151,848106,1433547,447119,124034,123205,126254,126273,1227391,1241275,1760351,986919,1,0,
375,110489735330700,0.3909135,1,fixation_before,24,110489723186400,0,0,16,376,1693601268,1693601268,2,160645,160180,162063,163961,1407163,848127,1433564,447125,124055,123235,126277,126311,1227410,1241283,1760364,986931,1,0,
376,110489735330700,0.3909135,1,fixation_before,24,110489723186400,0,0,16,377,1693602273,1693602273,2,160661,160195,162070,163976,1407161,848126,1433566,447117,124064,123241,126289,126314,1227399,1241276,1760351,986922,1,0,
377,110489735330700,0.3909135,1,fixation_before,24,110489723186400,0,0,16,378,1693603278,1693603278,2,160543,160079,161955,163867,1407040,848002,1433434,446973,123946,123121,126172,126183,1227253,1241129,1760199,986758,1,0,
378,110489742188500,0.3977713,1,fixation_before,25,110489738414600,0,0,16,379,1693604283,1693604283,2,160393,159936,161808,163724,1406890,847861,1433278,446804,123793,122975,126023,126023,1227091,1240959,1760013,986569,1,0,
379,110489742188500,0.3977713,1,fixation_before,25,110489738414600,0,0,16,380,1693605287,1693605287,2,160324,159884,161751,163661,1406831,847798,1433215,446732,123734,122923,125972,125958,1227023,1240888,1759933,986499,1,0,
380,110489742188500,0.3977713,1,fixation_before,25,110489738414600,0,0,16,381,1693606292,1693606292,2,160393,159950,161810,163726,1406884,847850,1433271,446779,123810,122996,126047,126036,1227080,1240949,1759985,986566,1,0,
381,110489742188500,0.3977713,1,fixation_before,25,110489738414600,0,0,16,382,1693607297,1693607297,2,160569,160106,161970,163882,1407031,847990,1433429,446933,123976,123161,126204,126201,1227234,1241099,1760135,986724,1,0,
382,110489742188500,0.3977713,1,fixation_before,25,110489738414600,0,0,16,383,1693608302,1693608302,2,160559,160106,161969,163894,1407022,847985,1433425,446907,123975,123164,126207,126206,1227227,1241088,1760114,986698,1,0,
383,110489742188500,0.3977713,1,fixation_before,25,110489738414600,0,0,16,384,1693609307,1693609307,2,160153,159741,161610,163551,1406674,847636,1433051,446501,123559,122788,125839,125840,1226859,1240703,1759710,986273,1,0,
384,110489742188500,0.3977713,1,fixation_before,25,110489738414600,0,0,16,385,1693610312,1693610312,2,160177,159784,161653,163595,1406730,847699,1433109,446541,123578,122814,125874,125880,1226920,1240761,1759766,986329,1,0,
385,110489749144300,0.4047271,1,fixation_before,25,110489738414600,0,0,16,386,1693611317,1693611317,2,160299,159914,161783,163716,1406878,847848,1433269,446687,123706,122946,126002,126016,1227081,1240933,1759926,986505,1,0,
386,110489749144300,0.4047271,1,fixation_before,25,110489738414600,0,0,16,387,1693612322,1693612322,2,160416,160014,161891,163817,1406997,847966,1433394,446811,123813,123059,126107,126120,1227206,1241068,1760061,986655,1,0,
387,110489749144300,0.4047271,1,fixation_before,25,110489738414600,0,0,16,388,1693613326,1693613326,2,160481,160086,161946,163873,1407064,848043,1433472,446879,123892,123134,126159,126173,1227282,1241142,1760144,986752,1,0,
388,110489749144300,0.4047271,1,fixation_before,25,110489738414600,0,0,16,389,1693614331,1693614331,2,160549,160139,161983,163917,1407121,848098,1433528,446935,123961,123191,126204,126223,1227346,1241199,1760207,986830,1,0,
389,110489749144300,0.4047271,1,fixation_before,25,110489738414600,0,0,16,390,1693615336,1693615336,2,160710,160277,162108,164046,1407246,848230,1433674,447076,124126,123337,126348,126367,1227494,1241348,1760357,987003,1,0,
390,110489749144300,0.4047271,1,fixation_before,25,110489738414600,0,0,16,391,1693616341,1693616341,2,160701,160259,162111,164029,1407221,848209,1433645,447046,124123,123341,126342,126366,1227471,1241333,1760338,986990,1,0,
391,110489749144300,0.4047271,1,fixation_before,25,110489738414600,0,0,16,392,1693617346,1693617346,2,160495,160073,161934,163859,1407035,848016,1433435,446826,123922,123161,126154,126179,1227274,1241138,1760135,986775,1,0,
392,110489756267900,0.4118507,1,fixation_before,26,110489756403300,0,0,16,393,1693618351,1693618351,2,160517,160093,161943,163873,1407047,848019,1433449,446821,123945,123173,126176,126187,1227286,1241154,1760148,986803,1,0,
393,110489756267900,0.4118507,1,fixation_before,26,110489756403300,0,0,16,394,1693619356,1693619356,2,160539,160106,161954,163888,1407049,848025,1433455,446821,123972,123189,126187,126204,1227295,1241160,1760154,986822,1,0,
394,110489756267900,0.4118507,1,fixation_before,26,110489756403300,0,0,16,395,1693620361,1693620361,2,160514,160087,161941,163876,1407027,848003,1433424,446789,123954,123164,126156,126191,1227270,1241136,1760124,986791,1,0,
395,110489756267900,0.4118507,1,fixation_before,26,110489756403300,0,0,16,396,1693621367,1693621367,2,160543,160114,161963,163901,1407041,848009,1433437,446797,123983,123192,126178,126223,1227283,1241151,1760133,986810,1,0,
396,110489756267900,0.4118507,1,fixation_before,26,110489756403300,0,0,16,397,1693622372,1693622372,2,160566,160127,161999,163918,1407043,848015,1433448,446791,123996,123224,126198,126240,1227282,1241146,1760118,986802,1,0,
397,110489756267900,0.4118507,1,fixation_before,26,110489756403300,0,0,16,398,1693623377,1693623377,2,160453,160026,161893,163803,1406913,847899,1433321,446656,123895,123104,126088,126114,1227151,1240996,1759972,986650,1,0,
398,110489756267900,0.4118507,1,fixation_before,26,110489756403300,0,0,16,399,1693624382,1693624382,2,160297,159893,161741,163644,1406768,847744,1433154,446487,123749,122956,125936,125964,1226976,1240829,1759794,986460,1,0,
399,110489763260200,0.418843,1,fixation_before,26,110489756403300,0,0,16,400,1693625386,1693625386,2,160244,159841,161688,163596,1406708,847685,1433099,446408,123686,122901,125880,125909,1226913,1240764,1759714,986381,1,0,
400,110489763260200,0.418843,1,fixation_before,26,110489756403300,0,0,16,401,1693626391,1693626391,2,160307,159896,161738,163661,1406759,847735,1433154,446454,123754,122961,125936,125973,1226969,1240814,1759757,986445,1,0,
401,110489763260200,0.418843,1,fixation_before,26,110489756403300,0,0,16,402,1693627396,1693627396,2,160494,160066,161914,163818,1406917,847894,1433313,446614,123944,123135,126121,126146,1227132,1240975,1759922,986619,1,0,
402,110489763260200,0.418843,1,fixation_before,26,110489756403300,0,0,16,403,1693628401,1693628401,2,160474,160056,161904,163807,1406897,847878,1433289,446580,123929,123128,126113,126133,1227110,1240954,1759886,986583,1,0,
403,110489763260200,0.418843,1,fixation_before,26,110489756403300,0,0,16,404,1693629406,1693629406,2,160068,159696,161556,163479,1406563,847536,1432928,446184,123518,122745,125760,125772,1226741,1240585,1759491,986161,1,0,
404,110489763260200,0.418843,1,fixation_before,26,110489756403300,0,0,16,405,1693630410,1693630410,2,160106,159739,161608,163533,1406632,847606,1433001,446233,123552,122779,125813,125820,1226821,1240656,1759561,986233,1,0,
405,110489763260200,0.418843,1,fixation_before,26,110489756403300,0,0,16,406,1693631415,1693631415,2,160247,159859,161727,163653,1406771,847757,1433154,446375,123681,122905,125938,125951,1226983,1240813,1759719,986398,1,0,
406,110489770320700,0.4259035,1,fixation_before,26,110489756403300,0,0,16,407,1693632420,1693632420,2,160356,159958,161812,163743,1406876,847876,1433273,446489,123797,123008,126034,126054,1227105,1240938,1759849,986544,1,0,
407,110489770320700,0.4259035,1,fixation_before,26,110489756403300,0,0,16,408,1693633425,1693633425,2,160439,160028,161874,163804,1406949,847946,1433349,446563,123874,123088,126099,126121,1227189,1241028,1759931,986644,1,0,
408,110489770320700,0.4259035,1,fixation_before,26,110489756403300,0,0,16,409,1693634430,1693634430,2,160510,160084,161919,163851,1407008,848003,1433414,446623,123949,123155,126158,126181,1227254,1241092,1759991,986724,1,0,
409,110489770320700,0.4259035,1,fixation_before,26,110489756403300,0,0,16,410,1693635435,1693635435,2,160678,160244,162047,163997,1407153,848143,1433558,446779,124128,123314,126308,126334,1227406,1241246,1760152,986903,1,0,
410,110489770320700,0.4259035,1,fixation_before,26,110489756403300,0,0,16,411,1693636439,1693636439,2,160653,160229,162023,163984,1407120,848116,1433528,446737,124130,123296,126287,126329,1227379,1241226,1760128,986882,1,0,
411,110489770320700,0.4259035,1,fixation_before,26,110489756403300,0,0,16,412,1693637444,1693637444,2,160465,160073,161866,163827,1406943,847948,1433342,446531,123954,123126,126121,126163,1227205,1241039,1759948,986695,1,0,
412,110489770320700,0.4259035,1,fixation_before,26,110489756403300,0,0,16,413,1693638449,1693638449,2,160518,160123,161919,163869,1406987,847988,1433379,446563,123999,123169,126171,126217,1227253,1241087,1759991,986753,1,0,
413,110489777222600,0.4328054,1,fixation_before,27,110489772352600,0,0,16,414,1693639454,1693639454,2,160536,160136,161930,163875,1407003,847997,1433393,446572,124020,123196,126194,126234,1227270,1241106,1760000,986779,1,0,
414,110489777222600,0.4328054,1,fixation_before,27,110489772352600,0,0,16,415,1693640459,1693640459,2,160508,160111,161902,163851,1406972,847965,1433358,446525,123997,123186,126179,126215,1227236,1241081,1759969,986751,1,0,
415,110489777222600,0.4328054,1,fixation_before,27,110489772352600,0,0,16,416,1693641464,1693641464,2,160532,160136,161928,163882,1406991,847986,1433381,446539,124023,123213,126213,126247,1227251,1241091,1759986,986769,1,0,
416,110489777222600,0.4328054,1,fixation_before,27,110489772352600,0,0,16,417,1693642469,1693642469,2,160554,160153,161943,163899,1406994,847998,1433390,446534,124054,123219,126236,126266,1227250,1241091,1759979,986764,1,0,
417,110489777222600,0.4328054,1,fixation_before,27,110489772352600,0,0,16,418,1693643474,1693643474,2,160448,160049,161838,163783,1406875,847873,1433262,446397,123946,123106,126131,126147,1227118,1240948,1759824,986609,1,0,
418,110489777222600,0.4328054,1,fixation_before,27,110489772352600,0,0,16,419,1693644479,1693644479,2,160294,159901,161699,163639,1406731,847721,1433101,446228,123790,122958,125988,125987,1226951,1240783,1759639,986424,1,0,
419,110489777222600,0.4328054,1,fixation_before,27,110489772352600,0,0,16,420,1693645484,1693645484,2,160233,159833,161642,163576,1406663,847659,1433027,446153,123725,122900,125926,125931,1226870,1240703,1759558,986333,1,0,
420,110489784243600,0.4398264,1,fixation_before,27,110489772352600,0,0,16,421,1693646488,1693646488,2,160299,159896,161704,163638,1406710,847711,1433081,446203,123796,122960,125992,125999,1226924,1240751,1759607,986391,1,0,
421,110489784243600,0.4398264,1,fixation_before,27,110489772352600,0,0,16,422,1693647493,1693647493,2,160484,160069,161864,163808,1406866,847862,1433249,446366,123983,123134,126170,126166,1227084,1240905,1759765,986564,1,0,
422,110489784243600,0.4398264,1,fixation_before,27,110489772352600,0,0,16,423,1693648498,1693648498,2,160475,160070,161862,163810,1406853,847849,1433235,446338,123976,123138,126170,126166,1227069,1240888,1759735,986534,1,0,
423,110489784243600,0.4398264,1,fixation_before,27,110489772352600,0,0,16,424,1693649503,1693649503,2,160058,159709,161511,163473,1406508,847505,1432863,445936,123559,122759,125814,125805,1226696,1240517,1759343,986116,1,0,
424,110489784243600,0.4398264,1,fixation_before,27,110489772352600,0,0,16,425,1693650508,1693650508,2,160094,159764,161558,163526,1406573,847579,1432934,445981,123583,122803,125866,125863,1226777,1240589,1759411,986177,1,0,
425,110489784243600,0.4398264,1,fixation_before,27,110489772352600,0,0,16,426,1693651513,1693651513,2,160233,159891,161682,163656,1406724,847721,1433091,446131,123709,122943,126005,125995,1226941,1240750,1759576,986354,1,0,
426,110489784243600,0.4398264,1,fixation_before,27,110489772352600,0,0,16,427,1693652518,1693652518,2,160353,159991,161784,163751,1406838,847836,1433213,446249,123813,123066,126108,126101,1227073,1240878,1759705,986509,1,0,
427,110489791268600,0.4468514,1,fixation_before,27,110489772352600,0,0,16,428,1693653523,1693653523,2,160423,160060,161844,163808,1406909,847905,1433284,446326,123889,123134,126158,126168,1227151,1240964,1759783,986599,1,0,
428,110489791268600,0.4468514,1,fixation_before,27,110489772352600,0,0,16,429,1693654528,1693654528,2,160513,160136,161913,163873,1406980,847986,1433362,446397,123978,123213,126231,126248,1227233,1241043,1759868,986692,1,0,
429,110489791268600,0.4468514,1,fixation_before,27,110489772352600,0,0,16,430,1693655533,1693655533,2,160695,160296,162063,164025,1407124,848136,1433522,446551,124166,123369,126385,126404,1227389,1241203,1760039,986886,1,0,
430,110489791268600,0.4468514,1,fixation_before,27,110489772352600,0,0,16,431,1693656538,1693656538,2,160678,160264,162032,163991,1407093,848101,1433480,446505,124152,123336,126363,126379,1227359,1241173,1759993,986860,1,0,
431,110489791268600,0.4468514,1,fixation_before,27,110489772352600,0,0,16,432,1693657543,1693657543,2,160481,160074,161859,163812,1406909,847918,1433284,446293,123942,123154,126181,126194,1227162,1240980,1759788,986653,1,0,
432,110489791268600,0.4468514,1,fixation_before,27,110489772352600,0,0,16,433,1693658548,1693658548,2,160523,160110,161886,163843,1406933,847941,1433304,446313,123968,123182,126217,126226,1227193,1241013,1759819,986685,1,0,
433,110489791268600,0.4468514,1,fixation_before,27,110489772352600,0,0,16,434,1693659553,1693659553,2,160529,160113,161897,163851,1406926,847933,1433309,446303,123978,123191,126225,126236,1227191,1241018,1759821,986693,1,0,
434,110489798233400,0.4538162,1,fixation_before,28,110489794037300,0,0,16,435,1693660558,1693660558,2,160511,160095,161891,163831,1406908,847916,1433291,446273,123978,123177,126224,126238,1227177,1240998,1759798,986679,1,0,
435,110489798233400,0.4538162,1,fixation_before,28,110489794037300,0,0,16,436,1693661563,1693661563,2,160556,160140,161923,163870,1406941,847949,1433324,446298,124038,123214,126265,126280,1227215,1241023,1759829,986715,1,0,
436,110489798233400,0.4538162,1,fixation_before,28,110489794037300,0,0,16,437,1693662568,1693662568,2,160596,160180,161950,163907,1406965,847969,1433353,446310,124083,123243,126286,126311,1227227,1241032,1759837,986726,1,0,
437,110489798233400,0.4538162,1,fixation_before,28,110489794037300,0,0,16,438,1693663572,1693663572,2,160490,160085,161855,163802,1406852,847858,1433229,446188,123983,123146,126169,126209,1227099,1240909,1759699,986580,1,0,
438,110489798233400,0.4538162,1,fixation_before,28,110489794037300,0,0,16,439,1693664577,1693664577,2,160338,159944,161718,163661,1406701,847708,1433066,446018,123835,122999,126014,126072,1226933,1240738,1759525,986395,1,0,
439,110489798233400,0.4538162,1,fixation_before,28,110489794037300,0,0,16,440,1693665582,1693665582,2,160274,159875,161652,163600,1406633,847635,1432991,445929,123757,122923,125944,126016,1226846,1240649,1759439,986298,1,0,
440,110489798233400,0.4538162,1,fixation_before,28,110489794037300,0,0,16,441,1693666587,1693666587,2,160348,159934,161706,163665,1406684,847693,1433044,445971,123823,122993,126006,126076,1226899,1240703,1759478,986351,1,0,
441,110489805321100,0.4609039,1,fixation_before,29,110489799807800,0,0,16,442,1693667592,1693667592,2,160527,160104,161873,163825,1406840,847843,1433206,446128,124008,123158,126176,126251,1227062,1240860,1759633,986524,1,0,
442,110489805321100,0.4609039,1,fixation_before,29,110489799807800,0,0,16,443,1693668597,1693668597,2,160503,160096,161877,163823,1406821,847824,1433188,446101,123994,123146,126168,126241,1227037,1240831,1759594,986491,1,0,
443,110489805321100,0.4609039,1,fixation_before,29,110489799807800,0,0,16,444,1693669602,1693669602,2,160091,159740,161541,163484,1406483,847491,1432823,445714,123583,122778,125822,125885,1226674,1240463,1759206,986088,1,0,
444,110489805321100,0.4609039,1,fixation_before,29,110489799807800,0,0,16,445,1693670607,1693670607,2,160140,159777,161596,163534,1406555,847563,1432897,445764,123616,122828,125876,125949,1226755,1240539,1759279,986164,1,0,
445,110489805321100,0.4609039,1,fixation_before,29,110489799807800,0,0,16,446,1693671612,1693671612,2,160291,159911,161724,163658,1406703,847719,1433058,445924,123744,122969,126003,126080,1226929,1240711,1759447,986338,1,0,
446,110489805321100,0.4609039,1,fixation_before,29,110489799807800,0,0,16,447,1693672618,1693672618,2,160427,160036,161844,163774,1406839,847861,1433211,446061,123882,123092,126117,126200,1227075,1240865,1759604,986503,1,0,
447,110489805321100,0.4609039,1,fixation_before,29,110489799807800,0,0,16,448,1693673623,1693673623,2,160508,160102,161907,163837,1406913,847937,1433289,446129,123958,123173,126176,126276,1227163,1240953,1759695,986598,1,0,
448,110489812255100,0.4678379,2,stimulus,30,110489809450000,1,1,16,449,1693674628,1693674628,2,160590,160170,161970,163892,1406974,848002,1433355,446197,124049,123248,126239,126333,1227238,1241028,1759766,986692,1,0,
449,110489812255100,0.4678379,2,stimulus,30,110489809450000,1,1,16,450,1693675633,1693675633,2,160743,160314,162110,164015,1407104,848132,1433491,446333,124209,123394,126384,126462,1227377,1241166,1759908,986868,1,0,
450,110489812255100,0.4678379,2,stimulus,30,110489809450000,1,1,16,451,1693676638,1693676638,2,160705,160276,162067,163968,1407053,848076,1433439,446271,124176,123361,126343,126423,1227328,1241116,1759864,986823,1,0,
451,110489812255100,0.4678379,2,stimulus,30,110489809450000,1,1,16,452,1693677643,1693677643,2,160487,160078,161868,163768,1406852,847873,1433224,446045,123958,123156,126143,126213,1227119,1240908,1759645,986600,1,0,
452,110489812255100,0.4678379,2,stimulus,30,110489809450000,1,1,16,453,1693678648,1693678648,2,160519,160106,161897,163787,1406874,847894,1433243,446061,123982,123168,126172,126246,1227143,1240935,1759666,986629,1,0,
453,110489812255100,0.4678379,2,stimulus,30,110489809450000,1,1,16,454,1693679653,1693679653,2,160524,160098,161903,163780,1406857,847886,1433231,446036,123995,123165,126169,126251,1227134,1240926,1759661,986626,1,0,
454,110489812255100,0.4678379,2,stimulus,30,110489809450000,1,1,16,455,1693680658,1693680658,2,160513,160070,161885,163756,1406828,847860,1433191,445999,123981,123155,126146,126235,1227109,1240898,1759626,986602,1,0,
455,110489819214600,0.4747974,2,stimulus,30,110489809450000,1,1,16,456,1693681663,1693681663,2,160550,160121,161924,163798,1406854,847888,1433226,446021,124021,123196,126188,126282,1227133,1240928,1759646,986633,1,0,
456,110489819214600,0.4747974,2,stimulus,30,110489809450000,1,1,16,457,1693682668,1693682668,2,160569,160146,161949,163814,1406860,847890,1433240,446015,124049,123217,126199,126289,1227129,1240918,1759638,986632,1,0,
457,110489819214600,0.4747974,2,stimulus,30,110489809450000,1,1,16,458,1693683673,1693683673,2,160457,160046,161836,163726,1406744,847768,1433119,445884,123944,123112,126077,126185,1226991,1240789,1759487,986476,1,0,
458,110489819214600,0.4747974,2,stimulus,30,110489809450000,1,1,16,459,1693684678,1693684678,2,160300,159900,161689,163581,1406590,847623,1432956,445709,123792,122963,125929,126034,1226826,1240614,1759308,986293,1,0,
459,110489819214600,0.4747974,2,stimulus,30,110489809450000,1,1,16,460,1693685683,1693685683,2,160222,159842,161628,163516,1406514,847546,1432877,445629,123714,122901,125859,125961,1226748,1240524,1759219,986202,1,0,
460,110489819214600,0.4747974,2,stimulus,30,110489809450000,1,1,16,461,1693686688,1693686688,2,160291,159907,161685,163571,1406561,847590,1432923,445669,123778,122968,125918,126013,1226794,1240567,1759257,986247,1,0,
461,110489819214600,0.4747974,2,stimulus,30,110489809450000,1,1,16,462,1693687693,1693687693,2,160478,160066,161839,163724,1406711,847749,1433084,445829,123954,123146,126095,126178,1226954,1240729,1759413,986418,1,0,
462,110489826258900,0.4818417,2,stimulus,31,110489823583200,1,1,16,463,1693688698,1693688698,2,160442,160030,161810,163705,1406676,847713,1433049,445773,123918,123120,126071,126149,1226906,1240683,1759359,986358,1,0,
463,110489826258900,0.4818417,2,stimulus,31,110489823583200,1,1,16,464,1693689703,1693689703,2,160031,159659,161462,163376,1406331,847367,1432681,445374,123503,122743,125710,125801,1226539,1240303,1758965,985941,1,0,
464,110489826258900,0.4818417,2,stimulus,31,110489823583200,1,1,16,465,1693690708,1693690708,2,160094,159727,161528,163459,1406426,847462,1432778,445451,123563,122798,125789,125874,1226645,1240410,1759063,986036,1,0,
465,110489826258900,0.4818417,2,stimulus,31,110489823583200,1,1,16,466,1693691713,1693691713,2,160245,159863,161671,163602,1406594,847627,1432948,445613,123709,122940,125938,126023,1226817,1240592,1759237,986228,1,0,
466,110489826258900,0.4818417,2,stimulus,31,110489823583200,1,1,16,467,1693692718,1693692718,2,160366,159978,161774,163706,1406709,847749,1433083,445744,123828,123056,126056,126131,1226958,1240729,1759366,986381,1,0,
467,110489826258900,0.4818417,2,stimulus,31,110489823583200,1,1,16,468,1693693723,1693693723,2,160454,160058,161831,163771,1406783,847819,1433163,445824,123906,123134,126135,126191,1227048,1240819,1759461,986479,1,0,
468,110489826258900,0.4818417,2,stimulus,31,110489823583200,1,1,16,469,1693694728,1693694728,2,160534,160133,161886,163831,1406855,847886,1433232,445892,123993,123208,126206,126257,1227126,1240896,1759544,986577,1,0,
469,110489833237700,0.4888205,2,stimulus,31,110489823583200,1,1,16,470,1693695733,1693695733,2,160701,160286,162044,163976,1406998,848034,1433386,446048,124178,123374,126364,126414,1227277,1241054,1759711,986764,1,0,
470,110489833237700,0.4888205,2,stimulus,31,110489823583200,1,1,16,471,1693696738,1693696738,2,160678,160254,162013,163949,1406953,847998,1433347,446001,124139,123359,126337,126398,1227239,1241013,1759669,986731,1,0,
471,110489833237700,0.4888205,2,stimulus,31,110489823583200,1,1,16,472,1693697743,1693697743,2,160478,160081,161836,163781,1406779,847823,1433151,445787,123936,123172,126163,126228,1227050,1240824,1759471,986532,1,0,
472,110489833237700,0.4888205,2,stimulus,31,110489823583200,1,1,16,473,1693698748,1693698748,2,160510,160097,161863,163798,1406798,847832,1433160,445789,123965,123200,126168,126243,1227066,1240852,1759497,986558,1,0,
473,110489833237700,0.4888205,2,stimulus,31,110489823583200,1,1,16,474,1693699753,1693699753,2,160508,160082,161864,163792,1406789,847821,1433159,445776,123983,123228,126170,126246,1227073,1240850,1759494,986563,1,0,
474,110489833237700,0.4888205,2,stimulus,31,110489823583200,1,1,16,475,1693700758,1693700758,2,160493,160079,161854,163789,1406764,847797,1433146,445755,123976,123224,126163,126238,1227055,1240828,1759464,986544,1,0,
475,110489833237700,0.4888205,2,stimulus,31,110489823583200,1,1,16,476,1693701763,1693701763,2,160551,160134,161893,163832,1406799,847834,1433178,445786,124038,123269,126213,126279,1227091,1240864,1759501,986584,1,0,
476,110489840212200,0.495795,2,stimulus,31,110489823583200,1,1,16,477,1693702768,1693702768,2,160584,160144,161915,163854,1406804,847846,1433187,445779,124072,123278,126229,126282,1227087,1240857,1759493,986581,1,0,
477,110489840212200,0.495795,2,stimulus,31,110489823583200,1,1,16,478,1693703773,1693703773,2,160458,160033,161803,163743,1406682,847705,1433054,445636,123948,123146,126099,126148,1226939,1240700,1759329,986418,1,0,
478,110489840212200,0.495795,2,stimulus,31,110489823583200,1,1,16,479,1693704778,1693704778,2,160293,159880,161663,163602,1406531,847549,1432893,445466,123787,122993,125941,125997,1226766,1240526,1759149,986221,1,0,
479,110489840212200,0.495795,2,stimulus,31,110489823583200,1,1,16,480,1693705783,1693705783,2,160210,159811,161601,163525,1406448,847469,1432808,445375,123710,122923,125868,125927,1226680,1240438,1759051,986121,1,0,
480,110489840212200,0.495795,2,stimulus,31,110489823583200,1,1,16,481,1693706788,1693706788,2,160275,159873,161662,163580,1406504,847514,1432861,445421,123791,122989,125939,125988,1226730,1240495,1759103,986175,1,0,
481,110489840212200,0.495795,2,stimulus,31,110489823583200,1,1,16,482,1693707793,1693707793,2,160449,160033,161813,163735,1406644,847660,1433011,445569,123964,123154,126109,126159,1226879,1240646,1759246,986341,1,0,
482,110489840212200,0.495795,2,stimulus,31,110489823583200,1,1,16,483,1693708798,1693708798,2,160406,159997,161783,163704,1406598,847617,1432971,445514,123916,123106,126079,126134,1226833,1240594,1759180,986277,1,0,
483,110489847374300,0.5029571,2,stimulus,32,110489842231900,1,1,16,484,1693709802,1693709802,2,159999,159642,161444,163379,1406266,847282,1432616,445124,123511,122733,125739,125799,1226473,1240230,1758800,985869,1,0,
484,110489847374300,0.5029571,2,stimulus,32,110489842231900,1,1,16,485,1693710807,1693710807,2,160040,159704,161516,163448,1406347,847361,1432699,445190,123561,122784,125809,125873,1226568,1240319,1758886,985953,1,0,
485,110489847374300,0.5029571,2,stimulus,32,110489842231900,1,1,16,486,1693711812,1693711812,2,160171,159833,161643,163584,1406492,847513,1432856,445341,123686,122919,125940,126009,1226737,1240489,1759050,986124,1,0,
486,110489847374300,0.5029571,2,stimulus,32,110489842231900,1,1,16,487,1693712817,1693712817,2,160288,159948,161756,163693,1406614,847637,1432988,445466,123801,123027,126048,126119,1226874,1240623,1759185,986279,1,0,
487,110489847374300,0.5029571,2,stimulus,32,110489842231900,1,1,16,488,1693713822,1693713822,2,160368,160021,161821,163754,1406686,847712,1433064,445548,123873,123105,126110,126176,1226959,1240706,1759266,986383,1,0,
488,110489847374300,0.5029571,2,stimulus,32,110489842231900,1,1,16,489,1693714827,1693714827,2,160441,160077,161876,163796,1406745,847761,1433124,445608,123946,123166,126162,126230,1227021,1240776,1759341,986463,1,0,
489,110489847374300,0.5029571,2,stimulus,32,110489842231900,1,1,16,490,1693715832,1693715832,2,160618,160212,162018,163925,1406878,847898,1433265,445749,124118,123331,126313,126376,1227169,1240930,1759499,986646,1,0,
490,110489854568900,0.5101517,2,stimulus,33,110489854562900,1,0,16,491,1693716837,1693716837,2,160601,160191,161989,163906,1406848,847869,1433231,445707,124093,123314,126299,126348,1227133,1240896,1759466,986608,1,0,
491,110489854568900,0.5101517,2,stimulus,33,110489854562900,1,0,16,492,1693717842,1693717842,2,160411,160009,161823,163736,1406669,847673,1433033,445497,123881,123124,126111,126164,1226948,1240703,1759269,986404,1,0,
492,110489854568900,0.5101517,2,stimulus,33,110489854562900,1,0,16,493,1693718847,1693718847,2,160444,160030,161843,163739,1406689,847689,1433056,445502,123904,123146,126136,126186,1226966,1240728,1759294,986436,1,0,
493,110489854568900,0.5101517,2,stimulus,33,110489854562900,1,0,16,494,1693719852,1693719852,2,160436,160030,161843,163726,1406673,847675,1433043,445482,123912,123139,126134,126183,1226951,1240712,1759281,986431,1,0,
494,110489854568900,0.5101517,2,stimulus,33,110489854562900,1,0,16,495,1693720857,1693720857,2,160428,160019,161833,163717,1406654,847661,1433019,445457,123906,123124,126132,126166,1226929,1240689,1759255,986414,1,0,
495,110489854568900,0.5101517,2,stimulus,33,110489854562900,1,0,16,496,1693721862,1693721862,2,160469,160063,161872,163764,1406686,847703,1433055,445481,123962,123173,126178,126203,1226969,1240719,1759289,986446,1,0,
496,110489854568900,0.5101517,2,stimulus,33,110489854562900,1,0,16,497,1693722867,1693722867,2,160485,160089,161873,163784,1406687,847693,1433058,445477,123983,123189,126189,126207,1226968,1240711,1759275,986434,1,0,
497,110489861321400,0.5169042,2,stimulus,33,110489854562900,1,0,16,498,1693723872,1693723872,2,160354,159969,161754,163666,1406556,847563,1432922,445329,123842,123054,126069,126074,1226814,1240558,1759109,986270,1,0,
498,110489861321400,0.5169042,2,stimulus,33,110489854562900,1,0,16,499,1693724877,1693724877,2,160205,159825,161616,163522,1406408,847413,1432761,445161,123692,122903,125928,125926,1226646,1240391,1758931,986085,1,0,
499,110489861321400,0.5169042,2,stimulus,33,110489854562900,1,0,16,500,1693725882,1693725882,2,160149,159768,161560,163468,1406344,847352,1432699,445089,123636,122857,125879,125867,1226580,1240319,1758853,986011,1,0,
500,110489861321400,0.5169042,2,stimulus,33,110489854562900,1,0,16,501,1693726887,1693726887,2,160237,159849,161641,163548,1406411,847417,1432768,445148,123740,122944,125956,125953,1226649,1240388,1758918,986078,1,0,
501,110489861321400,0.5169042,2,stimulus,33,110489854562900,1,0,16,502,1693727892,1693727892,2,160421,160024,161806,163718,1406569,847569,1432934,445308,123927,123113,126129,126128,1226811,1240553,1759076,986252,1,0,
502,110489861321400,0.5169042,2,stimulus,33,110489854562900,1,0,16,503,1693728897,1693728897,2,160359,159968,161759,163685,1406510,847512,1432879,445242,123868,123063,126082,126084,1226751,1240482,1759004,986183,1,0,
503,110489861321400,0.5169042,2,stimulus,33,110489854562900,1,0,16,504,1693729902,1693729902,2,159963,159614,161436,163360,1406186,847184,1432529,444861,123461,122701,125744,125737,1226396,1240131,1758628,985783,1,0,
504,110489868253000,0.5238358,2,stimulus,33,110489854562900,1,0,16,505,1693730907,1693730907,2,160031,159693,161522,163441,1406288,847286,1432637,444955,123519,122771,125828,125823,1226505,1240241,1758731,985887,1,0,
505,110489868253000,0.5238358,2,stimulus,33,110489854562900,1,0,16,506,1693731912,1693731912,2,160183,159835,161664,163581,1406451,847454,1432806,445108,123664,122914,125979,125962,1226687,1240418,1758908,986077,1,0,
506,110489868253000,0.5238358,2,stimulus,33,110489854562900,1,0,16,507,1693732916,1693732916,2,160321,159950,161774,163683,1406580,847576,1432940,445243,123794,123028,126092,126069,1226838,1240563,1759053,986237,1,0,
507,110489868253000,0.5238358,2,stimulus,33,110489854562900,1,0,16,508,1693733921,1693733921,2,160414,160025,161843,163742,1406658,847658,1433028,445326,123899,123104,126157,126138,1226924,1240654,1759141,986343,1,0,
508,110489868253000,0.5238358,2,stimulus,33,110489854562900,1,0,16,509,1693734926,1693734926,2,160494,160084,161901,163800,1406718,847711,1433089,445391,123978,123166,126216,126209,1226979,1240729,1759207,986428,1,0,
509,110489868253000,0.5238358,2,stimulus,33,110489854562900,1,0,16,510,1693735931,1693735931,2,160662,160226,162039,163928,1406844,847843,1433225,445528,124137,123311,126365,126358,1227124,1240873,1759362,986603,1,0,
510,110489868253000,0.5238358,2,stimulus,33,110489854562900,1,0,16,511,1693736936,1693736936,2,160626,160206,162007,163897,1406808,847801,1433186,445476,124108,123280,126334,126329,1227087,1240831,1759318,986567,1,0,
511,110489875305400,0.5308882,2,stimulus,34,110489872202900,1,0,16,512,1693737940,1693737940,2,160440,160041,161853,163746,1406642,847632,1433008,445279,123928,123112,126156,126169,1226913,1240657,1759132,986383,1,0,
512,110489875305400,0.5308882,2,stimulus,34,110489872202900,1,0,16,513,1693738945,1693738945,2,160499,160086,161894,163788,1406678,847664,1433044,445308,123965,123156,126188,126214,1226958,1240699,1759182,986433,1,0,
513,110489875305400,0.5308882,2,stimulus,34,110489872202900,1,0,16,514,1693739950,1693739950,2,160501,160092,161888,163788,1406668,847660,1433041,445300,123985,123161,126179,126218,1226954,1240691,1759174,986433,1,0,
514,110489875305400,0.5308882,2,stimulus,34,110489872202900,1,0,16,515,1693740955,1693740955,2,160478,160076,161878,163781,1406656,847639,1433019,445275,123988,123151,126171,126213,1226938,1240674,1759153,986414,1,0,
515,110489875305400,0.5308882,2,stimulus,34,110489872202900,1,0,16,516,1693741959,1693741959,2,160538,160128,161941,163842,1406689,847682,1433060,445315,124062,123208,126220,126273,1226979,1240718,1759192,986463,1,0,
516,110489875305400,0.5308882,2,stimulus,34,110489872202900,1,0,16,517,1693742964,1693742964,2,160569,160141,161956,163855,1406694,847681,1433062,445304,124084,123217,126228,126289,1226976,1240704,1759182,986456,1,0,
517,110489875305400,0.5308882,2,stimulus,34,110489872202900,1,0,16,518,1693743969,1693743969,2,160444,160019,161851,163734,1406573,847548,1432925,445156,123966,123093,126113,126164,1226834,1240559,1759023,986291,1,0,
518,110489882218700,0.5378015,2,stimulus,35,110489876811800,1,0,16,519,1693744974,1693744974,2,160304,159876,161724,163591,1406425,847404,1432774,444991,123819,122943,125978,126016,1226672,1240396,1758843,986109,1,0,
519,110489882218700,0.5378015,2,stimulus,35,110489876811800,1,0,16,520,1693745979,1693745979,2,160250,159821,161672,163544,1406370,847348,1432715,444921,123764,122894,125931,125963,1226603,1240322,1758763,986033,1,0,
520,110489882218700,0.5378015,2,stimulus,35,110489876811800,1,0,16,521,1693746984,1693746984,2,160341,159904,161744,163616,1406437,847415,1432783,444994,123848,122984,126014,126033,1226676,1240388,1758836,986109,1,0,
521,110489882218700,0.5378015,2,stimulus,35,110489876811800,1,0,16,522,1693747989,1693747989,2,160530,160079,161918,163792,1406608,847576,1432963,445165,124039,123171,126207,126216,1226854,1240558,1759008,986291,1,0,
522,110489882218700,0.5378015,2,stimulus,35,110489876811800,1,0,16,523,1693748994,1693748994,2,160478,160041,161889,163764,1406571,847537,1432917,445109,123999,123139,126179,126184,1226806,1240506,1758945,986219,1,0,
523,110489882218700,0.5378015,2,stimulus,35,110489876811800,1,0,16,524,1693749999,1693749999,2,160078,159693,161551,163444,1406243,847206,1432568,444723,123599,122775,125833,125841,1226452,1240153,1758571,985811,1,0,
524,110489882218700,0.5378015,2,stimulus,35,110489876811800,1,0,16,525,1693751004,1693751004,2,160122,159737,161608,163503,1406312,847277,1432638,444785,123641,122821,125887,125906,1226534,1240236,1758654,985889,1,0,
525,110489889441600,0.5450244,2,stimulus,35,110489876811800,1,0,16,526,1693752009,1693752009,2,160251,159853,161716,163613,1406455,847414,1432779,444921,123756,122937,126017,126026,1226679,1240391,1758801,986049,1,0,
526,110489889441600,0.5450244,2,stimulus,35,110489876811800,1,0,16,527,1693753013,1693753013,2,160386,159977,161827,163728,1406591,847549,1432923,445063,123884,123057,126141,126150,1226828,1240544,1758946,986216,1,0,
527,110489889441600,0.5450244,2,stimulus,35,110489876811800,1,0,16,528,1693754018,1693754018,2,160472,160046,161899,163798,1406661,847630,1433003,445139,123966,123131,126216,126234,1226922,1240634,1759044,986321,1,0,
528,110489889441600,0.5450244,2,stimulus,35,110489876811800,1,0,16,529,1693755023,1693755023,2,160566,160114,161975,163862,1406736,847696,1433081,445218,124056,123208,126286,126306,1227001,1240717,1759124,986422,1,0,
529,110489889441600,0.5450244,2,stimulus,35,110489876811800,1,0,16,530,1693756028,1693756028,2,160741,160282,162139,164019,1406884,847849,1433243,445371,124236,123379,126456,126468,1227165,1240885,1759298,986610,1,0,
530,110489889441600,0.5450244,2,stimulus,35,110489876811800,1,0,16,531,1693757033,1693757033,2,160704,160249,162101,163976,1406827,847800,1433189,445312,124205,123346,126424,126420,1227118,1240835,1759246,986569,1,0,
531,110489889441600,0.5450244,2,stimulus,35,110489876811800,1,0,16,532,1693758038,1693758038,2,160531,160089,161944,163818,1406660,847628,1433011,445115,124028,123170,126259,126259,1226948,1240662,1759063,986389,1,0,
532,110489896336100,0.5519189,2,stimulus,36,110489891956500,1,1,16,533,1693759043,1693759043,2,160597,160136,161990,163856,1406702,847669,1433056,445151,124078,123220,126303,126303,1226994,1240701,1759103,986446,1,0,
533,110489896336100,0.5519189,2,stimulus,36,110489891956500,1,1,16,534,1693760047,1693760047,2,160591,160129,161969,163845,1406690,847648,1433049,445131,124086,123219,126304,126298,1226984,1240691,1759096,986439,1,0,
534,110489896336100,0.5519189,2,stimulus,36,110489891956500,1,1,16,535,1693761052,1693761052,2,160569,160116,161939,163828,1406669,847623,1433018,445094,124065,123213,126285,126276,1226955,1240664,1759074,986416,1,0,
535,110489896336100,0.5519189,2,stimulus,36,110489891956500,1,1,16,536,1693762057,1693762057,2,160624,160154,161989,163873,1406696,847660,1433054,445123,124117,123268,126326,126324,1226994,1240703,1759100,986448,1,0,
536,110489896336100,0.5519189,2,stimulus,36,110489891956500,1,1,16,537,1693763062,1693763062,2,160646,160166,162006,163873,1406695,847653,1433053,445112,124129,123276,126336,126331,1226982,1240683,1759075,986438,1,0,
537,110489896336100,0.5519189,2,stimulus,36,110489891956500,1,1,16,538,1693764067,1693764067,2,160513,160033,161872,163745,1406553,847500,1432896,444954,123991,123140,126202,126182,1226816,1240518,1758905,986256,1,0,
538,110489896336100,0.5519189,2,stimulus,36,110489891956500,1,1,16,539,1693765072,1693765072,2,160340,159885,161714,163602,1406398,847344,1432727,444778,123831,122986,126058,126021,1226643,1240341,1758716,986054,1,0,
539,110489903177600,0.5587604,2,stimulus,36,110489891956500,1,1,16,540,1693766077,1693766077,2,160268,159840,161668,163548,1406343,847288,1432674,444703,123778,122933,126019,125972,1226578,1240275,1758639,985981,1,0,
540,110489903177600,0.5587604,2,stimulus,36,110489891956500,1,1,16,541,1693767081,1693767081,2,160334,159910,161739,163619,1406392,847339,1432736,444756,123852,123005,126078,126043,1226629,1240330,1758693,986046,1,0,
541,110489903177600,0.5587604,2,stimulus,36,110489891956500,1,1,16,542,1693768086,1693768086,2,160531,160088,161914,163798,1406551,847509,1432900,444924,124044,123199,126253,126227,1226801,1240502,1758865,986233,1,0,
542,110489903177600,0.5587604,2,stimulus,36,110489891956500,1,1,16,543,1693769091,1693769091,2,160476,160056,161883,163769,1406503,847453,1432853,444859,123994,123164,126215,126180,1226754,1240444,1758798,986163,1,0,
543,110489903177600,0.5587604,2,stimulus,36,110489891956500,1,1,16,544,1693770096,1693770096,2,160091,159722,161570,163454,1406195,847140,1432514,444493,123613,122813,125881,125845,1226417,1240106,1758436,985767,1,0,
544,110489903177600,0.5587604,2,stimulus,36,110489891956500,1,1,16,545,1693771101,1693771101,2,160179,159801,161668,163534,1406299,847241,1432620,444581,123684,122881,125952,125938,1226528,1240214,1758541,985876,1,0,
545,110489903177600,0.5587604,2,stimulus,36,110489891956500,1,1,16,546,1693772106,1693772106,2,160323,159929,161799,163671,1406456,847394,1432781,444734,123825,123020,126084,126093,1226708,1240381,1758713,986065,1,0,
546,110489910236600,0.5658194,2,stimulus,37,110489906360400,1,1,16,547,1693773111,1693773111,2,160449,160042,161905,163781,1406581,847529,1432915,444868,123940,123132,126203,126213,1226859,1240528,1758858,986221,1,0,
547,110489910236600,0.5658194,2,stimulus,37,110489906360400,1,1,16,548,1693774115,1693774115,2,160504,160103,161955,163826,1406641,847588,1432983,444934,124008,123197,126258,126262,1226921,1240603,1758928,986306,1,0,
548,110489910236600,0.5658194,2,stimulus,37,110489906360400,1,1,16,549,1693775120,1693775120,2,160586,160161,162016,163878,1406703,847652,1433053,444999,124088,123266,126314,126324,1226992,1240671,1759001,986393,1,0,
549,110489910236600,0.5658194,2,stimulus,37,110489906360400,1,1,16,550,1693776125,1693776125,2,160758,160297,162153,164013,1406837,847786,1433191,445138,124258,123420,126461,126462,1227139,1240824,1759152,986564,1,0,
550,110489910236600,0.5658194,2,stimulus,37,110489906360400,1,1,16,551,1693777130,1693777130,2,160720,160251,162106,163980,1406779,847729,1433133,445076,124215,123379,126421,126415,1227074,1240773,1759098,986512,1,0,
551,110489910236600,0.5658194,2,stimulus,37,110489906360400,1,1,16,552,1693778134,1693778134,2,160529,160079,161933,163804,1406596,847543,1432940,444869,124014,123192,126239,126246,1226881,1240583,1758904,986315,1,0,
552,110489910236600,0.5658194,2,stimulus,37,110489906360400,1,1,16,553,1693779139,1693779139,2,160570,160115,161971,163834,1406626,847573,1432968,444884,124054,123234,126279,126287,1226921,1240609,1758933,986358,1,0,
553,110489917199800,0.5727826,2,stimulus,37,110489906360400,1,1,16,554,1693780144,1693780144,2,160574,160114,161966,163824,1406618,847559,1432959,444871,124063,123251,126280,126293,1226914,1240606,1758926,986359,1,0,
554,110489917199800,0.5727826,2,stimulus,37,110489906360400,1,1,16,555,1693781149,1693781149,2,160548,160089,161950,163801,1406599,847538,1432934,444839,124056,123238,126264,126274,1226893,1240588,1758896,986338,1,0,
555,110489917199800,0.5727826,2,stimulus,37,110489906360400,1,1,16,556,1693782153,1693782153,2,160599,160132,162000,163861,1406636,847574,1432966,444868,124116,123298,126312,126319,1226928,1240624,1758931,986377,1,0,
556,110489917199800,0.5727826,2,stimulus,37,110489906360400,1,1,16,557,1693783158,1693783158,2,160616,160137,162014,163880,1406634,847570,1432972,444861,124124,123316,126327,126331,1226919,1240605,1758912,986364,1,0,
557,110489917199800,0.5727826,2,stimulus,37,110489906360400,1,1,16,558,1693784163,1693784163,2,160472,160008,161889,163748,1406496,847418,1432821,444700,123985,123179,126188,126195,1226756,1240438,1758743,986181,1,0,
558,110489917199800,0.5727826,2,stimulus,37,110489906360400,1,1,16,559,1693785168,1693785168,2,160315,159868,161754,163603,1406338,847276,1432654,444532,123828,123028,126044,126039,1226592,1240264,1758563,985995,1,0,
559,110489917199800,0.5727826,2,stimulus,37,110489906360400,1,1,16,560,1693786172,1693786172,2,160256,159822,161700,163541,1406276,847214,1432583,444458,123773,122966,125998,125978,1226529,1240194,1758481,985919,1,0,
560,110489924731400,0.5803142,2,stimulus,37,110489906360400,1,1,16,561,1693787177,1693787177,2,160347,159902,161769,163621,1406348,847280,1432659,444523,123859,123049,126084,126062,1226603,1240266,1758551,985997,1,0,
561,110489924731400,0.5803142,2,stimulus,37,110489906360400,1,1,16,562,1693788182,1693788182,2,160524,160066,161919,163783,1406498,847426,1432828,444679,124038,123220,126255,126231,1226756,1240426,1758707,986166,1,0,
562,110489924731400,0.5803142,2,stimulus,37,110489906360400,1,1,16,563,1693789186,1693789186,2,160444,160004,161856,163720,1406433,847355,1432751,444596,123968,123156,126200,126174,1226678,1240348,1758621,986073,1,0,
563,110489924731400,0.5803142,2,stimulus,37,110489906360400,1,1,16,564,1693790191,1693790191,2,160057,159656,161524,163409,1406109,847026,1432408,444226,123565,122785,125851,125828,1226333,1239998,1758245,985677,1,0,
564,110489924731400,0.5803142,2,stimulus,37,110489906360400,1,1,16,565,1693791196,1693791196,2,160129,159731,161609,163489,1406206,847132,1432513,444310,123623,122856,125936,125916,1226451,1240103,1758349,985784,1,0,
565,110489924731400,0.5803142,2,stimulus,37,110489906360400,1,1,16,566,1693792200,1693792200,2,160254,159846,161726,163604,1406340,847273,1432661,444446,123737,122971,126062,126043,1226614,1240261,1758499,985944,1,0,
566,110489924731400,0.5803142,2,stimulus,37,110489906360400,1,1,16,567,1693793205,1693793205,2,160372,159948,161824,163701,1406453,847390,1432783,444569,123853,123086,126164,126157,1226739,1240396,1758631,986101,1,0,
567,110489931230600,0.5868134,2,stimulus,38,110489926197700,1,1,16,568,1693794210,1693794210,2,160442,160006,161876,163753,1406522,847451,1432850,444637,123907,123149,126219,126204,1226810,1240474,1758703,986186,1,0,
568,110489931230600,0.5868134,2,stimulus,38,110489926197700,1,1,16,569,1693795215,1693795215,2,160543,160085,161944,163828,1406596,847519,1432939,444714,124000,123246,126296,126283,1226891,1240559,1758791,986279,1,0,
569,110489931230600,0.5868134,2,stimulus,38,110489926197700,1,1,16,570,1693796220,1693796220,2,160726,160243,162089,163974,1406731,847665,1433086,444870,124186,123412,126454,126443,1227053,1240714,1758963,986472,1,0,
570,110489931230600,0.5868134,2,stimulus,38,110489926197700,1,1,16,571,1693797224,1693797224,2,160663,160184,162037,163925,1406665,847597,1433011,444794,124130,123356,126393,126388,1226981,1240642,1758894,986410,1,0,
571,110489931230600,0.5868134,2,stimulus,38,110489926197700,1,1,16,572,1693798229,1693798229,2,160468,160001,161866,163756,1406491,847416,1432826,444589,123928,123165,126216,126207,1226794,1240459,1758696,986206,1,0,
572,110489931230600,0.5868134,2,stimulus,38,110489926197700,1,1,16,573,1693799234,1693799234,2,160521,160056,161914,163802,1406539,847466,1432873,444628,123983,123214,126258,126263,1226846,1240514,1758753,986271,1,0,
573,110489931230600,0.5868134,2,stimulus,38,110489926197700,1,1,16,574,1693800238,1693800238,2,160538,160065,161919,163819,1406551,847470,1432876,444620,124013,123235,126267,126284,1226852,1240525,1758769,986291,1,0,
574,110489938553500,0.5941363,2,stimulus,38,110489926197700,1,1,16,575,1693801243,1693801243,2,160520,160064,161916,163817,1406535,847452,1432865,444596,124015,123232,126274,126283,1226851,1240511,1758748,986283,1,0,
575,110489938553500,0.5941363,2,stimulus,38,110489926197700,1,1,16,576,1693802247,1693802247,2,160569,160109,161953,163846,1406558,847479,1432896,444620,124056,123272,126301,126326,1226876,1240539,1758766,986308,1,0,
576,110489938553500,0.5941363,2,stimulus,38,110489926197700,1,1,16,577,1693803252,1693803252,2,160581,160104,161944,163841,1406546,847464,1432873,444592,124061,123268,126301,126315,1226846,1240507,1758733,986274,1,0,
577,110489938553500,0.5941363,2,stimulus,38,110489926197700,1,1,16,578,1693804257,1693804257,2,160426,159963,161814,163711,1406398,847316,1432719,444428,123921,123118,126153,126169,1226685,1240338,1758552,986089,1,0,
578,110489938553500,0.5941363,2,stimulus,38,110489926197700,1,1,16,579,1693805262,1693805262,2,160282,159835,161691,163591,1406260,847166,1432573,444275,123786,122986,126020,126028,1226529,1240183,1758387,985914,1,0,
579,110489938553500,0.5941363,2,stimulus,38,110489926197700,1,1,16,580,1693806267,1693806267,2,160249,159788,161650,163544,1406208,847114,1432522,444214,123746,122949,125983,125987,1226478,1240125,1758321,985852,1,0,
580,110489938553500,0.5941363,2,stimulus,38,110489926197700,1,1,16,581,1693807272,1693807272,2,160343,159862,161728,163605,1406273,847181,1432588,444277,123831,123031,126059,126078,1226545,1240195,1758386,985931,1,0,
581,110489945197800,0.6007806,2,stimulus,39,110489940155500,1,0,16,582,1693808277,1693808277,2,160535,160045,161908,163770,1406441,847350,1432758,444451,124021,123218,126231,126261,1226713,1240362,1758554,986112,1,0,
582,110489945197800,0.6007806,2,stimulus,39,110489940155500,1,0,16,583,1693809281,1693809281,2,160446,159975,161830,163711,1406363,847271,1432681,444353,123946,123145,126155,126178,1226621,1240273,1758448,985996,1,0,
583,110489945197800,0.6007806,2,stimulus,39,110489940155500,1,0,16,584,1693810286,1693810286,2,160063,159636,161519,163411,1406051,846959,1432346,443988,123563,122791,125819,125851,1226285,1239922,1758087,985616,1,0,
584,110489945197800,0.6007806,2,stimulus,39,110489940155500,1,0,16,585,1693811291,1693811291,2,160133,159716,161613,163503,1406166,847074,1432459,444089,123636,122861,125918,125959,1226409,1240041,1758196,985734,1,0,
585,110489945197800,0.6007806,2,stimulus,39,110489940155500,1,0,16,586,1693812296,1693812296,2,160271,159848,161736,163636,1406316,847225,1432614,444241,123784,122993,126061,126104,1226583,1240220,1758373,985921,1,0,
586,110489945197800,0.6007806,2,stimulus,39,110489940155500,1,0,16,587,1693813301,1693813301,2,160399,159952,161839,163738,1406440,847341,1432751,444374,123911,123103,126179,126213,1226723,1240355,1758509,986074,1,0,
587,110489945197800,0.6007806,2,stimulus,39,110489940155500,1,0,16,588,1693814305,1693814305,2,160483,160018,161898,163803,1406516,847412,1432829,444443,123994,123176,126248,126276,1226804,1240439,1758595,986174,1,0,
588,110489952227000,0.6078098,2,stimulus,39,110489940155500,1,0,16,589,1693815310,1693815310,2,160550,160089,161957,163863,1406574,847479,1432893,444515,124073,123258,126310,126329,1226878,1240520,1758676,986259,1,0,
589,110489952227000,0.6078098,2,stimulus,39,110489940155500,1,0,16,590,1693816315,1693816315,2,160718,160246,162091,163998,1406709,847618,1433041,444659,124251,123416,126458,126476,1227028,1240668,1758828,986434,1,0,
590,110489952227000,0.6078098,2,stimulus,39,110489940155500,1,0,16,591,1693817320,1693817320,2,160663,160197,162039,163948,1406638,847556,1432979,444579,124202,123354,126401,126415,1226963,1240608,1758764,986373,1,0,
591,110489952227000,0.6078098,2,stimulus,39,110489940155500,1,0,16,592,1693818325,1693818325,2,160488,160055,161891,163809,1406491,847398,1432810,444393,124030,123189,126251,126268,1226799,1240439,1758591,986195,1,0,
592,110489952227000,0.6078098,2,stimulus,39,110489940155500,1,0,16,593,1693819330,1693819330,2,160551,160114,161943,163856,1406543,847441,1432853,444429,124078,123251,126299,126323,1226846,1240490,1758644,986256,1,0,
593,110489952227000,0.6078098,2,stimulus,39,110489940155500,1,0,16,594,1693820334,1693820334,2,160565,160116,161933,163856,1406532,847438,1432845,444423,124089,123262,126307,126323,1226848,1240495,1758644,986265,1,0,
594,110489952227000,0.6078098,2,stimulus,39,110489940155500,1,0,16,595,1693821339,1693821339,2,160546,160104,161919,163845,1406514,847411,1432819,444388,124069,123252,126306,126316,1226828,1240476,1758618,986244,1,0,
595,110489959234500,0.6148173,2,stimulus,40,110489955212500,1,0,16,596,1693822343,1693822343,2,160579,160144,161950,163889,1406539,847435,1432846,444413,124101,123280,126344,126346,1226848,1240502,1758635,986262,1,0,
596,110489959234500,0.6148173,2,stimulus,40,110489955212500,1,0,16,597,1693823348,1693823348,2,160578,160159,161957,163894,1406531,847426,1432841,444399,124114,123286,126344,126351,1226830,1240474,1758611,986238,1,0,
597,110489959234500,0.6148173,2,stimulus,40,110489955212500,1,0,16,598,1693824353,1693824353,2,160436,160036,161821,163764,1406386,847281,1432694,444237,123981,123153,126202,126210,1226674,1240314,1758439,986069,1,0,
598,110489959234500,0.6148173,2,stimulus,40,110489955212500,1,0,16,599,1693825358,1693825358,2,160285,159899,161683,163625,1406239,847127,1432533,444068,123836,123002,126059,126060,1226511,1240144,1758264,985888,1,0,
599,110489959234500,0.6148173,2,stimulus,40,110489955212500,1,0,16,600,1693826362,1693826362,2,160216,159838,161616,163563,1406168,847057,1432461,443993,123779,122946,125997,126005,1226436,1240056,1758179,985804,1,0,
600,110489959234500,0.6148173,2,stimulus,40,110489955212500,1,0,16,601,1693827367,1693827367,2,160308,159916,161694,163633,1406240,847122,1432528,444064,123861,123018,126064,126096,1226502,1240118,1758244,985881,1,0,
601,110489959234500,0.6148173,2,stimulus,40,110489955212500,1,0,16,602,1693828372,1693828372,2,160497,160090,161872,163802,1406398,847284,1432697,444225,124056,123198,126243,126285,1226673,1240296,1758411,986059,1,0,
602,110489966146300,0.6217291,2,stimulus,40,110489955212500,1,0,16,603,1693829377,1693829377,2,160404,160019,161803,163738,1406320,847212,1432614,444133,123980,123125,126184,126216,1226589,1240211,1758303,985949,1,0,
603,110489966146300,0.6217291,2,stimulus,40,110489955212500,1,0,16,604,1693830382,1693830382,2,160033,159681,161483,163424,1406010,846893,1432280,443765,123584,122773,125836,125885,1226254,1239871,1757943,985566,1,0,
604,110489966146300,0.6217291,2,stimulus,40,110489955212500,1,0,16,605,1693831386,1693831386,2,160102,159755,161573,163502,1406113,846988,1432394,443856,123649,122858,125901,125978,1226366,1239981,1758051,985676,1,0,
605,110489966146300,0.6217291,2,stimulus,40,110489955212500,1,0,16,606,1693832392,1693832392,2,160231,159883,161696,163623,1406256,847138,1432550,444003,123782,122980,126038,126106,1226530,1240141,1758218,985849,1,0,
606,110489966146300,0.6217291,2,stimulus,40,110489955212500,1,0,16,607,1693833396,1693833396,2,160352,159988,161791,163721,1406375,847264,1432666,444124,123898,123088,126145,126205,1226669,1240273,1758351,985996,1,0,
607,110489966146300,0.6217291,2,stimulus,40,110489955212500,1,0,16,608,1693834401,1693834401,2,160419,160049,161856,163779,1406437,847329,1432733,444198,123968,123158,126199,126269,1226740,1240356,1758421,986086,1,0,
608,110489966146300,0.6217291,2,stimulus,40,110489955212500,1,0,16,609,1693835406,1693835406,2,160497,160111,161897,163833,1406489,847383,1432799,444258,124038,123213,126268,126326,1226808,1240430,1758496,986170,1,0,
609,110489973303500,0.6288863,2,stimulus,41,110489971764100,1,0,16,610,1693836411,1693836411,2,160666,160251,162032,163960,1406624,847516,1432938,444404,124209,123353,126427,126464,1226953,1240578,1758652,986342,1,0,
610,110489973303500,0.6288863,2,stimulus,41,110489971764100,1,0,16,611,1693837416,1693837416,2,160604,160191,161980,163907,1406558,847449,1432868,444323,124159,123309,126369,126396,1226878,1240509,1758580,986276,1,0,
611,110489973303500,0.6288863,2,stimulus,41,110489971764100,1,0,16,612,1693838421,1693838421,2,160412,160034,161826,163757,1406389,847280,1432693,444128,123984,123156,126204,126241,1226705,1240343,1758400,986098,1,0,
612,110489973303500,0.6288863,2,stimulus,41,110489971764100,1,0,16,613,1693839426,1693839426,2,160459,160081,161872,163793,1406433,847313,1432740,444164,124033,123213,126263,126277,1226762,1240384,1758448,986156,1,0,
613,110489973303500,0.6288863,2,stimulus,41,110489971764100,1,0,16,614,1693840431,1693840431,2,160451,160067,161869,163781,1406422,847297,1432728,444148,124035,123215,126263,126269,1226754,1240370,1758436,986157,1,0,
614,110489973303500,0.6288863,2,stimulus,41,110489971764100,1,0,16,615,1693841436,1693841436,2,160441,160064,161862,163781,1406401,847283,1432705,444119,124028,123202,126254,126259,1226732,1240352,1758417,986133,1,0,
615,110489973303500,0.6288863,2,stimulus,41,110489971764100,1,0,16,616,1693842441,1693842441,2,160493,160103,161911,163828,1406439,847321,1432734,444151,124093,123255,126295,126294,1226768,1240380,1758442,986164,1,0,
616,110489980071300,0.6356541,2,stimulus,41,110489971764100,1,0,16,617,1693843446,1693843446,2,160502,160108,161903,163817,1406426,847311,1432723,444126,124099,123254,126291,126286,1226748,1240355,1758413,986148,1,0,
617,110489980071300,0.6356541,2,stimulus,41,110489971764100,1,0,16,618,1693844450,1693844450,2,160358,159983,161760,163682,1406275,847161,1432566,443952,123963,123113,126148,126136,1226570,1240193,1758228,985960,1,0,
618,110489980071300,0.6356541,2,stimulus,41,110489971764100,1,0,16,619,1693845455,1693845455,2,160185,159821,161599,163529,1406111,846981,1432396,443765,123799,122949,125989,125971,1226388,1240006,1758042,985756,1,0,
619,110489980071300,0.6356541,2,stimulus,41,110489971764100,1,0,16,620,1693846460,1693846460,2,160118,159743,161523,163467,1406033,846901,1432309,443683,123728,122885,125918,125886,1226300,1239918,1757950,985660,1,0,
620,110489980071300,0.6356541,2,stimulus,41,110489971764100,1,0,16,621,1693847465,1693847465,2,160211,159821,161609,163544,1406103,846971,1432389,443753,123826,122979,125999,125968,1226378,1239991,1758016,985738,1,0,
621,110489980071300,0.6356541,2,stimulus,41,110489971764100,1,0,16,622,1693848470,1693848470,2,160396,159981,161779,163714,1406254,847128,1432556,443915,124018,123157,126163,126144,1226538,1240151,1758173,985909,1,0,
622,110489980071300,0.6356541,2,stimulus,41,110489971764100,1,0,16,623,1693849475,1693849475,2,160297,159886,161691,163646,1406163,847042,1432456,443803,123916,123073,126086,126066,1226444,1240049,1758052,985796,1,0,
623,110489987248600,0.6428314,2,stimulus,41,110489971764100,1,0,16,624,1693850480,1693850480,2,159940,159561,161376,163354,1405866,846737,1432127,443452,123548,122724,125764,125759,1226123,1239714,1757701,985429,1,0,
624,110489987248600,0.6428314,2,stimulus,41,110489971764100,1,0,16,625,1693851485,1693851485,2,160013,159644,161459,163438,1405979,846846,1432248,443544,123629,122798,125855,125862,1226241,1239828,1757823,985549,1,0,
625,110489987248600,0.6428314,2,stimulus,41,110489971764100,1,0,16,626,1693852489,1693852489,2,160147,159763,161586,163548,1406124,846994,1432399,443685,123759,122930,125996,125994,1226406,1239999,1757983,985713,1,0,
626,110489987248600,0.6428314,2,stimulus,41,110489971764100,1,0,16,627,1693853494,1693853494,2,160281,159874,161690,163644,1406245,847113,1432536,443816,123874,123032,126106,126091,1226549,1240137,1758127,985869,1,0,
627,110489987248600,0.6428314,2,stimulus,41,110489971764100,1,0,16,628,1693854499,1693854499,2,160339,159927,161737,163688,1406300,847165,1432595,443879,123929,123078,126153,126138,1226610,1240209,1758196,985949,1,0,
628,110489987248600,0.6428314,2,stimulus,41,110489971764100,1,0,16,629,1693855504,1693855504,2,160416,159992,161798,163742,1406359,847226,1432652,443936,124004,123148,126209,126204,1226673,1240272,1758265,986038,1,0,
629,110489987248600,0.6428314,2,stimulus,41,110489971764100,1,0,16,630,1693856509,1693856509,2,160589,160137,161942,163891,1406496,847362,1432802,444084,124180,123303,126368,126360,1226827,1240424,1758426,986221,1,0,
630,110489994170800,0.6497536,2,stimulus,42,110489990773400,1,1,16,631,1693857514,1693857514,2,160534,160077,161888,163834,1406434,847290,1432731,444001,124119,123239,126309,126307,1226750,1240357,1758351,986144,1,0,
631,110489994170800,0.6497536,2,stimulus,42,110489990773400,1,1,16,632,1693858519,1693858519,2,160371,159919,161740,163681,1406276,847130,1432559,443817,123946,123069,126149,126164,1226591,1240193,1758178,985970,1,0,
632,110489994170800,0.6497536,2,stimulus,42,110489990773400,1,1,16,633,1693859523,1693859523,2,160419,159964,161774,163714,1406305,847153,1432591,443843,123993,123111,126183,126209,1226631,1240227,1758216,986023,1,0,
633,110489994170800,0.6497536,2,stimulus,42,110489990773400,1,1,16,634,1693860528,1693860528,2,160422,159969,161761,163706,1406298,847144,1432582,443830,124004,123119,126183,126211,1226617,1240224,1758209,986013,1,0,
634,110489994170800,0.6497536,2,stimulus,42,110489990773400,1,1,16,635,1693861533,1693861533,2,160392,159948,161738,163682,1406268,847116,1432554,443789,123990,123118,126165,126189,1226596,1240200,1758176,985989,1,0,
635,110489994170800,0.6497536,2,stimulus,42,110489990773400,1,1,16,636,1693862538,1693862538,2,160433,159993,161782,163716,1406291,847151,1432588,443815,124039,123176,126204,126231,1226622,1240226,1758199,986023,1,0,
636,110489994170800,0.6497536,2,stimulus,42,110489990773400,1,1,16,637,1693863542,1693863542,2,160438,159995,161783,163720,1406279,847138,1432574,443796,124046,123178,126199,126223,1226601,1240207,1758171,985994,1,0,
637,110490001332100,0.6569149,2,stimulus,42,110489990773400,1,1,16,638,1693864547,1693864547,2,160297,159863,161656,163582,1406139,846991,1432426,443636,123910,123046,126064,126073,1226438,1240043,1757996,985814,1,0,
638,110490001332100,0.6569149,2,stimulus,42,110489990773400,1,1,16,639,1693865552,1693865552,2,160137,159709,161519,163439,1405985,846834,1432258,443459,123758,122899,125918,125913,1226271,1239866,1757814,985629,1,0,
639,110490001332100,0.6569149,2,stimulus,42,110489990773400,1,1,16,640,1693866557,1693866557,2,160077,159656,161459,163384,1405923,846769,1432190,443392,123689,122841,125861,125856,1226203,1239798,1757736,985551,1,0,
640,110490001332100,0.6569149,2,stimulus,42,110489990773400,1,1,16,641,1693867562,1693867562,2,160174,159749,161545,163472,1405999,846849,1432276,443472,123788,122929,125948,125949,1226282,1239879,1757811,985640,1,0,
641,110490001332100,0.6569149,2,stimulus,42,110489990773400,1,1,16,642,1693868567,1693868567,2,160363,159921,161723,163634,1406154,847009,1432443,443629,123981,123105,126123,126131,1226449,1240037,1757972,985819,1,0,
642,110490001332100,0.6569149,2,stimulus,42,110489990773400,1,1,16,643,1693869572,1693869572,2,160256,159831,161641,163554,1406068,846919,1432346,443531,123883,123019,126044,126051,1226354,1239930,1757858,985697,1,0,
643,110490001332100,0.6569149,2,stimulus,42,110489990773400,1,1,16,644,1693870577,1693870577,2,159889,159515,161332,163259,1405769,846618,1432025,443178,123522,122690,125722,125723,1226028,1239613,1757513,985321,1,0,
644,110490008441300,0.6640241,2,stimulus,43,110490008182700,1,1,16,645,1693871581,1693871581,2,159961,159616,161431,163355,1405879,846731,1432151,443276,123610,122782,125819,125819,1226155,1239736,1757631,985448,1,0,
645,110490008441300,0.6640241,2,stimulus,43,110490008182700,1,1,16,646,1693872586,1693872586,2,160101,159743,161551,163491,1406032,846879,1432312,443424,123734,122909,125941,125948,1226323,1239903,1757793,985624,1,0,
646,110490008441300,0.6640241,2,stimulus,43,110490008182700,1,1,16,647,1693873591,1693873591,2,160219,159833,161654,163586,1406141,846990,1432433,443544,123841,123004,126037,126048,1226454,1240036,1757925,985765,1,0,
647,110490008441300,0.6640241,2,stimulus,43,110490008182700,1,1,16,648,1693874596,1693874596,2,160276,159873,161698,163635,1406193,847042,1432491,443603,123901,123047,126090,126096,1226512,1240099,1757985,985839,1,0,
648,110490008441300,0.6640241,2,stimulus,43,110490008182700,1,1,16,649,1693875600,1693875600,2,160372,159948,161765,163701,1406263,847114,1432562,443681,123985,123128,126178,126163,1226593,1240174,1758075,985948,1,0,
649,110490008441300,0.6640241,2,stimulus,43,110490008182700,1,1,16,650,1693876605,1693876605,2,160538,160088,161888,163824,1406387,847241,1432694,443809,124138,123279,126319,126303,1226733,1240311,1758224,986110,1,0,
650,110490008441300,0.6640241,2,stimulus,43,110490008182700,1,1,16,651,1693877610,1693877610,2,160454,160011,161813,163754,1406295,847146,1432597,443709,124050,123208,126249,126228,1226645,1240224,1758128,986019,1,0,
651,110490015203600,0.6707864,2,stimulus,43,110490008182700,1,1,16,652,1693878615,1693878615,2,160279,159843,161657,163607,1406136,846983,1432424,443523,123868,123037,126098,126071,1226479,1240058,1757956,985845,1,0,
652,110490015203600,0.6707864,2,stimulus,43,110490008182700,1,1,16,653,1693879619,1693879619,2,160339,159891,161699,163638,1406156,847015,1432463,443553,123920,123078,126134,126119,1226522,1240102,1757994,985901,1,0,
653,110490015203600,0.6707864,2,stimulus,43,110490008182700,1,1,16,654,1693880624,1693880624,2,160319,159860,161672,163608,1406133,846983,1432431,443511,123904,123063,126113,126103,1226493,1240076,1757972,985879,1,0,
654,110490015203600,0.6707864,2,stimulus,43,110490008182700,1,1,16,655,1693881629,1693881629,2,160299,159835,161664,163596,1406112,846959,1432411,443481,123890,123056,126103,126104,1226467,1240053,1757939,985861,1,0,
655,110490015203600,0.6707864,2,stimulus,43,110490008182700,1,1,16,656,1693882633,1693882633,2,160350,159881,161709,163636,1406144,846993,1432444,443504,123943,123101,126141,126162,1226504,1240081,1757963,985884,1,0,
656,110490015203600,0.6707864,2,stimulus,43,110490008182700,1,1,16,657,1693883638,1693883638,2,160361,159889,161714,163639,1406138,846989,1432436,443484,123955,123103,126150,126168,1226484,1240064,1757937,985861,1,0,
657,110490015203600,0.6707864,2,stimulus,43,110490008182700,1,1,16,658,1693884643,1693884643,2,160221,159753,161582,163514,1405985,846840,1432285,443316,123818,122968,126002,126023,1226326,1239894,1757762,985681,1,0,
658,110490022508300,0.6780911,2,stimulus,43,110490008182700,1,1,16,659,1693885648,1693885648,2,160066,159614,161448,163384,1405841,846690,1432126,443157,123673,122832,125849,125871,1226161,1239723,1757584,985489,1,0,
659,110490022508300,0.6780911,2,stimulus,43,110490008182700,1,1,16,660,1693886652,1693886652,2,160004,159558,161394,163331,1405791,846629,1432061,443084,123622,122792,125799,125816,1226089,1239650,1757513,985413,1,0,
660,110490022508300,0.6780911,2,stimulus,43,110490008182700,1,1,16,661,1693887657,1693887657,2,160091,159658,161486,163421,1405866,846704,1432143,443168,123730,122885,125899,125909,1226175,1239742,1757603,985512,1,0,
661,110490022508300,0.6780911,2,stimulus,43,110490008182700,1,1,16,662,1693888662,1693888662,2,160272,159827,161651,163577,1406012,846851,1432302,443317,123913,123048,126067,126081,1226330,1239888,1757756,985681,1,0,
662,110490022508300,0.6780911,2,stimulus,43,110490008182700,1,1,16,663,1693889667,1693889667,2,160149,159721,161561,163486,1405908,846747,1432198,443191,123798,122941,125962,125986,1226218,1239776,1757621,985543,1,0,
663,110490022508300,0.6780911,2,stimulus,43,110490008182700,1,1,16,664,1693890671,1693890671,2,159787,159406,161271,163203,1405621,846458,1431883,442849,123439,122613,125656,125686,1225914,1239467,1757283,985190,1,0,
664,110490022508300,0.6780911,2,stimulus,43,110490008182700,1,1,16,665,1693891676,1693891676,2,159869,159495,161371,163294,1405726,846568,1431994,442948,123509,122699,125758,125786,1226039,1239581,1757398,985304,1,0,
665,110490029147400,0.6847302,2,stimulus,44,110490026289600,1,1,16,666,1693892681,1693892681,2,160001,159618,161486,163411,1405866,846709,1432148,443093,123628,122831,125880,125917,1226196,1239730,1757561,985465,1,0,
666,110490029147400,0.6847302,2,stimulus,44,110490026289600,1,1,16,667,1693893686,1693893686,2,160131,159729,161602,163530,1406004,846844,1432284,443229,123753,122961,126000,126039,1226341,1239883,1757716,985640,1,0,
667,110490029147400,0.6847302,2,stimulus,44,110490026289600,1,1,16,668,1693894691,1693894691,2,160201,159776,161649,163593,1406068,846909,1432351,443294,123821,123020,126066,126098,1226417,1239966,1757794,985725,1,0,
668,110490029147400,0.6847302,2,stimulus,44,110490026289600,1,1,16,669,1693895696,1693895696,2,160293,159844,161709,163649,1406133,846968,1432422,443356,123898,123091,126123,126163,1226487,1240035,1757859,985817,1,0,
669,110490029147400,0.6847302,2,stimulus,44,110490026289600,1,1,16,670,1693896700,1693896700,2,160469,160006,161859,163788,1406276,847114,1432579,443508,124081,123254,126275,126329,1226644,1240198,1758028,985999,1,0,
670,110490029147400,0.6847302,2,stimulus,44,110490026289600,1,1,16,671,1693897705,1693897705,2,160403,159942,161796,163719,1406196,847032,1432495,443418,124019,123196,126205,126261,1226564,1240123,1757948,985923,1,0,
671,110490029147400,0.6847302,2,stimulus,44,110490026289600,1,1,16,672,1693898710,1693898710,2,160228,159784,161641,163567,1406034,846871,1432322,443232,123843,123039,126039,126104,1226396,1239959,1757770,985744,1,0,
672,110490036346200,0.691929,2,stimulus,44,110490026289600,1,1,16,673,1693899715,1693899715,2,160289,159839,161693,163627,1406091,846915,1432369,443276,123911,123099,126095,126161,1226454,1240009,1757826,985814,1,0,
673,110490036346200,0.691929,2,stimulus,44,110490026289600,1,1,16,674,1693900719,1693900719,2,160294,159838,161683,163616,1406081,846906,1432356,443257,123931,123099,126095,126149,1226445,1239994,1757813,985802,1,0,
674,110490036346200,0.691929,2,stimulus,44,110490026289600,1,1,16,675,1693901724,1693901724,2,160282,159820,161668,163604,1406057,846888,1432337,443223,123929,123093,126072,126125,1226421,1239978,1757791,985781,1,0,
675,110490036346200,0.691929,2,stimulus,44,110490026289600,1,1,16,676,1693902729,1693902729,2,160333,159867,161708,163656,1406093,846918,1432371,443256,123980,123141,126121,126169,1226456,1240011,1757825,985821,1,0,
676,110490036346200,0.691929,2,stimulus,44,110490026289600,1,1,16,677,1693903734,1693903734,2,160339,159864,161723,163663,1406080,846911,1432360,443243,123991,123143,126133,126179,1226440,1239988,1757793,985795,1,0,
677,110490036346200,0.691929,2,stimulus,44,110490026289600,1,1,16,678,1693904739,1693904739,2,160193,159738,161596,163530,1405942,846768,1432218,443084,123843,123011,125995,126037,1226282,1239834,1757615,985614,1,0,
678,110490036346200,0.691929,2,stimulus,44,110490026289600,1,1,16,679,1693905744,1693905744,2,160049,159605,161463,163409,1405799,846621,1432071,442919,123702,122875,125861,125897,1226128,1239671,1757451,985439,1,0,
679,110490043568600,0.6991514,2,stimulus,45,110490043707400,1,0,16,680,1693906749,1693906749,2,160006,159555,161404,163369,1405754,846566,1432011,442848,123643,122840,125808,125842,1226063,1239600,1757379,985363,1,0,
680,110490043568600,0.6991514,2,stimulus,45,110490043707400,1,0,16,681,1693907754,1693907754,2,160105,159638,161504,163460,1405834,846650,1432098,442929,123733,122951,125907,125933,1226149,1239688,1757455,985453,1,0,
681,110490043568600,0.6991514,2,stimulus,45,110490043707400,1,0,16,682,1693908759,1693908759,2,160304,159819,161694,163628,1405997,846817,1432268,443108,123925,123153,126101,126114,1226314,1239859,1757629,985643,1,0,
682,110490043568600,0.6991514,2,stimulus,45,110490043707400,1,0,16,683,1693909764,1693909764,2,160181,159716,161592,163541,1405891,846704,1432151,442981,123808,123034,126003,126014,1226195,1239723,1757491,985496,1,0,
683,110490043568600,0.6991514,2,stimulus,45,110490043707400,1,0,16,684,1693910769,1693910769,2,159809,159393,161280,163248,1405583,846394,1431828,442616,123415,122682,125679,125686,1225865,1239394,1757145,985125,1,0,
684,110490043568600,0.6991514,2,stimulus,45,110490043707400,1,0,16,685,1693911773,1693911773,2,159884,159483,161359,163329,1405683,846496,1431927,442709,123478,122766,125761,125778,1225984,1239511,1757258,985240,1,0,
685,110490043568600,0.6991514,2,stimulus,45,110490043707400,1,0,16,686,1693912778,1693912778,2,160025,159619,161481,163460,1405831,846647,1432081,442863,123612,122903,125895,125915,1226153,1239685,1757421,985417,1,0,
686,110490050205400,0.7057882,2,stimulus,45,110490043707400,1,0,16,687,1693913783,1693913783,2,160149,159732,161589,163572,1405942,846774,1432218,442987,123738,123017,126015,126031,1226294,1239823,1757559,985569,1,0,
687,110490050205400,0.7057882,2,stimulus,45,110490043707400,1,0,16,688,1693914788,1693914788,2,160213,159783,161648,163619,1405997,846835,1432282,443052,123801,123069,126078,126090,1226361,1239890,1757628,985647,1,0,
688,110490050205400,0.7057882,2,stimulus,45,110490043707400,1,0,16,689,1693915793,1693915793,2,160284,159840,161706,163654,1406059,846888,1432347,443115,123874,123136,126137,126151,1226431,1239958,1757700,985746,1,0,
689,110490050205400,0.7057882,2,stimulus,45,110490043707400,1,0,16,690,1693916797,1693916797,2,160452,159984,161845,163781,1406196,847019,1432483,443256,124045,123296,126288,126295,1226571,1240106,1757850,985914,1,0,
690,110490050205400,0.7057882,2,stimulus,45,110490043707400,1,0,16,691,1693917802,1693917802,2,160374,159916,161768,163703,1406116,846933,1432389,443161,123978,123224,126215,126219,1226484,1240019,1757762,985823,1,0,
691,110490050205400,0.7057882,2,stimulus,45,110490043707400,1,0,16,692,1693918807,1693918807,2,160199,159769,161618,163545,1405965,846774,1432223,442971,123793,123059,126055,126053,1226320,1239849,1757586,985647,1,0,
692,110490050205400,0.7057882,2,stimulus,45,110490043707400,1,0,16,693,1693919812,1693919812,2,160248,159806,161659,163577,1405997,846809,1432258,442995,123837,123100,126099,126088,1226353,1239886,1757626,985701,1,0,
693,110490057466800,0.7130496,2,stimulus,45,110490043707400,1,0,16,694,1693920817,1693920817,2,160241,159797,161644,163573,1405975,846795,1432245,442973,123853,123097,126099,126097,1226341,1239876,1757608,985696,1,0,
694,110490057466800,0.7130496,2,stimulus,45,110490043707400,1,0,16,695,1693921822,1693921822,2,160225,159785,161629,163558,1405954,846764,1432223,442938,123847,123076,126087,126091,1226319,1239854,1757586,985671,1,0,
695,110490057466800,0.7130496,2,stimulus,45,110490043707400,1,0,16,696,1693922827,1693922827,2,160274,159823,161677,163593,1405975,846789,1432243,442957,123886,123115,126126,126125,1226349,1239873,1757610,985694,1,0,
696,110490057466800,0.7130496,2,stimulus,45,110490043707400,1,0,16,697,1693923832,1693923832,2,160275,159810,161667,163586,1405951,846769,1432217,442918,123873,123103,126108,126101,1226316,1239838,1757572,985659,1,0,
697,110490057466800,0.7130496,2,stimulus,45,110490043707400,1,0,16,698,1693924837,1693924837,2,160129,159674,161526,163461,1405807,846626,1432070,442764,123734,122960,125972,125963,1226153,1239676,1757389,985481,1,0,
698,110490057466800,0.7130496,2,stimulus,45,110490043707400,1,0,16,699,1693925842,1693925842,2,160003,159561,161415,163345,1405684,846498,1431936,442630,123627,122835,125852,125843,1226013,1239535,1757238,985323,1,0,
699,110490057466800,0.7130496,2,stimulus,45,110490043707400,1,0,16,700,1693926846,1693926846,2,159953,159528,161373,163301,1405639,846448,1431876,442569,123589,122784,125806,125796,1225958,1239481,1757176,985261,1,0,
700,110490064196600,0.7197794,2,stimulus,46,110490059661800,1,0,16,701,1693927851,1693927851,2,160036,159611,161457,163383,1405713,846526,1431961,442644,123688,122862,125895,125879,1226038,1239550,1757246,985344,1,0,
701,110490064196600,0.7197794,2,stimulus,46,110490059661800,1,0,16,702,1693928856,1693928856,2,160225,159773,161619,163553,1405868,846674,1432124,442800,123876,123045,126061,126046,1226196,1239710,1757407,985516,1,0,
702,110490064196600,0.7197794,2,stimulus,46,110490059661800,1,0,16,703,1693929861,1693929861,2,160083,159648,161495,163438,1405740,846538,1431986,442643,123737,122919,125933,125928,1226057,1239567,1757248,985344,1,0,
703,110490064196600,0.7197794,2,stimulus,46,110490059661800,1,0,16,704,1693930866,1693930866,2,159716,159334,161198,163146,1405450,846239,1431669,442298,123366,122589,125611,125608,1225745,1239244,1756908,984984,1,0,
704,110490064196600,0.7197794,2,stimulus,46,110490059661800,1,0,16,705,1693931871,1693931871,2,159804,159434,161299,163236,1405560,846353,1431791,442404,123456,122675,125697,125704,1225866,1239366,1757024,985103,1,0,
705,110490064196600,0.7197794,2,stimulus,46,110490059661800,1,0,16,706,1693932876,1693932876,2,159927,159533,161401,163333,1405674,846469,1431922,442530,123566,122782,125796,125811,1226008,1239502,1757161,985253,1,0,
706,110490064196600,0.7197794,2,stimulus,46,110490059661800,1,0,16,707,1693933881,1693933881,2,160054,159634,161504,163423,1405790,846584,1432042,442649,123673,122895,125893,125927,1226139,1239634,1757296,985406,1,0,
707,110490071063800,0.7266466,2,stimulus,46,110490059661800,1,0,16,708,1693934886,1693934886,2,160144,159716,161579,163487,1405876,846673,1432129,442733,123756,122970,125966,126004,1226219,1239726,1757389,985511,1,0,
708,110490071063800,0.7266466,2,stimulus,46,110490059661800,1,0,16,709,1693935891,1693935891,2,160253,159801,161665,163568,1405964,846755,1432216,442832,123864,123059,126054,126094,1226316,1239827,1757488,985629,1,0,
709,110490071063800,0.7266466,2,stimulus,46,110490059661800,1,0,16,710,1693936895,1693936895,2,160433,159961,161811,163709,1406100,846894,1432367,442977,124050,123215,126206,126267,1226473,1239979,1757652,985811,1,0,
710,110490071063800,0.7266466,2,stimulus,46,110490059661800,1,0,16,711,1693937900,1693937900,2,160344,159890,161743,163625,1406011,846813,1432273,442870,123985,123124,126114,126198,1226384,1239886,1757555,985709,1,0,
711,110490071063800,0.7266466,2,stimulus,46,110490059661800,1,0,16,712,1693938905,1693938905,2,160180,159736,161588,163483,1405857,846647,1432105,442688,123818,122958,125964,126041,1226223,1239718,1757383,985534,1,0,
712,110490071063800,0.7266466,2,stimulus,46,110490059661800,1,0,16,713,1693939911,1693939911,2,160232,159779,161618,163523,1405891,846673,1432141,442713,123856,123004,126018,126078,1226261,1239763,1757420,985589,1,0,
713,110490071063800,0.7266466,2,stimulus,46,110490059661800,1,0,16,714,1693940916,1693940916,2,160216,159753,161600,163505,1405863,846644,1432114,442684,123853,123000,126012,126063,1226234,1239736,1757392,985568,1,0,
714,110490078220800,0.7338036,2,stimulus,47,110490076182500,1,0,16,715,1693941920,1693941920,2,160200,159731,161596,163492,1405842,846624,1432091,442655,123843,122990,125999,126055,1226214,1239716,1757375,985548,1,0,
715,110490078220800,0.7338036,2,stimulus,47,110490076182500,1,0,16,716,1693942925,1693942925,2,160253,159766,161637,163546,1405877,846660,1432133,442688,123895,123044,126042,126102,1226246,1239753,1757408,985589,1,0,
716,110490078220800,0.7338036,2,stimulus,47,110490076182500,1,0,16,717,1693943930,1693943930,2,160271,159781,161651,163552,1405871,846653,1432121,442671,123918,123053,126049,126117,1226236,1239741,1757383,985564,1,0,
717,110490078220800,0.7338036,2,stimulus,47,110490076182500,1,0,16,718,1693944935,1693944935,2,160139,159668,161524,163431,1405744,846527,1431988,442528,123784,122931,125924,125993,1226089,1239585,1757224,985392,1,0,
718,110490078220800,0.7338036,2,stimulus,47,110490076182500,1,0,16,719,1693945939,1693945939,2,160004,159539,161399,163297,1405609,846385,1431848,442374,123638,122799,125801,125862,1225934,1239433,1757059,985232,1,0,
719,110490078220800,0.7338036,2,stimulus,47,110490076182500,1,0,16,720,1693946945,1693946945,2,159956,159496,161351,163253,1405559,846335,1431789,442308,123591,122752,125769,125816,1225879,1239369,1756988,985163,1,0,
720,110490078220800,0.7338036,2,stimulus,47,110490076182500,1,0,16,721,1693947949,1693947949,2,160056,159586,161439,163352,1405646,846418,1431881,442402,123697,122850,125868,125919,1225968,1239458,1757073,985251,1,0,
721,110490085407500,0.7409903,2,stimulus,47,110490076182500,1,0,16,722,1693948954,1693948954,2,160258,159776,161629,163527,1405822,846589,1432063,442578,123904,123048,126056,126114,1226150,1239633,1757256,985445,1,0,
722,110490085407500,0.7409903,2,stimulus,47,110490076182500,1,0,16,723,1693949959,1693949959,2,160118,159657,161514,163412,1405694,846465,1431931,442427,123768,122928,125945,125993,1226014,1239496,1757104,985284,1,0,
723,110490085407500,0.7409903,2,stimulus,47,110490076182500,1,0,16,724,1693950964,1693950964,2,159775,159368,161231,163146,1405427,846184,1431637,442107,123412,122623,125666,125701,1225720,1239206,1756789,984946,1,0,
724,110490085407500,0.7409903,2,stimulus,47,110490076182500,1,0,16,725,1693951968,1693951968,2,159875,159473,161351,163256,1405554,846319,1431771,442230,123511,122729,125790,125819,1225872,1239348,1756926,985088,1,0,
725,110490085407500,0.7409903,2,stimulus,47,110490076182500,1,0,16,726,1693952973,1693952973,2,160021,159600,161485,163389,1405705,846474,1431935,442389,123656,122863,125943,125949,1226041,1239512,1757090,985268,1,0,
726,110490085407500,0.7409903,2,stimulus,47,110490076182500,1,0,16,727,1693953978,1693953978,2,160159,159721,161589,163503,1405837,846613,1432073,442526,123797,122989,126067,126064,1226181,1239664,1757237,985428,1,0,
727,110490085407500,0.7409903,2,stimulus,47,110490076182500,1,0,16,728,1693954983,1693954983,2,160240,159790,161648,163558,1405909,846683,1432151,442598,123886,123066,126131,126116,1226258,1239742,1757323,985521,1,0,
728,110490092257400,0.7478402,2,stimulus,47,110490076182500,1,0,16,729,1693955988,1693955988,2,160341,159869,161728,163636,1405991,846764,1432241,442683,123988,123161,126214,126194,1226355,1239831,1757419,985638,1,0,
729,110490092257400,0.7478402,2,stimulus,47,110490076182500,1,0,16,730,1693956993,1693956993,2,160515,160020,161874,163780,1406129,846896,1432385,442821,124161,123314,126353,126356,1226504,1239981,1757574,985816,1,0,
730,110490092257400,0.7478402,2,stimulus,47,110490076182500,1,0,16,731,1693957998,1693957998,2,160408,159923,161787,163682,1406019,846789,1432266,442701,124054,123223,126258,126266,1226390,1239875,1757461,985707,1,0,
731,110490092257400,0.7478402,2,stimulus,47,110490076182500,1,0,16,732,1693959003,1693959003,2,160246,159758,161639,163531,1405853,846626,1432088,442517,123881,123072,126095,126106,1226229,1239716,1757287,985526,1,0,
732,110490092257400,0.7478402,2,stimulus,47,110490076182500,1,0,16,733,1693960008,1693960008,2,160307,159801,161689,163561,1405895,846662,1432133,442551,123936,123119,126139,126153,1226273,1239760,1757330,985584,1,0,
733,110490092257400,0.7478402,2,stimulus,47,110490076182500,1,0,16,734,1693961012,1693961012,2,160298,159791,161673,163546,1405874,846637,1432111,442522,123933,123113,126130,126144,1226248,1239739,1757301,985566,1,0,
734,110490092257400,0.7478402,2,stimulus,47,110490076182500,1,0,16,735,1693962017,1693962017,2,160303,159791,161663,163549,1405863,846632,1432100,442514,123951,123122,126128,126149,1226244,1239730,1757294,985559,1,0,
735,110490099224600,0.7548074,2,stimulus,48,110490094260300,1,1,16,736,1693963022,1693963022,2,160363,159836,161709,163598,1405905,846668,1432143,442548,124018,123169,126171,126199,1226287,1239766,1757332,985599,1,0,
736,110490099224600,0.7548074,2,stimulus,48,110490094260300,1,1,16,737,1693964027,1693964027,2,160361,159836,161705,163584,1405884,846646,1432124,442514,124009,123164,126153,126181,1226250,1239735,1757293,985556,1,0,
737,110490099224600,0.7548074,2,stimulus,48,110490094260300,1,1,16,738,1693965032,1693965032,2,160218,159704,161571,163460,1405741,846496,1431964,442354,123870,123036,126009,126037,1226089,1239569,1757116,985376,1,0,
738,110490099224600,0.7548074,2,stimulus,48,110490094260300,1,1,16,739,1693966037,1693966037,2,160046,159573,161439,163330,1405594,846344,1431809,442189,123722,122889,125868,125897,1225923,1239398,1756946,985206,1,0,
739,110490099224600,0.7548074,2,stimulus,48,110490094260300,1,1,16,740,1693967041,1693967041,2,160007,159528,161401,163289,1405548,846301,1431764,442136,123678,122847,125817,125859,1225875,1239336,1756884,985135,1,0,
740,110490099224600,0.7548074,2,stimulus,48,110490094260300,1,1,16,741,1693968046,1693968046,2,160141,159646,161519,163400,1405655,846409,1431876,442241,123798,122970,125928,125971,1225985,1239451,1756984,985250,1,0,
741,110490099224600,0.7548074,2,stimulus,48,110490094260300,1,1,16,742,1693969051,1693969051,2,160354,159845,161714,163588,1405828,846588,1432058,442421,124001,123163,126123,126159,1226172,1239639,1757168,985452,1,0,
742,110490106479100,0.7620619,2,stimulus,48,110490094260300,1,1,16,743,1693970056,1693970056,2,160186,159712,161589,163459,1405683,846441,1431912,442255,123839,123026,125991,126033,1226016,1239480,1756992,985265,1,0,
743,110490106479100,0.7620619,2,stimulus,48,110490094260300,1,1,16,744,1693971061,1693971061,2,159834,159398,161289,163180,1405398,846151,1431613,441923,123476,122694,125687,125734,1225709,1239167,1756664,984918,1,0,
744,110490106479100,0.7620619,2,stimulus,48,110490094260300,1,1,16,745,1693972066,1693972066,2,159939,159502,161401,163301,1405533,846274,1431738,442044,123579,122794,125806,125846,1225853,1239311,1756806,985061,1,0,
745,110490106479100,0.7620619,2,stimulus,48,110490094260300,1,1,16,746,1693973071,1693973071,2,160061,159626,161518,163420,1405674,846415,1431883,442179,123706,122918,125919,125968,1226003,1239473,1756954,985231,1,0,
746,110490106479100,0.7620619,2,stimulus,48,110490094260300,1,1,16,747,1693974076,1693974076,2,160187,159733,161625,163525,1405795,846536,1432015,442309,123819,123037,126031,126083,1226144,1239613,1757096,985384,1,0,
747,110490106479100,0.7620619,2,stimulus,48,110490094260300,1,1,16,748,1693975080,1693975080,2,160278,159815,161694,163595,1405874,846615,1432105,442391,123893,123109,126109,126153,1226229,1239699,1757185,985483,1,0,
748,110490106479100,0.7620619,2,stimulus,48,110490094260300,1,1,16,749,1693976085,1693976085,2,160373,159902,161761,163669,1405953,846693,1432185,442473,123984,123201,126192,126233,1226323,1239793,1757274,985591,1,0,
749,110490113241400,0.7688242,2,stimulus,49,110490110094700,1,1,16,750,1693977090,1693977090,2,160551,160066,161914,163823,1406099,846839,1432332,442625,124161,123373,126351,126393,1226482,1239947,1757440,985781,1,0,
750,110490113241400,0.7688242,2,stimulus,49,110490110094700,1,1,16,751,1693978095,1693978095,2,160451,159984,161836,163743,1406000,846741,1432227,442517,124061,123281,126263,126315,1226382,1239848,1757338,985683,1,0,
751,110490113241400,0.7688242,2,stimulus,49,110490110094700,1,1,16,752,1693979100,1693979100,2,160293,159848,161702,163596,1405851,846596,1432078,442343,123902,123138,126115,126182,1226228,1239695,1757170,985518,1,0,
752,110490113241400,0.7688242,2,stimulus,49,110490110094700,1,1,16,753,1693980105,1693980105,2,160338,159899,161746,163634,1405892,846628,1432118,442375,123951,123188,126163,126224,1226266,1239738,1757218,985571,1,0,
753,110490113241400,0.7688242,2,stimulus,49,110490110094700,1,1,16,754,1693981110,1693981110,2,160314,159886,161722,163618,1405859,846599,1432083,442339,123931,123161,126154,126206,1226239,1239716,1757188,985544,1,0,
754,110490113241400,0.7688242,2,stimulus,49,110490110094700,1,1,16,755,1693982115,1693982115,2,160289,159866,161708,163608,1405829,846567,1432059,442311,123911,123137,126136,126194,1226206,1239683,1757153,985521,1,0,
755,110490113241400,0.7688242,2,stimulus,49,110490110094700,1,1,16,756,1693983119,1693983119,2,160329,159902,161736,163647,1405858,846584,1432084,442335,123961,123171,126162,126225,1226235,1239705,1757176,985556,1,0,
756,110490120264300,0.7758471,2,stimulus,49,110490110094700,1,1,16,757,1693984124,1693984124,2,160314,159899,161714,163639,1405836,846552,1432056,442294,123956,123161,126142,126202,1226195,1239667,1757126,985504,1,0,
757,110490120264300,0.7758471,2,stimulus,49,110490110094700,1,1,16,758,1693985129,1693985129,2,160163,159748,161571,163501,1405688,846403,1431886,442123,123807,123012,125993,126054,1226022,1239486,1756941,985305,1,0,
758,110490120264300,0.7758471,2,stimulus,49,110490110094700,1,1,16,759,1693986134,1693986134,2,160014,159606,161444,163369,1405546,846258,1431732,441966,123670,122883,125863,125923,1225863,1239323,1756769,985129,1,0,
759,110490120264300,0.7758471,2,stimulus,49,110490110094700,1,1,16,760,1693987139,1693987139,2,159982,159574,161408,163333,1405505,846212,1431691,441905,123634,122859,125821,125890,1225808,1239271,1756709,985079,1,0,
760,110490120264300,0.7758471,2,stimulus,49,110490110094700,1,1,16,761,1693988143,1693988143,2,160102,159683,161517,163438,1405596,846311,1431799,442006,123759,122973,125937,126001,1225916,1239375,1756809,985187,1,0,
761,110490120264300,0.7758471,2,stimulus,49,110490110094700,1,1,16,762,1693989148,1693989148,2,160286,159848,161672,163594,1405746,846469,1431959,442164,123948,123146,126118,126176,1226084,1239535,1756976,985356,1,0,
762,110490120264300,0.7758471,2,stimulus,49,110490110094700,1,1,16,763,1693990153,1693990153,2,160115,159693,161531,163473,1405601,846324,1431805,441992,123784,123008,125973,126033,1225916,1239370,1756801,985174,1,0,
763,110490127292200,0.782875,2,stimulus,49,110490110094700,1,1,16,764,1693991158,1693991158,2,159786,159406,161268,163224,1405344,846054,1431522,441674,123449,122708,125684,125749,1225634,1239076,1756494,984843,1,0,
764,110490127292200,0.782875,2,stimulus,50,110490127608900,1,1,16,765,1693992163,1693992163,2,159879,159501,161374,163334,1405464,846180,1431656,441788,123539,122803,125798,125855,1225776,1239210,1756621,984977,1,0,
765,110490127292200,0.782875,2,stimulus,50,110490127608900,1,1,16,766,1693993168,1693993168,2,160014,159624,161497,163455,1405602,846326,1431803,441935,123676,122935,125922,125983,1225939,1239366,1756778,985140,1,0,
766,110490127292200,0.782875,2,stimulus,50,110490127608900,1,1,16,767,1693994172,1693994172,2,160141,159732,161591,163539,1405711,846436,1431923,442057,123795,123039,126019,126086,1226053,1239497,1756901,985281,1,0,
767,110490127292200,0.782875,2,stimulus,50,110490127608900,1,1,16,768,1693995177,1693995177,2,160192,159781,161630,163579,1405763,846483,1431984,442109,123858,123089,126071,126119,1226111,1239561,1756961,985357,1,0,
768,110490127292200,0.782875,2,stimulus,50,110490127608900,1,1,16,769,1693996182,1693996182,2,160271,159850,161708,163653,1405828,846551,1432059,442182,123959,123172,126156,126195,1226194,1239648,1757050,985456,1,0,
769,110490127292200,0.782875,2,stimulus,50,110490127608900,1,1,16,770,1693997187,1693997187,2,160438,160004,161863,163801,1405965,846692,1432208,442329,124141,123326,126319,126352,1226347,1239806,1757208,985640,1,0,
770,110490134212100,0.7897949,2,stimulus,50,110490127608900,1,1,16,771,1693998192,1693998192,2,160330,159908,161778,163715,1405863,846591,1432090,442216,124036,123225,126224,126263,1226236,1239705,1757091,985526,1,0,
771,110490134212100,0.7897949,2,stimulus,50,110490127608900,1,1,16,772,1693999197,1693999197,2,160178,159785,161653,163591,1405732,846451,1431948,442054,123878,123081,126085,126127,1226101,1239556,1756947,985389,1,0,
772,110490134212100,0.7897949,2,stimulus,50,110490127608900,1,1,16,773,1694000202,1694000202,2,160244,159855,161699,163639,1405788,846493,1432006,442099,123943,123133,126144,126176,1226163,1239609,1757004,985456,1,0,
773,110490134212100,0.7897949,2,stimulus,50,110490127608900,1,1,16,774,1694001207,1694001207,2,160231,159838,161668,163612,1405763,846473,1431982,442065,123928,123118,126131,126169,1226130,1239582,1756976,985431,1,0,
774,110490134212100,0.7897949,2,stimulus,50,110490127608900,1,1,16,775,1694002212,1694002212,2,160226,159837,161657,163608,1405746,846464,1431964,442041,123925,123119,126131,126173,1226118,1239574,1756958,985423,1,0,
775,110490134212100,0.7897949,2,stimulus,50,110490127608900,1,1,16,776,1694003217,1694003217,2,160293,159898,161722,163664,1405790,846515,1432009,442087,124004,123184,126194,126232,1226168,1239621,1756997,985469,1,0,
776,110490134212100,0.7897949,2,stimulus,50,110490127608900,1,1,16,777,1694004222,1694004222,2,160303,159897,161726,163666,1405784,846499,1431997,442066,124012,123188,126194,126224,1226150,1239599,1756973,985438,1,0,
777,110490141388500,0.7969713,2,stimulus,50,110490127608900,1,1,16,778,1694005226,1694005226,2,160173,159757,161584,163544,1405648,846360,1431852,441905,123868,123053,126063,126093,1225989,1239437,1756804,985259,1,0,
778,110490141388500,0.7969713,2,stimulus,50,110490127608900,1,1,16,779,1694006231,1694006231,2,160034,159639,161458,163425,1405514,846222,1431709,441756,123739,122923,125939,125969,1225841,1239288,1756646,985098,1,0,
779,110490141388500,0.7969713,2,stimulus,50,110490127608900,1,1,16,780,1694007236,1694007236,2,159983,159598,161408,163378,1405454,846167,1431656,441694,123700,122877,125892,125920,1225776,1239218,1756569,985025,1,0,
780,110490141388500,0.7969713,2,stimulus,50,110490127608900,1,1,16,781,1694008241,1694008241,2,160092,159689,161497,163464,1405542,846241,1431732,441770,123803,122958,125994,126006,1225865,1239303,1756656,985122,1,0,
781,110490141388500,0.7969713,2,stimulus,50,110490127608900,1,1,16,782,1694009246,1694009246,2,160265,159843,161653,163616,1405683,846385,1431883,441916,123974,123116,126154,126173,1226014,1239451,1756808,985285,1,0,
782,110490141388500,0.7969713,2,stimulus,50,110490127608900,1,1,16,783,1694010251,1694010251,2,160083,159672,161503,163469,1405518,846225,1431719,441727,123802,122948,126004,126030,1225843,1239265,1756608,985072,1,0,
783,110490141388500,0.7969713,2,stimulus,50,110490127608900,1,1,16,784,1694011256,1694011256,2,159763,159386,161230,163209,1405257,845961,1431440,441424,123464,122644,125728,125754,1225560,1238984,1756306,984755,1,0,
784,110490148177900,0.8037607,2,stimulus,51,110490144076200,1,0,16,785,1694012261,1694012261,2,159866,159494,161344,163314,1405386,846093,1431576,441540,123570,122752,125833,125869,1225693,1239120,1756439,984899,1,0,
785,110490148177900,0.8037607,2,stimulus,51,110490144076200,1,0,16,786,1694013266,1694013266,2,160003,159610,161472,163426,1405526,846230,1431724,441687,123691,122882,125948,125999,1225851,1239275,1756589,985063,1,0,
786,110490148177900,0.8037607,2,stimulus,51,110490144076200,1,0,16,787,1694014270,1694014270,2,160118,159715,161582,163527,1405649,846348,1431853,441815,123807,123004,126054,126108,1225987,1239424,1756727,985209,1,0,
787,110490148177900,0.8037607,2,stimulus,51,110490144076200,1,0,16,788,1694015275,1694015275,2,160178,159768,161622,163562,1405696,846404,1431911,441872,123872,123060,126101,126156,1226056,1239482,1756789,985284,1,0,
788,110490148177900,0.8037607,2,stimulus,51,110490144076200,1,0,16,789,1694016280,1694016280,2,160272,159843,161686,163628,1405762,846470,1431986,441943,123958,123132,126187,126226,1226128,1239560,1756871,985378,1,0,
789,110490148177900,0.8037607,2,stimulus,51,110490144076200,1,0,16,790,1694017285,1694017285,2,160446,159994,161823,163773,1405895,846598,1432132,442079,124118,123283,126340,126366,1226275,1239706,1757028,985551,1,0,
790,110490148177900,0.8037607,2,stimulus,51,110490144076200,1,0,16,791,1694018289,1694018289,2,160348,159903,161729,163685,1405790,846489,1432018,441959,124020,123180,126244,126261,1226163,1239595,1756912,985439,1,0,
791,110490155272500,0.8108553,2,stimulus,51,110490144076200,1,0,16,792,1694019294,1694019294,2,160198,159766,161607,163549,1405652,846346,1431858,441789,123864,123033,126109,126121,1226018,1239455,1756764,985292,1,0,
792,110490155272500,0.8108553,2,stimulus,51,110490144076200,1,0,16,793,1694020299,1694020299,2,160256,159820,161664,163606,1405702,846391,1431913,441833,123928,123097,126170,126178,1226076,1239514,1756826,985364,1,0,
793,110490155272500,0.8108553,2,stimulus,51,110490144076200,1,0,16,794,1694021304,1694021304,2,160228,159809,161643,163586,1405670,846368,1431884,441808,123913,123091,126151,126148,1226056,1239492,1756798,985343,1,0,
794,110490155272500,0.8108553,2,stimulus,51,110490144076200,1,0,16,795,1694022309,1694022309,2,160223,159801,161631,163571,1405656,846352,1431868,441787,123903,123091,126143,126141,1226043,1239472,1756765,985328,1,0,
795,110490155272500,0.8108553,2,stimulus,51,110490144076200,1,0,16,796,1694023314,1694023314,2,160280,159848,161673,163616,1405694,846388,1431916,441825,123964,123144,126187,126191,1226080,1239501,1756798,985365,1,0,
796,110490155272500,0.8108553,2,stimulus,51,110490144076200,1,0,16,797,1694024318,1694024318,2,160270,159841,161664,163612,1405677,846366,1431893,441796,123961,123138,126182,126178,1226046,1239472,1756758,985326,1,0,
797,110490155272500,0.8108553,2,stimulus,51,110490144076200,1,0,16,798,1694025323,1694025323,2,160132,159720,161527,163484,1405531,846221,1431736,441637,123817,122993,126038,126037,1225886,1239304,1756584,985139,1,0,
798,110490162307400,0.8178902,2,stimulus,52,110490160999100,1,0,16,799,1694026328,1694026328,2,159985,159574,161379,163334,1405375,846067,1431579,441465,123666,122857,125888,125886,1225721,1239138,1756407,984962,1,0,
799,110490162307400,0.8178902,2,stimulus,52,110490160999100,1,0,16,800,1694027333,1694027333,2,159948,159534,161344,163289,1405323,846008,1431526,441403,123622,122812,125848,125842,1225665,1239079,1756338,984893,1,0,
800,110490162307400,0.8178902,2,stimulus,52,110490160999100,1,0,16,801,1694028338,1694028338,2,160058,159628,161447,163391,1405417,846093,1431613,441494,123726,122912,125940,125945,1225756,1239166,1756423,984991,1,0,
801,110490162307400,0.8178902,2,stimulus,52,110490160999100,1,0,16,802,1694029342,1694029342,2,160240,159796,161618,163561,1405575,846258,1431784,441660,123913,123093,126117,126121,1225920,1239330,1756595,985163,1,0,
802,110490162307400,0.8178902,2,stimulus,52,110490160999100,1,0,16,803,1694030347,1694030347,2,160046,159631,161461,163404,1405400,846089,1431603,441463,123733,122920,125942,125959,1225735,1239139,1756390,984949,1,0,
803,110490162307400,0.8178902,2,stimulus,52,110490160999100,1,0,16,804,1694031352,1694031352,2,159726,159359,161209,163148,1405151,845824,1431334,441159,123403,122632,125659,125689,1225468,1238861,1756094,984639,1,0,
804,110490162307400,0.8178902,2,stimulus,52,110490160999100,1,0,16,805,1694032357,1694032357,2,159849,159478,161341,163266,1405281,845959,1431480,441288,123503,122741,125777,125818,1225609,1239012,1756237,984789,1,0,
805,110490169258800,0.8248416,2,stimulus,52,110490160999100,1,0,16,806,1694033361,1694033361,2,159984,159591,161466,163396,1405429,846113,1431623,441438,123630,122877,125909,125950,1225761,1239173,1756396,984958,1,0,
806,110490169258800,0.8248416,2,stimulus,52,110490160999100,1,0,16,807,1694034366,1694034366,2,160099,159687,161554,163486,1405541,846222,1431743,441553,123743,122973,126014,126054,1225894,1239304,1756524,985108,1,0,
807,110490169258800,0.8248416,2,stimulus,52,110490160999100,1,0,16,808,1694035371,1694035371,2,160159,159745,161611,163528,1405599,846276,1431796,441606,123821,123018,126066,126108,1225965,1239368,1756591,985193,1,0,
808,110490169258800,0.8248416,2,stimulus,52,110490160999100,1,0,16,809,1694036376,1694036376,2,160266,159821,161699,163605,1405677,846359,1431883,441690,123926,123112,126148,126184,1226059,1239459,1756686,985301,1,0,
809,110490169258800,0.8248416,2,stimulus,52,110490160999100,1,0,16,810,1694037381,1694037381,2,160440,159966,161841,163743,1405813,846495,1432026,441839,124091,123267,126304,126332,1226203,1239607,1756834,985476,1,0,
810,110490169258800,0.8248416,2,stimulus,52,110490160999100,1,0,16,811,1694038386,1694038386,2,160321,159876,161747,163649,1405709,846381,1431907,441721,123990,123164,126208,126243,1226096,1239494,1756723,985359,1,0,
811,110490169258800,0.8248416,2,stimulus,52,110490160999100,1,0,16,812,1694039390,1694039390,2,160162,159749,161608,163508,1405568,846241,1431758,441546,123838,123017,126067,126091,1225943,1239351,1756573,985204,1,0,
812,110490176418600,0.8320014,2,stimulus,53,110490176515900,1,0,16,813,1694040395,1694040395,2,160218,159792,161654,163544,1405604,846278,1431794,441586,123890,123068,126118,126124,1225985,1239393,1756621,985261,1,0,
813,110490176418600,0.8320014,2,stimulus,53,110490176515900,1,0,16,814,1694041400,1694041400,2,160201,159767,161644,163531,1405583,846256,1431773,441556,123881,123077,126104,126111,1225966,1239374,1756588,985238,1,0,
814,110490176418600,0.8320014,2,stimulus,53,110490176515900,1,0,16,815,1694042405,1694042405,2,160195,159773,161648,163527,1405564,846249,1431758,441532,123885,123079,126112,126109,1225953,1239358,1756570,985229,1,0,
815,110490176418600,0.8320014,2,stimulus,53,110490176515900,1,0,16,816,1694043410,1694043410,2,160249,159832,161710,163561,1405601,846275,1431794,441560,123947,123113,126165,126149,1225986,1239389,1756608,985266,1,0,
816,110490176418600,0.8320014,2,stimulus,53,110490176515900,1,0,16,817,1694044414,1694044414,2,160257,159822,161703,163546,1405584,846251,1431776,441531,123947,123100,126163,126135,1225959,1239361,1756569,985227,1,0,
817,110490176418600,0.8320014,2,stimulus,53,110490176515900,1,0,16,818,1694045419,1694045419,2,160099,159669,161547,163390,1405427,846086,1431601,441350,123788,122938,126000,125986,1225772,1239176,1756369,985027,1,0,
818,110490176418600,0.8320014,2,stimulus,53,110490176515900,1,0,16,819,1694046424,1694046424,2,159959,159541,161407,163257,1405287,845944,1431455,441193,123643,122809,125858,125849,1225615,1239013,1756198,984852,1,0,
819,110490183221000,0.8388038,2,stimulus,53,110490176515900,1,0,16,820,1694047429,1694047429,2,159926,159509,161365,163233,1405252,845907,1431418,441149,123609,122790,125821,125823,1225579,1238959,1756149,984798,1,0,
820,110490183221000,0.8388038,2,stimulus,53,110490176515900,1,0,16,821,1694048434,1694048434,2,160039,159612,161470,163346,1405351,846002,1431521,441241,123734,122908,125929,125938,1225683,1239064,1756251,984906,1,0,
821,110490183221000,0.8388038,2,stimulus,53,110490176515900,1,0,16,822,1694049438,1694049438,2,160208,159768,161624,163503,1405496,846154,1431676,441397,123928,123076,126098,126104,1225833,1239217,1756399,985078,1,0,
822,110490183221000,0.8388038,2,stimulus,53,110490176515900,1,0,16,823,1694050443,1694050443,2,160006,159593,161464,163348,1405326,845977,1431498,441203,123737,122899,125924,125949,1225651,1239031,1756199,984866,1,0,
823,110490183221000,0.8388038,2,stimulus,53,110490176515900,1,0,16,824,1694051448,1694051448,2,159686,159319,161196,163095,1405074,845719,1431216,440898,123400,122609,125658,125678,1225378,1238760,1755904,984542,1,0,
824,110490183221000,0.8388038,2,stimulus,53,110490176515900,1,0,16,825,1694052453,1694052453,2,159801,159429,161314,163210,1405201,845849,1431360,441017,123511,122711,125773,125794,1225520,1238904,1756043,984689,1,0,
825,110490183221000,0.8388038,2,stimulus,53,110490176515900,1,0,16,826,1694053457,1694053457,2,159931,159545,161424,163319,1405336,845988,1431505,441149,123631,122838,125894,125928,1225668,1239056,1756193,984857,1,0,
826,110490190405000,0.8459878,2,stimulus,53,110490176515900,1,0,16,827,1694054462,1694054462,2,160048,159654,161524,163414,1405451,846106,1431623,441281,123748,122952,125994,126043,1225805,1239186,1756334,984998,1,0,
827,110490190405000,0.8459878,2,stimulus,53,110490176515900,1,0,16,828,1694055467,1694055467,2,160119,159714,161583,163467,1405511,846162,1431683,441344,123821,123013,126044,126103,1225873,1239257,1756401,985083,1,0,
828,110490190405000,0.8459878,2,stimulus,53,110490176515900,1,0,16,829,1694056472,1694056472,2,160233,159799,161658,163544,1405601,846243,1431780,441430,123930,123102,126139,126176,1225965,1239354,1756503,985193,1,0,
829,110490190405000,0.8459878,2,stimulus,53,110490176515900,1,0,16,830,1694057477,1694057477,2,160391,159930,161783,163675,1405722,846369,1431910,441562,124083,123248,126271,126303,1226104,1239491,1756641,985353,1,0,
830,110490190405000,0.8459878,2,stimulus,53,110490176515900,1,0,16,831,1694058483,1694058483,2,160272,159813,161673,163556,1405588,846251,1431786,441424,123961,123136,126154,126185,1225973,1239361,1756504,985221,1,0,
831,110490190405000,0.8459878,2,stimulus,53,110490176515900,1,0,16,832,1694059487,1694059487,2,160143,159691,161557,163443,1405468,846128,1431651,441277,123828,123009,126041,126074,1225839,1239228,1756366,985091,1,0,
832,110490190405000,0.8459878,2,stimulus,53,110490176515900,1,0,16,833,1694060492,1694060492,2,160221,159760,161615,163503,1405524,846181,1431701,441329,123896,123078,126106,126149,1225909,1239288,1756429,985167,1,0,
833,110490197220200,0.852803,2,stimulus,54,110490194372300,1,1,16,834,1694061498,1694061498,2,160212,159758,161609,163510,1405509,846166,1431684,441313,123904,123082,126109,126143,1225899,1239282,1756416,985162,1,0,
834,110490197220200,0.852803,2,stimulus,54,110490194372300,1,1,16,835,1694062503,1694062503,2,160211,159762,161609,163519,1405511,846157,1431678,441299,123924,123084,126115,126149,1225891,1239270,1756409,985151,1,0,
835,110490197220200,0.852803,2,stimulus,54,110490194372300,1,1,16,836,1694063507,1694063507,2,160256,159805,161645,163548,1405529,846178,1431706,441314,123961,123121,126146,126175,1225909,1239288,1756422,985170,1,0,
836,110490197220200,0.852803,2,stimulus,54,110490194372300,1,1,16,837,1694064512,1694064512,2,160238,159783,161625,163521,1405489,846139,1431671,441271,123931,123089,126124,126144,1225865,1239241,1756368,985111,1,0,
837,110490197220200,0.852803,2,stimulus,54,110490194372300,1,1,16,838,1694065517,1694065517,2,160093,159649,161502,163391,1405352,845994,1431518,441114,123793,122948,125983,126005,1225701,1239079,1756195,984927,1,0,
838,110490197220200,0.852803,2,stimulus,54,110490194372300,1,1,16,839,1694066522,1694066522,2,159975,159527,161391,163279,1405228,845865,1431383,440977,123668,122825,125854,125880,1225565,1238932,1756043,984779,1,0,
839,110490197220200,0.852803,2,stimulus,54,110490194372300,1,1,16,840,1694067527,1694067527,2,159934,159488,161352,163246,1405191,845823,1431338,440928,123626,122793,125820,125838,1225519,1238883,1755983,984724,1,0,
840,110490204237600,0.8598204,2,stimulus,54,110490194372300,1,1,16,841,1694068532,1694068532,2,160046,159587,161449,163334,1405268,845906,1431437,441015,123728,122908,125919,125931,1225608,1238968,1756066,984816,1,0,
841,110490204237600,0.8598204,2,stimulus,54,110490194372300,1,1,16,842,1694069537,1694069537,2,160232,159766,161619,163501,1405423,846063,1431596,441171,123919,123089,126096,126115,1225769,1239131,1756226,984991,1,0,
842,110490204237600,0.8598204,2,stimulus,54,110490194372300,1,1,16,843,1694070542,1694070542,2,160041,159603,161476,163349,1405264,845894,1431416,440979,123740,122919,125926,125958,1225591,1238951,1756031,984783,1,0,
843,110490204237600,0.8598204,2,stimulus,54,110490194372300,1,1,16,844,1694071547,1694071547,2,159743,159336,161228,163116,1405024,845651,1431168,440698,123428,122633,125668,125722,1225331,1238684,1755752,984486,1,0,
844,110490204237600,0.8598204,2,stimulus,54,110490194372300,1,1,16,845,1694072552,1694072552,2,159860,159451,161344,163241,1405165,845794,1431318,440834,123531,122745,125801,125858,1225488,1238836,1755901,984634,1,0,
845,110490204237600,0.8598204,2,stimulus,54,110490194372300,1,1,16,846,1694073557,1694073557,2,159984,159575,161451,163358,1405285,845929,1431456,440971,123654,122871,125919,125976,1225641,1238989,1756049,984796,1,0,
846,110490204237600,0.8598204,2,stimulus,54,110490194372300,1,1,16,847,1694074562,1694074562,2,160103,159679,161550,163442,1405399,846039,1431568,441091,123770,122988,126026,126069,1225762,1239115,1756174,984938,1,0,
847,110490211177900,0.8667607,2,stimulus,55,110490209684100,1,1,16,848,1694075567,1694075567,2,160161,159726,161608,163490,1405459,846094,1431634,441159,123843,123049,126081,126118,1225826,1239183,1756241,985024,1,0,
848,110490211177900,0.8667607,2,stimulus,55,110490209684100,1,1,16,849,1694076572,1694076572,2,160256,159800,161681,163555,1405521,846172,1431718,441229,123936,123136,126136,126190,1225906,1239264,1756328,985126,1,0,
849,110490211177900,0.8667607,2,stimulus,55,110490209684100,1,1,16,850,1694077577,1694077577,2,160401,159929,161804,163668,1405639,846286,1431841,441354,124079,123282,126249,126313,1226029,1239389,1756461,985273,1,0,
850,110490211177900,0.8667607,2,stimulus,55,110490209684100,1,1,16,851,1694078582,1694078582,2,160281,159823,161695,163554,1405511,846154,1431697,441218,123956,123164,126133,126201,1225903,1239267,1756324,985134,1,0,
851,110490211177900,0.8667607,2,stimulus,55,110490209684100,1,1,16,852,1694079587,1694079587,2,160144,159701,161581,163438,1405391,846030,1431568,441059,123826,123033,126020,126079,1225778,1239133,1756195,984993,1,0,
852,110490211177900,0.8667607,2,stimulus,55,110490209684100,1,1,16,853,1694080592,1694080592,2,160201,159748,161620,163484,1405433,846066,1431609,441094,123885,123081,126066,126122,1225824,1239174,1756239,985055,1,0,
853,110490211177900,0.8667607,2,stimulus,55,110490209684100,1,1,16,854,1694081597,1694081597,2,160174,159726,161602,163476,1405403,846038,1431576,441056,123882,123068,126046,126104,1225800,1239153,1756208,985039,1,0,
854,110490218650900,0.8742337,2,stimulus,55,110490209684100,1,1,16,855,1694082602,1694082602,2,160169,159720,161604,163482,1405401,846031,1431578,441044,123884,123068,126053,126112,1225791,1239141,1756197,985030,1,0,
855,110490218650900,0.8742337,2,stimulus,55,110490209684100,1,1,16,856,1694083607,1694083607,2,160229,159764,161639,163517,1405428,846057,1431603,441078,123937,123104,126097,126159,1225828,1239176,1756223,985070,1,0,
856,110490218650900,0.8742337,2,stimulus,55,110490209684100,1,1,16,857,1694084612,1694084612,2,160224,159755,161618,163509,1405399,846024,1431578,441033,123918,123088,126084,126139,1225785,1239131,1756181,985011,1,0,
857,110490218650900,0.8742337,2,stimulus,55,110490209684100,1,1,16,858,1694085617,1694085617,2,160068,159604,161474,163378,1405240,845861,1431408,440858,123749,122947,125930,125983,1225604,1238944,1755989,984815,1,0,
858,110490218650900,0.8742337,2,stimulus,55,110490209684100,1,1,16,859,1694086622,1694086622,2,159934,159473,161340,163249,1405102,845721,1431256,440711,123596,122816,125804,125845,1225448,1238787,1755819,984655,1,0,
859,110490218650900,0.8742337,2,stimulus,55,110490209684100,1,1,16,860,1694087627,1694087627,2,159899,159453,161305,163222,1405066,845686,1431219,440657,123559,122787,125778,125812,1225408,1238738,1755764,984605,1,0,
860,110490218650900,0.8742337,2,stimulus,55,110490209684100,1,1,16,861,1694088631,1694088631,2,160031,159584,161419,163331,1405176,845798,1431334,440769,123688,122906,125908,125927,1225516,1238849,1755874,984720,1,0,
861,110490225261300,0.8808441,2,stimulus,55,110490209684100,1,1,16,862,1694089636,1694089636,2,160212,159759,161598,163499,1405328,845953,1431502,440928,123884,123080,126094,126103,1225684,1239014,1756044,984893,1,0,
862,110490225261300,0.8808441,2,stimulus,55,110490209684100,1,1,16,863,1694090641,1694090641,2,160001,159584,161438,163328,1405151,845765,1431299,440723,123688,122898,125919,125924,1225481,1238814,1755819,984654,1,0,
863,110490225261300,0.8808441,2,stimulus,55,110490209684100,1,1,16,864,1694091646,1694091646,2,159712,159324,161191,163097,1404911,845528,1431048,440441,123375,122622,125659,125666,1225228,1238557,1755541,984363,1,0,
864,110490225261300,0.8808441,2,stimulus,55,110490209684100,1,1,16,865,1694092651,1694092651,2,159836,159437,161314,163218,1405054,845671,1431199,440573,123494,122739,125789,125800,1225379,1238706,1755698,984522,1,0,
865,110490225261300,0.8808441,2,stimulus,55,110490209684100,1,1,16,866,1694093656,1694093656,2,159969,159558,161434,163336,1405192,845811,1431348,440712,123622,122866,125913,125926,1225535,1238873,1755854,984691,1,0,
866,110490225261300,0.8808441,2,stimulus,55,110490209684100,1,1,16,867,1694094660,1694094660,2,160082,159659,161529,163431,1405300,845923,1431469,440833,123742,122965,126008,126034,1225669,1238994,1755982,984834,1,0,
867,110490225261300,0.8808441,2,stimulus,55,110490209684100,1,1,16,868,1694095665,1694095665,2,160145,159709,161574,163479,1405353,845979,1431528,440898,123818,123026,126055,126089,1225738,1239058,1756046,984908,1,0,
868,110490232201700,0.8877845,2,stimulus,56,110490227181300,1,1,16,869,1694096670,1694096670,2,160256,159798,161655,163556,1405450,846069,1431618,440993,123934,123128,126144,126169,1225834,1239154,1756147,985023,1,0,
869,110490232201700,0.8877845,2,stimulus,56,110490227181300,1,1,16,870,1694097675,1694097675,2,160415,159939,161788,163682,1405574,846198,1431747,441123,124086,123279,126285,126304,1225966,1239299,1756288,985191,1,0,
870,110490232201700,0.8877845,2,stimulus,56,110490227181300,1,1,16,871,1694098680,1694098680,2,160294,159834,161669,163577,1405455,846078,1431623,440986,123971,123170,126181,126190,1225838,1239170,1756159,985063,1,0,
871,110490232201700,0.8877845,2,stimulus,56,110490227181300,1,1,16,872,1694099685,1694099685,2,160164,159720,161555,163477,1405343,845949,1431496,440843,123841,123053,126065,126071,1225721,1239050,1756039,984933,1,0,
872,110490232201700,0.8877845,2,stimulus,56,110490227181300,1,1,16,873,1694100690,1694100690,2,160234,159788,161620,163542,1405397,845999,1431558,440903,123902,123121,126133,126137,1225792,1239117,1756103,985006,1,0,
873,110490232201700,0.8877845,2,stimulus,56,110490227181300,1,1,16,874,1694101695,1694101695,2,160218,159770,161590,163508,1405351,845960,1431521,440856,123878,123106,126115,126118,1225761,1239081,1756068,984983,1,0,
874,110490232201700,0.8877845,2,stimulus,56,110490227181300,1,1,16,875,1694102700,1694102700,2,160223,159761,161588,163501,1405335,845948,1431506,440835,123883,123094,126126,126116,1225749,1239064,1756056,984973,1,0,
875,110490239580500,0.8951633,2,stimulus,56,110490227181300,1,1,16,876,1694103705,1694103705,2,160293,159818,161647,163552,1405389,845999,1431557,440879,123964,123146,126185,126174,1225789,1239112,1756094,985021,1,0,
876,110490239580500,0.8951633,2,stimulus,56,110490227181300,1,1,16,877,1694104710,1694104710,2,160279,159814,161633,163543,1405378,845984,1431536,440849,123962,123138,126168,126165,1225759,1239079,1756049,984973,1,0,
877,110490239580500,0.8951633,2,stimulus,56,110490227181300,1,1,16,878,1694105714,1694105714,2,160122,159663,161486,163393,1405214,845813,1431352,440666,123789,122986,125999,126000,1225573,1238891,1755846,984771,1,0,
878,110490239580500,0.8951633,2,stimulus,56,110490227181300,1,1,16,879,1694106719,1694106719,2,159987,159544,161364,163278,1405081,845687,1431216,440524,123661,122860,125871,125874,1225428,1238743,1755696,984608,1,0,
879,110490239580500,0.8951633,2,stimulus,56,110490227181300,1,1,16,880,1694107724,1694107724,2,159956,159507,161328,163241,1405035,845644,1431180,440482,123636,122837,125844,125844,1225386,1238698,1755649,984561,1,0,
880,110490239580500,0.8951633,2,stimulus,56,110490227181300,1,1,16,881,1694108729,1694108729,2,160072,159615,161440,163343,1405126,845738,1431282,440585,123758,122955,125961,125956,1225485,1238796,1755754,984677,1,0,
881,110490239580500,0.8951633,2,stimulus,56,110490227181300,1,1,16,882,1694109734,1694109734,2,160251,159781,161597,163509,1405281,845892,1431440,440741,123937,123124,126134,126132,1225644,1238957,1755907,984843,1,0,
882,110490246196700,0.9017795,2,stimulus,57,110490240411300,1,0,16,883,1694110739,1694110739,2,160036,159592,161417,163349,1405099,845703,1431247,440531,123730,122923,125959,125956,1225448,1238752,1755685,984605,1,0,
883,110490246196700,0.9017795,2,stimulus,57,110490240411300,1,0,16,884,1694111744,1694111744,2,159747,159336,161184,163118,1404875,845466,1431006,440257,123440,122653,125701,125717,1225203,1238504,1755413,984321,1,0,
884,110490246196700,0.9017795,2,stimulus,57,110490240411300,1,0,16,885,1694112749,1694112749,2,159866,159456,161309,163231,1405015,845603,1431144,440387,123548,122768,125816,125851,1225351,1238658,1755564,984474,1,0,
885,110490246196700,0.9017795,2,stimulus,57,110490240411300,1,0,16,886,1694113753,1694113753,2,159997,159581,161437,163339,1405160,845747,1431294,440525,123689,122899,125938,125977,1225508,1238816,1755719,984644,1,0,
886,110490246196700,0.9017795,2,stimulus,57,110490240411300,1,0,16,887,1694114758,1694114758,2,160106,159678,161538,163433,1405262,845861,1431407,440645,123794,122994,126036,126076,1225636,1238939,1755840,984787,1,0,
887,110490246196700,0.9017795,2,stimulus,57,110490240411300,1,0,16,888,1694115763,1694115763,2,160164,159720,161577,163465,1405308,845908,1431461,440698,123851,123035,126078,126122,1225693,1238992,1755903,984862,1,0,
888,110490246196700,0.9017795,2,stimulus,57,110490240411300,1,0,16,889,1694116768,1694116768,2,160251,159815,161658,163534,1405380,845978,1431549,440776,123941,123123,126155,126200,1225772,1239084,1755993,984961,1,0,
889,110490253253100,0.9088359,2,stimulus,57,110490240411300,1,0,16,890,1694117773,1694117773,2,160406,159963,161799,163668,1405510,846110,1431689,440914,124117,123273,126301,126339,1225908,1239226,1756142,985127,1,0,
890,110490253253100,0.9088359,2,stimulus,57,110490240411300,1,0,16,891,1694118777,1694118777,2,160277,159840,161684,163549,1405374,845977,1431544,440765,123994,123150,126177,126216,1225774,1239091,1756003,984986,1,0,
891,110490253253100,0.9088359,2,stimulus,57,110490240411300,1,0,16,892,1694119782,1694119782,2,160123,159699,161552,163416,1405239,845836,1431399,440598,123833,123024,126039,126081,1225634,1238954,1755851,984839,1,0,
892,110490253253100,0.9088359,2,stimulus,57,110490240411300,1,0,16,893,1694120787,1694120787,2,160171,159749,161599,163456,1405284,845870,1431444,440637,123883,123086,126088,126119,1225678,1238992,1755903,984897,1,0,
893,110490253253100,0.9088359,2,stimulus,57,110490240411300,1,0,16,894,1694121792,1694121792,2,160156,159736,161579,163440,1405256,845848,1431413,440609,123878,123076,126079,126106,1225655,1238968,1755879,984880,1,0,
894,110490253253100,0.9088359,2,stimulus,57,110490240411300,1,0,16,895,1694122797,1694122797,2,160172,159748,161584,163446,1405250,845846,1431409,440601,123886,123094,126086,126116,1225661,1238971,1755877,984879,1,0,
895,110490253253100,0.9088359,2,stimulus,57,110490240411300,1,0,16,896,1694123802,1694123802,2,160229,159788,161640,163498,1405291,845884,1431452,440636,123933,123141,126121,126159,1225697,1239000,1755907,984911,1,0,
896,110490260210400,0.9157932,2,stimulus,58,110490256929200,1,0,16,897,1694124807,1694124807,2,160214,159771,161635,163493,1405273,845853,1431421,440601,123919,123126,126103,126127,1225660,1238958,1755854,984878,1,0,
897,110490260210400,0.9157932,2,stimulus,58,110490256929200,1,0,16,898,1694125812,1694125812,2,160069,159632,161500,163364,1405123,845705,1431262,440433,123777,122996,125961,125988,1225491,1238789,1755669,984685,1,0,
898,110490260210400,0.9157932,2,stimulus,58,110490256929200,1,0,16,899,1694126817,1694126817,2,159939,159523,161383,163251,1405001,845578,1431139,440296,123654,122875,125845,125868,1225348,1238651,1755528,984523,1,0,
899,110490260210400,0.9157932,2,stimulus,58,110490256929200,1,0,16,900,1694127822,1694127822,2,159906,159493,161354,163221,1404961,845536,1431096,440248,123631,122837,125815,125836,1225316,1238609,1755471,984478,1,0,
900,110490260210400,0.9157932,2,stimulus,58,110490256929200,1,0,16,901,1694128826,1694128826,2,160028,159596,161468,163328,1405061,845633,1431194,440342,123758,122945,125931,125951,1225422,1238701,1755574,984589,1,0,
901,110490260210400,0.9157932,2,stimulus,58,110490256929200,1,0,16,902,1694129831,1694129831,2,160196,159748,161634,163486,1405196,845774,1431347,440484,123932,123104,126097,126115,1225568,1238856,1755723,984751,1,0,
902,110490260210400,0.9157932,2,stimulus,58,110490256929200,1,0,16,903,1694130836,1694130836,2,159963,159558,161451,163320,1405003,845582,1431153,440266,123713,122895,125917,125917,1225362,1238648,1755496,984509,1,0,
903,110490267241000,0.9228238,2,stimulus,58,110490256929200,1,0,16,904,1694131841,1694131841,2,159676,159306,161211,163104,1404788,845355,1430908,439998,123411,122628,125669,125685,1225117,1238403,1755234,984234,1,0,
904,110490267241000,0.9228238,2,stimulus,58,110490256929200,1,0,16,905,1694132846,1694132846,2,159798,159418,161331,163219,1404924,845492,1431046,440128,123516,122736,125789,125806,1225272,1238551,1755382,984389,1,0,
905,110490267241000,0.9228238,2,stimulus,58,110490256929200,1,0,16,906,1694133851,1694133851,2,159936,159537,161453,163335,1405059,845635,1431193,440270,123659,122864,125910,125940,1225431,1238714,1755544,984553,1,0,
906,110490267241000,0.9228238,2,stimulus,58,110490256929200,1,0,16,907,1694134856,1694134856,2,160046,159638,161549,163424,1405173,845740,1431304,440386,123775,122975,126003,126036,1225548,1238834,1755662,984689,1,0,
907,110490267241000,0.9228238,2,stimulus,58,110490256929200,1,0,16,908,1694135861,1694135861,2,160128,159704,161612,163476,1405238,845808,1431383,440453,123858,123032,126066,126090,1225626,1238913,1755737,984783,1,0,
908,110490267241000,0.9228238,2,stimulus,58,110490256929200,1,0,16,909,1694136866,1694136866,2,160254,159816,161711,163571,1405337,845907,1431496,440561,123979,123147,126165,126186,1225736,1239027,1755854,984914,1,0,
909,110490267241000,0.9228238,2,stimulus,58,110490256929200,1,0,16,910,1694137871,1694137871,2,160415,159953,161845,163703,1405465,846039,1431631,440706,124149,123293,126305,126319,1225875,1239163,1756005,985073,1,0,
910,110490274204300,0.9297871,2,stimulus,59,110490272491300,1,0,16,911,1694138875,1694138875,2,160266,159819,161721,163584,1405329,845895,1431476,440549,124019,123161,126171,126193,1225726,1239026,1755856,984927,1,0,
911,110490274204300,0.9297871,2,stimulus,59,110490272491300,1,0,16,912,1694139880,1694139880,2,160128,159692,161584,163468,1405196,845759,1431338,440388,123877,123035,126039,126071,1225599,1238889,1755713,984788,1,0,
912,110490274204300,0.9297871,2,stimulus,59,110490272491300,1,0,16,913,1694140885,1694140885,2,160193,159745,161629,163517,1405241,845798,1431387,440424,123936,123089,126092,126136,1225648,1238940,1755771,984845,1,0,
913,110490274204300,0.9297871,2,stimulus,59,110490272491300,1,0,16,914,1694141890,1694141890,2,160166,159730,161601,163498,1405205,845765,1431347,440391,123919,123079,126067,126116,1225621,1238912,1755737,984818,1,0,
914,110490274204300,0.9297871,2,stimulus,59,110490272491300,1,0,16,915,1694142895,1694142895,2,160164,159734,161593,163491,1405199,845759,1431341,440378,123916,123083,126070,126105,1225608,1238906,1755719,984816,1,0,
915,110490274204300,0.9297871,2,stimulus,59,110490272491300,1,0,16,916,1694143900,1694143900,2,160209,159766,161616,163518,1405221,845776,1431359,440399,123945,123119,126107,126141,1225622,1238921,1755733,984835,1,0,
916,110490274204300,0.9297871,2,stimulus,59,110490272491300,1,0,16,917,1694144905,1694144905,2,160191,159752,161593,163494,1405193,845731,1431321,440352,123916,123097,126074,126110,1225574,1238866,1755670,984778,1,0,
917,110490281195500,0.9367783,2,stimulus,59,110490272491300,1,0,16,918,1694145910,1694145910,2,160041,159611,161445,163356,1405033,845574,1431163,440174,123773,122933,125926,125953,1225402,1238690,1755485,984583,1,0,
918,110490281195500,0.9367783,2,stimulus,59,110490272491300,1,0,16,919,1694146915,1694146915,2,159919,159495,161330,163245,1404906,845455,1431038,440046,123648,122808,125808,125832,1225268,1238550,1755344,984431,1,0,
919,110490281195500,0.9367783,2,stimulus,59,110490272491300,1,0,16,920,1694147920,1694147920,2,159889,159461,161298,163210,1404870,845417,1430994,439999,123605,122786,125785,125813,1225225,1238508,1755293,984379,1,0,
920,110490281195500,0.9367783,2,stimulus,59,110490272491300,1,0,16,921,1694148924,1694148924,2,160014,159581,161424,163327,1404981,845521,1431108,440114,123736,122911,125907,125945,1225339,1238619,1755403,984497,1,0,
921,110490281195500,0.9367783,2,stimulus,59,110490272491300,1,0,16,922,1694149929,1694149929,2,160182,159740,161577,163477,1405126,845665,1431253,440259,123907,123071,126067,126100,1225486,1238765,1755544,984660,1,0,
922,110490281195500,0.9367783,2,stimulus,59,110490272491300,1,0,16,923,1694150934,1694150934,2,159938,159538,161368,163281,1404911,845448,1431031,440008,123671,122856,125853,125887,1225251,1238533,1755287,984392,1,0,
923,110490281195500,0.9367783,2,stimulus,59,110490272491300,1,0,16,924,1694151939,1694151939,2,159672,159308,161158,163079,1404707,845231,1430804,439749,123381,122606,125618,125671,1225032,1238298,1755043,984126,1,0,
924,110490288470800,0.9440536,2,stimulus,59,110490272491300,1,0,16,925,1694152944,1694152944,2,159799,159431,161278,163204,1404856,845384,1430958,439887,123494,122733,125745,125809,1225191,1238456,1755205,984296,1,0,
925,110490288470800,0.9440536,2,stimulus,59,110490272491300,1,0,16,926,1694153949,1694153949,2,159926,159554,161388,163307,1404987,845521,1431104,440025,123624,122844,125864,125926,1225341,1238608,1755355,984459,1,0,
926,110490288470800,0.9440536,2,stimulus,59,110490272491300,1,0,16,927,1694154953,1694154953,2,160033,159655,161465,163399,1405089,845624,1431214,440146,123736,122936,125959,126014,1225461,1238731,1755475,984588,1,0,
927,110490288470800,0.9440536,2,stimulus,59,110490272491300,1,0,16,928,1694155958,1694155958,2,160096,159691,161510,163447,1405145,845670,1431273,440201,123799,122988,126009,126059,1225523,1238785,1755534,984661,1,0,
928,110490288470800,0.9440536,2,stimulus,59,110490272491300,1,0,16,929,1694156963,1694156963,2,160210,159768,161601,163534,1405225,845756,1431364,440289,123913,123093,126095,126146,1225621,1238887,1755645,984781,1,0,
929,110490288470800,0.9440536,2,stimulus,59,110490272491300,1,0,16,930,1694157968,1694157968,2,160348,159883,161718,163645,1405331,845860,1431479,440409,124065,123224,126220,126269,1225737,1239007,1755769,984925,1,0,
930,110490288470800,0.9440536,2,stimulus,59,110490272491300,1,0,16,931,1694158972,1694158972,2,160219,159754,161594,163534,1405199,845730,1431339,440260,123936,123105,126086,126141,1225591,1238863,1755619,984780,1,0,
931,110490295187000,0.9507698,2,stimulus,60,110490290210400,1,1,16,932,1694159977,1694159977,2,160116,159651,161494,163438,1405097,845616,1431218,440119,123809,122995,125989,126037,1225477,1238751,1755499,984661,1,0,
932,110490295187000,0.9507698,2,stimulus,60,110490290210400,1,1,16,933,1694160982,1694160982,2,160194,159716,161554,163501,1405153,845671,1431278,440181,123890,123055,126061,126101,1225548,1238821,1755569,984739,1,0,
933,110490295187000,0.9507698,2,stimulus,60,110490290210400,1,1,16,934,1694161987,1694161987,2,160176,159704,161539,163481,1405139,845656,1431259,440158,123886,123051,126061,126088,1225533,1238809,1755553,984723,1,0,
934,110490295187000,0.9507698,2,stimulus,60,110490290210400,1,1,16,935,1694162991,1694162991,2,160193,159713,161551,163489,1405148,845663,1431264,440158,123899,123067,126069,126109,1225536,1238814,1755556,984734,1,0,
935,110490295187000,0.9507698,2,stimulus,60,110490290210400,1,1,16,936,1694163996,1694163996,2,160258,159768,161603,163551,1405184,845701,1431304,440198,123950,123120,126115,126161,1225582,1238852,1755595,984781,1,0,
936,110490295187000,0.9507698,2,stimulus,60,110490290210400,1,1,16,937,1694165001,1694165001,2,160246,159748,161590,163538,1405151,845667,1431270,440159,123925,123105,126091,126128,1225541,1238804,1755541,984720,1,0,
937,110490295187000,0.9507698,2,stimulus,60,110490290210400,1,1,16,938,1694166006,1694166006,2,160091,159596,161444,163391,1405005,845508,1431109,439993,123769,122963,125945,125958,1225364,1238626,1755349,984529,1,0,
938,110490302242200,0.957825,2,stimulus,60,110490290210400,1,1,16,939,1694167010,1694167010,2,159959,159482,161333,163285,1404888,845391,1430986,439857,123658,122852,125837,125838,1225229,1238494,1755208,984389,1,0,
939,110490302242200,0.957825,2,stimulus,60,110490290210400,1,1,16,940,1694168015,1694168015,2,159935,159471,161311,163266,1404858,845359,1430953,439815,123646,122838,125823,125823,1225199,1238463,1755171,984351,1,0,
940,110490302242200,0.957825,2,stimulus,60,110490290210400,1,1,16,941,1694169020,1694169020,2,160063,159598,161424,163372,1404961,845464,1431061,439922,123767,122950,125946,125937,1225308,1238570,1755274,984460,1,0,
941,110490302242200,0.957825,2,stimulus,60,110490290210400,1,1,16,942,1694170025,1694170025,2,160238,159755,161584,163509,1405097,845602,1431204,440059,123933,123103,126098,126093,1225451,1238705,1755418,984611,1,0,
942,110490302242200,0.957825,2,stimulus,60,110490290210400,1,1,16,943,1694171030,1694171030,2,159988,159528,161370,163308,1404871,845383,1430974,439805,123685,122879,125874,125874,1225209,1238463,1755158,984333,1,0,
943,110490302242200,0.957825,2,stimulus,60,110490290210400,1,1,16,944,1694172035,1694172035,2,159704,159291,161149,163103,1404661,845163,1430744,439549,123409,122619,125638,125643,1224984,1238238,1754912,984066,1,0,
944,110490302242200,0.957825,2,stimulus,60,110490290210400,1,1,16,945,1694173040,1694173040,2,159824,159407,161269,163224,1404806,845300,1430886,439679,123532,122738,125760,125770,1225137,1238394,1755061,984229,1,0,
945,110490309221600,0.9648044,2,stimulus,61,110490306390900,1,1,16,946,1694174044,1694174044,2,159946,159512,161383,163331,1404931,845429,1431029,439813,123650,122852,125876,125892,1225276,1238533,1755208,984382,1,0,
946,110490309221600,0.9648044,2,stimulus,61,110490306390900,1,1,16,947,1694175049,1694175049,2,160059,159629,161484,163423,1405043,845549,1431158,439944,123763,122959,125992,125996,1225404,1238665,1755342,984528,1,0,
947,110490309221600,0.9648044,2,stimulus,61,110490306390900,1,1,16,948,1694176054,1694176054,2,160125,159678,161530,163458,1405105,845602,1431218,439999,123818,123008,126049,126048,1225471,1238731,1755406,984610,1,0,
948,110490309221600,0.9648044,2,stimulus,61,110490306390900,1,1,16,949,1694177058,1694177058,2,160247,159781,161613,163543,1405194,845695,1431316,440094,123939,123114,126145,126136,1225581,1238836,1755512,984736,1,0,
949,110490309221600,0.9648044,2,stimulus,61,110490306390900,1,1,16,950,1694178063,1694178063,2,160407,159931,161751,163674,1405319,845833,1431449,440228,124105,123283,126282,126273,1225729,1238980,1755669,984906,1,0,
950,110490309221600,0.9648044,2,stimulus,61,110490306390900,1,1,16,951,1694179068,1694179068,2,160263,159818,161633,163549,1405186,845686,1431310,440084,123964,123164,126161,126145,1225584,1238839,1755526,984751,1,0,
951,110490309221600,0.9648044,2,stimulus,61,110490306390900,1,1,16,952,1694180073,1694180073,2,160138,159704,161521,163436,1405063,845564,1431178,439950,123838,123049,126048,126036,1225462,1238721,1755392,984625,1,0,
952,110490316237000,0.9718198,2,stimulus,61,110490306390900,1,1,16,953,1694181078,1694181078,2,160221,159758,161584,163494,1405123,845619,1431233,439996,123907,123128,126115,126107,1225525,1238775,1755454,984693,1,0,
953,110490316237000,0.9718198,2,stimulus,61,110490306390900,1,1,16,954,1694182082,1694182082,2,160194,159726,161549,163473,1405089,845583,1431196,439958,123884,123111,126086,126086,1225484,1238738,1755421,984668,1,0,
954,110490316237000,0.9718198,2,stimulus,61,110490306390900,1,1,16,955,1694183087,1694183087,2,160196,159741,161548,163481,1405081,845579,1431193,439946,123888,123114,126089,126092,1225479,1238739,1755404,984663,1,0,
955,110490316237000,0.9718198,2,stimulus,61,110490306390900,1,1,16,956,1694184092,1694184092,2,160241,159784,161593,163516,1405112,845610,1431231,439974,123936,123156,126133,126139,1225515,1238763,1755433,984694,1,0,
956,110490316237000,0.9718198,2,stimulus,61,110490306390900,1,1,16,957,1694185097,1694185097,2,160221,159759,161568,163486,1405068,845568,1431188,439916,123906,123124,126095,126103,1225465,1238704,1755368,984631,1,0,
957,110490316237000,0.9718198,2,stimulus,61,110490306390900,1,1,16,958,1694186101,1694186101,2,160073,159619,161446,163357,1404922,845421,1431024,439751,123762,122980,125939,125960,1225291,1238533,1755191,984442,1,0,
958,110490316237000,0.9718198,2,stimulus,61,110490306390900,1,1,16,959,1694187106,1694187106,2,159948,159509,161337,163257,1404813,845307,1430901,439620,123649,122868,125832,125847,1225165,1238399,1755051,984299,1,0,
959,110490323274600,0.9788574,2,stimulus,62,110490322743000,1,1,16,960,1694188111,1694188111,2,159928,159496,161316,163234,1404784,845284,1430876,439586,123639,122856,125819,125833,1225143,1238371,1755023,984264,1,0,
960,110490323274600,0.9788574,2,stimulus,62,110490322743000,1,1,16,961,1694189116,1694189116,2,160061,159623,161444,163349,1404899,845395,1430994,439701,123781,122984,125939,125966,1225246,1238486,1755131,984386,1,0,
961,110490323274600,0.9788574,2,stimulus,62,110490322743000,1,1,16,962,1694190121,1694190121,2,160227,159771,161609,163493,1405036,845531,1431134,439846,123947,123143,126096,126129,1225389,1238635,1755266,984536,1,0,
962,110490323274600,0.9788574,2,stimulus,62,110490322743000,1,1,16,963,1694191125,1694191125,2,159968,159541,161399,163288,1404814,845315,1430902,439594,123694,122919,125882,125908,1225151,1238391,1754999,984261,1,0,
963,110490323274600,0.9788574,2,stimulus,62,110490322743000,1,1,16,964,1694192130,1694192130,2,159716,159337,161206,163102,1404629,845134,1430701,439359,123441,122678,125676,125714,1224951,1238184,1754789,984031,1,0,
964,110490323274600,0.9788574,2,stimulus,62,110490322743000,1,1,16,965,1694193135,1694193135,2,159857,159484,161349,163246,1404794,845292,1430873,439521,123590,122813,125831,125865,1225133,1238361,1754959,984211,1,0,
965,110490323274600,0.9788574,2,stimulus,62,110490322743000,1,1,16,966,1694194140,1694194140,2,159994,159602,161459,163366,1404933,845437,1431018,439671,123715,122935,125959,125994,1225292,1238521,1755114,984375,1,0,
966,110490330228800,0.9858116,2,stimulus,62,110490322743000,1,1,16,967,1694195145,1694195145,2,160111,159699,161554,163479,1405055,845557,1431147,439793,123834,123042,126067,126096,1225421,1238652,1755249,984524,1,0,
967,110490330228800,0.9858116,2,stimulus,62,110490322743000,1,1,16,968,1694196150,1694196150,2,160192,159765,161621,163530,1405123,845628,1431226,439871,123909,123111,126138,126160,1225498,1238736,1755327,984621,1,0,
968,110490330228800,0.9858116,2,stimulus,62,110490322743000,1,1,16,969,1694197155,1694197155,2,160319,159871,161718,163617,1405220,845722,1431328,439977,124029,123214,126243,126259,1225606,1238847,1755442,984753,1,0,
969,110490330228800,0.9858116,2,stimulus,62,110490322743000,1,1,16,970,1694198160,1694198160,2,160471,160008,161855,163738,1405343,845844,1431449,440106,124190,123358,126369,126383,1225744,1238977,1755582,984906,1,0,
970,110490330228800,0.9858116,2,stimulus,62,110490322743000,1,1,16,971,1694199164,1694199164,2,160319,159879,161733,163613,1405207,845700,1431299,439943,124058,123223,126231,126258,1225601,1238834,1755428,984756,1,0,
971,110490330228800,0.9858116,2,stimulus,62,110490322743000,1,1,16,972,1694200169,1694200169,2,160198,159768,161626,163512,1405095,845591,1431183,439808,123930,123110,126129,126151,1225484,1238714,1755311,984633,1,0,
972,110490330228800,0.9858116,2,stimulus,62,110490322743000,1,1,16,973,1694201174,1694201174,2,160264,159819,161669,163563,1405137,845638,1431226,439854,123988,123161,126187,126191,1225529,1238764,1755363,984693,1,0,
973,110490337250000,0.9928328,2,stimulus,62,110490322743000,1,1,16,974,1694202178,1694202178,2,160243,159798,161648,163540,1405114,845608,1431205,439816,123968,123143,126173,126167,1225501,1238741,1755338,984676,1,0,
974,110490337250000,0.9928328,2,stimulus,62,110490322743000,1,1,16,975,1694203183,1694203183,2,160259,159810,161664,163560,1405117,845613,1431206,439813,123978,123165,126192,126188,1225504,1238741,1755338,984686,1,0,
975,110490337250000,0.9928328,2,stimulus,62,110490322743000,1,1,16,976,1694204188,1694204188,2,160298,159847,161717,163609,1405148,845651,1431239,439842,124019,123215,126239,126238,1225544,1238773,1755363,984724,1,0,
976,110490337250000,0.9928328,2,stimulus,62,110490322743000,1,1,16,977,1694205192,1694205192,2,160279,159818,161693,163581,1405106,845606,1431200,439799,123999,123189,126211,126213,1225496,1238721,1755306,984664,1,0,
977,110490337250000,0.9928328,2,stimulus,62,110490322743000,1,1,16,978,1694206197,1694206197,2,160128,159688,161540,163443,1404952,845450,1431033,439632,123849,123036,126059,126061,1225321,1238543,1755124,984464,1,0,
978,110490337250000,0.9928328,2,stimulus,62,110490322743000,1,1,16,979,1694207202,1694207202,2,160011,159579,161420,163343,1404832,845326,1430909,439498,123738,122912,125936,125939,1225188,1238412,1754983,984318,1,0,
979,110490337250000,0.9928328,2,stimulus,62,110490322743000,1,1,16,980,1694208207,1694208207,2,159983,159566,161399,163322,1404808,845299,1430881,439460,123721,122897,125924,125916,1225155,1238379,1754941,984285,1,0,
980,110490344211500,0.9997943,2,stimulus,63,110490339263200,1,0,16,981,1694209211,1694209211,2,160119,159688,161528,163437,1404924,845409,1431000,439569,123867,123023,126042,126044,1225268,1238488,1755046,984410,1,0,
981,110490344211500,0.9997943,2,stimulus,63,110490339263200,1,0,16,982,1694210216,1694210216,2,160290,159845,161688,163596,1405065,845553,1431153,439719,124039,123173,126204,126201,1225418,1238633,1755193,984562,1,0,
982,110490344211500,0.9997943,2,stimulus,63,110490339263200,1,0,16,983,1694211221,1694211221,2,160037,159614,161469,163399,1404834,845336,1430911,439459,123784,122931,125985,125981,1225182,1238389,1754924,984283,1,0,
983,110490344211500,0.9997943,2,stimulus,63,110490339263200,1,0,16,984,1694212226,1694212226,2,159797,159408,161263,163213,1404647,845139,1430701,439227,123521,122707,125773,125775,1224980,1238183,1754705,984041,1,0,
984,110490344211500,0.9997943,2,stimulus,63,110490339263200,1,0,16,985,1694213231,1694213231,2,159929,159550,161389,163340,1404806,845296,1430864,439377,123641,122849,125903,125913,1225151,1238348,1754874,984213,1,0,
985,110490344211500,0.9997943,2,stimulus,63,110490339263200,1,0,16,986,1694214235,1694214235,2,160060,159669,161505,163448,1404938,845435,1431012,439514,123767,122972,126018,126021,1225303,1238503,1755022,984373,1,0,
986,110490344211500,0.9997943,2,stimulus,63,110490339263200,1,0,16,987,1694215240,1694215240,2,160179,159763,161586,163538,1405040,845544,1431133,439630,123885,123063,126106,126116,1225421,1238633,1755141,984518,1,0,
987,110490351337700,1.0069205,2,stimulus,63,110490339263200,1,0,16,988,1694216245,1694216245,2,160243,159817,161628,163583,1405099,845594,1431197,439694,123949,123117,126158,126160,1225483,1238693,1755208,984600,1,0,
988,110490351337700,1.0069205,2,stimulus,63,110490339263200,1,0,16,989,1694217250,1694217250,2,160363,159921,161733,163671,1405188,845694,1431304,439803,124065,123223,126264,126263,1225601,1238802,1755329,984727,1,0,
989,110490351337700,1.0069205,2,stimulus,63,110490339263200,1,0,16,990,1694218255,1694218255,2,160489,160036,161848,163785,1405300,845810,1431413,439921,124206,123351,126383,126381,1225710,1238918,1755451,984864,1,0,
990,110490351337700,1.0069205,2,stimulus,63,110490339263200,1,0,16,991,1694219260,1694219260,2,160336,159899,161718,163656,1405160,845669,1431262,439759,124056,123222,126251,126251,1225564,1238775,1755297,984703,1,0,
991,110490351337700,1.0069205,2,stimulus,63,110490339263200,1,0,16,992,1694220265,1694220265,2,160213,159801,161614,163541,1405046,845556,1431132,439623,123921,123103,126149,126139,1225444,1238658,1755169,984579,1,0,
992,110490351337700,1.0069205,2,stimulus,63,110490339263200,1,0,16,993,1694221269,1694221269,2,160268,159853,161654,163579,1405083,845590,1431174,439661,123984,123143,126196,126186,1225488,1238701,1755219,984639,1,0,
993,110490351337700,1.0069205,2,stimulus,63,110490339263200,1,0,16,994,1694222274,1694222274,2,160213,159809,161611,163546,1405032,845548,1431124,439603,123949,123108,126160,126155,1225444,1238658,1755177,984587,1,0,
994,110490358213300,1.0137961,2,stimulus,64,110490355920600,1,0,16,995,1694223279,1694223279,2,160211,159809,161611,163557,1405029,845538,1431119,439591,123959,123115,126173,126163,1225436,1238645,1755164,984587,1,0,
995,110490358213300,1.0137961,2,stimulus,64,110490355920600,1,0,16,996,1694224284,1694224284,2,160272,159864,161659,163607,1405070,845571,1431161,439628,124021,123164,126221,126210,1225474,1238679,1755188,984633,1,0,
996,110490358213300,1.0137961,2,stimulus,64,110490355920600,1,0,16,997,1694225289,1694225289,2,160229,159836,161629,163584,1405029,845518,1431111,439576,123985,123141,126184,126174,1225417,1238619,1755123,984561,1,0,
997,110490358213300,1.0137961,2,stimulus,64,110490355920600,1,0,16,998,1694226294,1694226294,2,160070,159678,161484,163442,1404874,845367,1430936,439399,123829,122994,126039,126025,1225236,1238441,1754932,984366,1,0,
998,110490358213300,1.0137961,2,stimulus,64,110490355920600,1,0,16,999,1694227298,1694227298,2,159966,159568,161371,163332,1404756,845251,1430813,439259,123705,122892,125926,125905,1225103,1238304,1754793,984214,1,0,
999,110490358213300,1.0137961,2,stimulus,64,110490355920600,1,0,16,1000,1694228303,1694228303,2,159941,159547,161346,163301,1404728,845223,1430783,439231,123685,122863,125894,125868,1225065,1238271,1754746,984171,1,0,
1000,110490358213300,1.0137961,2,stimulus,64,110490355920600,1,0,16,1001,1694229308,1694229308,2,160076,159675,161470,163416,1404839,845333,1430905,439340,123826,122989,126023,125991,1225179,1238385,1754861,984300,1,0,
1001,110490365297100,1.0208799,2,stimulus,64,110490355920600,1,0,16,1002,1694230313,1694230313,2,160224,159820,161603,163558,1404968,845463,1431042,439469,123979,123137,126175,126137,1225316,1238511,1754997,984449,1,0,
1002,110490365297100,1.0208799,2,stimulus,64,110490355920600,1,0,16,1003,1694231318,1694231318,2,159924,159563,161349,163329,1404716,845207,1430768,439181,123695,122885,125933,125884,1225047,1238244,1754703,984134,1,0,
1003,110490365297100,1.0208799,2,stimulus,64,110490355920600,1,0,16,1004,1694232322,1694232322,2,159662,159342,161136,163134,1404513,845001,1430551,438938,123425,122644,125706,125666,1224839,1238028,1754477,983881,1,0,
1004,110490365297100,1.0208799,2,stimulus,64,110490355920600,1,0,16,1005,1694233327,1694233327,2,159778,159461,161263,163256,1404653,845143,1430703,439075,123549,122748,125833,125791,1225001,1238181,1754625,984039,1,0,
1005,110490365297100,1.0208799,2,stimulus,64,110490355920600,1,0,16,1006,1694234332,1694234332,2,159917,159575,161387,163359,1404789,845283,1430846,439221,123677,122867,125963,125907,1225156,1238334,1754772,984201,1,0,
1006,110490365297100,1.0208799,2,stimulus,64,110490355920600,1,0,16,1007,1694235337,1694235337,2,160038,159669,161478,163436,1404896,845389,1430953,439336,123781,122960,126054,126003,1225266,1238450,1754890,984340,1,0,
1007,110490365297100,1.0208799,2,stimulus,64,110490355920600,1,0,16,1008,1694236342,1694236342,2,160089,159709,161512,163464,1404936,845429,1431001,439376,123819,122989,126082,126038,1225311,1238505,1754943,984401,1,0,
1008,110490372304200,1.027887,2,stimulus,65,110490372324600,1,0,16,1009,1694237347,1694237347,2,160219,159822,161609,163563,1405034,845536,1431110,439484,123944,123091,126188,126146,1225420,1238619,1755057,984535,1,0,
1009,110490372304200,1.027887,2,stimulus,65,110490372324600,1,0,16,1010,1694238351,1694238351,2,160366,159940,161733,163678,1405146,845645,1431221,439599,124082,123227,126321,126268,1225543,1238738,1755188,984678,1,0,
1010,110490372304200,1.027887,2,stimulus,65,110490372324600,1,0,16,1011,1694239356,1694239356,2,160211,159788,161601,163534,1404991,845491,1431056,439428,123921,123083,126181,126111,1225376,1238578,1755019,984507,1,0,
1011,110490372304200,1.027887,2,stimulus,65,110490372324600,1,0,16,1012,1694240361,1694240361,2,160098,159677,161507,163431,1404877,845381,1430936,439302,123802,122971,126075,126011,1225266,1238463,1754903,984393,1,0,
1012,110490372304200,1.027887,2,stimulus,65,110490372324600,1,0,16,1013,1694241366,1694241366,2,160168,159732,161553,163471,1404930,845426,1430991,439348,123859,123034,126126,126052,1225319,1238512,1754959,984457,1,0,
1013,110490372304200,1.027887,2,stimulus,65,110490372324600,1,0,16,1014,1694242370,1694242370,2,160145,159707,161532,163450,1404903,845409,1430969,439315,123839,123023,126106,126036,1225297,1238494,1754931,984438,1,0,
1014,110490372304200,1.027887,2,stimulus,65,110490372324600,1,0,16,1015,1694243375,1694243375,2,160161,159718,161547,163464,1404908,845411,1430973,439311,123859,123036,126123,126053,1225304,1238506,1754939,984454,1,0,
1015,110490379210500,1.0347933,2,stimulus,65,110490372324600,1,0,16,1016,1694244380,1694244380,2,160228,159781,161598,163513,1404949,845453,1431014,439353,123919,123081,126170,126101,1225346,1238536,1754978,984491,1,0,
1016,110490379210500,1.0347933,2,stimulus,65,110490372324600,1,0,16,1017,1694245385,1694245385,2,160198,159742,161561,163485,1404898,845407,1430964,439299,123884,123053,126124,126063,1225287,1238474,1754901,984415,1,0,
1017,110490379210500,1.0347933,2,stimulus,65,110490372324600,1,0,16,1018,1694246390,1694246390,2,160039,159584,161414,163344,1404744,845241,1430788,439118,123718,122912,125959,125906,1225109,1238291,1754705,984204,1,0,
1018,110490379210500,1.0347933,2,stimulus,65,110490372324600,1,0,16,1019,1694247394,1694247394,2,159927,159475,161306,163250,1404625,845127,1430671,438991,123617,122801,125849,125809,1224981,1238162,1754571,984072,1,0,
1019,110490379210500,1.0347933,2,stimulus,65,110490372324600,1,0,16,1020,1694248399,1694248399,2,159909,159458,161301,163244,1404608,845108,1430648,438957,123602,122786,125834,125803,1224958,1238130,1754534,984046,1,0,
1020,110490379210500,1.0347933,2,stimulus,65,110490372324600,1,0,16,1021,1694249404,1694249404,2,160041,159583,161431,163353,1404718,845230,1430766,439069,123733,122918,125968,125928,1225071,1238251,1754646,984168,1,0,
1021,110490379210500,1.0347933,2,stimulus,65,110490372324600,1,0,16,1022,1694250409,1694250409,2,160214,159734,161575,163507,1404864,845372,1430918,439224,123906,123078,126129,126093,1225214,1238396,1754789,984321,1,0,
1022,110490386215700,1.0417985,2,stimulus,65,110490372324600,1,0,16,1023,1694251413,1694251413,2,159949,159497,161354,163282,1404636,845136,1430669,438955,123634,122830,125891,125861,1224968,1238141,1754512,984027,1,0,
1023,110490386215700,1.0417985,2,stimulus,65,110490372324600,1,0,16,1024,1694252418,1694252418,2,159733,159318,161185,163118,1404476,844976,1430500,438756,123405,122629,125712,125675,1224794,1237966,1754326,983822,1,0,
1024,110490386215700,1.0417985,2,stimulus,65,110490372324600,1,0,16,1025,1694253423,1694253423,2,159859,159448,161320,163246,1404626,845115,1430657,438906,123523,122755,125846,125813,1224961,1238128,1754485,983987,1,0,
1025,110490386215700,1.0417985,2,stimulus,65,110490372324600,1,0,16,1026,1694254427,1694254427,2,159971,159563,161431,163361,1404744,845239,1430789,439030,123642,122869,125968,125920,1225102,1238271,1754629,984143,1,0,
1026,110490386215700,1.0417985,2,stimulus,65,110490372324600,1,0,16,1027,1694255432,1694255432,2,160084,159641,161522,163453,1404844,845346,1430896,439131,123752,122972,126058,126001,1225216,1238386,1754750,984276,1,0,
1027,110490386215700,1.0417985,2,stimulus,65,110490372324600,1,0,16,1028,1694256437,1694256437,2,160139,159681,161546,163484,1404884,845389,1430941,439183,123811,123009,126094,126040,1225269,1238438,1754801,984339,1,0,
1028,110490386215700,1.0417985,2,stimulus,65,110490372324600,1,0,16,1029,1694257441,1694257441,2,160241,159763,161625,163554,1404962,845466,1431026,439273,123916,123090,126176,126119,1225353,1238527,1754894,984456,1,0,
1029,110490393255400,1.0488382,2,stimulus,66,110490388666700,1,1,16,1030,1694258446,1694258446,2,160379,159889,161743,163663,1405073,845584,1431148,439391,124059,123216,126307,126239,1225471,1238653,1755018,984603,1,0,
1030,110490393255400,1.0488382,2,stimulus,66,110490388666700,1,1,16,1031,1694259451,1694259451,2,160227,159737,161594,163527,1404919,845436,1430986,439211,123897,123074,126161,126097,1225309,1238492,1754847,984437,1,0,
1031,110490393255400,1.0488382,2,stimulus,66,110490388666700,1,1,16,1032,1694260456,1694260456,2,160110,159631,161488,163416,1404802,845316,1430855,439072,123764,122952,126048,125987,1225197,1238371,1754718,984315,1,0,
1032,110490393255400,1.0488382,2,stimulus,66,110490388666700,1,1,16,1033,1694261460,1694261460,2,160156,159674,161529,163449,1404837,845351,1430899,439107,123819,122993,126089,126029,1225234,1238410,1754763,984360,1,0,
1033,110490393255400,1.0488382,2,stimulus,66,110490388666700,1,1,16,1034,1694262465,1694262465,2,160123,159642,161510,163416,1404804,845307,1430862,439068,123791,122964,126063,125994,1225196,1238378,1754729,984321,1,0,
1034,110490393255400,1.0488382,2,stimulus,66,110490388666700,1,1,16,1035,1694263470,1694263470,2,160128,159648,161521,163422,1404799,845303,1430852,439049,123800,122978,126058,126014,1225199,1238376,1754726,984328,1,0,
1035,110490393255400,1.0488382,2,stimulus,66,110490388666700,1,1,16,1036,1694264474,1694264474,2,160189,159695,161559,163463,1404828,845335,1430881,439083,123848,123026,126074,126058,1225226,1238398,1754746,984354,1,0,
1036,110490400197800,1.0557806,2,stimulus,66,110490388666700,1,1,16,1037,1694265479,1694265479,2,160156,159648,161512,163409,1404768,845279,1430822,439019,123799,122979,126018,126022,1225156,1238327,1754670,984271,1,0,
1037,110490400197800,1.0557806,2,stimulus,66,110490388666700,1,1,16,1038,1694266484,1694266484,2,159989,159494,161366,163261,1404606,845118,1430656,438840,123647,122823,125859,125872,1224978,1238145,1754475,984076,1,0,
1038,110490400197800,1.0557806,2,stimulus,66,110490388666700,1,1,16,1039,1694267489,1694267489,2,159876,159398,161278,163186,1404507,845021,1430541,438725,123549,122721,125768,125771,1224866,1238030,1754355,983944,1,0,
1039,110490400197800,1.0557806,2,stimulus,66,110490388666700,1,1,16,1040,1694268494,1694268494,2,159869,159401,161263,163179,1404494,845008,1430528,438704,123543,122714,125757,125759,1224839,1238006,1754326,983918,1,0,
1040,110490400197800,1.0557806,2,stimulus,66,110490388666700,1,1,16,1041,1694269499,1694269499,2,160007,159538,161388,163290,1404602,845108,1430646,438821,123686,122845,125866,125883,1224952,1238119,1754442,984049,1,0,
1041,110490400197800,1.0557806,2,stimulus,66,110490388666700,1,1,16,1042,1694270504,1694270504,2,160179,159693,161547,163443,1404747,845258,1430799,438974,123871,123013,126032,126034,1225110,1238274,1754594,984215,1,0,
1042,110490400197800,1.0557806,2,stimulus,66,110490388666700,1,1,16,1043,1694271509,1694271509,2,159918,159456,161322,163218,1404514,845033,1430550,438701,123604,122774,125816,125800,1224860,1238021,1754315,983916,1,0,
1043,110490407201600,1.0627844,2,stimulus,67,110490405710500,1,1,16,1044,1694272514,1694272514,2,159701,159283,161149,163051,1404352,844870,1430369,438494,123373,122569,125629,125623,1224697,1237845,1754121,983714,1,0,
1044,110490407201600,1.0627844,2,stimulus,67,110490405710500,1,1,16,1045,1694273518,1694273518,2,159838,159428,161294,163183,1404512,845026,1430539,438654,123504,122709,125764,125775,1224863,1238013,1754297,983888,1,0,
1045,110490407201600,1.0627844,2,stimulus,67,110490405710500,1,1,16,1046,1694274523,1694274523,2,159978,159569,161416,163300,1404652,845168,1430685,438809,123643,122843,125885,125901,1225014,1238166,1754454,984055,1,0,
1046,110490407201600,1.0627844,2,stimulus,67,110490405710500,1,1,16,1047,1694275528,1694275528,2,160099,159671,161521,163394,1404757,845273,1430801,438921,123749,122941,125982,126011,1225144,1238293,1754574,984201,1,0,
1047,110490407201600,1.0627844,2,stimulus,67,110490405710500,1,1,16,1048,1694276532,1694276532,2,160159,159713,161561,163432,1404799,845323,1430850,438967,123791,122993,126033,126053,1225195,1238354,1754624,984263,1,0,
1048,110490407201600,1.0627844,2,stimulus,67,110490405710500,1,1,16,1049,1694277537,1694277537,2,160276,159825,161669,163528,1404904,845428,1430961,439080,123919,123119,126149,126167,1225309,1238476,1754749,984404,1,0,
1049,110490407201600,1.0627844,2,stimulus,67,110490405710500,1,1,16,1050,1694278542,1694278542,2,160419,159942,161788,163643,1405016,845542,1431079,439201,124064,123254,126285,126304,1225428,1238596,1754879,984544,1,0,
1050,110490414205500,1.0697883,2,stimulus,67,110490405710500,1,1,16,1051,1694279546,1694279546,2,160251,159783,161623,163499,1404855,845369,1430904,439013,123896,123094,126126,126146,1225256,1238411,1754698,984364,1,0,
1051,110490414205500,1.0697883,2,stimulus,67,110490405710500,1,1,16,1052,1694280551,1694280551,2,160136,159683,161520,163413,1404752,845265,1430796,438888,123780,122996,126019,126045,1225151,1238306,1754591,984257,1,0,
1052,110490414205500,1.0697883,2,stimulus,67,110490405710500,1,1,16,1053,1694281556,1694281556,2,160178,159729,161549,163450,1404787,845303,1430826,438909,123818,123046,126072,126082,1225189,1238351,1754631,984305,1,0,
1053,110490414205500,1.0697883,2,stimulus,67,110490405710500,1,1,16,1054,1694282560,1694282560,2,160149,159701,161513,163418,1404746,845268,1430786,438872,123799,123026,126054,126057,1225156,1238321,1754594,984271,1,0,
1054,110490414205500,1.0697883,2,stimulus,67,110490405710500,1,1,16,1055,1694283565,1694283565,2,160162,159719,161524,163434,1404744,845274,1430787,438873,123818,123035,126083,126073,1225160,1238321,1754596,984285,1,0,
1055,110490414205500,1.0697883,2,stimulus,67,110490405710500,1,1,16,1056,1694284570,1694284570,2,160232,159781,161595,163487,1404789,845321,1430839,438915,123892,123095,126143,126136,1225209,1238365,1754629,984333,1,0,
1056,110490414205500,1.0697883,2,stimulus,67,110490405710500,1,1,16,1057,1694285574,1694285574,2,160207,159747,161566,163457,1404753,845282,1430794,438878,123868,123069,126116,126104,1225151,1238304,1754569,984265,1,0,
1057,110490421590000,1.0771728,2,stimulus,67,110490405710500,1,1,16,1058,1694286579,1694286579,2,160039,159604,161427,163313,1404599,845128,1430634,438704,123703,122913,125968,125950,1224980,1238128,1754386,984061,1,0,
1058,110490421590000,1.0771728,2,stimulus,67,110490405710500,1,1,16,1059,1694287584,1694287584,2,159914,159510,161321,163214,1404486,845018,1430514,438571,123588,122813,125859,125839,1224861,1238000,1754248,983919,1,0,
1059,110490421590000,1.0771728,2,stimulus,67,110490405710500,1,1,16,1060,1694288589,1694288589,2,159902,159504,161308,163208,1404461,844993,1430491,438542,123577,122803,125844,125814,1224836,1237971,1754216,983889,1,0,
1060,110490421590000,1.0771728,2,stimulus,67,110490405710500,1,1,16,1061,1694289594,1694289594,2,160029,159631,161425,163329,1404573,845096,1430602,438651,123711,122927,125971,125923,1224951,1238080,1754329,984013,1,0,
1061,110490421590000,1.0771728,2,stimulus,67,110490405710500,1,1,16,1062,1694290598,1694290598,2,160193,159776,161568,163478,1404703,845231,1430734,438781,123864,123076,126113,126068,1225088,1238220,1754465,984162,1,0,
1062,110490421590000,1.0771728,2,stimulus,67,110490405710500,1,1,16,1063,1694291603,1694291603,2,159897,159515,161321,163257,1404449,844978,1430470,438501,123581,122814,125857,125825,1224811,1237950,1754171,983851,1,0,
1063,110490421590000,1.0771728,2,stimulus,67,110490405710500,1,1,16,1064,1694292608,1694292608,2,159683,159332,161143,163094,1404294,844821,1430291,438305,123366,122614,125673,125648,1224648,1237773,1753982,983646,1,0,
1064,110490428189700,1.0837725,2,stimulus,68,110490422530400,1,1,16,1065,1694293613,1694293613,2,159803,159458,161273,163225,1404441,844971,1430455,438457,123504,122736,125798,125784,1224816,1237937,1754142,983822,1,0,
1065,110490428189700,1.0837725,2,stimulus,68,110490422530400,1,1,16,1066,1694294617,1694294617,2,159920,159583,161397,163342,1404575,845111,1430603,438594,123634,122861,125904,125919,1224969,1238096,1754293,983985,1,0,
1066,110490428189700,1.0837725,2,stimulus,68,110490422530400,1,1,16,1067,1694295622,1694295622,2,160032,159679,161485,163434,1404669,845219,1430711,438705,123739,122954,125995,126004,1225076,1238212,1754411,984112,1,0,
1067,110490428189700,1.0837725,2,stimulus,68,110490422530400,1,1,16,1068,1694296627,1694296627,2,160103,159723,161526,163472,1404723,845269,1430770,438757,123801,123006,126046,126051,1225141,1238269,1754473,984185,1,0,
1068,110490428189700,1.0837725,2,stimulus,68,110490422530400,1,1,16,1069,1694297631,1694297631,2,160226,159826,161629,163570,1404821,845374,1430879,438870,123928,123123,126153,126158,1225253,1238383,1754596,984321,1,0,
1069,110490428189700,1.0837725,2,stimulus,68,110490422530400,1,1,16,1070,1694298636,1694298636,2,160371,159950,161746,163680,1404936,845490,1430996,438989,124083,123256,126277,126284,1225368,1238508,1754719,984458,1,0,
1070,110490428189700,1.0837725,2,stimulus,68,110490422530400,1,1,16,1071,1694299641,1694299641,2,160194,159785,161584,163516,1404763,845317,1430804,438789,123886,123094,126107,126126,1225182,1238328,1754529,984271,1,0,
1071,110490435262000,1.0908448,2,stimulus,68,110490422530400,1,1,16,1072,1694300646,1694300646,2,160095,159693,161499,163422,1404664,845209,1430704,438672,123774,122998,126011,126039,1225084,1238227,1754420,984163,1,0,
1072,110490435262000,1.0908448,2,stimulus,68,110490422530400,1,1,16,1073,1694301650,1694301650,2,160171,159743,161548,163470,1404700,845253,1430749,438711,123858,123051,126062,126091,1225139,1238276,1754468,984235,1,0,
1073,110490435262000,1.0908448,2,stimulus,68,110490422530400,1,1,16,1074,1694302655,1694302655,2,160156,159717,161527,163449,1404667,845224,1430714,438673,123844,123037,126036,126068,1225106,1238243,1754440,984206,1,0,
1074,110490435262000,1.0908448,2,stimulus,68,110490422530400,1,1,16,1075,1694303660,1694303660,2,160175,159728,161553,163469,1404678,845230,1430724,438678,123864,123055,126062,126091,1225117,1238260,1754454,984209,1,0,
1075,110490435262000,1.0908448,2,stimulus,68,110490422530400,1,1,16,1076,1694304665,1694304665,2,160252,159791,161615,163531,1404731,845281,1430769,438731,123933,123106,126122,126154,1225170,1238304,1754499,984260,1,0,
1076,110490435262000,1.0908448,2,stimulus,68,110490422530400,1,1,16,1077,1694305670,1694305670,2,160228,159756,161589,163496,1404691,845242,1430726,438682,123907,123074,126092,126114,1225117,1238234,1754427,984196,1,0,
1077,110490435262000,1.0908448,2,stimulus,68,110490422530400,1,1,16,1078,1694306675,1694306675,2,160073,159609,161456,163353,1404533,845071,1430561,438506,123741,122919,125945,125949,1224934,1238059,1754228,984006,1,0,
1078,110490442264400,1.0978472,2,stimulus,69,110490438329700,1,0,16,1079,1694307680,1694307680,2,159949,159504,161349,163254,1404420,844958,1430447,438373,123629,122811,125847,125839,1224806,1237934,1754095,983855,1,0,
1079,110490442264400,1.0978472,2,stimulus,69,110490438329700,1,0,16,1080,1694308684,1694308684,2,159929,159496,161333,163248,1404398,844941,1430424,438339,123623,122806,125839,125837,1224791,1237909,1754065,983826,1,0,
1080,110490442264400,1.0978472,2,stimulus,69,110490438329700,1,0,16,1081,1694309689,1694309689,2,160078,159634,161469,163369,1404518,845064,1430552,438466,123773,122944,125971,125976,1224918,1238033,1754192,983963,1,0,
1081,110490442264400,1.0978472,2,stimulus,69,110490438329700,1,0,16,1082,1694310694,1694310694,2,160229,159773,161606,163494,1404636,845178,1430671,438591,123934,123083,126106,126115,1225036,1238156,1754318,984101,1,0,
1082,110490442264400,1.0978472,2,stimulus,69,110490438329700,1,0,16,1083,1694311698,1694311698,2,159928,159493,161349,163251,1404374,844918,1430390,438288,123638,122809,125836,125862,1224751,1237870,1754005,983770,1,0,
1083,110490442264400,1.0978472,2,stimulus,69,110490438329700,1,0,16,1084,1694312703,1694312703,2,159720,159315,161173,163098,1404224,844761,1430226,438094,123412,122627,125653,125696,1224592,1237699,1753821,983573,1,0,
1084,110490442264400,1.0978472,2,stimulus,69,110490438329700,1,0,16,1085,1694313708,1694313708,2,159850,159451,161306,163240,1404371,844916,1430381,438241,123534,122756,125789,125834,1224761,1237863,1753982,983746,1,0,
1085,110490449207500,1.1047903,2,stimulus,69,110490438329700,1,0,16,1086,1694314713,1694314713,2,159987,159579,161429,163361,1404501,845061,1430537,438388,123664,122879,125922,125968,1224921,1238019,1754141,983918,1,0,
1086,110490449207500,1.1047903,2,stimulus,69,110490438329700,1,0,16,1087,1694315717,1694315717,2,160094,159667,161509,163436,1404593,845154,1430640,438494,123759,122967,126014,126048,1225031,1238130,1754253,984039,1,0,
1087,110490449207500,1.1047903,2,stimulus,69,110490438329700,1,0,16,1088,1694316722,1694316722,2,160143,159706,161542,163462,1404631,845199,1430687,438533,123801,123001,126041,126081,1225075,1238180,1754308,984104,1,0,
1088,110490449207500,1.1047903,2,stimulus,69,110490438329700,1,0,16,1089,1694317727,1694317727,2,160259,159817,161625,163555,1404725,845298,1430791,438638,123921,123103,126149,126177,1225179,1238291,1754426,984235,1,0,
1089,110490449207500,1.1047903,2,stimulus,69,110490438329700,1,0,16,1090,1694318731,1694318731,2,160396,159948,161744,163674,1404846,845416,1430908,438764,124070,123243,126259,126307,1225303,1238414,1754548,984381,1,0,
1090,110490449207500,1.1047903,2,stimulus,69,110490438329700,1,0,16,1091,1694319736,1694319736,2,160241,159810,161609,163544,1404699,845263,1430745,438593,123921,123101,126113,126170,1225149,1238253,1754388,984214,1,0,
1091,110490449207500,1.1047903,2,stimulus,69,110490438329700,1,0,16,1092,1694320740,1694320740,2,160155,159738,161536,163471,1404619,845176,1430648,438489,123835,123020,126029,126085,1225064,1238169,1754299,984129,1,0,
1092,110490456349800,1.1119326,2,stimulus,70,110490455818000,1,0,16,1093,1694321745,1694321745,2,160219,159786,161575,163505,1404653,845208,1430684,438523,123905,123074,126078,126121,1225109,1238218,1754349,984181,1,0,
1093,110490456349800,1.1119326,2,stimulus,70,110490455818000,1,0,16,1094,1694322750,1694322750,2,160188,159734,161533,163456,1404602,845161,1430639,438471,123881,123049,126038,126076,1225059,1238179,1754302,984137,1,0,
1094,110490456349800,1.1119326,2,stimulus,70,110490455818000,1,0,16,1095,1694323754,1694323754,2,160179,159729,161526,163453,1404588,845146,1430620,438448,123883,123043,126036,126066,1225042,1238159,1754281,984129,1,0,
1095,110490456349800,1.1119326,2,stimulus,70,110490455818000,1,0,16,1096,1694324759,1694324759,2,160218,159777,161563,163503,1404623,845181,1430649,438479,123926,123080,126089,126114,1225071,1238186,1754300,984160,1,0,
1096,110490456349800,1.1119326,2,stimulus,70,110490455818000,1,0,16,1097,1694325764,1694325764,2,160184,159744,161531,163473,1404578,845140,1430608,438420,123892,123046,126053,126070,1225011,1238125,1754228,984089,1,0,
1097,110490456349800,1.1119326,2,stimulus,70,110490455818000,1,0,16,1098,1694326769,1694326769,2,160026,159601,161390,163335,1404421,844985,1430448,438247,123741,122910,125905,125914,1224843,1237950,1754044,983897,1,0,
1098,110490456349800,1.1119326,2,stimulus,70,110490455818000,1,0,16,1099,1694327773,1694327773,2,159923,159502,161294,163243,1404321,844877,1430340,438133,123643,122809,125808,125819,1224723,1237835,1753921,983764,1,0,
1099,110490463214300,1.1187971,2,stimulus,70,110490455818000,1,0,16,1100,1694328778,1694328778,2,159933,159496,161299,163243,1404316,844873,1430330,438116,123644,122806,125814,125816,1224712,1237818,1753899,983750,1,0,
1100,110490463214300,1.1187971,2,stimulus,70,110490455818000,1,0,16,1101,1694329783,1694329783,2,160076,159631,161434,163363,1404434,844991,1430459,438235,123792,122934,125949,125946,1224839,1237944,1754022,983883,1,0,
1101,110490463214300,1.1187971,2,stimulus,70,110490455818000,1,0,16,1102,1694330788,1694330788,2,160238,159781,161576,163516,1404565,845123,1430596,438374,123941,123079,126105,126104,1224974,1238080,1754162,984031,1,0,
1102,110490463214300,1.1187971,2,stimulus,70,110490455818000,1,0,16,1103,1694331793,1694331793,2,159907,159488,161297,163251,1404282,844842,1430292,438056,123619,122773,125827,125826,1224676,1237768,1753827,983684,1,0,
1103,110490463214300,1.1187971,2,stimulus,70,110490455818000,1,0,16,1104,1694332798,1694332798,2,159698,159319,161146,163102,1404134,844695,1430132,437864,123394,122578,125656,125659,1224517,1237606,1753653,983496,1,0,
1104,110490463214300,1.1187971,2,stimulus,70,110490455818000,1,0,16,1105,1694333802,1694333802,2,159832,159452,161277,163236,1404287,844855,1430301,438014,123526,122709,125795,125803,1224682,1237773,1753813,983673,1,0,
1105,110490463214300,1.1187971,2,stimulus,70,110490455818000,1,0,16,1106,1694334807,1694334807,2,159979,159584,161414,163369,1404441,845008,1430458,438172,123675,122847,125936,125951,1224851,1237950,1753978,983854,1,0,
1106,110490470237700,1.1258205,2,stimulus,70,110490455818000,1,0,16,1107,1694335812,1694335812,2,160106,159693,161530,163477,1404556,845133,1430585,438303,123799,122964,126053,126058,1224994,1238088,1754122,984003,1,0,
1107,110490470237700,1.1258205,2,stimulus,70,110490455818000,1,0,16,1108,1694336817,1694336817,2,160190,159754,161599,163529,1404618,845196,1430654,438369,123867,123026,126120,126123,1225062,1238157,1754199,984088,1,0,
1108,110490470237700,1.1258205,2,stimulus,70,110490455818000,1,0,16,1109,1694337822,1694337822,2,160311,159857,161704,163629,1404716,845301,1430766,438479,123981,123137,126235,126219,1225174,1238266,1754314,984219,1,0,
1109,110490470237700,1.1258205,2,stimulus,70,110490455818000,1,0,16,1110,1694338826,1694338826,2,160434,159973,161804,163730,1404813,845402,1430872,438585,124111,123261,126349,126331,1225284,1238376,1754428,984351,1,0,
1110,110490470237700,1.1258205,2,stimulus,70,110490455818000,1,0,16,1111,1694339831,1694339831,2,160266,159814,161654,163583,1404654,845233,1430694,438395,123943,123104,126196,126186,1225109,1238208,1754246,984172,1,0,
1111,110490470237700,1.1258205,2,stimulus,70,110490455818000,1,0,16,1112,1694340836,1694340836,2,160178,159741,161589,163504,1404564,845141,1430591,438294,123847,123018,126108,126104,1225023,1238120,1754158,984082,1,0,
1112,110490470237700,1.1258205,2,stimulus,70,110490455818000,1,0,16,1113,1694341841,1694341841,2,160249,159798,161649,163556,1404618,845191,1430646,438348,123913,123093,126161,126163,1225083,1238176,1754223,984152,1,0,
1113,110490477205400,1.1327882,2,stimulus,71,110490474079300,1,0,16,1114,1694342846,1694342846,2,160205,159761,161616,163525,1404581,845148,1430605,438293,123882,123065,126128,126134,1225041,1238136,1754176,984108,1,0,
1114,110490477205400,1.1327882,2,stimulus,71,110490474079300,1,0,16,1115,1694343851,1694343851,2,160216,159779,161636,163523,1404581,845149,1430601,438285,123898,123077,126141,126161,1225050,1238139,1754171,984113,1,0,
1115,110490477205400,1.1327882,2,stimulus,71,110490474079300,1,0,16,1116,1694344856,1694344856,2,160274,159828,161677,163573,1404614,845187,1430639,438316,123947,123132,126175,126218,1225083,1238168,1754203,984150,1,0,
1116,110490477205400,1.1327882,2,stimulus,71,110490474079300,1,0,16,1117,1694345860,1694345860,2,160234,159768,161634,163524,1404546,845122,1430566,438243,123901,123078,126108,126158,1225000,1238084,1754119,984061,1,0,
1117,110490477205400,1.1327882,2,stimulus,71,110490474079300,1,0,16,1118,1694346865,1694346865,2,160079,159618,161478,163369,1404390,844961,1430396,438068,123731,122910,125958,125994,1224819,1237900,1753926,983863,1,0,
1118,110490477205400,1.1327882,2,stimulus,71,110490474079300,1,0,16,1119,1694347870,1694347870,2,159977,159528,161388,163283,1404293,844861,1430291,437961,123638,122816,125880,125906,1224709,1237783,1753800,983735,1,0,
1119,110490477205400,1.1327882,2,stimulus,71,110490474079300,1,0,16,1120,1694348875,1694348875,2,159975,159536,161396,163279,1404286,844856,1430283,437941,123646,122816,125888,125910,1224694,1237769,1753780,983718,1,0,
1120,110490484216200,1.139799,2,stimulus,71,110490474079300,1,0,16,1121,1694349880,1694349880,2,160125,159683,161531,163405,1404409,844982,1430415,438071,123797,122967,126022,126034,1224827,1237901,1753912,983859,1,0,
1121,110490484216200,1.139799,2,stimulus,71,110490474079300,1,0,16,1122,1694350885,1694350885,2,160284,159833,161674,163546,1404538,845113,1430565,438209,123955,123120,126169,126186,1224968,1238039,1754050,984008,1,0,
1122,110490484216200,1.139799,2,stimulus,71,110490474079300,1,0,16,1123,1694351890,1694351890,2,159959,159537,161399,163281,1404253,844838,1430262,437891,123633,122821,125877,125909,1224659,1237733,1753714,983663,1,0,
1123,110490484216200,1.139799,2,stimulus,71,110490474079300,1,0,16,1124,1694352895,1694352895,2,159744,159359,161244,163126,1404101,844674,1430091,437697,123414,122631,125704,125738,1224499,1237566,1753538,983472,1,0,
1124,110490484216200,1.139799,2,stimulus,71,110490474079300,1,0,16,1125,1694353900,1694353900,2,159885,159503,161373,163258,1404264,844838,1430264,437850,123559,122764,125852,125887,1224674,1237739,1753706,983648,1,0,
1125,110490484216200,1.139799,2,stimulus,71,110490474079300,1,0,16,1126,1694354905,1694354905,2,160016,159623,161494,163378,1404403,844984,1430409,438004,123707,122886,125974,126023,1224834,1237898,1753871,983817,1,0,
1126,110490484216200,1.139799,2,stimulus,71,110490474079300,1,0,16,1127,1694355909,1694355909,2,160119,159703,161579,163456,1404499,845078,1430521,438104,123811,122974,126057,126111,1224948,1238011,1753983,983944,1,0,
1127,110490491275100,1.1468579,2,stimulus,72,110490488975800,1,1,16,1128,1694356914,1694356914,2,160187,159750,161631,163504,1404544,845130,1430579,438162,123867,123030,126108,126159,1225004,1238075,1754040,984026,1,0,
1128,110490491275100,1.1468579,2,stimulus,72,110490488975800,1,1,16,1129,1694357919,1694357919,2,160326,159866,161745,163609,1404650,845246,1430697,438280,124001,123146,126223,126268,1225120,1238197,1754173,984166,1,0,
1129,110490491275100,1.1468579,2,stimulus,72,110490488975800,1,1,16,1130,1694358924,1694358924,2,160448,159967,161841,163698,1404748,845333,1430783,438378,124126,123258,126339,126365,1225221,1238293,1754277,984288,1,0,
1130,110490491275100,1.1468579,2,stimulus,72,110490488975800,1,1,16,1131,1694359929,1694359929,2,160262,159802,161686,163546,1404579,845160,1430593,438184,123948,123093,126175,126198,1225044,1238114,1754088,984102,1,0,
1131,110490491275100,1.1468579,2,stimulus,72,110490488975800,1,1,16,1132,1694360934,1694360934,2,160174,159723,161603,163479,1404490,845075,1430508,438078,123855,123001,126093,126114,1224952,1238029,1753998,984014,1,0,
1132,110490491275100,1.1468579,2,stimulus,72,110490488975800,1,1,16,1133,1694361939,1694361939,2,160233,159791,161659,163533,1404544,845119,1430563,438133,123922,123054,126158,126174,1225008,1238081,1754056,984074,1,0,
1133,110490491275100,1.1468579,2,stimulus,72,110490488975800,1,1,16,1134,1694362944,1694362944,2,160221,159783,161653,163524,1404523,845107,1430543,438114,123915,123051,126148,126158,1224998,1238069,1754035,984068,1,0,
1134,110490498211300,1.1537941,2,stimulus,72,110490488975800,1,1,16,1135,1694363949,1694363949,2,160254,159818,161684,163556,1404544,845123,1430566,438133,123952,123094,126180,126187,1225023,1238098,1754061,984096,1,0,
1135,110490498211300,1.1537941,2,stimulus,72,110490488975800,1,1,16,1136,1694364953,1694364953,2,160320,159881,161739,163618,1404594,845171,1430617,438176,124023,123166,126236,126246,1225067,1238139,1754098,984149,1,0,
1136,110490498211300,1.1537941,2,stimulus,72,110490488975800,1,1,16,1137,1694365958,1694365958,2,160268,159832,161688,163559,1404529,845111,1430542,438104,123967,123114,126179,126181,1224988,1238059,1754003,984056,1,0,
1137,110490498211300,1.1537941,2,stimulus,72,110490488975800,1,1,16,1138,1694366963,1694366963,2,160103,159670,161539,163408,1404364,844944,1430363,437922,123784,122955,126015,126013,1224802,1237863,1753807,983849,1,0,
1138,110490498211300,1.1537941,2,stimulus,72,110490488975800,1,1,16,1139,1694367968,1694367968,2,159994,159566,161440,163309,1404254,844834,1430249,437793,123671,122856,125895,125900,1224679,1237736,1753680,983714,1,0,
1139,110490498211300,1.1537941,2,stimulus,72,110490488975800,1,1,16,1140,1694368973,1694368973,2,159993,159567,161438,163306,1404253,844833,1430246,437786,123670,122866,125892,125913,1224675,1237726,1753669,983699,1,0,
1140,110490498211300,1.1537941,2,stimulus,72,110490488975800,1,1,16,1141,1694369978,1694369978,2,160141,159704,161558,163425,1404364,844956,1430374,437905,123811,123003,126021,126058,1224801,1237846,1753792,983830,1,0,
1141,110490505945900,1.1615287,2,stimulus,73,110490506100800,1,1,16,1142,1694370983,1694370983,2,160297,159848,161700,163565,1404494,845095,1430508,438037,123968,123168,126171,126206,1224926,1237981,1753924,983974,1,0,
1142,110490505945900,1.1615287,2,stimulus,73,110490506100800,1,1,16,1143,1694371987,1694371987,2,159973,159561,161421,163320,1404218,844809,1430209,437721,123646,122869,125874,125933,1224629,1237679,1753601,983628,1,0,
1143,110490505945900,1.1615287,2,stimulus,73,110490506100800,1,1,16,1144,1694372992,1694372992,2,159787,159421,161283,163194,1404090,844677,1430072,437554,123470,122703,125727,125784,1224494,1237547,1753444,983455,1,0,
1144,110490505945900,1.1615287,2,stimulus,73,110490506100800,1,1,16,1145,1694373997,1694373997,2,159929,159556,161424,163336,1404253,844843,1430243,437718,123620,122849,125871,125923,1224679,1237719,1753621,983651,1,0,
1145,110490505945900,1.1615287,2,stimulus,73,110490506100800,1,1,16,1146,1694375002,1694375002,2,160056,159673,161538,163453,1404397,844984,1430388,437865,123741,122975,125998,126046,1224833,1237868,1753781,983814,1,0,
1146,110490505945900,1.1615287,2,stimulus,73,110490506100800,1,1,16,1147,1694376007,1694376007,2,160173,159777,161633,163555,1404502,845099,1430508,437988,123858,123080,126096,126143,1224959,1237999,1753903,983951,1,0,
1147,110490505945900,1.1615287,2,stimulus,73,110490506100800,1,1,16,1148,1694377012,1694377012,2,160250,159833,161696,163611,1404560,845158,1430574,438039,123930,123143,126152,126198,1225027,1238069,1753970,984034,1,0,
1148,110490512212700,1.1677955,2,stimulus,73,110490506100800,1,1,16,1149,1694378017,1694378017,2,160390,159951,161819,163717,1404674,845268,1430694,438164,124060,123264,126272,126323,1225156,1238201,1754105,984183,1,0,
1149,110490512212700,1.1677955,2,stimulus,73,110490506100800,1,1,16,1150,1694379022,1694379022,2,160514,160061,161923,163809,1404771,845358,1430794,438268,124191,123374,126378,126440,1225256,1238307,1754218,984312,1,0,
1150,110490512212700,1.1677955,2,stimulus,73,110490506100800,1,1,16,1151,1694380027,1694380027,2,160336,159901,161756,163649,1404603,845184,1430609,438074,124011,123203,126207,126277,1225073,1238124,1754029,984128,1,0,
1151,110490512212700,1.1677955,2,stimulus,73,110490506100800,1,1,16,1152,1694381032,1694381032,2,160239,159822,161680,163579,1404516,845099,1430523,437968,123921,123116,126128,126201,1224993,1238046,1753938,984036,1,0,
1152,110490512212700,1.1677955,2,stimulus,73,110490506100800,1,1,16,1153,1694382037,1694382037,2,160274,159859,161709,163611,1404533,845134,1430554,437994,123971,123143,126159,126232,1225023,1238071,1753971,984081,1,0,
1153,110490512212700,1.1677955,2,stimulus,73,110490506100800,1,1,16,1154,1694383042,1694383042,2,160243,159817,161687,163581,1404500,845096,1430516,437958,123936,123123,126129,126209,1224987,1238031,1753936,984047,1,0,
1154,110490512212700,1.1677955,2,stimulus,73,110490506100800,1,1,16,1155,1694384047,1694384047,2,160263,159829,161706,163601,1404509,845098,1430525,437961,123962,123143,126149,126228,1224998,1238043,1753943,984053,1,0,
1155,110490519258200,1.174841,2,stimulus,73,110490506100800,1,1,16,1156,1694385051,1694385051,2,160319,159874,161736,163637,1404548,845129,1430552,437989,124011,123192,126193,126264,1225021,1238071,1753958,984087,1,0,
1156,110490519258200,1.174841,2,stimulus,73,110490506100800,1,1,16,1157,1694386056,1694386056,2,160284,159839,161700,163598,1404497,845083,1430506,437930,123964,123158,126158,126213,1224965,1238006,1753891,984017,1,0,
1157,110490519258200,1.174841,2,stimulus,73,110490506100800,1,1,16,1158,1694387061,1694387061,2,160131,159689,161558,163453,1404339,844928,1430342,437758,123814,123000,126014,126060,1224792,1237829,1753710,983821,1,0,
1158,110490519258200,1.174841,2,stimulus,73,110490506100800,1,1,16,1159,1694388066,1694388066,2,160014,159589,161462,163350,1404229,844824,1430224,437643,123710,122900,125915,125954,1224676,1237709,1753586,983692,1,0,
1159,110490519258200,1.174841,2,stimulus,73,110490506100800,1,1,16,1160,1694389071,1694389071,2,160016,159595,161463,163349,1404223,844820,1430222,437632,123721,122911,125916,125959,1224668,1237697,1753569,983672,1,0,
1160,110490519258200,1.174841,2,stimulus,73,110490506100800,1,1,16,1161,1694390076,1694390076,2,160188,159756,161615,163495,1404368,844963,1430365,437773,123881,123079,126073,126119,1224817,1237843,1753715,983827,1,0,
1161,110490519258200,1.174841,2,stimulus,73,110490506100800,1,1,16,1162,1694391081,1694391081,2,160349,159901,161763,163640,1404501,845098,1430501,437911,124045,123237,126218,126269,1224956,1237977,1753845,983983,1,0,
1162,110490526211700,1.1817945,2,stimulus,74,110490522957200,1,1,16,1163,1694392086,1694392086,2,160018,159606,161482,163366,1404214,844801,1430194,437587,123718,122937,125923,125993,1224645,1237659,1753509,983629,1,0,
1163,110490526211700,1.1817945,2,stimulus,74,110490522957200,1,1,16,1164,1694393091,1694393091,2,159841,159448,161348,163234,1404089,844671,1430052,437423,123529,122759,125776,125846,1224508,1237516,1753356,983458,1,0,
1164,110490526211700,1.1817945,2,stimulus,74,110490522957200,1,1,16,1165,1694394096,1694394096,2,159976,159571,161486,163363,1404240,844828,1430218,437576,123657,122886,125907,125996,1224684,1237685,1753518,983631,1,0,
1165,110490526211700,1.1817945,2,stimulus,74,110490522957200,1,1,16,1166,1694395101,1694395101,2,160100,159681,161598,163484,1404371,844962,1430358,437713,123780,123005,126023,126120,1224830,1237831,1753673,983800,1,0,
1166,110490526211700,1.1817945,2,stimulus,74,110490522957200,1,1,16,1167,1694396106,1694396106,2,160188,159761,161668,163564,1404456,845055,1430454,437814,123873,123089,126106,126199,1224927,1237939,1753784,983923,1,0,
1167,110490526211700,1.1817945,2,stimulus,74,110490522957200,1,1,16,1168,1694397111,1694397111,2,160244,159803,161706,163604,1404505,845104,1430502,437864,123929,123130,126143,126243,1224978,1237992,1753838,983984,1,0,
1168,110490526211700,1.1817945,2,stimulus,74,110490522957200,1,1,16,1169,1694398116,1694398116,2,160372,159920,161805,163714,1404611,845209,1430616,437974,124064,123251,126250,126359,1225097,1238111,1753964,984127,1,0,
1169,110490533186600,1.1887694,2,stimulus,74,110490522957200,1,1,16,1170,1694399121,1694399121,2,160498,160028,161904,163811,1404706,845309,1430718,438076,124194,123367,126355,126463,1225205,1238222,1754071,984249,1,0,
1170,110490533186600,1.1887694,2,stimulus,74,110490522957200,1,1,16,1171,1694400126,1694400126,2,160313,159874,161737,163656,1404535,845136,1430538,437880,124021,123205,126190,126295,1225024,1238046,1753883,984063,1,0,
1171,110490533186600,1.1887694,2,stimulus,74,110490522957200,1,1,16,1172,1694401131,1694401131,2,160234,159793,161656,163574,1404456,845043,1430441,437783,123938,123111,126113,126211,1224946,1237969,1753789,983981,1,0,
1172,110490533186600,1.1887694,2,stimulus,74,110490522957200,1,1,16,1173,1694402136,1694402136,2,160298,159851,161701,163619,1404498,845088,1430479,437816,123993,123163,126161,126260,1224998,1238013,1753835,984039,1,0,
1173,110490533186600,1.1887694,2,stimulus,74,110490522957200,1,1,16,1174,1694403141,1694403141,2,160263,159804,161666,163583,1404444,845036,1430439,437761,123949,123134,126130,126223,1224948,1237962,1753796,983994,1,0,
1174,110490533186600,1.1887694,2,stimulus,74,110490522957200,1,1,16,1175,1694404146,1694404146,2,160279,159812,161681,163599,1404444,845037,1430436,437758,123961,123153,126145,126228,1224951,1237967,1753799,984001,1,0,
1175,110490533186600,1.1887694,2,stimulus,74,110490522957200,1,1,16,1176,1694405151,1694405151,2,160324,159857,161715,163633,1404471,845065,1430461,437781,124003,123188,126189,126263,1224974,1237982,1753807,984023,1,0,
1176,110490540240400,1.1958232,2,stimulus,75,110490537776200,1,0,16,1177,1694406156,1694406156,2,160264,159816,161656,163579,1404408,845009,1430398,437706,123951,123141,126138,126204,1224901,1237908,1753724,983928,1,0,
1177,110490540240400,1.1958232,2,stimulus,75,110490537776200,1,0,16,1178,1694407161,1694407161,2,160089,159669,161497,163425,1404248,844841,1430221,437524,123779,122983,125978,126033,1224711,1237713,1753528,983731,1,0,
1178,110490540240400,1.1958232,2,stimulus,75,110490537776200,1,0,16,1179,1694408166,1694408166,2,159966,159561,161376,163317,1404129,844722,1430099,437393,123664,122873,125862,125915,1224574,1237581,1753381,983584,1,0,
1179,110490540240400,1.1958232,2,stimulus,75,110490537776200,1,0,16,1180,1694409171,1694409171,2,159968,159557,161368,163311,1404113,844706,1430077,437376,123664,122866,125851,125904,1224562,1237561,1753359,983558,1,0,
1180,110490540240400,1.1958232,2,stimulus,75,110490537776200,1,0,16,1181,1694410176,1694410176,2,160118,159699,161499,163442,1404232,844834,1430213,437506,123816,123011,125994,126048,1224696,1237691,1753492,983704,1,0,
1181,110490540240400,1.1958232,2,stimulus,75,110490537776200,1,0,16,1182,1694411181,1694411181,2,160272,159842,161631,163573,1404354,844957,1430339,437626,123977,123151,126131,126188,1224823,1237818,1753617,983841,1,0,
1182,110490540240400,1.1958232,2,stimulus,75,110490537776200,1,0,16,1183,1694412186,1694412186,2,159939,159548,161360,163303,1404068,844661,1430042,437299,123653,122853,125846,125888,1224515,1237506,1753286,983489,1,0,
1183,110490547118300,1.2027011,2,stimulus,75,110490537776200,1,0,16,1184,1694413191,1694413191,2,159780,159414,161250,163193,1403963,844558,1429924,437157,123489,122712,125728,125758,1224405,1237393,1753154,983349,1,0,
1184,110490547118300,1.2027011,2,stimulus,75,110490537776200,1,0,16,1185,1694414196,1694414196,2,159917,159545,161378,163318,1404124,844714,1430084,437312,123617,122851,125859,125894,1224578,1237556,1753323,983526,1,0,
1185,110490547118300,1.2027011,2,stimulus,75,110490537776200,1,0,16,1186,1694415201,1694415201,2,160031,159658,161492,163419,1404243,844846,1430220,437443,123731,122970,125966,126006,1224724,1237698,1753464,983679,1,0,
1186,110490547118300,1.2027011,2,stimulus,75,110490537776200,1,0,16,1187,1694416205,1694416205,2,160119,159743,161566,163485,1404331,844933,1430314,437541,123815,123049,126046,126076,1224825,1237804,1753561,983795,1,0,
1187,110490547118300,1.2027011,2,stimulus,75,110490537776200,1,0,16,1188,1694417210,1694417210,2,160174,159789,161597,163515,1404377,844970,1430364,437589,123863,123083,126079,126116,1224874,1237849,1753606,983858,1,0,
1188,110490547118300,1.2027011,2,stimulus,75,110490537776200,1,0,16,1189,1694418215,1694418215,2,160314,159900,161713,163608,1404476,845065,1430469,437694,123993,123204,126188,126230,1224989,1237963,1753730,983991,1,0,
1189,110490547118300,1.2027011,2,stimulus,75,110490537776200,1,0,16,1190,1694419220,1694419220,2,160419,159999,161804,163701,1404554,845148,1430550,437781,124113,123297,126281,126323,1225076,1238054,1753824,984103,1,0,
1190,110490554183700,1.2097665,2,stimulus,75,110490537776200,1,0,16,1191,1694420225,1694420225,2,160228,159831,161638,163532,1404376,844969,1430361,437576,123926,123121,126109,126147,1224887,1237864,1753633,983907,1,0,
1191,110490554183700,1.2097665,2,stimulus,75,110490537776200,1,0,16,1192,1694421230,1694421230,2,160168,159772,161580,163476,1404312,844902,1430293,437498,123858,123071,126045,126088,1224826,1237801,1753568,983838,1,0,
1192,110490554183700,1.2097665,2,stimulus,75,110490537776200,1,0,16,1193,1694422235,1694422235,2,160235,159822,161623,163516,1404353,844948,1430329,437536,123916,123123,126088,126143,1224870,1237845,1753613,983891,1,0,
1193,110490554183700,1.2097665,2,stimulus,75,110490537776200,1,0,16,1194,1694423239,1694423239,2,160209,159790,161588,163483,1404314,844911,1430289,437488,123893,123088,126061,126116,1224833,1237808,1753572,983859,1,0,
1194,110490554183700,1.2097665,2,stimulus,75,110490537776200,1,0,16,1195,1694424244,1694424244,2,160215,159794,161581,163494,1404309,844908,1430286,437481,123909,123092,126072,126121,1224838,1237810,1753568,983867,1,0,
1195,110490554183700,1.2097665,2,stimulus,75,110490537776200,1,0,16,1196,1694425249,1694425249,2,160243,159817,161607,163521,1404321,844928,1430306,437501,123946,123118,126101,126151,1224852,1237822,1753574,983884,1,0,
1196,110490554183700,1.2097665,2,stimulus,75,110490537776200,1,0,16,1197,1694426254,1694426254,2,160175,159754,161539,163456,1404247,844846,1430224,437412,123879,123050,126038,126077,1224756,1237723,1753475,983773,1,0,
1197,110490561189900,1.2167727,2,stimulus,76,110490555535400,1,0,16,1198,1694427259,1694427259,2,160019,159597,161382,163308,1404085,844683,1430049,437230,123713,122886,125892,125913,1224571,1237532,1753278,983568,1,0,
1198,110490561189900,1.2167727,2,stimulus,76,110490555535400,1,0,16,1199,1694428264,1694428264,2,159932,159511,161299,163233,1403992,844589,1429946,437117,123619,122786,125799,125816,1224471,1237425,1753157,983451,1,0,
1199,110490561189900,1.2167727,2,stimulus,76,110490555535400,1,0,16,1200,1694429269,1694429269,2,159935,159521,161301,163230,1403981,844582,1429940,437103,123627,122787,125796,125823,1224461,1237416,1753136,983431,1,0,
1200,110490561189900,1.2167727,2,stimulus,76,110490555535400,1,0,16,1201,1694430274,1694430274,2,160096,159666,161444,163367,1404119,844715,1430083,437243,123776,122937,125950,125988,1224596,1237555,1753278,983582,1,0,
1201,110490561189900,1.2167727,2,stimulus,76,110490555535400,1,0,16,1202,1694431279,1694431279,2,160238,159803,161588,163504,1404246,844838,1430215,437376,123924,123089,126090,126132,1224730,1237683,1753402,983723,1,0,
1202,110490561189900,1.2167727,2,stimulus,76,110490555535400,1,0,16,1203,1694432284,1694432284,2,159883,159485,161290,163235,1403939,844538,1429892,437032,123583,122764,125778,125834,1224408,1237353,1753056,983347,1,0,
1203,110490561189900,1.2167727,2,stimulus,76,110490555535400,1,0,16,1204,1694433289,1694433289,2,159728,159362,161188,163135,1403846,844438,1429783,436903,123412,122621,125653,125712,1224306,1237254,1752938,983211,1,0,
1204,110490568119000,1.2237018,2,stimulus,76,110490555535400,1,0,16,1205,1694434294,1694434294,2,159878,159506,161325,163274,1404010,844601,1429951,437069,123554,122761,125806,125866,1224488,1237431,1753109,983406,1,0,
1205,110490568119000,1.2237018,2,stimulus,76,110490555535400,1,0,16,1206,1694435299,1694435299,2,160019,159621,161444,163391,1404148,844742,1430106,437221,123684,122902,125933,125980,1224639,1237589,1753268,983579,1,0,
1206,110490568119000,1.2237018,2,stimulus,76,110490555535400,1,0,16,1207,1694436303,1694436303,2,160115,159714,161529,163464,1404244,844846,1430216,437323,123788,123009,126021,126065,1224749,1237703,1753388,983705,1,0,
1207,110490568119000,1.2237018,2,stimulus,76,110490555535400,1,0,16,1208,1694437308,1694437308,2,160179,159765,161582,163510,1404293,844898,1430272,437378,123844,123068,126076,126111,1224816,1237764,1753451,983781,1,0,
1208,110490568119000,1.2237018,2,stimulus,76,110490555535400,1,0,16,1209,1694438313,1694438313,2,160318,159878,161688,163616,1404398,845012,1430388,437494,123973,123191,126192,126229,1224943,1237888,1753581,983933,1,0,
1209,110490568119000,1.2237018,2,stimulus,76,110490555535400,1,0,16,1210,1694439318,1694439318,2,160413,159970,161772,163696,1404474,845092,1430467,437576,124076,123288,126277,126324,1225025,1237973,1753669,984038,1,0,
1210,110490568119000,1.2237018,2,stimulus,76,110490555535400,1,0,16,1211,1694440323,1694440323,2,160223,159789,161603,163528,1404293,844904,1430261,437367,123894,123109,126098,126148,1224833,1237781,1753471,983839,1,0,
1211,110490575141800,1.2307246,2,stimulus,77,110490572094300,1,0,16,1212,1694441328,1694441328,2,160163,159724,161545,163479,1404226,844833,1430189,437289,123818,123048,126044,126070,1224767,1237713,1753399,983771,1,0,
1212,110490575141800,1.2307246,2,stimulus,77,110490572094300,1,0,16,1213,1694442333,1694442333,2,160223,159764,161580,163524,1404260,844873,1430231,437324,123868,123103,126094,126123,1224816,1237756,1753446,983818,1,0,
1213,110490575141800,1.2307246,2,stimulus,77,110490572094300,1,0,16,1214,1694443338,1694443338,2,160199,159734,161558,163503,1404231,844840,1430198,437291,123849,123093,126084,126108,1224789,1237730,1753414,983793,1,0,
1214,110490575141800,1.2307246,2,stimulus,77,110490572094300,1,0,16,1215,1694444343,1694444343,2,160208,159750,161568,163525,1404238,844843,1430205,437286,123872,123121,126096,126124,1224793,1237738,1753412,983802,1,0,
1215,110490575141800,1.2307246,2,stimulus,77,110490572094300,1,0,16,1216,1694445348,1694445348,2,160266,159799,161606,163572,1404264,844883,1430246,437313,123923,123166,126136,126167,1224821,1237764,1753432,983832,1,0,
1216,110490575141800,1.2307246,2,stimulus,77,110490572094300,1,0,16,1217,1694446353,1694446353,2,160223,159748,161561,163515,1404199,844821,1430173,437239,123874,123113,126082,126111,1224738,1237683,1753346,983748,1,0,
1217,110490575141800,1.2307246,2,stimulus,77,110490572094300,1,0,16,1218,1694447358,1694447358,2,160058,159598,161411,163356,1404040,844652,1429996,437058,123708,122954,125909,125945,1224546,1237491,1753148,983537,1,0,
1218,110490582169300,1.2377521,2,stimulus,77,110490572094300,1,0,16,1219,1694448363,1694448363,2,159959,159514,161323,163274,1403945,844553,1429896,436943,123616,122862,125814,125856,1224439,1237381,1753031,983418,1,0,
1219,110490582169300,1.2377521,2,stimulus,77,110490572094300,1,0,16,1220,1694449368,1694449368,2,159948,159513,161327,163268,1403934,844545,1429879,436927,123612,122861,125812,125861,1224432,1237368,1753013,983398,1,0,
1220,110490582169300,1.2377521,2,stimulus,77,110490572094300,1,0,16,1221,1694450373,1694450373,2,160106,159658,161466,163408,1404069,844684,1430021,437075,123767,123013,125954,126015,1224568,1237507,1753147,983546,1,0,
1221,110490582169300,1.2377521,2,stimulus,77,110490572094300,1,0,16,1222,1694451377,1694451377,2,160234,159796,161609,163536,1404186,844801,1430141,437204,123913,123157,126087,126157,1224693,1237629,1753266,983677,1,0,
1222,110490582169300,1.2377521,2,stimulus,77,110490572094300,1,0,16,1223,1694452382,1694452382,2,159891,159496,161321,163263,1403893,844509,1429836,436863,123570,122843,125791,125854,1224383,1237307,1752928,983318,1,0,
1223,110490582169300,1.2377521,2,stimulus,77,110490572094300,1,0,16,1224,1694453387,1694453387,2,159747,159380,161210,163158,1403791,844401,1429733,436729,123415,122707,125667,125731,1224281,1237203,1752815,983183,1,0,
1224,110490582169300,1.2377521,2,stimulus,77,110490572094300,1,0,16,1225,1694454392,1694454392,2,159886,159511,161341,163296,1403945,844565,1429899,436891,123554,122843,125811,125878,1224448,1237369,1752984,983359,1,0,
1225,110490589271700,1.2448545,2,stimulus,78,110490588088900,1,1,16,1226,1694455396,1694455396,2,160019,159637,161455,163408,1404094,844704,1430045,437033,123686,122973,125939,126005,1224601,1237524,1753139,983522,1,0,
1226,110490589271700,1.2448545,2,stimulus,78,110490588088900,1,1,16,1227,1694456401,1694456401,2,160124,159708,161536,163478,1404177,844802,1430147,437135,123784,123049,126029,126089,1224711,1237629,1753245,983643,1,0,
1227,110490589271700,1.2448545,2,stimulus,78,110490588088900,1,1,16,1228,1694457406,1694457406,2,160176,159752,161578,163513,1404214,844843,1430189,437178,123836,123085,126064,126133,1224752,1237683,1753294,983701,1,0,
1228,110490589271700,1.2448545,2,stimulus,78,110490588088900,1,1,16,1229,1694458411,1694458411,2,160313,159876,161699,163624,1404328,844951,1430304,437300,123979,123216,126188,126257,1224884,1237814,1753426,983856,1,0,
1229,110490589271700,1.2448545,2,stimulus,78,110490588088900,1,1,16,1230,1694459415,1694459415,2,160433,159983,161798,163727,1404416,845045,1430403,437396,124101,123338,126284,126361,1224981,1237912,1753532,983976,1,0,
1230,110490589271700,1.2448545,2,stimulus,78,110490588088900,1,1,16,1231,1694460420,1694460420,2,160251,159808,161634,163573,1404243,844871,1430217,437201,123923,123171,126110,126201,1224788,1237728,1753343,983786,1,0,
1231,110490589271700,1.2448545,2,stimulus,78,110490588088900,1,1,16,1232,1694461425,1694461425,2,160197,159746,161594,163512,1404189,844803,1430149,437126,123843,123103,126049,126145,1224738,1237664,1753287,983721,1,0,
1232,110490596187200,1.25177,2,stimulus,78,110490588088900,1,1,16,1233,1694462430,1694462430,2,160247,159795,161645,163553,1404227,844842,1430193,437158,123904,123152,126093,126197,1224793,1237711,1753331,983783,1,0,
1233,110490596187200,1.25177,2,stimulus,78,110490588088900,1,1,16,1234,1694463434,1694463434,2,160212,159758,161623,163525,1404191,844814,1430158,437122,123901,123123,126070,126166,1224753,1237681,1753289,983756,1,0,
1234,110490596187200,1.25177,2,stimulus,78,110490588088900,1,1,16,1235,1694464439,1694464439,2,160234,159778,161640,163551,1404200,844819,1430169,437125,123923,123149,126096,126184,1224762,1237694,1753296,983764,1,0,
1235,110490596187200,1.25177,2,stimulus,78,110490588088900,1,1,16,1236,1694465444,1694465444,2,160276,159821,161674,163581,1404231,844846,1430186,437140,123958,123187,126137,126218,1224785,1237699,1753318,983782,1,0,
1236,110490596187200,1.25177,2,stimulus,78,110490588088900,1,1,16,1237,1694466449,1694466449,2,160233,159783,161628,163534,1404168,844784,1430119,437071,123903,123134,126087,126151,1224709,1237624,1753224,983698,1,0,
1237,110490596187200,1.25177,2,stimulus,78,110490588088900,1,1,16,1238,1694467454,1694467454,2,160081,159632,161487,163389,1404010,844628,1429951,436900,123742,122991,125934,125992,1224538,1237443,1753038,983501,1,0,
1238,110490596187200,1.25177,2,stimulus,78,110490588088900,1,1,16,1239,1694468458,1694468458,2,159978,159543,161403,163311,1403917,844531,1429848,436803,123646,122898,125849,125903,1224436,1237334,1752923,983383,1,0,
1239,110490603287600,1.2588704,2,stimulus,78,110490588088900,1,1,16,1240,1694469463,1694469463,2,159979,159548,161394,163323,1403914,844523,1429842,436796,123650,122901,125854,125908,1224428,1237324,1752907,983373,1,0,
1240,110490603287600,1.2588704,2,stimulus,78,110490588088900,1,1,16,1241,1694470467,1694470467,2,160141,159684,161539,163466,1404047,844658,1429981,436933,123814,123051,126006,126054,1224555,1237461,1753044,983516,1,0,
1241,110490603287600,1.2588704,2,stimulus,78,110490588088900,1,1,16,1242,1694471472,1694471472,2,160293,159816,161671,163596,1404163,844774,1430111,437051,123963,123178,126146,126196,1224674,1237584,1753164,983646,1,0,
1242,110490603287600,1.2588704,2,stimulus,78,110490588088900,1,1,16,1243,1694472477,1694472477,2,159933,159507,161373,163303,1403851,844469,1429793,436709,123614,122844,125839,125896,1224353,1237251,1752809,983270,1,0,
1243,110490603287600,1.2588704,2,stimulus,78,110490588088900,1,1,16,1244,1694473481,1694473481,2,159758,159375,161253,163187,1403742,844361,1429668,436558,123442,122701,125703,125766,1224241,1237131,1752678,983133,1,0,
1244,110490603287600,1.2588704,2,stimulus,78,110490588088900,1,1,16,1245,1694474486,1694474486,2,159900,159496,161378,163316,1403889,844516,1429827,436712,123569,122837,125839,125895,1224409,1237304,1752845,983308,1,0,
1245,110490603287600,1.2588704,2,stimulus,78,110490588088900,1,1,16,1246,1694475491,1694475491,2,160046,159618,161504,163436,1404025,844658,1429976,436856,123701,122954,125958,126029,1224556,1237459,1752989,983469,1,0,
1246,110490610162900,1.2657457,2,stimulus,79,110490606001900,1,1,16,1247,1694476496,1694476496,2,160147,159706,161588,163516,1404121,844758,1430075,436961,123802,123048,126036,126121,1224665,1237564,1753097,983593,1,0,
1247,110490610162900,1.2657457,2,stimulus,79,110490606001900,1,1,16,1248,1694477500,1694477500,2,160204,159759,161628,163551,1404171,844803,1430124,437016,123871,123105,126076,126158,1224728,1237618,1753162,983672,1,0,
1248,110490610162900,1.2657457,2,stimulus,79,110490606001900,1,1,16,1249,1694478505,1694478505,2,160333,159891,161749,163663,1404281,844921,1430243,437146,124011,123232,126209,126283,1224860,1237749,1753298,983818,1,0,
1249,110490610162900,1.2657457,2,stimulus,79,110490606001900,1,1,16,1250,1694479510,1694479510,2,160434,159986,161856,163763,1404364,845006,1430329,437229,124125,123339,126312,126379,1224948,1237844,1753397,983927,1,0,
1250,110490610162900,1.2657457,2,stimulus,79,110490606001900,1,1,16,1251,1694480514,1694480514,2,160255,159825,161695,163598,1404199,844836,1430153,437033,123949,123159,126148,126206,1224766,1237664,1753215,983733,1,0,
1251,110490610162900,1.2657457,2,stimulus,79,110490606001900,1,1,16,1252,1694481519,1694481519,2,160186,159763,161635,163544,1404130,844774,1430083,436953,123872,123089,126089,126140,1224704,1237601,1753148,983673,1,0,
1252,110490610162900,1.2657457,2,stimulus,79,110490606001900,1,1,16,1253,1694482524,1694482524,2,160233,159799,161664,163577,1404158,844791,1430108,436973,123916,123127,126130,126180,1224747,1237638,1753180,983726,1,0,
1253,110490617054300,1.2726371,2,stimulus,79,110490606001900,1,1,16,1254,1694483528,1694483528,2,160203,159768,161636,163544,1404126,844764,1430068,436932,123893,123102,126108,126161,1224704,1237607,1753150,983694,1,0,
1254,110490617054300,1.2726371,2,stimulus,79,110490606001900,1,1,16,1255,1694484533,1694484533,2,160213,159783,161650,163554,1404127,844773,1430080,436936,123912,123123,126119,126183,1224703,1237610,1753154,983701,1,0,
1255,110490617054300,1.2726371,2,stimulus,79,110490606001900,1,1,16,1256,1694485538,1694485538,2,160248,159806,161680,163574,1404138,844783,1430093,436943,123949,123150,126152,126209,1224705,1237608,1753150,983701,1,0,
1256,110490617054300,1.2726371,2,stimulus,79,110490606001900,1,1,16,1257,1694486542,1694486542,2,160189,159749,161618,163525,1404070,844712,1430012,436868,123906,123093,126089,126141,1224631,1237524,1753045,983602,1,0,
1257,110490617054300,1.2726371,2,stimulus,79,110490606001900,1,1,16,1258,1694487547,1694487547,2,160014,159594,161457,163378,1403901,844546,1429839,436680,123740,122934,125916,125978,1224444,1237332,1752846,983398,1,0,
1258,110490617054300,1.2726371,2,stimulus,79,110490606001900,1,1,16,1259,1694488552,1694488552,2,159913,159501,161359,163294,1403796,844438,1429731,436558,123645,122834,125810,125872,1224332,1237209,1752723,983269,1,0,
1259,110490617054300,1.2726371,2,stimulus,79,110490606001900,1,1,16,1260,1694489556,1694489556,2,159933,159518,161369,163314,1403799,844441,1429731,436560,123671,122842,125831,125883,1224329,1237208,1752720,983263,1,0,
1260,110490624219100,1.2798019,2,stimulus,80,110490621747200,1,1,16,1261,1694490561,1694490561,2,160115,159666,161511,163461,1403937,844583,1429871,436701,123833,122998,125999,126034,1224477,1237356,1752863,983422,1,0,
1261,110490624219100,1.2798019,2,stimulus,80,110490621747200,1,1,16,1262,1694491566,1694491566,2,160237,159777,161626,163569,1404029,844675,1429978,436799,123951,123111,126112,126148,1224576,1237454,1752957,983524,1,0,
1262,110490624219100,1.2798019,2,stimulus,80,110490621747200,1,1,16,1263,1694492570,1694492570,2,159848,159442,161300,163255,1403696,844344,1429631,436433,123571,122761,125776,125813,1224226,1237101,1752573,983123,1,0,
1263,110490624219100,1.2798019,2,stimulus,80,110490621747200,1,1,16,1264,1694493575,1694493575,2,159710,159331,161197,163158,1403612,844255,1429531,436316,123425,122641,125669,125703,1224134,1237001,1752467,983012,1,0,
1264,110490624219100,1.2798019,2,stimulus,80,110490621747200,1,1,16,1265,1694494580,1694494580,2,159844,159473,161333,163296,1403775,844418,1429702,436474,123561,122786,125809,125854,1224311,1237179,1752649,983191,1,0,
1265,110490624219100,1.2798019,2,stimulus,80,110490621747200,1,1,16,1266,1694495585,1694495585,2,159989,159593,161452,163419,1403918,844559,1429850,436623,123691,122913,125938,125985,1224465,1237329,1752808,983355,1,0,
1266,110490624219100,1.2798019,2,stimulus,80,110490621747200,1,1,16,1267,1694496590,1694496590,2,160092,159676,161529,163493,1404008,844662,1429946,436718,123784,123007,126026,126070,1224573,1237437,1752910,983484,1,0,
1267,110490631164600,1.2867474,2,stimulus,80,110490621747200,1,1,16,1268,1694497595,1694497595,2,160143,159728,161568,163526,1404048,844706,1429994,436768,123841,123061,126071,126106,1224631,1237493,1752963,983554,1,0,
1268,110490631164600,1.2867474,2,stimulus,80,110490621747200,1,1,16,1269,1694498600,1694498600,2,160276,159851,161688,163634,1404163,844819,1430121,436889,123980,123191,126192,126227,1224754,1237620,1753098,983709,1,0,
1269,110490631164600,1.2867474,2,stimulus,80,110490621747200,1,1,16,1270,1694499605,1694499605,2,160373,159938,161768,163711,1404240,844896,1430192,436967,124088,123287,126284,126318,1224829,1237706,1753182,983805,1,0,
1270,110490631164600,1.2867474,2,stimulus,80,110490621747200,1,1,16,1271,1694500609,1694500609,2,160194,159783,161611,163546,1404074,844728,1430013,436778,123912,123128,126121,126154,1224658,1237528,1753001,983621,1,0,
1271,110490631164600,1.2867474,2,stimulus,80,110490621747200,1,1,16,1272,1694501614,1694501614,2,160159,159753,161577,163505,1404032,844676,1429974,436714,123861,123088,126089,126110,1224616,1237486,1752964,983579,1,0,
1272,110490631164600,1.2867474,2,stimulus,80,110490621747200,1,1,16,1273,1694502619,1694502619,2,160218,159813,161631,163553,1404078,844724,1430019,436753,123916,123148,126148,126152,1224661,1237534,1753014,983640,1,0,
1273,110490631164600,1.2867474,2,stimulus,80,110490621747200,1,1,16,1274,1694503624,1694503624,2,160186,159786,161599,163535,1404043,844693,1429978,436719,123886,123129,126127,126119,1224630,1237504,1752976,983608,1,0,
1274,110490638501800,1.2940846,2,stimulus,80,110490621747200,1,1,16,1275,1694504628,1694504628,2,160213,159797,161622,163559,1404057,844699,1429987,436727,123911,123152,126148,126138,1224644,1237511,1752983,983624,1,0,
1275,110490638501800,1.2940846,2,stimulus,80,110490621747200,1,1,16,1276,1694505633,1694505633,2,160264,159833,161671,163591,1404078,844721,1430011,436747,123963,123189,126176,126173,1224671,1237531,1753004,983641,1,0,
1276,110490638501800,1.2940846,2,stimulus,80,110490621747200,1,1,16,1277,1694506638,1694506638,2,160199,159773,161608,163521,1403996,844651,1429939,436658,123893,123117,126108,126105,1224579,1237436,1752903,983537,1,0,
1277,110490638501800,1.2940846,2,stimulus,80,110490621747200,1,1,16,1278,1694507643,1694507643,2,160033,159614,161454,163363,1403823,844483,1429761,436476,123721,122955,125949,125931,1224386,1237247,1752699,983331,1,0,
1278,110490638501800,1.2940846,2,stimulus,80,110490621747200,1,1,16,1279,1694508648,1694508648,2,159928,159524,161371,163260,1403724,844378,1429649,436368,123614,122856,125851,125844,1224275,1237126,1752575,983199,1,0,
1279,110490638501800,1.2940846,2,stimulus,80,110490621747200,1,1,16,1280,1694509653,1694509653,2,159931,159534,161383,163267,1403721,844377,1429649,436357,123629,122869,125854,125848,1224275,1237126,1752568,983197,1,0,
1280,110490638501800,1.2940846,2,stimulus,80,110490621747200,1,1,16,1281,1694510658,1694510658,2,160079,159682,161529,163412,1403854,844508,1429785,436494,123795,123014,126011,125994,1224413,1237266,1752704,983348,1,0,
1281,110490645235400,1.3008182,2,stimulus,81,110490639306100,1,0,16,1282,1694511663,1694511663,2,160198,159794,161643,163524,1403957,844603,1429887,436591,123920,123131,126131,126120,1224517,1237371,1752798,983454,1,0,
1282,110490645235400,1.3008182,2,stimulus,81,110490639306100,1,0,16,1283,1694512667,1694512667,2,159824,159468,161322,163211,1403636,844289,1429554,436228,123546,122791,125808,125796,1224175,1237018,1752423,983061,1,0,
1283,110490645235400,1.3008182,2,stimulus,81,110490639306100,1,0,16,1284,1694513672,1694513672,2,159699,159375,161232,163129,1403563,844223,1429476,436131,123414,122699,125723,125708,1224107,1236937,1752341,982968,1,0,
1284,110490645235400,1.3008182,2,stimulus,81,110490639306100,1,0,16,1285,1694514677,1694514677,2,159859,159518,161378,163278,1403736,844395,1429648,436299,123560,122843,125869,125864,1224286,1237116,1752526,983159,1,0,
1285,110490645235400,1.3008182,2,stimulus,81,110490639306100,1,0,16,1286,1694515682,1694515682,2,159991,159634,161501,163398,1403872,844529,1429789,436442,123683,122961,125988,125984,1224434,1237266,1752683,983324,1,0,
1286,110490645235400,1.3008182,2,stimulus,81,110490639306100,1,0,16,1287,1694516687,1694516687,2,160078,159719,161583,163471,1403956,844610,1429884,436540,123783,123044,126073,126058,1224541,1237371,1752781,983437,1,0,
1287,110490645235400,1.3008182,2,stimulus,81,110490639306100,1,0,16,1288,1694517692,1694517692,2,160138,159769,161623,163509,1403997,844660,1429933,436591,123834,123088,126106,126094,1224593,1237434,1752835,983501,1,0,
1288,110490652398400,1.3079812,2,stimulus,81,110490639306100,1,0,16,1289,1694518697,1694518697,2,160278,159878,161733,163616,1404109,844768,1430049,436699,123971,123198,126228,126213,1224719,1237550,1752959,983647,1,0,
1289,110490652398400,1.3079812,2,stimulus,81,110490639306100,1,0,16,1290,1694519702,1694519702,2,160373,159951,161802,163691,1404178,844826,1430118,436768,124060,123286,126300,126289,1224782,1237626,1753034,983738,1,0,
1290,110490652398400,1.3079812,2,stimulus,81,110490639306100,1,0,16,1291,1694520706,1694520706,2,160193,159788,161628,163530,1403999,844661,1429929,436577,123872,123116,126120,126123,1224598,1237439,1752846,983546,1,0,
1291,110490652398400,1.3079812,2,stimulus,81,110490639306100,1,0,16,1292,1694521711,1694521711,2,160145,159744,161599,163500,1403952,844610,1429884,436516,123826,123082,126071,126083,1224562,1237407,1752803,983507,1,0,
1292,110490652398400,1.3079812,2,stimulus,81,110490639306100,1,0,16,1293,1694522716,1694522716,2,160193,159780,161643,163539,1403988,844638,1429914,436546,123877,123124,126125,126122,1224600,1237439,1752841,983554,1,0,
1293,110490652398400,1.3079812,2,stimulus,81,110490639306100,1,0,16,1294,1694523721,1694523721,2,160164,159746,161600,163506,1403940,844597,1429864,436496,123846,123092,126095,126096,1224560,1237399,1752796,983512,1,0,
1294,110490652398400,1.3079812,2,stimulus,81,110490639306100,1,0,16,1295,1694524726,1694524726,2,160184,159754,161616,163514,1403941,844606,1429866,436486,123847,123099,126108,126117,1224558,1237396,1752784,983514,1,0,
1295,110490659277900,1.3148607,2,stimulus,82,110490655993500,1,0,16,1296,1694525731,1694525731,2,160224,159785,161656,163548,1403963,844631,1429884,436508,123885,123124,126141,126140,1224573,1237408,1752803,983534,1,0,
1296,110490659277900,1.3148607,2,stimulus,82,110490655993500,1,0,16,1297,1694526736,1694526736,2,160162,159736,161601,163503,1403893,844561,1429815,436434,123826,123061,126080,126090,1224494,1237326,1752712,983435,1,0,
1297,110490659277900,1.3148607,2,stimulus,82,110490655993500,1,0,16,1298,1694527741,1694527741,2,160002,159590,161449,163358,1403736,844401,1429652,436263,123685,122914,125936,125936,1224326,1237156,1752523,983243,1,0,
1298,110490659277900,1.3148607,2,stimulus,82,110490655993500,1,0,16,1299,1694528746,1694528746,2,159911,159513,161364,163274,1403650,844314,1429552,436161,123604,122836,125850,125840,1224223,1237051,1752408,983134,1,0,
1299,110490659277900,1.3148607,2,stimulus,82,110490655993500,1,0,16,1300,1694529751,1694529751,2,159923,159517,161373,163275,1403643,844309,1429549,436148,123619,122829,125850,125838,1224209,1237037,1752396,983124,1,0,
1300,110490659277900,1.3148607,2,stimulus,82,110490655993500,1,0,16,1301,1694530756,1694530756,2,160094,159668,161523,163417,1403782,844446,1429699,436286,123779,122991,126010,125996,1224359,1237184,1752545,983276,1,0,
1301,110490659277900,1.3148607,2,stimulus,82,110490655993500,1,0,16,1302,1694531761,1694531761,2,160220,159786,161629,163527,1403884,844557,1429808,436396,123908,123119,126131,126115,1224465,1237288,1752650,983385,1,0,
1302,110490666191600,1.3217744,2,stimulus,82,110490655993500,1,0,16,1303,1694532765,1694532765,2,159842,159455,161319,163226,1403563,844235,1429464,436039,123551,122779,125804,125784,1224128,1236938,1752279,982989,1,0,
1303,110490666191600,1.3217744,2,stimulus,82,110490655993500,1,0,16,1304,1694533770,1694533770,2,159733,159373,161249,163163,1403501,844171,1429397,435958,123436,122688,125719,125706,1224064,1236873,1752196,982908,1,0,
1304,110490666191600,1.3217744,2,stimulus,82,110490655993500,1,0,16,1305,1694534775,1694534775,2,159894,159513,161400,163298,1403673,844340,1429573,436126,123588,122835,125858,125851,1224243,1237048,1752377,983094,1,0,
1305,110490666191600,1.3217744,2,stimulus,82,110490655993500,1,0,16,1306,1694535780,1694535780,2,160004,159607,161489,163391,1403784,844455,1429696,436234,123701,122935,125951,125948,1224376,1237177,1752508,983238,1,0,
1306,110490666191600,1.3217744,2,stimulus,82,110490655993500,1,0,16,1307,1694536785,1694536785,2,160094,159686,161572,163463,1403866,844541,1429788,436333,123794,123015,126034,126029,1224477,1237277,1752611,983358,1,0,
1307,110490666191600,1.3217744,2,stimulus,82,110490655993500,1,0,16,1308,1694537789,1694537789,2,160166,159751,161629,163517,1403933,844612,1429851,436404,123868,123088,126104,126088,1224549,1237356,1752685,983445,1,0,
1308,110490666191600,1.3217744,2,stimulus,82,110490655993500,1,0,16,1309,1694538794,1694538794,2,160311,159873,161739,163628,1404049,844729,1429974,436528,123999,123212,126220,126210,1224674,1237484,1752815,983594,1,0,
1309,110490673191900,1.3287747,2,stimulus,83,110490672439100,1,0,16,1310,1694539799,1694539799,2,160413,159961,161814,163702,1404124,844799,1430051,436605,124091,123285,126296,126299,1224756,1237563,1752896,983687,1,0,
1310,110490673191900,1.3287747,2,stimulus,83,110490672439100,1,0,16,1311,1694540804,1694540804,2,160233,159798,161650,163540,1403948,844625,1429868,436413,123914,123105,126123,126131,1224572,1237380,1752704,983490,1,0,
1311,110490673191900,1.3287747,2,stimulus,83,110490672439100,1,0,16,1312,1694541809,1694541809,2,160193,159748,161608,163502,1403894,844575,1429812,436349,123864,123070,126087,126097,1224524,1237336,1752656,983450,1,0,
1312,110490673191900,1.3287747,2,stimulus,83,110490672439100,1,0,16,1313,1694542814,1694542814,2,160241,159793,161648,163539,1403923,844599,1429841,436368,123916,123113,126128,126139,1224561,1237378,1752694,983494,1,0,
1313,110490673191900,1.3287747,2,stimulus,83,110490672439100,1,0,16,1314,1694543819,1694543819,2,160214,159778,161622,163513,1403895,844573,1429809,436331,123901,123094,126110,126114,1224526,1237341,1752666,983464,1,0,
1314,110490673191900,1.3287747,2,stimulus,83,110490672439100,1,0,16,1315,1694544824,1694544824,2,160243,159799,161633,163529,1403901,844594,1429823,436339,123937,123118,126136,126144,1224536,1237350,1752671,983483,1,0,
1315,110490673191900,1.3287747,2,stimulus,83,110490672439100,1,0,16,1316,1694545829,1694545829,2,160298,159846,161669,163569,1403936,844621,1429859,436369,123991,123155,126178,126184,1224559,1237385,1752701,983514,1,0,
1316,110490680280300,1.3358631,2,stimulus,83,110490672439100,1,0,16,1317,1694546834,1694546834,2,160251,159787,161599,163513,1403871,844548,1429787,436295,123921,123093,126113,126113,1224483,1237298,1752604,983414,1,0,
1317,110490680280300,1.3358631,2,stimulus,83,110490672439100,1,0,16,1318,1694547839,1694547839,2,160087,159636,161450,163372,1403701,844393,1429613,436119,123754,122943,125953,125954,1224314,1237116,1752408,983209,1,0,
1318,110490680280300,1.3358631,2,stimulus,83,110490672439100,1,0,16,1319,1694548843,1694548843,2,160004,159566,161389,163308,1403623,844311,1429518,436023,123674,122870,125884,125875,1224223,1237023,1752309,983106,1,0,
1319,110490680280300,1.3358631,2,stimulus,83,110490672439100,1,0,16,1320,1694549848,1694549848,2,160041,159604,161426,163339,1403649,844332,1429546,436041,123701,122914,125916,125912,1224243,1237048,1752324,983124,1,0,
1320,110490680280300,1.3358631,2,stimulus,83,110490672439100,1,0,16,1321,1694550853,1694550853,2,160201,159758,161572,163483,1403793,844471,1429700,436197,123861,123073,126069,126064,1224387,1237181,1752464,983285,1,0,
1321,110490680280300,1.3358631,2,stimulus,83,110490672439100,1,0,16,1322,1694551858,1694551858,2,160304,159852,161679,163583,1403877,844562,1429789,436284,123971,123181,126189,126158,1224475,1237270,1752547,983378,1,0,
1322,110490680280300,1.3358631,2,stimulus,83,110490672439100,1,0,16,1323,1694552863,1694552863,2,159933,159524,161362,163274,1403551,844243,1429441,435917,123598,122843,125862,125826,1224126,1236914,1752180,982981,1,0,
1323,110490687253800,1.3428366,2,stimulus,83,110490672439100,1,0,16,1324,1694553868,1694553868,2,159826,159438,161287,163198,1403486,844179,1429375,435828,123479,122751,125776,125744,1224059,1236848,1752099,982893,1,0,
1324,110490687253800,1.3428366,2,stimulus,83,110490672439100,1,0,16,1325,1694554873,1694554873,2,159979,159591,161439,163347,1403658,844353,1429553,435999,123621,122899,125931,125906,1224245,1237037,1752283,983084,1,0,
1325,110490687253800,1.3428366,2,stimulus,83,110490672439100,1,0,16,1326,1694555878,1694555878,2,160117,159708,161547,163466,1403796,844484,1429709,436146,123763,123026,126051,126024,1224406,1237193,1752439,983254,1,0,
1326,110490687253800,1.3428366,2,stimulus,83,110490672439100,1,0,16,1327,1694556883,1694556883,2,160219,159799,161616,163535,1403884,844581,1429801,436241,123863,123107,126118,126096,1224502,1237292,1752542,983372,1,0,
1327,110490687253800,1.3428366,2,stimulus,83,110490672439100,1,0,16,1328,1694557888,1694557888,2,160283,159847,161656,163575,1403931,844633,1429846,436299,123918,123141,126154,126144,1224564,1237352,1752603,983446,1,0,
1328,110490687253800,1.3428366,2,stimulus,83,110490672439100,1,0,16,1329,1694558893,1694558893,2,160447,159981,161787,163699,1404055,844763,1429978,436441,124070,123282,126299,126287,1224711,1237493,1752753,983616,1,0,
1329,110490687253800,1.3428366,2,stimulus,83,110490672439100,1,0,16,1330,1694559898,1694559898,2,160537,160048,161851,163761,1404109,844821,1430044,436495,124159,123371,126358,126359,1224774,1237561,1752818,983698,1,0,
1330,110490694218000,1.3498008,2,stimulus,84,110490690219700,1,1,16,1331,1694560903,1694560903,2,160339,159874,161684,163594,1403936,844638,1429857,436293,123971,123193,126183,126199,1224581,1237374,1752621,983499,1,0,
1331,110490694218000,1.3498008,2,stimulus,84,110490690219700,1,1,16,1332,1694561908,1694561908,2,160288,159831,161656,163563,1403889,844592,1429802,436235,123923,123139,126139,126166,1224528,1237326,1752581,983453,1,0,
1332,110490694218000,1.3498008,2,stimulus,84,110490690219700,1,1,16,1333,1694562913,1694562913,2,160330,159869,161701,163600,1403919,844621,1429832,436263,123982,123178,126184,126214,1224567,1237364,1752614,983493,1,0,
1333,110490694218000,1.3498008,2,stimulus,84,110490690219700,1,1,16,1334,1694563918,1694563918,2,160297,159829,161655,163563,1403873,844566,1429775,436206,123941,123143,126141,126173,1224518,1237321,1752560,983447,1,0,
1334,110490694218000,1.3498008,2,stimulus,84,110490690219700,1,1,16,1335,1694564923,1694564923,2,160314,159831,161659,163571,1403866,844571,1429773,436187,123950,123149,126141,126181,1224519,1237308,1752552,983444,1,0,
1335,110490694218000,1.3498008,2,stimulus,84,110490690219700,1,1,16,1336,1694565928,1694565928,2,160337,159849,161675,163591,1403874,844586,1429787,436197,123984,123169,126153,126200,1224524,1237314,1752559,983451,1,0,
1336,110490694218000,1.3498008,2,stimulus,84,110490690219700,1,1,16,1337,1694566933,1694566933,2,160256,159793,161608,163516,1403796,844501,1429701,436114,123924,123093,126084,126112,1224422,1237218,1752444,983340,1,0,
1337,110490701316400,1.3568992,2,stimulus,84,110490690219700,1,1,16,1338,1694567938,1694567938,2,160093,159651,161460,163368,1403639,844338,1429532,435938,123771,122942,125930,125954,1224253,1237036,1752251,983141,1,0,
1338,110490701316400,1.3568992,2,stimulus,84,110490690219700,1,1,16,1339,1694568944,1694568944,2,159996,159566,161381,163272,1403546,844242,1429436,435828,123673,122854,125850,125854,1224145,1236929,1752140,983022,1,0,
1339,110490701316400,1.3568992,2,stimulus,84,110490690219700,1,1,16,1340,1694569949,1694569949,2,160009,159581,161394,163278,1403553,844253,1429440,435828,123688,122869,125874,125865,1224148,1236924,1752141,983024,1,0,
1340,110490701316400,1.3568992,2,stimulus,84,110490690219700,1,1,16,1341,1694570954,1694570954,2,160172,159742,161549,163438,1403698,844396,1429592,435986,123864,123038,126039,126027,1224301,1237079,1752294,983194,1,0,
1341,110490701316400,1.3568992,2,stimulus,84,110490690219700,1,1,16,1342,1694571959,1694571959,2,160281,159859,161661,163535,1403788,844494,1429696,436087,123995,123145,126151,126131,1224404,1237182,1752384,983295,1,0,
1342,110490701316400,1.3568992,2,stimulus,84,110490690219700,1,1,16,1343,1694572964,1694572964,2,159900,159527,161343,163230,1403466,844169,1429351,435719,123626,122795,125816,125798,1224053,1236821,1752011,982897,1,0,
1343,110490701316400,1.3568992,2,stimulus,84,110490690219700,1,1,16,1344,1694573969,1694573969,2,159804,159444,161285,163176,1403414,844115,1429287,435635,123515,122716,125739,125732,1224003,1236765,1751943,982819,1,0,
1344,110490708162500,1.3637453,2,stimulus,85,110490706374400,1,1,16,1345,1694574974,1694574974,2,159954,159584,161434,163321,1403573,844281,1429457,435798,123651,122863,125878,125884,1224184,1236945,1752120,982999,1,0,
1345,110490708162500,1.3637453,2,stimulus,85,110490706374400,1,1,16,1346,1694575979,1694575979,2,160091,159704,161559,163434,1403708,844416,1429603,435944,123781,122984,125995,126010,1224334,1237091,1752274,983164,1,0,
1346,110490708162500,1.3637453,2,stimulus,85,110490706374400,1,1,16,1347,1694576984,1694576984,2,160201,159788,161641,163513,1403803,844510,1429702,436038,123879,123073,126078,126098,1224436,1237194,1752376,983283,1,0,
1347,110490708162500,1.3637453,2,stimulus,85,110490706374400,1,1,16,1348,1694577990,1694577990,2,160257,159823,161676,163538,1403838,844554,1429752,436088,123929,123114,126121,126141,1224484,1237249,1752433,983342,1,0,
1348,110490708162500,1.3637453,2,stimulus,85,110490706374400,1,1,16,1349,1694578995,1694578995,2,160406,159953,161793,163654,1403954,844669,1429872,436220,124080,123255,126244,126269,1224615,1237379,1752569,983504,1,0,
1349,110490708162500,1.3637453,2,stimulus,85,110490706374400,1,1,16,1350,1694580000,1694580000,2,160479,160031,161850,163717,1404013,844716,1429928,436273,124163,123334,126312,126339,1224669,1237437,1752628,983587,1,0,
1350,110490708162500,1.3637453,2,stimulus,85,110490706374400,1,1,16,1351,1694581005,1694581005,2,160275,159861,161666,163546,1403823,844539,1429731,436068,123964,123155,126122,126159,1224474,1237252,1752425,983381,1,0,
1351,110490715157900,1.3707407,2,stimulus,85,110490706374400,1,1,16,1352,1694582010,1694582010,2,160234,159809,161624,163501,1403767,844491,1429679,435995,123906,123103,126076,126124,1224428,1237197,1752377,983334,1,0,
1352,110490715157900,1.3707407,2,stimulus,85,110490706374400,1,1,16,1353,1694583016,1694583016,2,160294,159854,161656,163546,1403802,844523,1429715,436029,123963,123155,126126,126165,1224469,1237232,1752413,983373,1,0,
1353,110490715157900,1.3707407,2,stimulus,85,110490706374400,1,1,16,1354,1694584021,1694584021,2,160260,159834,161613,163518,1403768,844491,1429674,435995,123935,123127,126103,126138,1224436,1237204,1752377,983344,1,0,
1354,110490715157900,1.3707407,2,stimulus,85,110490706374400,1,1,16,1355,1694585026,1694585026,2,160279,159848,161637,163543,1403783,844501,1429685,436011,123959,123153,126115,126159,1224446,1237219,1752390,983358,1,0,
1355,110490715157900,1.3707407,2,stimulus,85,110490706374400,1,1,16,1356,1694586031,1694586031,2,160316,159864,161666,163573,1403793,844506,1429699,436018,123994,123175,126136,126179,1224452,1237231,1752393,983363,1,0,
1356,110490715157900,1.3707407,2,stimulus,85,110490706374400,1,1,16,1357,1694587035,1694587035,2,160248,159804,161607,163513,1403718,844429,1429623,435934,123931,123108,126073,126115,1224361,1237136,1752284,983261,1,0,
1357,110490715157900,1.3707407,2,stimulus,85,110490706374400,1,1,16,1358,1694588040,1694588040,2,160075,159652,161451,163358,1403550,844266,1429446,435746,123749,122934,125911,125947,1224176,1236942,1752086,983057,1,0,
1358,110490722342700,1.3779255,2,stimulus,85,110490706374400,1,1,16,1359,1694589045,1694589045,2,159979,159569,161361,163276,1403454,844174,1429345,435635,123654,122844,125824,125848,1224074,1236827,1751971,982942,1,0,
1359,110490722342700,1.3779255,2,stimulus,85,110490706374400,1,1,16,1360,1694590050,1694590050,2,160007,159590,161374,163294,1403467,844186,1429359,435638,123674,122862,125843,125871,1224079,1236831,1751977,982948,1,0,
1360,110490722342700,1.3779255,2,stimulus,85,110490706374400,1,1,16,1361,1694591055,1694591055,2,160169,159741,161523,163443,1403608,844319,1429499,435787,123843,123014,126003,126025,1224223,1236978,1752120,983104,1,0,
1361,110490722342700,1.3779255,2,stimulus,85,110490706374400,1,1,16,1362,1694592060,1694592060,2,160270,159825,161621,163548,1403689,844408,1429587,435879,123951,123110,126107,126126,1224313,1237071,1752203,983196,1,0,
1362,110490722342700,1.3779255,2,stimulus,85,110490706374400,1,1,16,1363,1694593065,1694593065,2,159876,159476,161287,163235,1403356,844079,1429233,435504,123557,122754,125759,125783,1223947,1236706,1751810,982773,1,0,
1363,110490722342700,1.3779255,2,stimulus,85,110490706374400,1,1,16,1364,1694594070,1694594070,2,159770,159409,161231,163181,1403309,844028,1429174,435423,123449,122664,125684,125716,1223900,1236647,1751746,982704,1,0,
1364,110490722342700,1.3779255,2,stimulus,85,110490706374400,1,1,16,1365,1694595075,1694595075,2,159914,159546,161368,163312,1403461,844187,1429339,435584,123574,122778,125833,125860,1224075,1236814,1751918,982887,1,0,
1365,110490729151000,1.3847338,2,stimulus,86,110490723411500,1,1,16,1366,1694596080,1694596080,2,160025,159648,161459,163398,1403571,844306,1429456,435699,123672,122878,125939,125970,1224204,1236954,1752052,983035,1,0,
1366,110490729151000,1.3847338,2,stimulus,86,110490723411500,1,1,16,1367,1694597085,1694597085,2,160123,159733,161534,163472,1403661,844393,1429555,435800,123767,122969,126023,126053,1224311,1237053,1752161,983158,1,0,
1367,110490729151000,1.3847338,2,stimulus,86,110490723411500,1,1,16,1368,1694598090,1694598090,2,160194,159785,161580,163519,1403717,844442,1429615,435858,123826,123010,126059,126105,1224372,1237114,1752225,983228,1,0,
1368,110490729151000,1.3847338,2,stimulus,86,110490723411500,1,1,16,1369,1694599095,1694599095,2,160344,159910,161694,163643,1403831,844561,1429736,435983,123973,123134,126184,126241,1224500,1237248,1752368,983381,1,0,
1369,110490729151000,1.3847338,2,stimulus,86,110490723411500,1,1,16,1370,1694600101,1694600101,2,160414,159976,161751,163706,1403883,844611,1429788,436031,124054,123211,126260,126309,1224560,1237309,1752422,983455,1,0,
1370,110490729151000,1.3847338,2,stimulus,86,110490723411500,1,1,16,1371,1694601106,1694601106,2,160211,159788,161578,163533,1403698,844424,1429602,435825,123851,123046,126072,126123,1224369,1237114,1752211,983248,1,0,
1371,110490729151000,1.3847338,2,stimulus,86,110490723411500,1,1,16,1372,1694602111,1694602111,2,160173,159755,161546,163514,1403658,844384,1429554,435776,123812,123015,126034,126087,1224331,1237079,1752174,983223,1,0,
1372,110490736284700,1.3918675,2,stimulus,86,110490723411500,1,1,16,1373,1694603116,1694603116,2,160214,159796,161579,163546,1403691,844414,1429581,435811,123861,123055,126071,126116,1224372,1237118,1752213,983269,1,0,
1373,110490736284700,1.3918675,2,stimulus,86,110490723411500,1,1,16,1374,1694604121,1694604121,2,160183,159761,161551,163506,1403650,844374,1429546,435764,123846,123026,126041,126082,1224324,1237071,1752172,983228,1,0,
1374,110490736284700,1.3918675,2,stimulus,86,110490723411500,1,1,16,1375,1694605126,1694605126,2,160208,159783,161571,163538,1403664,844396,1429562,435774,123877,123054,126063,126100,1224338,1237086,1752190,983243,1,0,
1375,110490736284700,1.3918675,2,stimulus,86,110490723411500,1,1,16,1376,1694606131,1694606131,2,160253,159817,161608,163572,1403685,844413,1429588,435789,123911,123088,126099,126131,1224353,1237099,1752206,983258,1,0,
1376,110490736284700,1.3918675,2,stimulus,86,110490723411500,1,1,16,1377,1694607136,1694607136,2,160173,159735,161542,163498,1403599,844326,1429501,435701,123831,123009,126012,126049,1224251,1236997,1752084,983143,1,0,
1377,110490736284700,1.3918675,2,stimulus,86,110490723411500,1,1,16,1378,1694608141,1694608141,2,160006,159582,161392,163353,1403442,844168,1429328,435528,123666,122853,125848,125887,1224076,1236816,1751894,982946,1,0,
1378,110490736284700,1.3918675,2,stimulus,86,110490723411500,1,1,16,1379,1694609146,1694609146,2,159906,159501,161298,163256,1403331,844062,1429218,435410,123569,122753,125753,125790,1223969,1236703,1751774,982815,1,0,
1379,110490743146700,1.3987295,2,stimulus,87,110490738279700,1,0,16,1380,1694610150,1694610150,2,159933,159519,161314,163279,1403338,844082,1429236,435423,123592,122789,125775,125818,1223979,1236711,1751778,982831,1,0,
1380,110490743146700,1.3987295,2,stimulus,87,110490738279700,1,0,16,1381,1694611155,1694611155,2,160113,159686,161474,163444,1403491,844235,1429391,435579,123776,122968,125943,125994,1224137,1236873,1751933,982999,1,0,
1381,110490743146700,1.3987295,2,stimulus,87,110490738279700,1,0,16,1382,1694612160,1694612160,2,160216,159792,161578,163539,1403581,844316,1429480,435665,123889,123080,126049,126100,1224226,1236956,1752026,983086,1,0,
1382,110490743146700,1.3987295,2,stimulus,87,110490738279700,1,0,16,1383,1694613165,1694613165,2,159818,159438,161241,163216,1403236,843973,1429113,435278,123491,122704,125704,125764,1223857,1236584,1751629,982674,1,0,
1383,110490743146700,1.3987295,2,stimulus,87,110490738279700,1,0,16,1384,1694614170,1694614170,2,159731,159366,161187,163179,1403193,843933,1429068,435214,123389,122617,125643,125706,1223814,1236539,1751568,982608,1,0,
1384,110490743146700,1.3987295,2,stimulus,87,110490738279700,1,0,16,1385,1694615175,1694615175,2,159855,159485,161318,163304,1403339,844071,1429217,435354,123508,122738,125781,125834,1223974,1236704,1751732,982771,1,0,
1385,110490743146700,1.3987295,2,stimulus,87,110490738279700,1,0,16,1386,1694616180,1694616180,2,159978,159592,161432,163399,1403463,844200,1429353,435482,123628,122854,125894,125945,1224123,1236848,1751876,982933,1,0,
1386,110490750143100,1.4057259,2,stimulus,87,110490738279700,1,0,16,1387,1694617185,1694617185,2,160098,159695,161523,163484,1403564,844311,1429461,435601,123731,122961,125991,126041,1224238,1236964,1751995,983068,1,0,
1387,110490750143100,1.4057259,2,stimulus,87,110490738279700,1,0,16,1388,1694618190,1694618190,2,160168,159754,161573,163530,1403624,844378,1429521,435663,123805,123026,126049,126099,1224311,1237034,1752069,983147,1,0,
1388,110490750143100,1.4057259,2,stimulus,87,110490738279700,1,0,16,1389,1694619196,1694619196,2,160328,159894,161712,163661,1403758,844512,1429659,435808,123968,123181,126201,126243,1224455,1237187,1752221,983314,1,0,
1389,110490750143100,1.4057259,2,stimulus,87,110490738279700,1,0,16,1390,1694620201,1694620201,2,160416,159976,161787,163734,1403821,844575,1429731,435876,124069,123259,126289,126326,1224521,1237258,1752288,983407,1,0,
1390,110490750143100,1.4057259,2,stimulus,87,110490738279700,1,0,16,1391,1694621206,1694621206,2,160206,159787,161606,163553,1403628,844384,1429528,435660,123859,123064,126104,126138,1224318,1237053,1752073,983194,1,0,
1391,110490750143100,1.4057259,2,stimulus,87,110490738279700,1,0,16,1392,1694622211,1694622211,2,160174,159754,161573,163526,1403592,844341,1429501,435616,123820,123038,126078,126104,1224289,1237019,1752046,983163,1,0,
1392,110490750143100,1.4057259,2,stimulus,87,110490738279700,1,0,16,1393,1694623216,1694623216,2,160226,159788,161610,163565,1403626,844367,1429526,435639,123866,123070,126119,126136,1224321,1237054,1752083,983203,1,0,
1393,110490757193000,1.4127758,2,stimulus,88,110490754712600,1,0,16,1394,1694624221,1694624221,2,160203,159762,161573,163531,1403594,844338,1429484,435594,123848,123052,126101,126114,1224284,1237027,1752054,983166,1,0,
1394,110490757193000,1.4127758,2,stimulus,88,110490754712600,1,0,16,1395,1694625226,1694625226,2,160217,159780,161583,163553,1403604,844344,1429492,435598,123878,123078,126133,126131,1224299,1237039,1752053,983178,1,0,
1395,110490757193000,1.4127758,2,stimulus,88,110490754712600,1,0,16,1396,1694626231,1694626231,2,160248,159811,161618,163597,1403624,844366,1429516,435626,123906,123121,126168,126160,1224316,1237051,1752065,983200,1,0,
1396,110490757193000,1.4127758,2,stimulus,88,110490754712600,1,0,16,1397,1694627237,1694627237,2,160171,159751,161555,163528,1403541,844286,1429431,435533,123831,123055,126087,126079,1224222,1236951,1751967,983084,1,0,
1397,110490757193000,1.4127758,2,stimulus,88,110490754712600,1,0,16,1398,1694628242,1694628242,2,159994,159590,161395,163368,1403362,844109,1429253,435346,123668,122884,125920,125903,1224028,1236753,1751756,982869,1,0,
1398,110490757193000,1.4127758,2,stimulus,88,110490754712600,1,0,16,1399,1694629247,1694629247,2,159906,159509,161317,163276,1403273,844023,1429155,435243,123581,122797,125833,125817,1223921,1236649,1751642,982759,1,0,
1399,110490757193000,1.4127758,2,stimulus,88,110490754712600,1,0,16,1400,1694630252,1694630252,2,159936,159529,161339,163294,1403284,844037,1429166,435251,123599,122809,125854,125845,1223937,1236662,1751647,982766,1,0,
1400,110490764203700,1.4197865,2,stimulus,88,110490754712600,1,0,16,1401,1694631257,1694631257,2,160108,159693,161501,163450,1403434,844189,1429318,435405,123780,122966,126020,126010,1224094,1236809,1751794,982934,1,0,
1401,110490764203700,1.4197865,2,stimulus,88,110490754712600,1,0,16,1402,1694632262,1694632262,2,160206,159782,161594,163538,1403512,844261,1429400,435484,123888,123066,126121,126097,1224172,1236886,1751868,983014,1,0,
1402,110490764203700,1.4197865,2,stimulus,88,110490754712600,1,0,16,1403,1694633268,1694633268,2,159810,159433,161264,163215,1403174,843919,1429036,435098,123485,122701,125766,125753,1223805,1236520,1751478,982603,1,0,
1403,110490764203700,1.4197865,2,stimulus,88,110490754712600,1,0,16,1404,1694634273,1694634273,2,159742,159377,161219,163181,1403144,843893,1429002,435044,123407,122651,125702,125725,1223780,1236490,1751441,982553,1,0,
1404,110490764203700,1.4197865,2,stimulus,88,110490754712600,1,0,16,1405,1694635278,1694635278,2,159881,159497,161349,163316,1403293,844051,1429159,435203,123549,122784,125833,125864,1223951,1236662,1751611,982724,1,0,
1405,110490764203700,1.4197865,2,stimulus,88,110490754712600,1,0,16,1406,1694636283,1694636283,2,160021,159629,161478,163429,1403435,844194,1429313,435353,123691,122911,125957,125994,1224109,1236823,1751767,982904,1,0,
1406,110490764203700,1.4197865,2,stimulus,88,110490754712600,1,0,16,1407,1694637288,1694637288,2,160124,159721,161561,163515,1403531,844290,1429427,435454,123795,123005,126041,126088,1224223,1236926,1751879,983022,1,0,
1407,110490771501500,1.4270843,2,stimulus,89,110490771887100,1,0,16,1408,1694638293,1694638293,2,160199,159781,161620,163558,1403586,844349,1429479,435511,123865,123068,126084,126149,1224279,1236993,1751951,983098,1,0,
1408,110490771501500,1.4270843,2,stimulus,89,110490771887100,1,0,16,1409,1694639297,1694639297,2,160356,159924,161750,163682,1403714,844471,1429617,435653,124014,123229,126214,126287,1224417,1237136,1752102,983269,1,0,
1409,110490771501500,1.4270843,2,stimulus,89,110490771887100,1,0,16,1410,1694640302,1694640302,2,160406,159979,161801,163729,1403744,844508,1429654,435686,124071,123279,126261,126324,1224458,1237174,1752143,983333,1,0,
1410,110490771501500,1.4270843,2,stimulus,89,110490771887100,1,0,16,1411,1694641307,1694641307,2,160197,159799,161618,163541,1403559,844314,1429444,435466,123858,123069,126080,126131,1224246,1236968,1751923,983121,1,0,
1411,110490771501500,1.4270843,2,stimulus,89,110490771887100,1,0,16,1412,1694642312,1694642312,2,160171,159781,161582,163507,1403523,844279,1429404,435420,123816,123033,126052,126096,1224217,1236939,1751898,983093,1,0,
1412,110490771501500,1.4270843,2,stimulus,89,110490771887100,1,0,16,1413,1694643317,1694643317,2,160212,159804,161604,163528,1403534,844297,1429416,435431,123859,123078,126079,126113,1224244,1236966,1751917,983118,1,0,
1413,110490771501500,1.4270843,2,stimulus,89,110490771887100,1,0,16,1414,1694644322,1694644322,2,160189,159769,161568,163489,1403493,844256,1429373,435386,123834,123054,126051,126076,1224208,1236928,1751871,983081,1,0,
1414,110490778134400,1.4337172,2,stimulus,89,110490771887100,1,0,16,1415,1694645327,1694645327,2,160223,159798,161597,163521,1403512,844273,1429395,435411,123868,123094,126082,126102,1224233,1236943,1751899,983103,1,0,
1415,110490778134400,1.4337172,2,stimulus,89,110490771887100,1,0,16,1416,1694646332,1694646332,2,160273,159833,161630,163565,1403532,844308,1429426,435433,123906,123140,126123,126126,1224250,1236956,1751914,983116,1,0,
1416,110490778134400,1.4337172,2,stimulus,89,110490771887100,1,0,16,1417,1694647337,1694647337,2,160195,159762,161548,163493,1403440,844218,1429336,435330,123824,123054,126042,126036,1224141,1236854,1751794,982995,1,0,
1417,110490778134400,1.4337172,2,stimulus,89,110490771887100,1,0,16,1418,1694648342,1694648342,2,160026,159609,161399,163339,1403281,844050,1429157,435143,123656,122883,125884,125863,1223956,1236671,1751591,982794,1,0,
1418,110490778134400,1.4337172,2,stimulus,89,110490771887100,1,0,16,1419,1694649347,1694649347,2,159939,159528,161322,163265,1403192,843961,1429064,435043,123573,122796,125798,125777,1223863,1236568,1751489,982687,1,0,
1419,110490778134400,1.4337172,2,stimulus,89,110490771887100,1,0,16,1420,1694650352,1694650352,2,159964,159555,161350,163288,1403203,843970,1429071,435065,123608,122827,125814,125804,1223879,1236581,1751496,982701,1,0,
1420,110490778134400,1.4337172,2,stimulus,89,110490771887100,1,0,16,1421,1694651357,1694651357,2,160149,159721,161526,163446,1403358,844120,1429233,435228,123788,123005,125984,125967,1224036,1236739,1751653,982868,1,0,
1421,110490785314200,1.440897,2,stimulus,89,110490771887100,1,0,16,1422,1694652362,1694652362,2,160251,159814,161621,163539,1403441,844206,1429318,435306,123891,123106,126095,126070,1224117,1236816,1751732,982952,1,0,
1422,110490785314200,1.440897,2,stimulus,89,110490771887100,1,0,16,1423,1694653367,1694653367,2,159840,159445,161266,163211,1403088,843856,1428944,434904,123481,122722,125734,125713,1223735,1236429,1751326,982522,1,0,
1423,110490785314200,1.440897,2,stimulus,89,110490771887100,1,0,16,1424,1694654372,1694654372,2,159759,159382,161210,163164,1403047,843813,1428904,434838,123386,122642,125664,125668,1223703,1236391,1751276,982465,1,0,
1424,110490785314200,1.440897,2,stimulus,89,110490771887100,1,0,16,1425,1694655377,1694655377,2,159886,159507,161323,163282,1403196,843959,1429054,434988,123518,122761,125792,125799,1223867,1236553,1751434,982628,1,0,
1425,110490785314200,1.440897,2,stimulus,89,110490771887100,1,0,16,1426,1694656382,1694656382,2,160003,159611,161430,163388,1403323,844092,1429184,435124,123645,122882,125908,125921,1224012,1236697,1751577,982794,1,0,
1426,110490785314200,1.440897,2,stimulus,89,110490771887100,1,0,16,1427,1694657387,1694657387,2,160092,159698,161516,163467,1403423,844191,1429287,435227,123722,122972,126001,126007,1224110,1236803,1751685,982912,1,0,
1427,110490785314200,1.440897,2,stimulus,89,110490771887100,1,0,16,1428,1694658392,1694658392,2,160151,159736,161546,163499,1403462,844224,1429336,435280,123777,123017,126052,126041,1224154,1236854,1751741,982984,1,0,
1428,110490792281400,1.4478642,2,stimulus,90,110490791780500,1,1,16,1429,1694659397,1694659397,2,160281,159843,161652,163594,1403563,844332,1429444,435391,123916,123137,126174,126158,1224278,1236976,1751859,983129,1,0,
1429,110490792281400,1.4478642,2,stimulus,90,110490791780500,1,1,16,1430,1694660402,1694660402,2,160354,159899,161716,163652,1403606,844382,1429497,435436,123992,123203,126233,126222,1224334,1237029,1751919,983189,1,0,
1430,110490792281400,1.4478642,2,stimulus,90,110490791780500,1,1,16,1431,1694661407,1694661407,2,160163,159734,161533,163476,1403415,844191,1429301,435226,123783,123008,126054,126048,1224144,1236836,1751718,982986,1,0,
1431,110490792281400,1.4478642,2,stimulus,90,110490791780500,1,1,16,1432,1694662412,1694662412,2,160134,159711,161510,163452,1403385,844163,1429270,435187,123739,122982,126035,126024,1224111,1236814,1751685,982961,1,0,
1432,110490792281400,1.4478642,2,stimulus,90,110490791780500,1,1,16,1433,1694663417,1694663417,2,160168,159741,161541,163466,1403401,844179,1429279,435203,123776,123021,126063,126051,1224137,1236840,1751711,982993,1,0,
1433,110490792281400,1.4478642,2,stimulus,90,110490791780500,1,1,16,1434,1694664422,1694664422,2,160144,159709,161518,163439,1403368,844138,1429244,435168,123763,123006,126055,126017,1224109,1236802,1751673,982959,1,0,
1434,110490792281400,1.4478642,2,stimulus,90,110490791780500,1,1,16,1435,1694665427,1694665427,2,160186,159748,161550,163472,1403397,844173,1429274,435191,123805,123052,126097,126056,1224138,1236827,1751698,982983,1,0,
1435,110490799236100,1.4548189,2,stimulus,90,110490791780500,1,1,16,1436,1694666432,1694666432,2,160233,159786,161590,163509,1403424,844208,1429308,435214,123850,123099,126133,126080,1224157,1236846,1751714,983011,1,0,
1436,110490799236100,1.4548189,2,stimulus,90,110490791780500,1,1,16,1437,1694667437,1694667437,2,160146,159714,161519,163428,1403334,844117,1429209,435120,123764,123012,126045,125984,1224047,1236742,1751591,982883,1,0,
1437,110490799236100,1.4548189,2,stimulus,90,110490791780500,1,1,16,1438,1694668442,1694668442,2,159974,159553,161363,163291,1403168,843944,1429032,434938,123594,122849,125883,125819,1223871,1236557,1751398,982685,1,0,
1438,110490799236100,1.4548189,2,stimulus,90,110490791780500,1,1,16,1439,1694669447,1694669447,2,159902,159477,161290,163236,1403094,843864,1428951,434851,123513,122768,125806,125749,1223778,1236464,1751297,982588,1,0,
1439,110490799236100,1.4548189,2,stimulus,90,110490791780500,1,1,16,1440,1694670452,1694670452,2,159948,159514,161328,163270,1403128,843897,1428982,434874,123548,122803,125844,125788,1223809,1236495,1751327,982610,1,0,
1440,110490799236100,1.4548189,2,stimulus,90,110490791780500,1,1,16,1441,1694671457,1694671457,2,160113,159661,161478,163421,1403262,844036,1429136,435024,123723,122961,126001,125948,1223956,1236647,1751481,982773,1,0,
1441,110490799236100,1.4548189,2,stimulus,90,110490791780500,1,1,16,1442,1694672462,1694672462,2,160197,159730,161559,163504,1403324,844101,1429206,435088,123815,123043,126083,126037,1224013,1236709,1751529,982835,1,0,
1442,110490806302900,1.4618857,2,stimulus,90,110490791780500,1,1,16,1443,1694673466,1694673466,2,159796,159381,161229,163184,1402986,843768,1428849,434709,123431,122683,125731,125699,1223661,1236343,1751146,982429,1,0,
1443,110490806302900,1.4618857,2,stimulus,90,110490791780500,1,1,16,1444,1694674471,1694674471,2,159736,159341,161194,163158,1402976,843753,1428821,434666,123372,122636,125692,125666,1223646,1236323,1751118,982392,1,0,
1444,110490806302900,1.4618857,2,stimulus,90,110490791780500,1,1,16,1445,1694675477,1694675477,2,159882,159477,161332,163286,1403131,843902,1428988,434828,123515,122763,125831,125807,1223818,1236496,1751287,982573,1,0,
1445,110490806302900,1.4618857,2,stimulus,90,110490791780500,1,1,16,1446,1694676482,1694676482,2,160028,159597,161459,163406,1403269,844056,1429145,434985,123654,122901,125963,125951,1223985,1236657,1751451,982749,1,0,
1446,110490806302900,1.4618857,2,stimulus,90,110490791780500,1,1,16,1447,1694677487,1694677487,2,160129,159684,161539,163488,1403362,844151,1429248,435084,123754,122994,126052,126047,1224089,1236757,1751564,982870,1,0,
1447,110490806302900,1.4618857,2,stimulus,90,110490791780500,1,1,16,1448,1694678492,1694678492,2,160193,159739,161584,163520,1403409,844200,1429303,435146,123821,123036,126096,126090,1224141,1236818,1751624,982941,1,0,
1448,110490806302900,1.4618857,2,stimulus,90,110490791780500,1,1,16,1449,1694679497,1694679497,2,160353,159888,161724,163661,1403546,844339,1429447,435291,123996,123181,126239,126236,1224296,1236976,1751783,983117,1,0,
1449,110490813213200,1.468796,2,stimulus,91,110490809213400,1,1,16,1450,1694680502,1694680502,2,160424,159940,161773,163712,1403590,844376,1429492,435329,124058,123242,126294,126286,1224352,1237011,1751831,983184,1,0,
1450,110490813213200,1.468796,2,stimulus,91,110490809213400,1,1,16,1451,1694681506,1694681506,2,160224,159748,161588,163528,1403397,844181,1429282,435107,123838,123044,126108,126099,1224144,1236815,1751614,982966,1,0,
1451,110490813213200,1.468796,2,stimulus,91,110490809213400,1,1,16,1452,1694682511,1694682511,2,160201,159721,161573,163501,1403371,844155,1429250,435065,123811,123018,126092,126076,1224121,1236791,1751596,982946,1,0,
1452,110490813213200,1.468796,2,stimulus,91,110490809213400,1,1,16,1453,1694683517,1694683517,2,160241,159750,161603,163533,1403396,844178,1429271,435088,123856,123046,126130,126111,1224151,1236823,1751626,982984,1,0,
1453,110490813213200,1.468796,2,stimulus,91,110490809213400,1,1,16,1454,1694684521,1694684521,2,160221,159725,161586,163516,1403364,844141,1429247,435053,123829,123035,126100,126101,1224121,1236798,1751592,982967,1,0,
1454,110490813213200,1.468796,2,stimulus,91,110490809213400,1,1,16,1455,1694685526,1694685526,2,160248,159758,161614,163546,1403379,844168,1429263,435070,123863,123064,126119,126134,1224138,1236818,1751603,982995,1,0,
1455,110490813213200,1.468796,2,stimulus,91,110490809213400,1,1,16,1456,1694686531,1694686531,2,160288,159805,161641,163587,1403403,844204,1429288,435093,123920,123113,126154,126159,1224161,1236836,1751619,983011,1,0,
1456,110490820262700,1.4758455,2,stimulus,91,110490809213400,1,1,16,1457,1694687536,1694687536,2,160201,159726,161562,163509,1403308,844104,1429193,434988,123843,123026,126073,126073,1224049,1236722,1751499,982880,1,0,
1457,110490820262700,1.4758455,2,stimulus,91,110490809213400,1,1,16,1458,1694688541,1694688541,2,160031,159583,161415,163361,1403148,843935,1429023,434809,123691,122854,125917,125912,1223868,1236541,1751307,982679,1,0,
1458,110490820262700,1.4758455,2,stimulus,91,110490809213400,1,1,16,1459,1694689546,1694689546,2,159938,159504,161342,163290,1403067,843856,1428931,434715,123615,122777,125843,125824,1223768,1236446,1751196,982564,1,0,
1459,110490820262700,1.4758455,2,stimulus,91,110490809213400,1,1,16,1460,1694690551,1694690551,2,159974,159521,161359,163311,1403073,843861,1428938,434724,123636,122808,125861,125849,1223774,1236450,1751203,982569,1,0,
1460,110490820262700,1.4758455,2,stimulus,91,110490809213400,1,1,16,1461,1694691556,1694691556,2,160146,159666,161496,163456,1403198,843998,1429077,434857,123791,122972,126014,126003,1223916,1236586,1751343,982721,1,0,
1461,110490820262700,1.4758455,2,stimulus,91,110490809213400,1,1,16,1462,1694692561,1694692561,2,160219,159749,161568,163549,1403266,844063,1429145,434920,123871,123056,126099,126081,1223984,1236651,1751403,982787,1,0,
1462,110490820262700,1.4758455,2,stimulus,91,110490809213400,1,1,16,1463,1694693565,1694693565,2,159819,159398,161224,163232,1402934,843717,1428779,434539,123474,122685,125745,125731,1223619,1236283,1751009,982373,1,0,
1463,110490827206900,1.4827897,2,stimulus,92,110490823946500,1,1,16,1464,1694694570,1694694570,2,159771,159369,161193,163208,1402916,843711,1428758,434511,123416,122631,125707,125709,1223605,1236273,1750986,982341,1,0,
1464,110490827206900,1.4827897,2,stimulus,92,110490823946500,1,1,16,1465,1694695575,1694695575,2,159911,159507,161336,163349,1403073,843870,1428932,434669,123553,122764,125841,125859,1223777,1236444,1751157,982526,1,0,
1465,110490827206900,1.4827897,2,stimulus,92,110490823946500,1,1,16,1466,1694696580,1694696580,2,160044,159623,161449,163457,1403206,844007,1429079,434811,123682,122889,125950,125993,1223926,1236598,1751313,982696,1,0,
1466,110490827206900,1.4827897,2,stimulus,92,110490823946500,1,1,16,1467,1694697585,1694697585,2,160141,159706,161516,163523,1403289,844091,1429171,434905,123768,122979,126027,126075,1224029,1236698,1751416,982809,1,0,
1467,110490827206900,1.4827897,2,stimulus,92,110490823946500,1,1,16,1468,1694698590,1694698590,2,160193,159756,161563,163548,1403331,844131,1429218,434954,123818,123017,126064,126124,1224072,1236749,1751458,982873,1,0,
1468,110490827206900,1.4827897,2,stimulus,92,110490823946500,1,1,16,1469,1694699595,1694699595,2,160335,159886,161684,163651,1403445,844248,1429341,435081,123963,123142,126188,126231,1224200,1236879,1751590,983028,1,0,
1469,110490827206900,1.4827897,2,stimulus,92,110490823946500,1,1,16,1470,1694700600,1694700600,2,160386,159925,161725,163684,1403478,844279,1429366,435111,124021,123188,126239,126268,1224238,1236908,1751631,983079,1,0,
1470,110490834237500,1.4898203,2,stimulus,92,110490823946500,1,1,16,1471,1694701605,1694701605,2,160188,159745,161546,163511,1403290,844093,1429169,434899,123819,123018,126068,126098,1224044,1236720,1751423,982864,1,0,
1471,110490834237500,1.4898203,2,stimulus,92,110490823946500,1,1,16,1472,1694702610,1694702610,2,160174,159741,161541,163495,1403274,844073,1429151,434872,123801,123017,126046,126095,1224040,1236705,1751414,982854,1,0,
1472,110490834237500,1.4898203,2,stimulus,92,110490823946500,1,1,16,1473,1694703615,1694703615,2,160206,159768,161574,163521,1403286,844092,1429158,434886,123839,123039,126074,126119,1224059,1236724,1751437,982889,1,0,
1473,110490834237500,1.4898203,2,stimulus,92,110490823946500,1,1,16,1474,1694704620,1694704620,2,160166,159734,161539,163481,1403236,844053,1429117,434834,123804,123002,126039,126092,1224015,1236683,1751386,982842,1,0,
1474,110490834237500,1.4898203,2,stimulus,92,110490823946500,1,1,16,1475,1694705624,1694705624,2,160174,159764,161558,163505,1403255,844062,1429138,434844,123842,123036,126066,126122,1224025,1236698,1751406,982859,1,0,
1475,110490834237500,1.4898203,2,stimulus,92,110490823946500,1,1,16,1476,1694706629,1694706629,2,160207,159796,161600,163541,1403289,844089,1429166,434868,123890,123078,126098,126150,1224043,1236705,1751417,982881,1,0,
1476,110490834237500,1.4898203,2,stimulus,92,110490823946500,1,1,16,1477,1694707634,1694707634,2,160124,159711,161518,163451,1403184,843991,1429063,434758,123791,122998,126015,126050,1223930,1236591,1751290,982746,1,0,
1477,110490841355700,1.4969385,2,stimulus,93,110490839947400,1,0,16,1478,1694708639,1694708639,2,159956,159553,161364,163306,1403019,843821,1428881,434578,123624,122843,125857,125884,1223739,1236411,1751091,982540,1,0,
1478,110490841355700,1.4969385,2,stimulus,93,110490839947400,1,0,16,1479,1694709644,1694709644,2,159866,159477,161278,163220,1402929,843731,1428789,434478,123534,122752,125773,125800,1223634,1236303,1750978,982424,1,0,
1479,110490841355700,1.4969385,2,stimulus,93,110490839947400,1,0,16,1480,1694710649,1694710649,2,159906,159507,161314,163238,1402946,843753,1428817,434493,123573,122784,125806,125825,1223664,1236320,1750995,982458,1,0,
1480,110490841355700,1.4969385,2,stimulus,93,110490839947400,1,0,16,1481,1694711654,1694711654,2,160093,159670,161487,163399,1403103,843900,1428973,434658,123753,122965,125980,125991,1223833,1236484,1751161,982624,1,0,
1481,110490841355700,1.4969385,2,stimulus,93,110490839947400,1,0,16,1482,1694712659,1694712659,2,160161,159741,161560,163467,1403161,843962,1429025,434710,123824,123036,126044,126066,1223888,1236534,1751207,982671,1,0,
1482,110490841355700,1.4969385,2,stimulus,93,110490839947400,1,0,16,1483,1694713663,1694713663,2,159751,159384,161223,163139,1402820,843623,1428661,434328,123438,122661,125684,125716,1223513,1236166,1750811,982254,1,0,
1483,110490841355700,1.4969385,2,stimulus,93,110490839947400,1,0,16,1484,1694714668,1694714668,2,159709,159359,161223,163133,1402826,843620,1428667,434309,123399,122625,125666,125703,1223529,1236169,1750808,982254,1,0,
1484,110490848170900,1.5037537,2,stimulus,93,110490839947400,1,0,16,1485,1694715674,1694715674,2,159851,159481,161353,163265,1402971,843779,1428824,434466,123532,122753,125787,125842,1223694,1236333,1750977,982427,1,0,
1485,110490848170900,1.5037537,2,stimulus,93,110490839947400,1,0,16,1486,1694716679,1694716679,2,159991,159607,161461,163382,1403102,843912,1428973,434611,123666,122880,125895,125956,1223838,1236487,1751131,982598,1,0,
1486,110490848170900,1.5037537,2,stimulus,93,110490839947400,1,0,16,1487,1694717684,1694717684,2,160079,159680,161519,163443,1403183,843994,1429059,434695,123752,122958,125967,126037,1223933,1236589,1751222,982704,1,0,
1487,110490848170900,1.5037537,2,stimulus,93,110490839947400,1,0,16,1488,1694718689,1694718689,2,160125,159710,161550,163469,1403216,844031,1429096,434733,123793,122989,126001,126070,1223970,1236633,1751276,982761,1,0,
1488,110490848170900,1.5037537,2,stimulus,93,110490839947400,1,0,16,1489,1694719694,1694719694,2,160282,159851,161688,163581,1403342,844160,1429225,434871,123949,123133,126144,126201,1224110,1236768,1751420,982925,1,0,
1489,110490848170900,1.5037537,2,stimulus,93,110490839947400,1,0,16,1490,1694720699,1694720699,2,160334,159887,161724,163612,1403364,844174,1429242,434894,123985,123184,126186,126238,1224143,1236797,1751445,982966,1,0,
1490,110490848170900,1.5037537,2,stimulus,93,110490839947400,1,0,16,1491,1694721704,1694721704,2,160119,159690,161522,163426,1403162,843970,1429025,434661,123773,122984,125997,126052,1223933,1236581,1751228,982747,1,0,
1491,110490855353800,1.5109366,2,stimulus,93,110490839947400,1,0,16,1492,1694722709,1694722709,2,160107,159674,161505,163423,1403147,843953,1429010,434639,123759,122971,125991,126043,1223921,1236570,1751220,982736,1,0,
1492,110490855353800,1.5109366,2,stimulus,93,110490839947400,1,0,16,1493,1694723714,1694723714,2,160137,159705,161521,163454,1403166,843981,1429036,434667,123803,123010,126017,126078,1223936,1236592,1751239,982776,1,0,
1493,110490855353800,1.5109366,2,stimulus,93,110490839947400,1,0,16,1494,1694724719,1694724719,2,160104,159673,161490,163417,1403132,843949,1429004,434626,123784,122996,125999,126055,1223903,1236557,1751205,982740,1,0,
1494,110490855353800,1.5109366,2,stimulus,93,110490839947400,1,0,16,1495,1694725724,1694725724,2,160130,159693,161517,163443,1403150,843964,1429022,434636,123803,123020,126028,126078,1223918,1236574,1751220,982756,1,0,
1495,110490855353800,1.5109366,2,stimulus,93,110490839947400,1,0,16,1496,1694726729,1694726729,2,160170,159734,161558,163484,1403173,843986,1429044,434659,123853,123058,126062,126104,1223939,1236591,1751234,982766,1,0,
1496,110490855353800,1.5109366,2,stimulus,93,110490839947400,1,0,16,1497,1694727734,1694727734,2,160076,159659,161481,163401,1403073,843883,1428936,434549,123770,122969,125979,126006,1223829,1236485,1751109,982641,1,0,
1497,110490855353800,1.5109366,2,stimulus,93,110490839947400,1,0,16,1498,1694728739,1694728739,2,159915,159515,161332,163256,1402920,843729,1428774,434379,123616,122817,125832,125853,1223656,1236309,1750924,982453,1,0,
1498,110490862142600,1.5177254,2,stimulus,94,110490856281200,1,0,16,1499,1694729744,1694729744,2,159832,159436,161249,163185,1402844,843643,1428688,434284,123544,122748,125751,125771,1223561,1236209,1750815,982344,1,0,
1499,110490862142600,1.5177254,2,stimulus,94,110490856281200,1,0,16,1500,1694730749,1694730749,2,159874,159475,161289,163226,1402869,843669,1428716,434311,123585,122783,125791,125809,1223589,1236238,1750835,982375,1,0,
1500,110490862142600,1.5177254,2,stimulus,94,110490856281200,1,0,16,1501,1694731754,1694731754,2,160053,159655,161451,163380,1403019,843828,1428879,434471,123775,122955,125958,125978,1223751,1236402,1750998,982553,1,0,
1501,110490862142600,1.5177254,2,stimulus,94,110490856281200,1,0,16,1502,1694732759,1694732759,2,160123,159728,161519,163454,1403070,843878,1428934,434523,123858,123030,126024,126053,1223810,1236454,1751043,982605,1,0,
1502,110490862142600,1.5177254,2,stimulus,94,110490856281200,1,0,16,1503,1694733764,1694733764,2,159727,159368,161186,163133,1402734,843548,1428583,434140,123462,122663,125665,125706,1223442,1236076,1750661,982186,1,0,
1503,110490862142600,1.5177254,2,stimulus,94,110490856281200,1,0,16,1504,1694734769,1694734769,2,159694,159348,161183,163138,1402743,843558,1428588,434130,123421,122638,125646,125699,1223455,1236081,1750658,982181,1,0,
1504,110490862142600,1.5177254,2,stimulus,94,110490856281200,1,0,16,1505,1694735773,1694735773,2,159831,159488,161323,163270,1402896,843707,1428750,434290,123554,122776,125789,125849,1223629,1236259,1750829,982364,1,0,
1505,110490869326900,1.5249097,2,stimulus,94,110490856281200,1,0,16,1506,1694736778,1694736778,2,159968,159604,161440,163374,1403026,843848,1428894,434431,123686,122902,125914,125983,1223781,1236415,1750986,982526,1,0,
1506,110490869326900,1.5249097,2,stimulus,94,110490856281200,1,0,16,1507,1694737783,1694737783,2,160064,159674,161513,163446,1403106,843933,1428980,434518,123764,122984,125993,126056,1223873,1236513,1751079,982631,1,0,
1507,110490869326900,1.5249097,2,stimulus,94,110490856281200,1,0,16,1508,1694738788,1694738788,2,160128,159725,161562,163478,1403157,843990,1429033,434575,123823,123036,126049,126098,1223936,1236576,1751130,982713,1,0,
1508,110490869326900,1.5249097,2,stimulus,94,110490856281200,1,0,16,1509,1694739793,1694739793,2,160296,159874,161700,163594,1403287,844124,1429176,434717,123983,123189,126188,126238,1224084,1236724,1751281,982884,1,0,
1509,110490869326900,1.5249097,2,stimulus,94,110490856281200,1,0,16,1510,1694740799,1694740799,2,160348,159915,161738,163631,1403316,844144,1429203,434751,124031,123239,126228,126276,1224104,1236743,1751318,982921,1,0,
1510,110490869326900,1.5249097,2,stimulus,94,110490856281200,1,0,16,1511,1694741804,1694741804,2,160146,159732,161569,163469,1403132,843957,1429004,434543,123833,123048,126061,126094,1223903,1236548,1751120,982718,1,0,
1511,110490869326900,1.5249097,2,stimulus,94,110490856281200,1,0,16,1512,1694742809,1694742809,2,160151,159747,161587,163474,1403134,843963,1428998,434533,123839,123051,126071,126113,1223914,1236551,1751127,982731,1,0,
1512,110490876313800,1.5318966,2,stimulus,95,110490873237000,1,0,16,1513,1694743814,1694743814,2,160189,159768,161610,163493,1403148,843981,1429019,434549,123873,123080,126103,126144,1223939,1236574,1751147,982755,1,0,
1513,110490876313800,1.5318966,2,stimulus,95,110490873237000,1,0,16,1514,1694744819,1694744819,2,160165,159739,161579,163466,1403113,843945,1428991,434521,123856,123066,126081,126132,1223901,1236543,1751109,982725,1,0,
1514,110490876313800,1.5318966,2,stimulus,95,110490873237000,1,0,16,1515,1694745824,1694745824,2,160200,159763,161612,163501,1403143,843973,1429010,434538,123895,123109,126115,126169,1223922,1236571,1751134,982754,1,0,
1515,110490876313800,1.5318966,2,stimulus,95,110490873237000,1,0,16,1516,1694746829,1694746829,2,160240,159798,161647,163534,1403166,843994,1429031,434554,123939,123140,126147,126193,1223942,1236590,1751148,982780,1,0,
1516,110490876313800,1.5318966,2,stimulus,95,110490873237000,1,0,16,1517,1694747834,1694747834,2,160145,159704,161543,163436,1403056,843886,1428919,434439,123849,123043,126040,126083,1223814,1236455,1751014,982633,1,0,
1517,110490876313800,1.5318966,2,stimulus,95,110490873237000,1,0,16,1518,1694748840,1694748840,2,159991,159568,161396,163294,1402894,843733,1428750,434261,123684,122891,125886,125916,1223633,1236274,1750816,982433,1,0,
1518,110490876313800,1.5318966,2,stimulus,95,110490873237000,1,0,16,1519,1694749845,1694749845,2,159894,159486,161324,163207,1402816,843646,1428661,434159,123592,122802,125802,125840,1223539,1236167,1750711,982331,1,0,
1519,110490883232800,1.5388156,2,stimulus,95,110490873237000,1,0,16,1520,1694750850,1694750850,2,159935,159527,161363,163234,1402837,843665,1428691,434189,123634,122831,125841,125874,1223563,1236197,1750726,982351,1,0,
1520,110490883232800,1.5388156,2,stimulus,95,110490873237000,1,0,16,1521,1694751855,1694751855,2,160115,159695,161523,163397,1402983,843817,1428852,434354,123818,123006,126007,126044,1223725,1236359,1750893,982517,1,0,
1521,110490883232800,1.5388156,2,stimulus,95,110490873237000,1,0,16,1522,1694752860,1694752860,2,160182,159756,161591,163464,1403037,843873,1428900,434399,123879,123076,126073,126107,1223778,1236393,1750933,982565,1,0,
1522,110490883232800,1.5388156,2,stimulus,95,110490873237000,1,0,16,1523,1694753865,1694753865,2,159785,159408,161253,163149,1402706,843540,1428543,434009,123470,122709,125735,125766,1223416,1236034,1750548,982150,1,0,
1523,110490883232800,1.5388156,2,stimulus,95,110490873237000,1,0,16,1524,1694754870,1694754870,2,159763,159405,161256,163154,1402721,843557,1428560,434004,123439,122696,125729,125761,1223436,1236048,1750558,982164,1,0,
1524,110490883232800,1.5388156,2,stimulus,95,110490873237000,1,0,16,1525,1694755875,1694755875,2,159896,159545,161402,163286,1402876,843710,1428724,434163,123580,122835,125864,125894,1223608,1236219,1750721,982347,1,0,
1525,110490883232800,1.5388156,2,stimulus,95,110490873237000,1,0,16,1526,1694756880,1694756880,2,160038,159669,161534,163408,1403013,843853,1428876,434310,123719,122973,125993,126016,1223763,1236380,1750881,982518,1,0,
1526,110490890403200,1.545986,2,stimulus,96,110490890111700,1,1,16,1527,1694757885,1694757885,2,160128,159755,161599,163469,1403097,843946,1428964,434401,123800,123053,126063,126092,1223866,1236484,1750988,982632,1,0,
1527,110490890403200,1.545986,2,stimulus,96,110490890111700,1,1,16,1528,1694758890,1694758890,2,160195,159819,161654,163526,1403154,844006,1429025,434461,123864,123113,126121,126149,1223936,1236549,1751055,982718,1,0,
1528,110490890403200,1.545986,2,stimulus,96,110490890111700,1,1,16,1529,1694759895,1694759895,2,160361,159951,161799,163656,1403284,844134,1429163,434601,124024,123259,126275,126278,1224082,1236693,1751206,982884,1,0,
1529,110490890403200,1.545986,2,stimulus,96,110490890111700,1,1,16,1530,1694760900,1694760900,2,160396,159984,161824,163689,1403304,844153,1429186,434628,124074,123303,126313,126294,1224107,1236720,1751232,982917,1,0,
1530,110490890403200,1.545986,2,stimulus,96,110490890111700,1,1,16,1531,1694761904,1694761904,2,160188,159800,161631,163514,1403111,843958,1428979,434409,123866,123111,126120,126102,1223898,1236518,1751017,982709,1,0,
1531,110490890403200,1.545986,2,stimulus,96,110490890111700,1,1,16,1532,1694762909,1694762909,2,160196,159814,161641,163519,1403116,843952,1428979,434398,123866,123109,126129,126100,1223901,1236523,1751026,982727,1,0,
1532,110490890403200,1.545986,2,stimulus,96,110490890111700,1,1,16,1533,1694763914,1694763914,2,160218,159834,161661,163531,1403128,843964,1428991,434409,123898,123126,126144,126113,1223916,1236533,1751044,982743,1,0,
1533,110490897136100,1.5527189,2,stimulus,96,110490890111700,1,1,16,1534,1694764919,1694764919,2,160193,159805,161627,163517,1403088,843929,1428958,434369,123879,123109,126108,126101,1223886,1236499,1751003,982710,1,0,
1534,110490897136100,1.5527189,2,stimulus,96,110490890111700,1,1,16,1535,1694765924,1694765924,2,160224,159819,161658,163543,1403092,843934,1428967,434378,123908,123139,126124,126125,1223891,1236507,1751008,982719,1,0,
1535,110490897136100,1.5527189,2,stimulus,96,110490890111700,1,1,16,1536,1694766929,1694766929,2,160260,159851,161688,163567,1403110,843948,1428971,434376,123953,123167,126149,126152,1223889,1236513,1751009,982723,1,0,
1536,110490897136100,1.5527189,2,stimulus,96,110490890111700,1,1,16,1537,1694767934,1694767934,2,160153,159757,161591,163478,1402998,843837,1428856,434256,123852,123071,126043,126038,1223766,1236386,1750866,982585,1,0,
1537,110490897136100,1.5527189,2,stimulus,96,110490890111700,1,1,16,1538,1694768939,1694768939,2,159979,159607,161426,163326,1402830,843672,1428680,434082,123681,122908,125872,125873,1223581,1236193,1750674,982382,1,0,
1538,110490897136100,1.5527189,2,stimulus,96,110490890111700,1,1,16,1539,1694769944,1694769944,2,159898,159533,161346,163271,1402750,843598,1428599,433994,123608,122833,125787,125811,1223499,1236109,1750580,982283,1,0,
1539,110490897136100,1.5527189,2,stimulus,96,110490890111700,1,1,16,1540,1694770949,1694770949,2,159939,159564,161376,163302,1402781,843624,1428622,434019,123646,122881,125825,125845,1223523,1236129,1750594,982308,1,0,
1540,110490904341700,1.5599245,2,stimulus,96,110490890111700,1,1,16,1541,1694771954,1694771954,2,160130,159733,161536,163451,1402929,843774,1428778,434176,123821,123048,125996,126014,1223683,1236290,1750756,982480,1,0,
1541,110490904341700,1.5599245,2,stimulus,96,110490890111700,1,1,16,1542,1694772959,1694772959,2,160188,159801,161586,163509,1402970,843824,1428826,434219,123878,123113,126062,126078,1223731,1236325,1750798,982518,1,0,
1542,110490904341700,1.5599245,2,stimulus,96,110490890111700,1,1,16,1543,1694773964,1694773964,2,159772,159439,161239,163171,1402619,843470,1428456,433826,123453,122730,125710,125718,1223356,1235941,1750392,982094,1,0,
1543,110490904341700,1.5599245,2,stimulus,96,110490890111700,1,1,16,1544,1694774969,1694774969,2,159745,159427,161243,163173,1402634,843477,1428463,433814,123409,122701,125703,125718,1223371,1235956,1750391,982103,1,0,
1544,110490904341700,1.5599245,2,stimulus,96,110490890111700,1,1,16,1545,1694775974,1694775974,2,159876,159558,161376,163301,1402786,843636,1428634,433979,123546,122837,125830,125856,1223541,1236129,1750555,982282,1,0,
1545,110490904341700,1.5599245,2,stimulus,96,110490890111700,1,1,16,1546,1694776978,1694776978,2,160014,159683,161502,163426,1402928,843788,1428782,434123,123678,122958,125958,125987,1223698,1236283,1750723,982451,1,0,
1546,110490904341700,1.5599245,2,stimulus,96,110490890111700,1,1,16,1547,1694777983,1694777983,2,160102,159753,161561,163491,1403003,843856,1428862,434194,123756,123034,126026,126067,1223788,1236371,1750813,982554,1,0,
1547,110490911301200,1.566884,2,stimulus,97,110490906297100,1,1,16,1548,1694778988,1694778988,2,160179,159813,161625,163548,1403064,843925,1428939,434268,123833,123104,126089,126148,1223856,1236443,1750890,982648,1,0,
1548,110490911301200,1.566884,2,stimulus,97,110490906297100,1,1,16,1549,1694779993,1694779993,2,160333,159951,161761,163678,1403195,844054,1429084,434414,124004,123245,126225,126295,1224004,1236598,1751051,982823,1,0,
1549,110490911301200,1.566884,2,stimulus,97,110490906297100,1,1,16,1550,1694780998,1694780998,2,160357,159963,161767,163690,1403198,844061,1429081,434416,124033,123246,126241,126308,1224008,1236603,1751060,982838,1,0,
1550,110490911301200,1.566884,2,stimulus,97,110490906297100,1,1,16,1551,1694782003,1694782003,2,160167,159789,161582,163516,1403017,843879,1428878,434201,123829,123059,126063,126128,1223818,1236408,1750854,982635,1,0,
1551,110490911301200,1.566884,2,stimulus,97,110490906297100,1,1,16,1552,1694783008,1694783008,2,160170,159798,161586,163523,1403016,843874,1428871,434183,123828,123057,126065,126120,1223818,1236406,1750853,982636,1,0,
1552,110490911301200,1.566884,2,stimulus,97,110490906297100,1,1,16,1553,1694784013,1694784013,2,160179,159808,161580,163531,1403013,843874,1428872,434178,123851,123072,126070,126131,1223819,1236420,1750857,982656,1,0,
1553,110490911301200,1.566884,2,stimulus,97,110490906297100,1,1,16,1554,1694785018,1694785018,2,160134,159778,161542,163487,1402961,843830,1428822,434131,123832,123034,126038,126094,1223774,1236371,1750807,982611,1,0,
1554,110490918221500,1.5738043,2,stimulus,97,110490906297100,1,1,16,1555,1694786023,1694786023,2,160183,159813,161586,163524,1402988,843857,1428857,434158,123886,123074,126079,126129,1223800,1236395,1750836,982635,1,0,
1555,110490918221500,1.5738043,2,stimulus,97,110490906297100,1,1,16,1556,1694787027,1694787027,2,160238,159861,161629,163563,1403019,843896,1428894,434191,123946,123119,126121,126165,1223831,1236426,1750853,982664,1,0,
1556,110490918221500,1.5738043,2,stimulus,97,110490906297100,1,1,16,1557,1694788032,1694788032,2,160163,159785,161550,163481,1402928,843798,1428799,434088,123845,123041,126044,126073,1223722,1236311,1750736,982548,1,0,
1557,110490918221500,1.5738043,2,stimulus,97,110490906297100,1,1,16,1558,1694789037,1694789037,2,160027,159650,161409,163346,1402787,843654,1428644,433929,123698,122915,125913,125921,1223569,1236149,1750566,982369,1,0,
1558,110490918221500,1.5738043,2,stimulus,97,110490906297100,1,1,16,1559,1694790042,1694790042,2,159951,159573,161319,163277,1402702,843566,1428554,433843,123616,122833,125832,125836,1223475,1236056,1750466,982254,1,0,
1559,110490918221500,1.5738043,2,stimulus,97,110490906297100,1,1,16,1560,1694791047,1694791047,2,159995,159608,161353,163308,1402732,843596,1428590,433871,123660,122857,125871,125870,1223494,1236078,1750480,982283,1,0,
1560,110490918221500,1.5738043,2,stimulus,97,110490906297100,1,1,16,1561,1694792052,1694792052,2,160173,159762,161521,163466,1402880,843753,1428748,434031,123845,123032,126043,126054,1223653,1236237,1750646,982459,1,0,
1561,110490925405100,1.5809879,2,stimulus,98,110490925114800,1,1,16,1562,1694793057,1694793057,2,160211,159811,161572,163514,1402916,843788,1428785,434059,123898,123086,126093,126114,1223691,1236271,1750679,982487,1,0,
1562,110490925405100,1.5809879,2,stimulus,98,110490925114800,1,1,16,1563,1694794062,1694794062,2,159783,159431,161213,163171,1402558,843431,1428408,433650,123473,122699,125736,125759,1223311,1235883,1750263,982052,1,0,
1563,110490925405100,1.5809879,2,stimulus,98,110490925114800,1,1,16,1564,1694795067,1694795067,2,159757,159420,161218,163175,1402575,843449,1428429,433649,123434,122687,125738,125762,1223332,1235898,1750275,982059,1,0,
1564,110490925405100,1.5809879,2,stimulus,98,110490925114800,1,1,16,1565,1694796072,1694796072,2,159890,159541,161342,163296,1402718,843594,1428575,433793,123559,122809,125862,125891,1223494,1236059,1750438,982235,1,0,
1565,110490925405100,1.5809879,2,stimulus,98,110490925114800,1,1,16,1566,1694797077,1694797077,2,160003,159655,161443,163390,1402839,843716,1428703,433916,123676,122909,125974,126010,1223633,1236202,1750583,982388,1,0,
1566,110490925405100,1.5809879,2,stimulus,98,110490925114800,1,1,16,1567,1694798081,1694798081,2,160073,159715,161505,163433,1402896,843780,1428771,433990,123738,122970,126035,126069,1223701,1236275,1750646,982479,1,0,
1567,110490925405100,1.5809879,2,stimulus,98,110490925114800,1,1,16,1568,1694799086,1694799086,2,160133,159773,161553,163483,1402952,843831,1428831,434052,123806,123031,126089,126110,1223760,1236333,1750714,982550,1,0,
1568,110490932190000,1.5877728,2,stimulus,98,110490925114800,1,1,16,1569,1694800092,1694800092,2,160294,159931,161701,163623,1403094,843979,1428981,434213,123988,123191,126248,126255,1223919,1236496,1750880,982733,1,0,
1569,110490932190000,1.5877728,2,stimulus,98,110490925114800,1,1,16,1570,1694801096,1694801096,2,160343,159958,161738,163659,1403113,844004,1429006,434226,124020,123234,126297,126285,1223938,1236522,1750906,982768,1,0,
1570,110490932190000,1.5877728,2,stimulus,98,110490925114800,1,1,16,1571,1694802101,1694802101,2,160151,159775,161553,163482,1402927,843812,1428804,434008,123817,123042,126113,126101,1223739,1236320,1750704,982561,1,0,
1571,110490932190000,1.5877728,2,stimulus,98,110490925114800,1,1,16,1572,1694803106,1694803106,2,160152,159774,161548,163474,1402911,843799,1428785,433993,123813,123031,126109,126091,1223733,1236320,1750693,982559,1,0,
1572,110490932190000,1.5877728,2,stimulus,98,110490925114800,1,1,16,1573,1694804111,1694804111,2,160186,159804,161566,163508,1402935,843820,1428808,434015,123858,123061,126137,126118,1223763,1236347,1750722,982595,1,0,
1573,110490932190000,1.5877728,2,stimulus,98,110490925114800,1,1,16,1574,1694805116,1694805116,2,160166,159787,161531,163479,1402902,843788,1428783,433975,123838,123037,126114,126091,1223733,1236310,1750684,982562,1,0,
1574,110490932190000,1.5877728,2,stimulus,98,110490925114800,1,1,16,1575,1694806121,1694806121,2,160186,159809,161554,163501,1402914,843803,1428793,433984,123877,123062,126146,126108,1223741,1236328,1750696,982577,1,0,
1575,110490939324400,1.5949072,2,stimulus,98,110490925114800,1,1,16,1576,1694807126,1694807126,2,160222,159844,161593,163533,1402941,843819,1428805,434006,123927,123096,126175,126141,1223761,1236339,1750706,982596,1,0,
1576,110490939324400,1.5949072,2,stimulus,98,110490925114800,1,1,16,1577,1694808130,1694808130,2,160123,159746,161497,163448,1402835,843716,1428703,433886,123836,122996,126074,126029,1223643,1236214,1750571,982458,1,0,
1577,110490939324400,1.5949072,2,stimulus,98,110490925114800,1,1,16,1578,1694809135,1694809135,2,159959,159599,161348,163295,1402670,843550,1428536,433715,123674,122833,125902,125867,1223457,1236037,1750386,982259,1,0,
1578,110490939324400,1.5949072,2,stimulus,98,110490925114800,1,1,16,1579,1694810140,1694810140,2,159891,159528,161285,163225,1402594,843481,1428456,433632,123596,122774,125822,125803,1223371,1235946,1750295,982158,1,0,
1579,110490939324400,1.5949072,2,stimulus,98,110490925114800,1,1,16,1580,1694811145,1694811145,2,159944,159563,161333,163273,1402636,843521,1428493,433665,123634,122832,125862,125858,1223411,1235977,1750325,982199,1,0,
1580,110490939324400,1.5949072,2,stimulus,98,110490925114800,1,1,16,1581,1694812150,1694812150,2,160132,159733,161496,163444,1402794,843684,1428666,433832,123817,123016,126038,126034,1223582,1236148,1750491,982384,1,0,
1581,110490939324400,1.5949072,2,stimulus,98,110490925114800,1,1,16,1582,1694813155,1694813155,2,160181,159780,161544,163496,1402834,843721,1428704,433875,123862,123068,126086,126088,1223616,1236179,1750522,982410,1,0,
1582,110490946070900,1.6016537,2,stimulus,99,110490941196800,1,0,16,1583,1694814160,1694814160,2,159761,159406,161178,163153,1402473,843364,1428314,433466,123441,122666,125701,125713,1223241,1235787,1750108,981968,1,0,
1583,110490946070900,1.6016537,2,stimulus,99,110490941196800,1,0,16,1584,1694815164,1694815164,2,159758,159419,161197,163169,1402504,843406,1428356,433480,123443,122668,125716,125746,1223283,1235832,1750140,981999,1,0,
1584,110490946070900,1.6016537,2,stimulus,99,110490941196800,1,0,16,1585,1694816169,1694816169,2,159891,159551,161329,163293,1402648,843549,1428516,433635,123575,122790,125849,125891,1223450,1236001,1750305,982168,1,0,
1585,110490946070900,1.6016537,2,stimulus,99,110490941196800,1,0,16,1586,1694817174,1694817174,2,160029,159668,161436,163404,1402776,843683,1428654,433772,123696,122907,125975,126024,1223598,1236142,1750453,982328,1,0,
1586,110490946070900,1.6016537,2,stimulus,99,110490941196800,1,0,16,1587,1694818179,1694818179,2,160107,159723,161483,163454,1402838,843753,1428729,433853,123759,122979,126038,126096,1223677,1236227,1750537,982427,1,0,
1587,110490946070900,1.6016537,2,stimulus,99,110490941196800,1,0,16,1588,1694819184,1694819184,2,160174,159784,161539,163508,1402897,843804,1428789,433920,123824,123040,126099,126148,1223738,1236294,1750609,982514,1,0,
1588,110490946070900,1.6016537,2,stimulus,99,110490941196800,1,0,16,1589,1694820189,1694820189,2,160326,159926,161669,163624,1403024,843933,1428924,434053,123986,123179,126231,126278,1223882,1236439,1750758,982680,1,0,
1589,110490953299600,1.6088824,2,stimulus,99,110490941196800,1,0,16,1590,1694821194,1694821194,2,160354,159956,161684,163639,1403031,843939,1428931,434061,124007,123216,126255,126291,1223893,1236451,1750764,982708,1,0,
1590,110490953299600,1.6088824,2,stimulus,99,110490941196800,1,0,16,1591,1694822199,1694822199,2,160163,159778,161509,163469,1402848,843760,1428733,433848,123809,123033,126074,126108,1223689,1236254,1750564,982499,1,0,
1591,110490953299600,1.6088824,2,stimulus,99,110490941196800,1,0,16,1592,1694823204,1694823204,2,160176,159781,161524,163468,1402849,843768,1428729,433839,123838,123039,126081,126123,1223693,1236262,1750568,982518,1,0,
1592,110490953299600,1.6088824,2,stimulus,99,110490941196800,1,0,16,1593,1694824209,1694824209,2,160194,159781,161539,163467,1402853,843771,1428733,433843,123861,123060,126093,126113,1223703,1236270,1750568,982535,1,0,
1593,110490953299600,1.6088824,2,stimulus,99,110490941196800,1,0,16,1594,1694825214,1694825214,2,160149,159741,161506,163421,1402799,843721,1428681,433796,123821,123026,126058,126067,1223663,1236218,1750525,982479,1,0,
1594,110490953299600,1.6088824,2,stimulus,99,110490941196800,1,0,16,1595,1694826219,1694826219,2,160160,159749,161526,163432,1402800,843724,1428681,433796,123838,123043,126077,126078,1223661,1236218,1750529,982480,1,0,
1595,110490953299600,1.6088824,2,stimulus,99,110490941196800,1,0,16,1596,1694827224,1694827224,2,160201,159769,161548,163461,1402814,843743,1428696,433803,123866,123068,126097,126088,1223661,1236220,1750529,982491,1,0,
1596,110490960306200,1.615889,2,stimulus,100,110490957492900,1,0,16,1597,1694828229,1694828229,2,160098,159663,161443,163356,1402699,843614,1428569,433673,123753,122954,125975,125979,1223531,1236077,1750377,982341,1,0,
1597,110490960306200,1.615889,2,stimulus,100,110490957492900,1,0,16,1598,1694829234,1694829234,2,159933,159510,161296,163212,1402534,843449,1428394,433491,123593,122792,125818,125830,1223344,1235894,1750189,982143,1,0,
1598,110490960306200,1.615889,2,stimulus,100,110490957492900,1,0,16,1599,1694830239,1694830239,2,159848,159421,161218,163129,1402444,843364,1428297,433392,123509,122717,125736,125753,1223243,1235806,1750091,982032,1,0,
1599,110490960306200,1.615889,2,stimulus,100,110490957492900,1,0,16,1600,1694831244,1694831244,2,159883,159453,161264,163160,1402476,843393,1428325,433414,123556,122752,125771,125786,1223274,1235831,1750112,982057,1,0,
1600,110490960306200,1.615889,2,stimulus,100,110490957492900,1,0,16,1601,1694832248,1694832248,2,160058,159618,161421,163315,1402623,843537,1428486,433578,123733,122916,125928,125944,1223428,1235981,1750254,982227,1,0,
1601,110490960306200,1.615889,2,stimulus,100,110490957492900,1,0,16,1602,1694833253,1694833253,2,160094,159651,161459,163363,1402651,843568,1428518,433608,123773,122967,125971,125988,1223448,1236010,1750271,982249,1,0,
1602,110490960306200,1.615889,2,stimulus,100,110490957492900,1,0,16,1603,1694834258,1694834258,2,159677,159283,161111,163033,1402304,843219,1428148,433208,123359,122587,125589,125619,1223078,1235627,1749876,981819,1,0,
1603,110490967237700,1.6228205,2,stimulus,100,110490957492900,1,0,16,1604,1694835263,1694835263,2,159683,159293,161138,163055,1402344,843256,1428183,433226,123358,122584,125599,125630,1223125,1235663,1749912,981843,1,0,
1604,110490967237700,1.6228205,2,stimulus,100,110490957492900,1,0,16,1605,1694836268,1694836268,2,159831,159418,161275,163191,1402496,843414,1428344,433380,123499,122723,125743,125771,1223292,1235833,1750076,982020,1,0,
1605,110490967237700,1.6228205,2,stimulus,100,110490957492900,1,0,16,1606,1694837273,1694837273,2,159946,159526,161381,163308,1402622,843541,1428480,433512,123617,122844,125852,125884,1223439,1235980,1750218,982182,1,0,
1606,110490967237700,1.6228205,2,stimulus,100,110490957492900,1,0,16,1607,1694838278,1694838278,2,160027,159602,161434,163373,1402699,843622,1428558,433593,123687,122918,125925,125958,1223527,1236070,1750311,982287,1,0,
1607,110490967237700,1.6228205,2,stimulus,100,110490957492900,1,0,16,1608,1694839283,1694839283,2,160102,159674,161489,163424,1402752,843682,1428629,433668,123760,122988,125973,126023,1223593,1236141,1750387,982371,1,0,
1608,110490967237700,1.6228205,2,stimulus,100,110490957492900,1,0,16,1609,1694840288,1694840288,2,160266,159836,161628,163566,1402896,843819,1428780,433819,123928,123149,126120,126178,1223751,1236297,1750548,982563,1,0,
1609,110490967237700,1.6228205,2,stimulus,100,110490957492900,1,0,16,1610,1694841294,1694841294,2,160278,159847,161646,163572,1402896,843816,1428778,433816,123939,123163,126126,126189,1223759,1236294,1750551,982569,1,0,
1610,110490974425300,1.6300081,2,stimulus,101,110490973712700,1,0,16,1611,1694842299,1694842299,2,160088,159676,161470,163404,1402714,843633,1428579,433610,123743,122976,125939,126019,1223566,1236104,1750354,982364,1,0,
1611,110490974425300,1.6300081,2,stimulus,101,110490973712700,1,0,16,1612,1694843304,1694843304,2,160103,159697,161493,163420,1402721,843644,1428589,433609,123753,122983,125953,126025,1223581,1236114,1750370,982388,1,0,
1612,110490974425300,1.6300081,2,stimulus,101,110490973712700,1,0,16,1613,1694844309,1694844309,2,160118,159718,161509,163442,1402721,843655,1428601,433619,123790,123008,125982,126048,1223587,1236132,1750386,982405,1,0,
1613,110490974425300,1.6300081,2,stimulus,101,110490973712700,1,0,16,1614,1694845314,1694845314,2,160084,159691,161481,163416,1402699,843627,1428564,433581,123773,122994,125964,126023,1223549,1236101,1750351,982380,1,0,
1614,110490974425300,1.6300081,2,stimulus,101,110490973712700,1,0,16,1615,1694846319,1694846319,2,160125,159712,161511,163444,1402713,843646,1428590,433599,123808,123027,125991,126054,1223576,1236115,1750371,982403,1,0,
1615,110490974425300,1.6300081,2,stimulus,101,110490973712700,1,0,16,1616,1694847324,1694847324,2,160155,159730,161529,163471,1402720,843651,1428601,433610,123839,123048,126007,126073,1223578,1236121,1750367,982403,1,0,
1616,110490974425300,1.6300081,2,stimulus,101,110490973712700,1,0,16,1617,1694848329,1694848329,2,160039,159631,161421,163374,1402611,843537,1428473,433477,123731,122931,125893,125959,1223448,1235987,1750218,982255,1,0,
1617,110490981218400,1.6368012,2,stimulus,101,110490973712700,1,0,16,1618,1694849334,1694849334,2,159884,159484,161274,163236,1402458,843385,1428308,433304,123578,122777,125748,125803,1223284,1235806,1750039,982066,1,0,
1618,110490981218400,1.6368012,2,stimulus,101,110490973712700,1,0,16,1619,1694850339,1694850339,2,159818,159423,161211,163184,1402393,843314,1428230,433229,123520,122713,125697,125738,1223209,1235736,1749957,981972,1,0,
1619,110490981218400,1.6368012,2,stimulus,101,110490973712700,1,0,16,1620,1694851344,1694851344,2,159875,159486,161256,163231,1402434,843356,1428278,433273,123571,122770,125750,125788,1223248,1235776,1749993,982023,1,0,
1620,110490981218400,1.6368012,2,stimulus,101,110490973712700,1,0,16,1621,1694852349,1694852349,2,160058,159661,161425,163402,1402586,843513,1428453,433446,123758,122955,125934,125961,1223414,1235941,1750163,982204,1,0,
1621,110490981218400,1.6368012,2,stimulus,101,110490973712700,1,0,16,1622,1694853354,1694853354,2,160079,159699,161461,163439,1402611,843533,1428480,433466,123789,122995,125971,125999,1223437,1235960,1750171,982217,1,0,
1622,110490981218400,1.6368012,2,stimulus,101,110490973712700,1,0,16,1623,1694854360,1694854360,2,159663,159331,161113,163101,1402269,843194,1428109,433074,123378,122608,125601,125641,1223065,1235586,1749768,981795,1,0,
1623,110490981218400,1.6368012,2,stimulus,101,110490973712700,1,0,16,1624,1694855365,1694855365,2,159679,159363,161136,163124,1402306,843244,1428156,433098,123378,122626,125629,125665,1223121,1235636,1749818,981831,1,0,
1624,110490988411900,1.6439947,2,stimulus,101,110490973712700,1,0,16,1625,1694856370,1694856370,2,159828,159503,161274,163259,1402471,843402,1428317,433259,123518,122769,125787,125806,1223291,1235813,1749989,982008,1,0,
1625,110490988411900,1.6439947,2,stimulus,101,110490973712700,1,0,16,1626,1694857375,1694857375,2,159962,159619,161392,163381,1402597,843535,1428458,433405,123654,122889,125901,125931,1223438,1235961,1750141,982184,1,0,
1626,110490988411900,1.6439947,2,stimulus,101,110490973712700,1,0,16,1627,1694858381,1694858381,2,160033,159676,161446,163434,1402656,843599,1428527,433475,123730,122946,125953,126004,1223513,1236041,1750226,982271,1,0,
1627,110490988411900,1.6439947,2,stimulus,101,110490973712700,1,0,16,1628,1694859385,1694859385,2,160107,159734,161507,163476,1402709,843658,1428588,433531,123798,123003,126013,126066,1223577,1236105,1750292,982349,1,0,
1628,110490988411900,1.6439947,2,stimulus,101,110490973712700,1,0,16,1629,1694860391,1694860391,2,160273,159891,161669,163624,1402859,843803,1428744,433691,123976,123158,126180,126226,1223740,1236266,1750457,982535,1,0,
1629,110490988411900,1.6439947,2,stimulus,101,110490973712700,1,0,16,1630,1694861396,1694861396,2,160298,159908,161686,163646,1402866,843809,1428754,433699,124000,123171,126198,126252,1223751,1236274,1750463,982556,1,0,
1630,110490988411900,1.6439947,2,stimulus,101,110490973712700,1,0,16,1631,1694862401,1694862401,2,160102,159731,161498,163463,1402679,843621,1428551,433477,123799,122988,125996,126066,1223552,1236073,1750260,982345,1,0,
1631,110490995170900,1.6507537,2,stimulus,102,110490989745600,1,1,16,1632,1694863406,1694863406,2,160121,159739,161516,163474,1402688,843632,1428563,433481,123814,123011,126004,126080,1223564,1236090,1750274,982365,1,0,
1632,110490995170900,1.6507537,2,stimulus,102,110490989745600,1,1,16,1633,1694864411,1694864411,2,160138,159758,161526,163499,1402696,843643,1428575,433489,123836,123035,126021,126102,1223579,1236106,1750294,982389,1,0,
1633,110490995170900,1.6507537,2,stimulus,102,110490989745600,1,1,16,1634,1694865416,1694865416,2,160108,159734,161506,163479,1402669,843613,1428545,433461,123818,123013,126004,126089,1223555,1236084,1750268,982372,1,0,
1634,110490995170900,1.6507537,2,stimulus,102,110490989745600,1,1,16,1635,1694866421,1694866421,2,160140,159769,161539,163510,1402694,843632,1428573,433479,123852,123046,126035,126117,1223576,1236102,1750285,982394,1,0,
1635,110490995170900,1.6507537,2,stimulus,102,110490989745600,1,1,16,1636,1694867426,1694867426,2,160191,159801,161574,163542,1402722,843657,1428599,433499,123903,123076,126073,126144,1223591,1236108,1750293,982411,1,0,
1636,110490995170900,1.6507537,2,stimulus,102,110490989745600,1,1,16,1637,1694868431,1694868431,2,160079,159686,161477,163441,1402606,843543,1428474,433360,123788,122964,125964,126021,1223456,1235973,1750148,982254,1,0,
1637,110490995170900,1.6507537,2,stimulus,102,110490989745600,1,1,16,1638,1694869436,1694869436,2,159925,159549,161340,163301,1402447,843396,1428311,433193,123630,122827,125829,125859,1223291,1235804,1749962,982061,1,0,
1638,110491002244300,1.6578271,2,stimulus,102,110490989745600,1,1,16,1639,1694870441,1694870441,2,159846,159479,161268,163221,1402366,843314,1428221,433116,123554,122761,125765,125781,1223203,1235717,1749865,981964,1,0,
1639,110491002244300,1.6578271,2,stimulus,102,110490989745600,1,1,16,1640,1694871446,1694871446,2,159906,159536,161327,163271,1402422,843358,1428267,433161,123614,122824,125821,125836,1223254,1235766,1749913,982028,1,0,
1640,110491002244300,1.6578271,2,stimulus,102,110490989745600,1,1,16,1641,1694872451,1694872451,2,160089,159702,161493,163416,1402573,843511,1428430,433321,123792,122995,125991,126017,1223416,1235926,1750079,982201,1,0,
1641,110491002244300,1.6578271,2,stimulus,102,110490989745600,1,1,16,1642,1694873456,1694873456,2,160097,159711,161505,163436,1402578,843513,1428436,433319,123816,123010,126014,126031,1223410,1235921,1750069,982186,1,0,
1642,110491002244300,1.6578271,2,stimulus,102,110490989745600,1,1,16,1643,1694874461,1694874461,2,159703,159358,161166,163106,1402251,843179,1428086,432941,123414,122644,125678,125683,1223053,1235561,1749690,981786,1,0,
1643,110491002244300,1.6578271,2,stimulus,102,110490989745600,1,1,16,1644,1694875466,1694875466,2,159718,159387,161191,163138,1402298,843227,1428129,432971,123416,122656,125711,125726,1223114,1235610,1749737,981827,1,0,
1644,110491002244300,1.6578271,2,stimulus,102,110490989745600,1,1,16,1645,1694876471,1694876471,2,159843,159506,161303,163261,1402424,843368,1428272,433116,123541,122769,125830,125854,1223267,1235768,1749886,981987,1,0,
1645,110491009158600,1.6647414,2,stimulus,103,110491007231100,1,1,16,1646,1694877476,1694877476,2,159963,159616,161401,163366,1402536,843491,1428409,433246,123661,122878,125933,125954,1223405,1235909,1750022,982134,1,0,
1646,110491009158600,1.6647414,2,stimulus,103,110491007231100,1,1,16,1647,1694878481,1694878481,2,160056,159701,161466,163434,1402613,843570,1428491,433326,123736,122949,126004,126019,1223491,1235994,1750113,982238,1,0,
1647,110491009158600,1.6647414,2,stimulus,103,110491007231100,1,1,16,1648,1694879486,1694879486,2,160131,159771,161534,163482,1402683,843631,1428554,433394,123802,123011,126056,126071,1223560,1236069,1750187,982329,1,0,
1648,110491009158600,1.6647414,2,stimulus,103,110491007231100,1,1,16,1649,1694880491,1694880491,2,160298,159921,161682,163639,1402824,843770,1428707,433551,123978,123182,126213,126228,1223714,1236231,1750353,982513,1,0,
1649,110491009158600,1.6647414,2,stimulus,103,110491007231100,1,1,16,1650,1694881496,1694881496,2,160314,159926,161686,163657,1402815,843766,1428700,433546,124001,123201,126222,126244,1223712,1236228,1750347,982525,1,0,
1650,110491009158600,1.6647414,2,stimulus,103,110491007231100,1,1,16,1651,1694882501,1694882501,2,160132,159754,161526,163499,1402644,843596,1428516,433351,123823,123028,126059,126071,1223533,1236041,1750157,982335,1,0,
1651,110491009158600,1.6647414,2,stimulus,103,110491007231100,1,1,16,1652,1694883506,1694883506,2,160152,159773,161556,163523,1402654,843614,1428530,433357,123846,123061,126074,126094,1223555,1236073,1750181,982358,1,0,
1652,110491016104700,1.6716875,2,stimulus,103,110491007231100,1,1,16,1653,1694884511,1694884511,2,160184,159795,161586,163546,1402675,843633,1428547,433373,123878,123105,126097,126111,1223577,1236099,1750207,982388,1,0,
1653,110491016104700,1.6716875,2,stimulus,103,110491007231100,1,1,16,1654,1694885516,1694885516,2,160170,159778,161578,163534,1402652,843608,1428526,433348,123879,123092,126088,126106,1223558,1236073,1750186,982369,1,0,
1654,110491016104700,1.6716875,2,stimulus,103,110491007231100,1,1,16,1655,1694886521,1694886521,2,160219,159813,161624,163580,1402681,843639,1428554,433379,123926,123126,126131,126142,1223593,1236103,1750211,982401,1,0,
1655,110491016104700,1.6716875,2,stimulus,103,110491007231100,1,1,16,1656,1694887526,1694887526,2,160263,159834,161657,163604,1402699,843649,1428571,433389,123960,123144,126149,126171,1223608,1236108,1750218,982405,1,0,
1656,110491016104700,1.6716875,2,stimulus,103,110491007231100,1,1,16,1657,1694888531,1694888531,2,160142,159728,161550,163500,1402581,843536,1428454,433264,123850,123034,126023,126044,1223471,1235977,1750074,982254,1,0,
1657,110491016104700,1.6716875,2,stimulus,103,110491007231100,1,1,16,1658,1694889536,1694889536,2,159975,159583,161394,163356,1402413,843374,1428284,433083,123689,122877,125852,125889,1223289,1235791,1749880,982061,1,0,
1658,110491016104700,1.6716875,2,stimulus,103,110491007231100,1,1,16,1659,1694890541,1694890541,2,159898,159514,161322,163291,1402341,843297,1428199,432995,123607,122801,125774,125835,1223202,1235704,1749789,981961,1,0,
1659,110491023538000,1.6791208,2,stimulus,104,110491023207900,1,1,16,1660,1694891546,1694891546,2,159958,159568,161383,163343,1402384,843344,1428243,433046,123675,122861,125834,125889,1223248,1235746,1749827,982009,1,0,
1660,110491023538000,1.6791208,2,stimulus,104,110491023207900,1,1,16,1661,1694892551,1694892551,2,160134,159739,161545,163494,1402530,843494,1428403,433203,123864,123024,126011,126061,1223413,1235904,1749981,982182,1,0,
1661,110491023538000,1.6791208,2,stimulus,104,110491023207900,1,1,16,1662,1694893555,1694893555,2,160142,159763,161571,163519,1402539,843502,1428419,433203,123883,123038,126039,126079,1223420,1235911,1749988,982177,1,0,
1662,110491023538000,1.6791208,2,stimulus,104,110491023207900,1,1,16,1663,1694894560,1694894560,2,159749,159415,161234,163196,1402213,843169,1428066,432822,123467,122674,125683,125734,1223060,1235544,1749598,981769,1,0,
1663,110491023538000,1.6791208,2,stimulus,104,110491023207900,1,1,16,1664,1694895565,1694895565,2,159754,159437,161266,163223,1402260,843217,1428109,432856,123468,122684,125707,125761,1223116,1235595,1749643,981818,1,0,
1664,110491023538000,1.6791208,2,stimulus,104,110491023207900,1,1,16,1665,1694896570,1694896570,2,159886,159568,161402,163354,1402404,843370,1428276,433010,123614,122820,125853,125907,1223284,1235764,1749813,981993,1,0,
1665,110491023538000,1.6791208,2,stimulus,104,110491023207900,1,1,16,1666,1694897575,1694897575,2,160028,159689,161521,163474,1402536,843506,1428414,433154,123746,122944,125982,126044,1223435,1235914,1749973,982160,1,0,
1666,110491030190000,1.6857728,2,stimulus,104,110491023207900,1,1,16,1667,1694898580,1694898580,2,160116,159757,161576,163525,1402608,843579,1428498,433238,123826,123017,126054,126114,1223524,1236006,1750056,982264,1,0,
1667,110491030190000,1.6857728,2,stimulus,104,110491023207900,1,1,16,1668,1694899585,1694899585,2,160178,159797,161622,163555,1402651,843621,1428544,433287,123888,123066,126098,126156,1223581,1236057,1750118,982331,1,0,
1668,110491030190000,1.6857728,2,stimulus,104,110491023207900,1,1,16,1669,1694900590,1694900590,2,160344,159944,161768,163685,1402790,843761,1428691,433439,124061,123216,126240,126293,1223728,1236210,1750280,982510,1,0,
1669,110491030190000,1.6857728,2,stimulus,104,110491023207900,1,1,16,1670,1694901595,1694901595,2,160348,159959,161774,163681,1402782,843759,1428688,433432,124074,123235,126251,126284,1223723,1236205,1750273,982511,1,0,
1670,110491030190000,1.6857728,2,stimulus,104,110491023207900,1,1,16,1671,1694902600,1694902600,2,160157,159791,161602,163518,1402604,843579,1428496,433233,123887,123056,126077,126113,1223543,1236023,1750079,982313,1,0,
1671,110491030190000,1.6857728,2,stimulus,104,110491023207900,1,1,16,1672,1694903604,1694903604,2,160186,159822,161626,163538,1402622,843594,1428516,433246,123918,123076,126083,126133,1223564,1236048,1750108,982350,1,0,
1672,110491030190000,1.6857728,2,stimulus,104,110491023207900,1,1,16,1673,1694904609,1694904609,2,160193,159819,161626,163539,1402622,843594,1428512,433241,123941,123079,126091,126132,1223563,1236052,1750105,982352,1,0,
1673,110491037415900,1.6929987,2,stimulus,104,110491023207900,1,1,16,1674,1694905615,1694905615,2,160155,159784,161600,163509,1402584,843559,1428469,433196,123903,123057,126068,126110,1223523,1236013,1750064,982319,1,0,
1674,110491037415900,1.6929987,2,stimulus,104,110491023207900,1,1,16,1675,1694906620,1694906620,2,160194,159817,161635,163524,1402603,843578,1428485,433219,123928,123091,126101,126148,1223548,1236029,1750083,982339,1,0,
1675,110491037415900,1.6929987,2,stimulus,104,110491023207900,1,1,16,1676,1694907625,1694907625,2,160231,159841,161656,163543,1402615,843586,1428506,433228,123963,123113,126119,126175,1223557,1236034,1750079,982341,1,0,
1676,110491037415900,1.6929987,2,stimulus,104,110491023207900,1,1,16,1677,1694908630,1694908630,2,160134,159742,161559,163459,1402509,843478,1428393,433103,123870,123016,126019,126060,1223431,1235914,1749942,982200,1,0,
1677,110491037415900,1.6929987,2,stimulus,104,110491023207900,1,1,16,1678,1694909635,1694909635,2,159978,159593,161411,163324,1402353,843323,1428228,432936,123716,122862,125869,125903,1223263,1235739,1749757,982006,1,0,
1678,110491037415900,1.6929987,2,stimulus,104,110491023207900,1,1,16,1679,1694910640,1694910640,2,159911,159532,161335,163258,1402284,843251,1428158,432857,123651,122798,125809,125840,1223183,1235656,1749669,981914,1,0,
1679,110491037415900,1.6929987,2,stimulus,104,110491023207900,1,1,16,1680,1694911645,1694911645,2,159989,159589,161385,163313,1402327,843294,1428208,432909,123717,122856,125872,125898,1223238,1235709,1749724,981974,1,0,
1680,110491044345100,1.6999279,2,stimulus,105,110491040604900,1,0,16,1681,1694912650,1694912650,2,160182,159761,161552,163483,1402487,843456,1428360,433086,123912,123036,126046,126081,1223403,1235872,1749886,982157,1,0,
1681,110491044345100,1.6999279,2,stimulus,105,110491040604900,1,0,16,1682,1694913654,1694913654,2,160168,159755,161544,163491,1402472,843444,1428348,433061,123899,123031,126042,126089,1223378,1235848,1749856,982124,1,0,
1682,110491044345100,1.6999279,2,stimulus,105,110491040604900,1,0,16,1683,1694914659,1694914659,2,159761,159397,161198,163157,1402127,843099,1427986,432656,123477,122660,125672,125734,1223001,1235473,1749462,981701,1,0,
1683,110491044345100,1.6999279,2,stimulus,105,110491040604900,1,0,16,1684,1694915664,1694915664,2,159789,159435,161252,163211,1402188,843164,1428046,432699,123485,122694,125718,125776,1223069,1235544,1749516,981760,1,0,
1684,110491044345100,1.6999279,2,stimulus,105,110491040604900,1,0,16,1685,1694916669,1694916669,2,159936,159562,161387,163349,1402338,843318,1428214,432862,123623,122841,125866,125914,1223246,1235721,1749694,981944,1,0,
1685,110491044345100,1.6999279,2,stimulus,105,110491040604900,1,0,16,1686,1694917674,1694917674,2,160074,159674,161493,163456,1402469,843447,1428349,433000,123756,122961,125981,126029,1223396,1235868,1749849,982110,1,0,
1686,110491044345100,1.6999279,2,stimulus,105,110491040604900,1,0,16,1687,1694918679,1694918679,2,160166,159751,161560,163514,1402551,843528,1428428,433083,123844,123038,126046,126095,1223489,1235953,1749935,982213,1,0,
1687,110491051240200,1.706823,2,stimulus,105,110491040604900,1,0,16,1688,1694919684,1694919684,2,160236,159810,161608,163559,1402603,843577,1428491,433143,123912,123087,126096,126150,1223547,1236022,1750001,982289,1,0,
1688,110491051240200,1.706823,2,stimulus,105,110491040604900,1,0,16,1689,1694920689,1694920689,2,160403,159963,161752,163699,1402735,843717,1428632,433286,124083,123231,126248,126294,1223700,1236169,1750163,982472,1,0,
1689,110491051240200,1.706823,2,stimulus,105,110491040604900,1,0,16,1690,1694921693,1694921693,2,160389,159941,161737,163683,1402704,843681,1428601,433256,124071,123215,126239,126281,1223671,1236145,1750128,982445,1,0,
1690,110491051240200,1.706823,2,stimulus,105,110491040604900,1,0,16,1691,1694922698,1694922698,2,160186,159749,161548,163498,1402507,843479,1428393,433036,123864,123018,126041,126096,1223463,1235941,1749924,982227,1,0,
1691,110491051240200,1.706823,2,stimulus,105,110491040604900,1,0,16,1692,1694923703,1694923703,2,160220,159771,161568,163522,1402524,843494,1428405,433051,123889,123040,126066,126111,1223488,1235958,1749952,982259,1,0,
1692,110491051240200,1.706823,2,stimulus,105,110491040604900,1,0,16,1693,1694924708,1694924708,2,160238,159784,161581,163531,1402529,843509,1428411,433059,123910,123054,126079,126118,1223499,1235973,1749954,982278,1,0,
1693,110491051240200,1.706823,2,stimulus,105,110491040604900,1,0,16,1694,1694925713,1694925713,2,160219,159749,161558,163503,1402495,843468,1428383,433023,123879,123039,126053,126096,1223469,1235939,1749914,982243,1,0,
1694,110491058198500,1.7137813,2,stimulus,106,110491056266500,1,0,16,1695,1694926718,1694926718,2,160244,159768,161586,163525,1402506,843487,1428395,433035,123901,123075,126084,126119,1223491,1235959,1749932,982253,1,0,
1695,110491058198500,1.7137813,2,stimulus,106,110491056266500,1,0,16,1696,1694927723,1694927723,2,160287,159793,161609,163557,1402524,843500,1428407,433049,123938,123092,126101,126141,1223496,1235969,1749927,982267,1,0,
1696,110491058198500,1.7137813,2,stimulus,106,110491056266500,1,0,16,1697,1694928728,1694928728,2,160189,159693,161518,163461,1402416,843384,1428289,432925,123825,122982,125991,126031,1223369,1235833,1749793,982116,1,0,
1697,110491058198500,1.7137813,2,stimulus,106,110491056266500,1,0,16,1698,1694929733,1694929733,2,160039,159559,161388,163320,1402268,843230,1428134,432768,123683,122836,125850,125879,1223205,1235659,1749616,981936,1,0,
1698,110491058198500,1.7137813,2,stimulus,106,110491056266500,1,0,16,1699,1694930738,1694930738,2,159953,159495,161325,163259,1402193,843151,1428056,432683,123618,122772,125786,125819,1223128,1235576,1749526,981843,1,0,
1699,110491058198500,1.7137813,2,stimulus,106,110491056266500,1,0,16,1700,1694931743,1694931743,2,159987,159544,161365,163303,1402227,843185,1428095,432712,123667,122831,125837,125865,1223163,1235615,1749563,981879,1,0,
1700,110491058198500,1.7137813,2,stimulus,106,110491056266500,1,0,16,1701,1694932747,1694932747,2,160173,159711,161538,163469,1402388,843350,1428260,432877,123850,123006,126010,126028,1223328,1235782,1749727,982059,1,0,
1701,110491065131700,1.7207145,2,stimulus,106,110491056266500,1,0,16,1702,1694933752,1694933752,2,160155,159699,161533,163473,1402370,843341,1428246,432854,123833,122993,126010,126022,1223308,1235764,1749699,982034,1,0,
1702,110491065131700,1.7207145,2,stimulus,106,110491056266500,1,0,16,1703,1694934757,1694934757,2,159751,159341,161201,163147,1402037,842999,1427881,432464,123414,122623,125660,125680,1222951,1235396,1749304,981623,1,0,
1703,110491065131700,1.7207145,2,stimulus,106,110491056266500,1,0,16,1704,1694935762,1694935762,2,159769,159370,161246,163195,1402096,843055,1427936,432509,123439,122662,125697,125729,1223016,1235458,1749362,981675,1,0,
1704,110491065131700,1.7207145,2,stimulus,106,110491056266500,1,0,16,1705,1694936767,1694936767,2,159899,159485,161365,163311,1402236,843190,1428085,432652,123551,122779,125821,125856,1223167,1235613,1749518,981838,1,0,
1705,110491065131700,1.7207145,2,stimulus,106,110491056266500,1,0,16,1706,1694937772,1694937772,2,160021,159599,161471,163409,1402354,843312,1428222,432784,123664,122885,125946,125962,1223311,1235748,1749652,981996,1,0,
1706,110491065131700,1.7207145,2,stimulus,106,110491056266500,1,0,16,1707,1694938777,1694938777,2,160101,159669,161531,163471,1402427,843388,1428298,432870,123732,122954,126014,126034,1223395,1235838,1749738,982098,1,0,
1707,110491065131700,1.7207145,2,stimulus,106,110491056266500,1,0,16,1708,1694939783,1694939783,2,160183,159741,161585,163539,1402501,843455,1428371,432941,123808,123037,126081,126103,1223471,1235919,1749828,982193,1,0,
1708,110491072260700,1.7278435,2,stimulus,106,110491056266500,1,0,16,1709,1694940788,1694940788,2,160354,159894,161721,163671,1402628,843581,1428516,433087,123979,123194,126223,126242,1223624,1236068,1749981,982366,1,0,
1709,110491072260700,1.7278435,2,stimulus,106,110491056266500,1,0,16,1710,1694941793,1694941793,2,160343,159883,161708,163659,1402610,843557,1428493,433068,123979,123189,126212,126231,1223594,1236046,1749961,982344,1,0,
1710,110491072260700,1.7278435,2,stimulus,106,110491056266500,1,0,16,1711,1694942798,1694942798,2,160152,159705,161528,163485,1402426,843376,1428298,432858,123794,123001,126028,126047,1223406,1235856,1749771,982150,1,0,
1711,110491072260700,1.7278435,2,stimulus,106,110491056266500,1,0,16,1712,1694943803,1694943803,2,160192,159740,161554,163514,1402446,843396,1428316,432878,123823,123023,126054,126085,1223438,1235886,1749801,982189,1,0,
1712,110491072260700,1.7278435,2,stimulus,106,110491056266500,1,0,16,1713,1694944808,1694944808,2,160209,159759,161564,163521,1402459,843406,1428323,432884,123849,123047,126079,126106,1223450,1235899,1749812,982206,1,0,
1713,110491072260700,1.7278435,2,stimulus,106,110491056266500,1,0,16,1714,1694945813,1694945813,2,160190,159742,161543,163507,1402442,843384,1428299,432856,123838,123044,126079,126091,1223433,1235884,1749789,982187,1,0,
1714,110491072260700,1.7278435,2,stimulus,106,110491056266500,1,0,16,1715,1694946818,1694946818,2,160224,159780,161579,163530,1402464,843407,1428326,432867,123874,123083,126109,126127,1223455,1235913,1749809,982209,1,0,
1715,110491079191600,1.7347744,2,stimulus,107,110491073678300,1,0,16,1716,1694947823,1694947823,2,160253,159794,161590,163546,1402467,843408,1428333,432880,123897,123103,126115,126134,1223454,1235908,1749795,982205,1,0,
1716,110491079191600,1.7347744,2,stimulus,107,110491073678300,1,0,16,1717,1694948828,1694948828,2,160131,159682,161474,163438,1402342,843274,1428195,432744,123785,122984,125989,126011,1223312,1235764,1749639,982048,1,0,
1717,110491079191600,1.7347744,2,stimulus,107,110491073678300,1,0,16,1718,1694949833,1694949833,2,159980,159551,161343,163303,1402199,843127,1428040,432576,123646,122852,125847,125864,1223150,1235593,1749468,981870,1,0,
1718,110491079191600,1.7347744,2,stimulus,107,110491073678300,1,0,16,1719,1694950838,1694950838,2,159921,159489,161299,163263,1402141,843065,1427982,432512,123595,122796,125801,125812,1223088,1235519,1749398,981790,1,0,
1719,110491079191600,1.7347744,2,stimulus,107,110491073678300,1,0,16,1720,1694951843,1694951843,2,159993,159549,161359,163333,1402194,843123,1428041,432573,123670,122861,125870,125874,1223152,1235576,1749451,981845,1,0,
1720,110491079191600,1.7347744,2,stimulus,107,110491073678300,1,0,16,1721,1694952848,1694952848,2,160189,159717,161527,163508,1402351,843286,1428206,432743,123861,123044,126044,126049,1223318,1235742,1749616,982036,1,0,
1721,110491079191600,1.7347744,2,stimulus,107,110491073678300,1,0,16,1722,1694953853,1694953853,2,160185,159725,161535,163529,1402356,843281,1428207,432734,123862,123058,126053,126073,1223309,1235739,1749604,982021,1,0,
1722,110491086226100,1.7418089,2,stimulus,107,110491073678300,1,0,16,1723,1694954858,1694954858,2,159792,159384,161206,163219,1402032,842954,1427861,432358,123468,122706,125714,125741,1222965,1235389,1749241,981617,1,0,
1723,110491086226100,1.7418089,2,stimulus,107,110491073678300,1,0,16,1724,1694955863,1694955863,2,159825,159423,161259,163258,1402088,843023,1427921,432406,123489,122743,125759,125785,1223032,1235460,1749306,981677,1,0,
1724,110491086226100,1.7418089,2,stimulus,107,110491073678300,1,0,16,1725,1694956868,1694956868,2,159945,159531,161375,163350,1402217,843151,1428059,432546,123609,122851,125876,125904,1223186,1235612,1749450,981839,1,0,
1725,110491086226100,1.7418089,2,stimulus,107,110491073678300,1,0,16,1726,1694957873,1694957873,2,160077,159646,161491,163446,1402347,843278,1428193,432678,123732,122961,125986,126023,1223332,1235753,1749594,981990,1,0,
1726,110491086226100,1.7418089,2,stimulus,107,110491073678300,1,0,16,1727,1694958878,1694958878,2,160160,159709,161546,163504,1402418,843339,1428269,432752,123802,123031,126041,126086,1223408,1235831,1749678,982087,1,0,
1727,110491086226100,1.7418089,2,stimulus,107,110491073678300,1,0,16,1728,1694959883,1694959883,2,160221,159754,161588,163533,1402456,843384,1428318,432797,123851,123076,126084,126128,1223458,1235876,1749725,982164,1,0,
1728,110491086226100,1.7418089,2,stimulus,107,110491073678300,1,0,16,1729,1694960888,1694960888,2,160396,159902,161738,163673,1402589,843526,1428465,432950,124027,123238,126234,126286,1223612,1236029,1749888,982344,1,0,
1729,110491093238700,1.7488215,2,stimulus,108,110491092325200,1,1,16,1730,1694961893,1694961893,2,160392,159898,161726,163672,1402563,843502,1428442,432925,124021,123235,126227,126283,1223588,1236013,1749868,982330,1,0,
1730,110491093238700,1.7488215,2,stimulus,108,110491092325200,1,1,16,1731,1694962898,1694962898,2,160200,159736,161554,163511,1402390,843323,1428252,432724,123829,123055,126054,126114,1223403,1235837,1749689,982136,1,0,
1731,110491093238700,1.7488215,2,stimulus,108,110491092325200,1,1,16,1732,1694963903,1694963903,2,160221,159781,161581,163536,1402419,843354,1428276,432742,123858,123081,126085,126136,1223434,1235873,1749721,982178,1,0,
1732,110491093238700,1.7488215,2,stimulus,108,110491092325200,1,1,16,1733,1694964908,1694964908,2,160236,159798,161596,163541,1402420,843363,1428281,432746,123877,123094,126098,126151,1223446,1235880,1749727,982188,1,0,
1733,110491093238700,1.7488215,2,stimulus,108,110491092325200,1,1,16,1734,1694965913,1694965913,2,160208,159784,161591,163529,1402399,843336,1428251,432717,123864,123086,126090,126143,1223419,1235856,1749700,982171,1,0,
1734,110491093238700,1.7488215,2,stimulus,108,110491092325200,1,1,16,1735,1694966917,1694966917,2,160259,159843,161640,163583,1402440,843370,1428296,432752,123919,123139,126135,126178,1223455,1235893,1749734,982218,1,0,
1735,110491093238700,1.7488215,2,stimulus,108,110491092325200,1,1,16,1736,1694967922,1694967922,2,160301,159866,161671,163606,1402450,843379,1428312,432767,123951,123173,126161,126188,1223463,1235904,1749733,982214,1,0,
1736,110491100148500,1.7557313,2,stimulus,108,110491092325200,1,1,16,1737,1694968927,1694968927,2,160182,159751,161554,163493,1402332,843256,1428179,432633,123841,123068,126048,126062,1223321,1235753,1749585,982051,1,0,
1737,110491100148500,1.7557313,2,stimulus,108,110491092325200,1,1,16,1738,1694969932,1694969932,2,160024,159607,161394,163352,1402178,843101,1428017,432466,123698,122921,125898,125914,1223161,1235580,1749395,981859,1,0,
1738,110491100148500,1.7557313,2,stimulus,108,110491092325200,1,1,16,1739,1694970936,1694970936,2,159948,159540,161318,163286,1402096,843017,1427931,432381,123626,122851,125819,125841,1223075,1235491,1749299,981759,1,0,
1739,110491100148500,1.7557313,2,stimulus,108,110491092325200,1,1,16,1740,1694971941,1694971941,2,159996,159601,161366,163341,1402137,843061,1427979,432428,123683,122911,125876,125892,1223116,1235538,1749351,981812,1,0,
1740,110491100148500,1.7557313,2,stimulus,108,110491092325200,1,1,16,1741,1694972946,1694972946,2,160179,159772,161536,163518,1402292,843208,1428142,432593,123875,123083,126044,126051,1223278,1235694,1749511,981984,1,0,
1741,110491100148500,1.7557313,2,stimulus,108,110491092325200,1,1,16,1742,1694973951,1694973951,2,160148,159739,161509,163501,1402258,843176,1428104,432548,123844,123064,126031,126028,1223243,1235656,1749459,981928,1,0,
1742,110491100148500,1.7557313,2,stimulus,108,110491092325200,1,1,16,1743,1694974956,1694974956,2,159739,159382,161174,163168,1401921,842843,1427743,432158,123437,122690,125666,125671,1222876,1235293,1749073,981510,1,0,
1743,110491107217900,1.7628007,2,stimulus,108,110491092325200,1,1,16,1744,1694975961,1694975961,2,159778,159423,161224,163217,1401988,842911,1427809,432209,123466,122726,125709,125734,1222951,1235369,1749144,981584,1,0,
1744,110491107217900,1.7628007,2,stimulus,108,110491092325200,1,1,16,1745,1694976966,1694976966,2,159909,159544,161344,163334,1402124,843051,1427964,432360,123588,122851,125827,125869,1223110,1235528,1749310,981756,1,0,
1745,110491107217900,1.7628007,2,stimulus,108,110491092325200,1,1,16,1746,1694977970,1694977970,2,160035,159658,161458,163448,1402250,843178,1428105,432502,123711,122953,125937,125984,1223256,1235676,1749452,981918,1,0,
1746,110491107217900,1.7628007,2,stimulus,108,110491092325200,1,1,16,1747,1694978975,1694978975,2,160114,159728,161520,163505,1402326,843258,1428183,432590,123788,123026,126006,126062,1223344,1235761,1749537,982022,1,0,
1747,110491107217900,1.7628007,2,stimulus,108,110491092325200,1,1,16,1748,1694979980,1694979980,2,160193,159791,161581,163550,1402385,843316,1428243,432648,123866,123096,126065,126131,1223416,1235834,1749612,982108,1,0,
1748,110491107217900,1.7628007,2,stimulus,108,110491092325200,1,1,16,1749,1694980985,1694980985,2,160362,159955,161737,163699,1402529,843463,1428404,432810,124044,123264,126218,126280,1223574,1235993,1749774,982285,1,0,
1749,110491107217900,1.7628007,2,stimulus,108,110491092325200,1,1,16,1750,1694981990,1694981990,2,160321,159924,161711,163668,1402483,843418,1428353,432764,124016,123236,126177,126249,1223529,1235942,1749737,982248,1,0,
1750,110491114211400,1.7697942,2,stimulus,109,110491107720200,1,1,16,1751,1694982995,1694982995,2,160141,159754,161542,163501,1402320,843238,1428168,432559,123821,123061,126001,126076,1223350,1235767,1749549,982063,1,0,
1751,110491114211400,1.7697942,2,stimulus,109,110491107720200,1,1,16,1752,1694983999,1694983999,2,160187,159794,161578,163537,1402349,843267,1428199,432597,123845,123094,126042,126114,1223383,1235808,1749584,982111,1,0,
1752,110491114211400,1.7697942,2,stimulus,109,110491107720200,1,1,16,1753,1694985004,1694985004,2,160194,159801,161586,163544,1402341,843267,1428201,432599,123861,123099,126055,126121,1223384,1235813,1749585,982123,1,0,
1753,110491114211400,1.7697942,2,stimulus,109,110491107720200,1,1,16,1754,1694986009,1694986009,2,160172,159779,161572,163525,1402311,843232,1428167,432568,123849,123078,126036,126112,1223357,1235784,1749554,982105,1,0,
1754,110491114211400,1.7697942,2,stimulus,109,110491107720200,1,1,16,1755,1694987014,1694987014,2,160220,159815,161616,163564,1402338,843263,1428198,432592,123897,123113,126070,126158,1223386,1235809,1749584,982137,1,0,
1755,110491114211400,1.7697942,2,stimulus,109,110491107720200,1,1,16,1756,1694988019,1694988019,2,160243,159821,161633,163581,1402343,843261,1428195,432583,123914,123126,126083,126163,1223381,1235803,1749577,982119,1,0,
1756,110491114211400,1.7697942,2,stimulus,109,110491107720200,1,1,16,1757,1694989024,1694989024,2,160104,159698,161502,163460,1402201,843113,1428052,432436,123781,122995,125945,126031,1223220,1235633,1749403,981949,1,0,
1757,110491121257900,1.7768407,2,stimulus,109,110491107720200,1,1,16,1758,1694990029,1694990029,2,159936,159533,161349,163306,1402039,842949,1427876,432264,123606,122837,125793,125879,1223046,1235454,1749206,981742,1,0,
1758,110491121257900,1.7768407,2,stimulus,109,110491107720200,1,1,16,1759,1694991033,1694991033,2,159877,159483,161303,163256,1401983,842893,1427819,432196,123564,122780,125756,125818,1222986,1235384,1749133,981660,1,0,
1759,110491121257900,1.7768407,2,stimulus,109,110491107720200,1,1,16,1760,1694992038,1694992038,2,159946,159550,161373,163321,1402038,842947,1427876,432249,123644,122842,125831,125876,1223038,1235443,1749188,981732,1,0,
1760,110491121257900,1.7768407,2,stimulus,109,110491107720200,1,1,16,1761,1694993043,1694993043,2,160139,159733,161549,163490,1402200,843108,1428038,432419,123836,123024,126000,126053,1223204,1235609,1749357,981908,1,0,
1761,110491121257900,1.7768407,2,stimulus,109,110491107720200,1,1,16,1762,1694994048,1694994048,2,160098,159696,161517,163469,1402166,843065,1427999,432372,123807,122993,125966,126036,1223156,1235567,1749308,981858,1,0,
1762,110491121257900,1.7768407,2,stimulus,109,110491107720200,1,1,16,1763,1694995052,1694995052,2,159696,159331,161185,163139,1401828,842728,1427637,431984,123391,122622,125613,125679,1222798,1235189,1748919,981443,1,0,
1763,110491121257900,1.7768407,2,stimulus,109,110491107720200,1,1,16,1764,1694996057,1694996057,2,159755,159390,161239,163198,1401907,842813,1427722,432057,123428,122674,125689,125741,1222894,1235279,1749004,981526,1,0,
1764,110491128313900,1.7838967,2,stimulus,110,110491125683100,1,1,16,1765,1694997062,1694997062,2,159900,159524,161377,163333,1402055,842965,1427889,432215,123571,122798,125815,125884,1223061,1235461,1749172,981703,1,0,
1765,110491128313900,1.7838967,2,stimulus,110,110491125683100,1,1,16,1766,1694998067,1694998067,2,160022,159633,161488,163431,1402178,843087,1428019,432348,123699,122904,125921,125994,1223195,1235598,1749316,981859,1,0,
1766,110491128313900,1.7838967,2,stimulus,110,110491125683100,1,1,16,1767,1694999071,1694999071,2,160099,159703,161544,163491,1402249,843158,1428088,432428,123779,122973,125990,126051,1223280,1235676,1749398,981954,1,0,
1767,110491128313900,1.7838967,2,stimulus,110,110491125683100,1,1,16,1768,1695000076,1695000076,2,160169,159762,161591,163543,1402304,843216,1428156,432487,123849,123043,126056,126109,1223343,1235745,1749466,982034,1,0,
1768,110491128313900,1.7838967,2,stimulus,110,110491125683100,1,1,16,1769,1695001081,1695001081,2,160346,159910,161736,163684,1402446,843344,1428306,432629,124018,123198,126210,126256,1223487,1235897,1749624,982210,1,0,
1769,110491128313900,1.7838967,2,stimulus,110,110491125683100,1,1,16,1770,1695002086,1695002086,2,160319,159888,161717,163664,1402404,843314,1428265,432589,123993,123173,126183,126241,1223455,1235858,1749586,982176,1,0,
1770,110491128313900,1.7838967,2,stimulus,110,110491125683100,1,1,16,1771,1695003091,1695003091,2,160141,159724,161539,163501,1402223,843136,1428074,432391,123801,123003,126011,126069,1223274,1235673,1749399,981982,1,0,
1771,110491135236800,1.7908196,2,stimulus,110,110491125683100,1,1,16,1772,1695004096,1695004096,2,160181,159755,161559,163527,1402245,843153,1428096,432410,123820,123029,126046,126105,1223309,1235699,1749424,982019,1,0,
1772,110491135236800,1.7908196,2,stimulus,110,110491125683100,1,1,16,1773,1695005101,1695005101,2,160182,159746,161561,163514,1402244,843139,1428085,432405,123828,123036,126061,126107,1223299,1235698,1749416,982032,1,0,
1773,110491135236800,1.7908196,2,stimulus,110,110491125683100,1,1,16,1774,1695006106,1695006106,2,160171,159740,161546,163502,1402226,843113,1428064,432380,123828,123033,126050,126086,1223277,1235684,1749398,982013,1,0,
1774,110491135236800,1.7908196,2,stimulus,110,110491125683100,1,1,16,1775,1695007111,1695007111,2,160234,159793,161601,163551,1402263,843154,1428111,432418,123895,123084,126104,126133,1223324,1235726,1749429,982053,1,0,
1775,110491135236800,1.7908196,2,stimulus,110,110491125683100,1,1,16,1776,1695008116,1695008116,2,160264,159821,161634,163574,1402274,843175,1428126,432431,123928,123119,126132,126151,1223325,1235731,1749433,982056,1,0,
1776,110491135236800,1.7908196,2,stimulus,110,110491125683100,1,1,16,1777,1695009120,1695009120,2,160137,159704,161521,163456,1402149,843049,1427984,432294,123803,123002,125999,126019,1223174,1235579,1749273,981889,1,0,
1777,110491135236800,1.7908196,2,stimulus,110,110491125683100,1,1,16,1778,1695010125,1695010125,2,159986,159566,161386,163319,1402009,842898,1427831,432141,123666,122853,125861,125874,1223027,1235414,1749105,981713,1,0,
1778,110491142338300,1.7979211,2,stimulus,111,110491140445500,1,0,16,1779,1695011130,1695011130,2,159943,159529,161344,163269,1401956,842840,1427781,432081,123618,122806,125825,125827,1222976,1235349,1749034,981645,1,0,
1779,110491142338300,1.7979211,2,stimulus,111,110491140445500,1,0,16,1780,1695012135,1695012135,2,160014,159612,161412,163334,1402014,842905,1427848,432141,123699,122883,125900,125913,1223031,1235421,1749094,981713,1,0,
1780,110491142338300,1.7979211,2,stimulus,111,110491140445500,1,0,16,1781,1695013140,1695013140,2,160214,159796,161581,163504,1402187,843073,1428021,432315,123907,123075,126079,126105,1223206,1235594,1749268,981903,1,0,
1781,110491142338300,1.7979211,2,stimulus,111,110491140445500,1,0,16,1782,1695014145,1695014145,2,160163,159762,161555,163474,1402141,843027,1427967,432258,123871,123029,126034,126071,1223153,1235540,1749212,981839,1,0,
1782,110491142338300,1.7979211,2,stimulus,111,110491140445500,1,0,16,1783,1695015150,1695015150,2,159768,159417,161225,163152,1401812,842694,1427615,431874,123467,122658,125680,125724,1222797,1235173,1748831,981433,1,0,
1783,110491142338300,1.7979211,2,stimulus,111,110491140445500,1,0,16,1784,1695016155,1695016155,2,159820,159475,161296,163227,1401898,842770,1427711,431954,123510,122721,125755,125804,1222896,1235268,1748917,981527,1,0,
1784,110491142338300,1.7979211,2,stimulus,111,110491140445500,1,0,16,1785,1695017161,1695017161,2,159974,159613,161428,163367,1402062,842929,1427873,432121,123654,122866,125905,125951,1223075,1235456,1749100,981714,1,0,
1785,110491149216600,1.8047994,2,stimulus,111,110491140445500,1,0,16,1786,1695018166,1695018166,2,160107,159734,161539,163488,1402192,843070,1428014,432269,123789,122992,126031,126069,1223227,1235608,1749249,981876,1,0,
1786,110491149216600,1.8047994,2,stimulus,111,110491140445500,1,0,16,1787,1695019171,1695019171,2,160203,159823,161619,163561,1402274,843159,1428108,432364,123882,123083,126102,126154,1223329,1235709,1749351,981990,1,0,
1787,110491149216600,1.8047994,2,stimulus,111,110491140445500,1,0,16,1788,1695020176,1695020176,2,160289,159897,161682,163623,1402343,843231,1428188,432436,123961,123160,126164,126228,1223403,1235783,1749439,982086,1,0,
1788,110491149216600,1.8047994,2,stimulus,111,110491140445500,1,0,16,1789,1695021181,1695021181,2,160450,160042,161819,163766,1402480,843367,1428325,432583,124132,123314,126313,126383,1223547,1235929,1749598,982265,1,0,
1789,110491149216600,1.8047994,2,stimulus,111,110491140445500,1,0,16,1790,1695022186,1695022186,2,160416,160017,161781,163729,1402443,843315,1428276,432533,124109,123284,126266,126345,1223500,1235881,1749541,982215,1,0,
1790,110491149216600,1.8047994,2,stimulus,111,110491140445500,1,0,16,1791,1695023191,1695023191,2,160237,159846,161614,163572,1402278,843137,1428090,432342,123922,123116,126109,126181,1223330,1235706,1749361,982031,1,0,
1791,110491149216600,1.8047994,2,stimulus,111,110491140445500,1,0,16,1792,1695024196,1695024196,2,160293,159876,161664,163619,1402306,843182,1428135,432378,123965,123166,126158,126229,1223373,1235764,1749404,982090,1,0,
1792,110491156385700,1.8119685,2,stimulus,112,110491154584600,1,0,16,1793,1695025202,1695025202,2,160298,159878,161664,163609,1402302,843173,1428135,432362,123976,123172,126169,126235,1223370,1235765,1749401,982091,1,0,
1793,110491156385700,1.8119685,2,stimulus,112,110491154584600,1,0,16,1794,1695026207,1695026207,2,160271,159854,161651,163579,1402269,843139,1428101,432325,123956,123169,126155,126219,1223341,1235730,1749369,982059,1,0,
1794,110491156385700,1.8119685,2,stimulus,112,110491154584600,1,0,16,1795,1695027212,1695027212,2,160321,159896,161699,163618,1402300,843174,1428130,432355,124009,123224,126203,126264,1223374,1235759,1749398,982096,1,0,
1795,110491156385700,1.8119685,2,stimulus,112,110491154584600,1,0,16,1796,1695028217,1695028217,2,160336,159914,161713,163633,1402313,843186,1428136,432366,124034,123240,126224,126286,1223381,1235759,1749392,982095,1,0,
1796,110491156385700,1.8119685,2,stimulus,112,110491154584600,1,0,16,1797,1695029222,1695029222,2,160221,159808,161592,163527,1402193,843054,1428009,432234,123906,123128,126100,126163,1223241,1235611,1749236,981934,1,0,
1797,110491156385700,1.8119685,2,stimulus,112,110491154584600,1,0,16,1798,1695030227,1695030227,2,160069,159671,161446,163398,1402046,842903,1427843,432068,123753,122992,125947,126017,1223066,1235435,1749054,981747,1,0,
1798,110491156385700,1.8119685,2,stimulus,112,110491154584600,1,0,16,1799,1695031231,1695031231,2,160013,159616,161402,163355,1401989,842843,1427788,431998,123698,122943,125891,125978,1223006,1235377,1748992,981674,1,0,
1799,110491163134700,1.8187175,2,stimulus,112,110491154584600,1,0,16,1800,1695032236,1695032236,2,160096,159697,161490,163436,1402055,842919,1427869,432072,123792,123029,125976,126069,1223086,1235458,1749073,981761,1,0,
1800,110491163134700,1.8187175,2,stimulus,112,110491154584600,1,0,16,1801,1695033241,1695033241,2,160285,159884,161667,163620,1402226,843087,1428043,432249,123996,123221,126173,126251,1223256,1235633,1749248,981946,1,0,
1801,110491163134700,1.8187175,2,stimulus,112,110491154584600,1,0,16,1802,1695034246,1695034246,2,160233,159849,161636,163594,1402183,843039,1427999,432196,123950,123173,126144,126213,1223208,1235574,1749179,981879,1,0,
1802,110491163134700,1.8187175,2,stimulus,112,110491154584600,1,0,16,1803,1695035251,1695035251,2,159840,159492,161305,163281,1401846,842703,1427644,431814,123553,122799,125785,125864,1222854,1235221,1748799,981471,1,0,
1803,110491163134700,1.8187175,2,stimulus,112,110491154584600,1,0,16,1804,1695036256,1695036256,2,159897,159554,161382,163364,1401938,842796,1427742,431896,123613,122851,125860,125939,1222950,1235316,1748903,981566,1,0,
1804,110491163134700,1.8187175,2,stimulus,112,110491154584600,1,0,16,1805,1695037261,1695037261,2,160037,159689,161511,163494,1402090,842949,1427899,432060,123745,122976,125991,126073,1223121,1235478,1749069,981737,1,0,
1805,110491163134700,1.8187175,2,stimulus,112,110491154584600,1,0,16,1806,1695038266,1695038266,2,160168,159806,161628,163606,1402224,843082,1428039,432201,123873,123098,126108,126190,1223268,1235622,1749215,981903,1,0,
1806,110491170234600,1.8258174,2,stimulus,112,110491154584600,1,0,16,1807,1695039271,1695039271,2,160263,159870,161690,163669,1402293,843152,1428121,432282,123953,123183,126175,126258,1223352,1235713,1749296,982001,1,0,
1807,110491170234600,1.8258174,2,stimulus,112,110491154584600,1,0,16,1808,1695040275,1695040275,2,160334,159922,161735,163707,1402347,843203,1428175,432336,124023,123243,126224,126308,1223404,1235771,1749362,982077,1,0,
1808,110491170234600,1.8258174,2,stimulus,112,110491154584600,1,0,16,1809,1695041280,1695041280,2,160503,160066,161868,163833,1402474,843329,1428309,432466,124182,123396,126369,126437,1223544,1235916,1749516,982244,1,0,
1809,110491170234600,1.8258174,2,stimulus,112,110491154584600,1,0,16,1810,1695042285,1695042285,2,160458,160019,161814,163779,1402406,843265,1428241,432403,124134,123353,126324,126370,1223487,1235842,1749443,982187,1,0,
1810,110491170234600,1.8258174,2,stimulus,112,110491154584600,1,0,16,1811,1695043290,1695043290,2,160274,159855,161634,163610,1402223,843084,1428044,432195,123946,123164,126141,126202,1223297,1235657,1749248,981991,1,0,
1811,110491170234600,1.8258174,2,stimulus,112,110491154584600,1,0,16,1812,1695044295,1695044295,2,160315,159906,161663,163641,1402251,843111,1428077,432218,123988,123195,126173,126240,1223331,1235698,1749287,982038,1,0,
1812,110491170234600,1.8258174,2,stimulus,112,110491154584600,1,0,16,1813,1695045300,1695045300,2,160312,159914,161661,163641,1402246,843095,1428072,432210,123994,123206,126178,126244,1223331,1235688,1749278,982039,1,0,
1813,110491177163100,1.8327459,2,stimulus,113,110491171939400,1,0,16,1814,1695046305,1695046305,2,160279,159889,161632,163616,1402212,843066,1428035,432177,123966,123187,126151,126223,1223299,1235656,1749248,982011,1,0,
1814,110491177163100,1.8327459,2,stimulus,113,110491171939400,1,0,16,1815,1695047310,1695047310,2,160326,159931,161671,163651,1402246,843096,1428064,432203,124002,123223,126190,126264,1223328,1235682,1749266,982038,1,0,
1815,110491177163100,1.8327459,2,stimulus,113,110491171939400,1,0,16,1816,1695048315,1695048315,2,160351,159940,161686,163664,1402253,843097,1428063,432208,124028,123234,126199,126284,1223324,1235674,1749254,982030,1,0,
1816,110491177163100,1.8327459,2,stimulus,113,110491171939400,1,0,16,1817,1695049320,1695049320,2,160224,159809,161569,163544,1402121,842960,1427923,432060,123905,123112,126073,126151,1223181,1235521,1749095,981858,1,0,
1817,110491177163100,1.8327459,2,stimulus,113,110491171939400,1,0,16,1818,1695050325,1695050325,2,160073,159657,161432,163396,1401974,842809,1427767,431893,123756,122961,125925,125984,1223012,1235355,1748919,981669,1,0,
1818,110491177163100,1.8327459,2,stimulus,113,110491171939400,1,0,16,1819,1695051330,1695051330,2,160009,159606,161382,163338,1401916,842748,1427702,431826,123697,122904,125873,125923,1222941,1235290,1748843,981595,1,0,
1819,110491177163100,1.8327459,2,stimulus,113,110491171939400,1,0,16,1820,1695052335,1695052335,2,160101,159691,161471,163419,1401984,842824,1427787,431909,123809,122992,125967,126006,1223027,1235369,1748919,981682,1,0,
1820,110491184174800,1.8397576,2,stimulus,113,110491171939400,1,0,16,1821,1695053340,1695053340,2,160309,159881,161664,163608,1402157,843004,1427978,432096,124030,123199,126161,126201,1223206,1235550,1749097,981886,1,0,
1821,110491184174800,1.8397576,2,stimulus,113,110491171939400,1,0,16,1822,1695054344,1695054344,2,160250,159832,161611,163570,1402103,842944,1427914,432033,123964,123156,126109,126153,1223143,1235481,1749018,981806,1,0,
1822,110491184174800,1.8397576,2,stimulus,113,110491171939400,1,0,16,1823,1695055350,1695055350,2,159861,159496,161283,163259,1401784,842623,1427579,431659,123567,122797,125774,125819,1222802,1235135,1748652,981410,1,0,
1823,110491184174800,1.8397576,2,stimulus,113,110491171939400,1,0,16,1824,1695056355,1695056355,2,159923,159573,161363,163337,1401885,842719,1427681,431746,123633,122864,125859,125898,1222909,1235244,1748759,981513,1,0,
1824,110491184174800,1.8397576,2,stimulus,113,110491171939400,1,0,16,1825,1695057359,1695057359,2,160052,159703,161480,163470,1402028,842863,1427831,431904,123764,122988,125989,126032,1223071,1235398,1748921,981685,1,0,
1825,110491184174800,1.8397576,2,stimulus,113,110491171939400,1,0,16,1826,1695058365,1695058365,2,160171,159818,161588,163569,1402151,842988,1427954,432029,123875,123103,126090,126147,1223208,1235534,1749061,981838,1,0,
1826,110491184174800,1.8397576,2,stimulus,113,110491171939400,1,0,16,1827,1695059370,1695059370,2,160245,159881,161648,163621,1402209,843046,1428024,432106,123947,123165,126142,126201,1223279,1235609,1749137,981921,1,0,
1827,110491191156600,1.8467394,2,stimulus,114,110491190004100,1,1,16,1828,1695060375,1695060375,2,160318,159934,161699,163669,1402264,843094,1428086,432171,124004,123225,126204,126268,1223338,1235678,1749204,982006,1,0,
1828,110491191156600,1.8467394,2,stimulus,114,110491190004100,1,1,16,1829,1695061380,1695061380,2,160491,160089,161838,163818,1402399,843242,1428238,432328,124174,123390,126364,126421,1223501,1235836,1749371,982191,1,0,
1829,110491191156600,1.8467394,2,stimulus,114,110491190004100,1,1,16,1830,1695062385,1695062385,2,160439,160048,161788,163772,1402354,843189,1428183,432271,124126,123349,126320,126371,1223447,1235784,1749314,982139,1,0,
1830,110491191156600,1.8467394,2,stimulus,114,110491190004100,1,1,16,1831,1695063390,1695063390,2,160246,159881,161625,163601,1402184,843014,1427996,432083,123933,123170,126148,126203,1223263,1235600,1749134,981952,1,0,
1831,110491191156600,1.8467394,2,stimulus,114,110491190004100,1,1,16,1832,1695064395,1695064395,2,160300,159921,161660,163626,1402215,843047,1428030,432116,123979,123199,126200,126251,1223304,1235644,1749168,982004,1,0,
1832,110491191156600,1.8467394,2,stimulus,114,110491190004100,1,1,16,1833,1695065400,1695065400,2,160304,159917,161658,163617,1402209,843037,1428021,432099,123993,123203,126204,126256,1223295,1235646,1749154,981999,1,0,
1833,110491191156600,1.8467394,2,stimulus,114,110491190004100,1,1,16,1834,1695066405,1695066405,2,160293,159915,161651,163613,1402194,843023,1428004,432086,123998,123195,126211,126259,1223289,1235626,1749142,981991,1,0,
1834,110491198345200,1.853928,2,stimulus,114,110491190004100,1,1,16,1835,1695067409,1695067409,2,160376,159994,161728,163678,1402261,843089,1428066,432150,124084,123262,126284,126337,1223347,1235684,1749204,982058,1,0,
1835,110491198345200,1.853928,2,stimulus,114,110491190004100,1,1,16,1836,1695068415,1695068415,2,160405,160006,161759,163693,1402269,843093,1428081,432152,124112,123280,126299,126346,1223346,1235686,1749198,982046,1,0,
1836,110491198345200,1.853928,2,stimulus,114,110491190004100,1,1,16,1837,1695069420,1695069420,2,160270,159874,161621,163573,1402116,842946,1427926,431990,123969,123138,126152,126195,1223179,1235518,1749011,981857,1,0,
1837,110491198345200,1.853928,2,stimulus,114,110491190004100,1,1,16,1838,1695070425,1695070425,2,160118,159732,161479,163429,1401961,842789,1427763,431828,123819,122987,125999,126032,1223018,1235348,1748836,981679,1,0,
1838,110491198345200,1.853928,2,stimulus,114,110491190004100,1,1,16,1839,1695071430,1695071430,2,160069,159692,161434,163382,1401906,842738,1427712,431776,123779,122941,125948,125984,1222954,1235281,1748771,981614,1,0,
1839,110491198345200,1.853928,2,stimulus,114,110491190004100,1,1,16,1840,1695072435,1695072435,2,160151,159771,161510,163459,1401983,842801,1427779,431838,123864,123024,126025,126064,1223021,1235343,1748842,981690,1,0,
1840,110491198345200,1.853928,2,stimulus,114,110491190004100,1,1,16,1841,1695073440,1695073440,2,160342,159943,161687,163637,1402140,842963,1427945,432002,124060,123211,126204,126226,1223193,1235516,1749007,981863,1,0,
1841,110491205407100,1.8609899,2,stimulus,114,110491190004100,1,1,16,1842,1695074445,1695074445,2,160267,159872,161623,163584,1402062,842897,1427874,431925,123990,123151,126147,126158,1223116,1235438,1748914,981764,1,0,
1842,110491205407100,1.8609899,2,stimulus,114,110491190004100,1,1,16,1843,1695075450,1695075450,2,159883,159537,161306,163276,1401745,842571,1427543,431559,123603,122796,125813,125829,1222776,1235089,1748548,981379,1,0,
1843,110491205407100,1.8609899,2,stimulus,114,110491190004100,1,1,16,1844,1695076455,1695076455,2,159959,159613,161393,163361,1401853,842672,1427651,431653,123661,122876,125888,125916,1222893,1235203,1748655,981488,1,0,
1844,110491205407100,1.8609899,2,stimulus,114,110491190004100,1,1,16,1845,1695077460,1695077460,2,160105,159733,161534,163491,1402006,842830,1427813,431821,123801,123012,126026,126062,1223068,1235378,1748826,981667,1,0,
1845,110491205407100,1.8609899,2,stimulus,114,110491190004100,1,1,16,1846,1695078465,1695078465,2,160224,159851,161652,163600,1402142,842961,1427960,431959,123926,123135,126149,126181,1223219,1235521,1748980,981828,1,0,
1846,110491205407100,1.8609899,2,stimulus,114,110491190004100,1,1,16,1847,1695079471,1695079471,2,160293,159924,161703,163655,1402211,843028,1428026,432028,123999,123202,126207,126249,1223298,1235595,1749064,981924,1,0,
1847,110491205407100,1.8609899,2,stimulus,114,110491190004100,1,1,16,1848,1695080476,1695080476,2,160368,159987,161753,163707,1402268,843080,1428083,432097,124066,123267,126260,126313,1223354,1235672,1749131,982015,1,0,
1848,110491212187600,1.8677704,2,stimulus,115,110491207681200,1,1,16,1849,1695081481,1695081481,2,160534,160139,161907,163850,1402411,843229,1428233,432261,124244,123433,126416,126474,1223511,1235830,1749293,982197,1,0,
1849,110491212187600,1.8677704,2,stimulus,115,110491207681200,1,1,16,1850,1695082486,1695082486,2,160481,160092,161856,163788,1402340,843163,1428162,432172,124182,123383,126347,126421,1223440,1235759,1749217,982132,1,0,
1850,110491212187600,1.8677704,2,stimulus,115,110491207681200,1,1,16,1851,1695083491,1695083491,2,160295,159928,161686,163628,1402170,842978,1427978,431969,123985,123201,126178,126259,1223259,1235582,1749029,981936,1,0,
1851,110491212187600,1.8677704,2,stimulus,115,110491207681200,1,1,16,1852,1695084496,1695084496,2,160343,159967,161714,163658,1402198,843017,1428013,432005,124034,123246,126214,126300,1223295,1235614,1749071,981987,1,0,
1852,110491212187600,1.8677704,2,stimulus,115,110491207681200,1,1,16,1853,1695085501,1695085501,2,160344,159956,161709,163642,1402176,842996,1427994,431991,124026,123241,126208,126290,1223284,1235598,1749053,981983,1,0,
1853,110491212187600,1.8677704,2,stimulus,115,110491207681200,1,1,16,1854,1695086507,1695086507,2,160321,159939,161698,163619,1402151,842964,1427966,431956,124007,123217,126204,126261,1223256,1235568,1749023,981956,1,0,
1854,110491212187600,1.8677704,2,stimulus,115,110491207681200,1,1,16,1855,1695087512,1695087512,2,160364,159978,161732,163654,1402179,842995,1427993,431983,124050,123259,126251,126290,1223277,1235592,1749048,981974,1,0,
1855,110491219242400,1.8748252,2,stimulus,115,110491207681200,1,1,16,1856,1695088517,1695088517,2,160373,159982,161723,163660,1402172,842986,1427983,431973,124050,123256,126256,126281,1223259,1235578,1749024,981953,1,0,
1856,110491219242400,1.8748252,2,stimulus,115,110491207681200,1,1,16,1857,1695089522,1695089522,2,160251,159868,161609,163554,1402048,842854,1427846,431834,123928,123129,126134,126149,1223121,1235436,1748866,981797,1,0,
1857,110491219242400,1.8748252,2,stimulus,115,110491207681200,1,1,16,1858,1695090528,1695090528,2,160110,159740,161479,163415,1401906,842715,1427699,431679,123789,122993,126000,126019,1222968,1235275,1748708,981630,1,0,
1858,110491219242400,1.8748252,2,stimulus,115,110491207681200,1,1,16,1859,1695091533,1695091533,2,160055,159687,161429,163359,1401836,842649,1427632,431614,123738,122944,125933,125963,1222897,1235201,1748632,981546,1,0,
1859,110491219242400,1.8748252,2,stimulus,115,110491207681200,1,1,16,1860,1695092538,1695092538,2,160138,159758,161503,163449,1401901,842713,1427706,431689,123829,123025,126003,126046,1222972,1235269,1748700,981623,1,0,
1860,110491219242400,1.8748252,2,stimulus,115,110491207681200,1,1,16,1861,1695093543,1695093543,2,160333,159935,161674,163619,1402073,842874,1427876,431861,124026,123204,126174,126231,1223144,1235443,1748870,981804,1,0,
1861,110491219242400,1.8748252,2,stimulus,115,110491207681200,1,1,16,1862,1695094548,1695094548,2,160262,159873,161609,163571,1402010,842816,1427812,431787,123958,123139,126115,126177,1223072,1235361,1748778,981713,1,0,
1862,110491226150500,1.8817333,2,stimulus,116,110491224470900,1,1,16,1863,1695095554,1695095554,2,159879,159533,161293,163267,1401698,842498,1427481,431422,123572,122793,125778,125847,1222736,1235026,1748420,981329,1,0,
1863,110491226150500,1.8817333,2,stimulus,116,110491224470900,1,1,16,1864,1695096559,1695096559,2,159954,159613,161391,163360,1401807,842608,1427592,431516,123649,122876,125871,125949,1222853,1235145,1748533,981445,1,0,
1864,110491226150500,1.8817333,2,stimulus,116,110491224470900,1,1,16,1865,1695097564,1695097564,2,160104,159738,161520,163496,1401966,842764,1427750,431674,123788,123007,126010,126099,1223028,1235319,1748701,981620,1,0,
1865,110491226150500,1.8817333,2,stimulus,116,110491224470900,1,1,16,1866,1695098569,1695098569,2,160240,159847,161631,163591,1402094,842898,1427890,431817,123922,123123,126134,126216,1223168,1235461,1748846,981776,1,0,
1866,110491226150500,1.8817333,2,stimulus,116,110491224470900,1,1,16,1867,1695099574,1695099574,2,160324,159917,161706,163653,1402164,842974,1427966,431898,123995,123198,126218,126284,1223251,1235543,1748943,981879,1,0,
1867,110491226150500,1.8817333,2,stimulus,116,110491224470900,1,1,16,1868,1695100579,1695100579,2,160406,160001,161790,163729,1402236,843050,1428039,431980,124081,123286,126294,126351,1223333,1235623,1749029,981983,1,0,
1868,110491226150500,1.8817333,2,stimulus,116,110491224470900,1,1,16,1869,1695101585,1695101585,2,160570,160151,161929,163859,1402377,843193,1428191,432132,124258,123443,126442,126504,1223484,1235786,1749183,982164,1,0,
1869,110491233208300,1.8887911,2,stimulus,116,110491224470900,1,1,16,1870,1695102590,1695102590,2,160500,160084,161866,163789,1402308,843124,1428117,432056,124206,123379,126371,126448,1223414,1235719,1749108,982096,1,0,
1870,110491233208300,1.8887911,2,stimulus,116,110491224470900,1,1,16,1871,1695103595,1695103595,2,160311,159921,161703,163645,1402143,842949,1427941,431865,124019,123216,126203,126283,1223241,1235548,1748921,981908,1,0,
1871,110491233208300,1.8887911,2,stimulus,116,110491224470900,1,1,16,1872,1695104600,1695104600,2,160353,159967,161733,163692,1402175,842988,1427974,431891,124066,123254,126249,126323,1223281,1235586,1748969,981960,1,0,
1872,110491233208300,1.8887911,2,stimulus,116,110491224470900,1,1,16,1873,1695105605,1695105605,2,160363,159958,161714,163681,1402158,842969,1427956,431872,124080,123247,126237,126306,1223266,1235571,1748954,981948,1,0,
1873,110491233208300,1.8887911,2,stimulus,116,110491224470900,1,1,16,1874,1695106610,1695106610,2,160354,159938,161700,163668,1402137,842953,1427931,431845,124065,123231,126220,126287,1223246,1235546,1748926,981926,1,0,
1874,110491233208300,1.8887911,2,stimulus,116,110491224470900,1,1,16,1875,1695107615,1695107615,2,160401,159979,161748,163709,1402170,842987,1427969,431879,124113,123288,126271,126342,1223281,1235586,1748959,981966,1,0,
1875,110491233208300,1.8887911,2,stimulus,116,110491224470900,1,1,16,1876,1695108621,1695108621,2,160408,159978,161751,163714,1402161,842970,1427963,431872,124118,123297,126273,126338,1223256,1235566,1748936,981946,1,0,
1876,110491240508100,1.8960909,2,stimulus,117,110491240860500,1,0,16,1877,1695109626,1695109626,2,160269,159851,161616,163594,1402018,842829,1427815,431714,123973,123164,126123,126196,1223098,1235398,1748761,981762,1,0,
1877,110491240508100,1.8960909,2,stimulus,117,110491240860500,1,0,16,1878,1695110631,1695110631,2,160122,159706,161476,163451,1401879,842683,1427654,431548,123821,123018,125973,126049,1222933,1235228,1748587,981579,1,0,
1878,110491240508100,1.8960909,2,stimulus,117,110491240860500,1,0,16,1879,1695111636,1695111636,2,160076,159651,161428,163387,1401828,842626,1427589,431494,123768,122966,125933,125998,1222868,1235162,1748523,981511,1,0,
1879,110491240508100,1.8960909,2,stimulus,117,110491240860500,1,0,16,1880,1695112641,1695112641,2,160177,159741,161514,163473,1401901,842710,1427677,431582,123856,123055,126041,126084,1222951,1235244,1748606,981608,1,0,
1880,110491240508100,1.8960909,2,stimulus,117,110491240860500,1,0,16,1881,1695113646,1695113646,2,160349,159903,161685,163638,1402040,842857,1427837,431734,124039,123214,126196,126255,1223100,1235407,1748758,981769,1,0,
1881,110491240508100,1.8960909,2,stimulus,117,110491240860500,1,0,16,1882,1695114651,1695114651,2,160256,159824,161605,163561,1401949,842770,1427748,431634,123956,123139,126109,126180,1223009,1235308,1748644,981649,1,0,
1882,110491240508100,1.8960909,2,stimulus,117,110491240860500,1,0,16,1883,1695115656,1695115656,2,159885,159498,161289,163248,1401650,842461,1427421,431273,123577,122808,125776,125864,1222688,1234974,1748296,981271,1,0,
1883,110491247196900,1.9027797,2,stimulus,117,110491240860500,1,0,16,1884,1695116661,1695116661,2,159948,159573,161371,163330,1401748,842566,1427523,431359,123629,122873,125854,125944,1222796,1235087,1748396,981385,1,0,
1884,110491247196900,1.9027797,2,stimulus,117,110491240860500,1,0,16,1885,1695117666,1695117666,2,160059,159687,161491,163442,1401886,842704,1427662,431507,123746,122989,125992,126061,1222949,1235236,1748541,981546,1,0,
1885,110491247196900,1.9027797,2,stimulus,117,110491240860500,1,0,16,1886,1695118672,1695118672,2,160174,159792,161583,163534,1401998,842816,1427781,431635,123860,123090,126092,126168,1223075,1235363,1748671,981691,1,0,
1886,110491247196900,1.9027797,2,stimulus,117,110491240860500,1,0,16,1887,1695119677,1695119677,2,160244,159839,161633,163586,1402050,842873,1427844,431694,123927,123141,126142,126214,1223141,1235429,1748740,981771,1,0,
1887,110491247196900,1.9027797,2,stimulus,117,110491240860500,1,0,16,1888,1695120682,1695120682,2,160336,159903,161703,163647,1402115,842933,1427914,431775,124008,123214,126211,126276,1223217,1235508,1748819,981859,1,0,
1888,110491247196900,1.9027797,2,stimulus,117,110491240860500,1,0,16,1889,1695121687,1695121687,2,160503,160053,161853,163787,1402261,843080,1428068,431931,124186,123371,126367,126416,1223377,1235668,1748980,982043,1,0,
1889,110491247196900,1.9027797,2,stimulus,117,110491240860500,1,0,16,1890,1695122693,1695122693,2,160443,160001,161804,163731,1402193,843010,1427993,431851,124131,123311,126313,126356,1223301,1235594,1748908,981979,1,0,
1890,110491254378500,1.9099613,2,stimulus,117,110491240860500,1,0,16,1891,1695123698,1695123698,2,160259,159848,161655,163583,1402035,842853,1427820,431659,123966,123146,126147,126194,1223131,1235426,1748737,981801,1,0,
1891,110491254378500,1.9099613,2,stimulus,117,110491240860500,1,0,16,1892,1695124703,1695124703,2,160311,159897,161705,163623,1402069,842889,1427859,431700,124013,123201,126186,126249,1223177,1235471,1748784,981852,1,0,
1892,110491254378500,1.9099613,2,stimulus,117,110491240860500,1,0,16,1893,1695125708,1695125708,2,160300,159879,161682,163611,1402038,842868,1427830,431676,123996,123181,126179,126255,1223154,1235450,1748761,981842,1,0,
1893,110491254378500,1.9099613,2,stimulus,117,110491240860500,1,0,16,1894,1695126713,1695126713,2,160288,159863,161652,163596,1402014,842843,1427806,431641,123966,123162,126166,126236,1223133,1235430,1748729,981814,1,0,
1894,110491254378500,1.9099613,2,stimulus,117,110491240860500,1,0,16,1895,1695127718,1695127718,2,160333,159901,161685,163629,1402041,842866,1427838,431667,124000,123203,126207,126271,1223158,1235454,1748753,981838,1,0,
1895,110491254378500,1.9099613,2,stimulus,117,110491240860500,1,0,16,1896,1695128723,1695128723,2,160336,159896,161697,163628,1402036,842855,1427823,431660,124004,123200,126212,126264,1223143,1235426,1748725,981814,1,0,
1896,110491254378500,1.9099613,2,stimulus,117,110491240860500,1,0,16,1897,1695129729,1695129729,2,160199,159748,161575,163498,1401899,842718,1427674,431503,123866,123055,126073,126123,1222984,1235267,1748555,981643,1,0,
1897,110491261163400,1.9167462,2,stimulus,118,110491257244800,1,0,16,1898,1695130733,1695130733,2,160043,159612,161433,163355,1401753,842571,1427523,431337,123729,122910,125936,125979,1222818,1235100,1748378,981455,1,0,
1898,110491261163400,1.9167462,2,stimulus,118,110491257244800,1,0,16,1899,1695131739,1695131739,2,159983,159570,161380,163293,1401693,842506,1427455,431266,123684,122856,125874,125921,1222741,1235033,1748299,981369,1,0,
1899,110491261163400,1.9167462,2,stimulus,118,110491257244800,1,0,16,1900,1695132744,1695132744,2,160068,159650,161442,163371,1401754,842573,1427523,431333,123769,122931,125956,125985,1222803,1235093,1748368,981445,1,0,
1900,110491261163400,1.9167462,2,stimulus,118,110491257244800,1,0,16,1901,1695133749,1695133749,2,160244,159806,161600,163540,1401906,842730,1427683,431499,123954,123111,126127,126151,1222968,1235255,1748526,981616,1,0,
1901,110491261163400,1.9167462,2,stimulus,118,110491257244800,1,0,16,1902,1695134754,1695134754,2,160139,159719,161525,163461,1401813,842641,1427589,431398,123849,123031,126049,126078,1222871,1235149,1748414,981492,1,0,
1902,110491261163400,1.9167462,2,stimulus,118,110491257244800,1,0,16,1903,1695135759,1695135759,2,159777,159408,161218,163169,1401513,842340,1427268,431048,123479,122689,125731,125764,1222554,1234821,1748064,981124,1,0,
1903,110491261163400,1.9167462,2,stimulus,118,110491257244800,1,0,16,1904,1695136763,1695136763,2,159866,159505,161313,163277,1401631,842453,1427387,431163,123564,122778,125830,125861,1222681,1234948,1748188,981250,1,0,
1904,110491268248400,1.9238312,2,stimulus,118,110491257244800,1,0,16,1905,1695137768,1695137768,2,160008,159634,161448,163419,1401783,842609,1427551,431324,123701,122931,125962,125995,1222849,1235118,1748351,981436,1,0,
1905,110491268248400,1.9238312,2,stimulus,118,110491257244800,1,0,16,1906,1695138773,1695138773,2,160146,159741,161561,163526,1401905,842737,1427682,431451,123834,123049,126072,126098,1222993,1235265,1748497,981591,1,0,
1906,110491268248400,1.9238312,2,stimulus,118,110491257244800,1,0,16,1907,1695139778,1695139778,2,160218,159801,161608,163578,1401963,842802,1427749,431523,123901,123112,126130,126164,1223065,1235334,1748574,981678,1,0,
1907,110491268248400,1.9238312,2,stimulus,118,110491257244800,1,0,16,1908,1695140783,1695140783,2,160321,159884,161681,163651,1402050,842890,1427831,431618,123995,123203,126221,126255,1223154,1235430,1748669,981793,1,0,
1908,110491268248400,1.9238312,2,stimulus,118,110491257244800,1,0,16,1909,1695141788,1695141788,2,160485,160027,161816,163784,1402188,843026,1427971,431768,124154,123356,126366,126406,1223304,1235584,1748822,981961,1,0,
1909,110491268248400,1.9238312,2,stimulus,118,110491257244800,1,0,16,1910,1695142793,1695142793,2,160415,159949,161744,163726,1402104,842939,1427885,431679,124074,123297,126305,126339,1223220,1235496,1748732,981884,1,0,
1910,110491268248400,1.9238312,2,stimulus,118,110491257244800,1,0,16,1911,1695143798,1695143798,2,160234,159779,161576,163572,1401926,842765,1427704,431484,123889,123121,126148,126176,1223048,1235323,1748551,981703,1,0,
1911,110491275215000,1.9307978,2,stimulus,118,110491257244800,1,0,16,1912,1695144803,1695144803,2,160279,159807,161606,163603,1401955,842796,1427729,431509,123932,123153,126173,126213,1223086,1235361,1748593,981746,1,0,
1912,110491275215000,1.9307978,2,stimulus,118,110491257244800,1,0,16,1913,1695145808,1695145808,2,160261,159779,161591,163576,1401929,842766,1427700,431479,123921,123137,126149,126191,1223056,1235333,1748554,981716,1,0,
1913,110491275215000,1.9307978,2,stimulus,118,110491257244800,1,0,16,1914,1695146813,1695146813,2,160244,159767,161574,163562,1401901,842750,1427679,431456,123912,123117,126141,126167,1223028,1235304,1748523,981691,1,0,
1914,110491275215000,1.9307978,2,stimulus,118,110491257244800,1,0,16,1915,1695147818,1695147818,2,160300,159824,161630,163613,1401941,842792,1427723,431496,123964,123180,126193,126218,1223075,1235346,1748566,981735,1,0,
1915,110491275215000,1.9307978,2,stimulus,118,110491257244800,1,0,16,1916,1695148823,1695148823,2,160313,159829,161634,163613,1401941,842785,1427718,431486,123970,123188,126201,126220,1223063,1235330,1748549,981713,1,0,
1916,110491275215000,1.9307978,2,stimulus,118,110491257244800,1,0,16,1917,1695149828,1695149828,2,160178,159704,161508,163481,1401806,842643,1427567,431336,123826,123053,126082,126077,1222899,1235171,1748368,981540,1,0,
1917,110491275215000,1.9307978,2,stimulus,118,110491257244800,1,0,16,1918,1695150833,1695150833,2,160033,159571,161381,163356,1401661,842500,1427418,431177,123684,122918,125941,125933,1222743,1235006,1748194,981368,1,0,
1918,110491282207700,1.9377905,2,stimulus,119,110491276618500,1,0,16,1919,1695151838,1695151838,2,159973,159523,161327,163303,1401594,842436,1427358,431102,123641,122858,125882,125864,1222671,1234938,1748120,981286,1,0,
1919,110491282207700,1.9377905,2,stimulus,119,110491276618500,1,0,16,1920,1695152843,1695152843,2,160066,159608,161419,163391,1401674,842516,1427441,431196,123749,122946,125977,125953,1222762,1235021,1748209,981383,1,0,
1920,110491282207700,1.9377905,2,stimulus,119,110491276618500,1,0,16,1921,1695153848,1695153848,2,160262,159791,161609,163568,1401844,842688,1427626,431382,123954,123138,126171,126137,1222948,1235206,1748391,981574,1,0,
1921,110491282207700,1.9377905,2,stimulus,119,110491276618500,1,0,16,1922,1695154853,1695154853,2,160140,159697,161518,163474,1401748,842586,1427521,431264,123844,123038,126072,126048,1222834,1235091,1748263,981440,1,0,
1922,110491282207700,1.9377905,2,stimulus,119,110491276618500,1,0,16,1923,1695155858,1695155858,2,159766,159372,161208,163173,1401438,842289,1427186,430904,123461,122701,125730,125732,1222503,1234761,1747908,981064,1,0,
1923,110491282207700,1.9377905,2,stimulus,119,110491276618500,1,0,16,1924,1695156863,1695156863,2,159858,159461,161306,163263,1401549,842408,1427302,431014,123543,122785,125818,125840,1222627,1234882,1748028,981184,1,0,
1924,110491282207700,1.9377905,2,stimulus,119,110491276618500,1,0,16,1925,1695157868,1695157868,2,160009,159594,161431,163381,1401701,842557,1427461,431174,123681,122916,125953,125979,1222793,1235044,1748196,981363,1,0,
1925,110491289370900,1.9449537,2,stimulus,120,110491288835000,1,1,16,1926,1695158873,1695158873,2,160138,159714,161530,163481,1401814,842672,1427588,431297,123805,123029,126051,126073,1222924,1235178,1748330,981502,1,0,
1926,110491289370900,1.9449537,2,stimulus,120,110491288835000,1,1,16,1927,1695159878,1695159878,2,160199,159760,161583,163528,1401873,842728,1427654,431363,123869,123090,126095,126123,1222994,1235254,1748401,981586,1,0,
1927,110491289370900,1.9449537,2,stimulus,120,110491288835000,1,1,16,1928,1695160883,1695160883,2,160279,159842,161659,163590,1401943,842802,1427727,431449,123955,123169,126166,126196,1223081,1235328,1748488,981694,1,0,
1928,110491289370900,1.9449537,2,stimulus,120,110491288835000,1,1,16,1929,1695161888,1695161888,2,160433,159979,161795,163712,1402069,842933,1427869,431579,124104,123304,126309,126337,1223209,1235471,1748634,981859,1,0,
1929,110491289370900,1.9449537,2,stimulus,120,110491288835000,1,1,16,1930,1695162893,1695162893,2,160354,159894,161711,163634,1401978,842846,1427766,431482,124016,123227,126237,126263,1223113,1235379,1748541,981764,1,0,
1930,110491289370900,1.9449537,2,stimulus,120,110491288835000,1,1,16,1931,1695163898,1695163898,2,160187,159740,161558,163485,1401822,842686,1427599,431304,123846,123073,126083,126106,1222954,1235216,1748374,981595,1,0,
1931,110491289370900,1.9449537,2,stimulus,120,110491288835000,1,1,16,1932,1695164903,1695164903,2,160224,159778,161596,163523,1401861,842717,1427635,431346,123894,123119,126126,126136,1222996,1235260,1748413,981643,1,0,
1932,110491296202100,1.9517849,2,stimulus,120,110491288835000,1,1,16,1933,1695165908,1695165908,2,160204,159767,161575,163502,1401833,842694,1427616,431314,123890,123109,126117,126134,1222974,1235239,1748391,981629,1,0,
1933,110491296202100,1.9517849,2,stimulus,120,110491288835000,1,1,16,1934,1695166913,1695166913,2,160200,159761,161571,163488,1401815,842676,1427599,431290,123891,123099,126112,126134,1222956,1235225,1748375,981616,1,0,
1934,110491296202100,1.9517849,2,stimulus,120,110491288835000,1,1,16,1935,1695167918,1695167918,2,160253,159813,161618,163529,1401851,842711,1427629,431324,123943,123143,126161,126173,1222993,1235252,1748407,981648,1,0,
1935,110491296202100,1.9517849,2,stimulus,120,110491288835000,1,1,16,1936,1695168923,1695168923,2,160254,159821,161636,163536,1401842,842704,1427618,431314,123947,123134,126156,126172,1222973,1235223,1748379,981623,1,0,
1936,110491296202100,1.9517849,2,stimulus,120,110491288835000,1,1,16,1937,1695169928,1695169928,2,160120,159698,161514,163415,1401703,842571,1427473,431166,123817,122993,126027,126039,1222816,1235064,1748211,981454,1,0,
1937,110491296202100,1.9517849,2,stimulus,120,110491288835000,1,1,16,1938,1695170932,1695170932,2,159993,159580,161387,163303,1401583,842449,1427350,431028,123699,122876,125897,125916,1222682,1234928,1748058,981292,1,0,
1938,110491296202100,1.9517849,2,stimulus,120,110491288835000,1,1,16,1939,1695171938,1695171938,2,159959,159548,161354,163283,1401548,842408,1427304,430983,123673,122852,125864,125883,1222642,1234881,1748013,981239,1,0,
1939,110491303200600,1.9587834,2,stimulus,120,110491288835000,1,1,16,1940,1695172943,1695172943,2,160049,159634,161456,163377,1401638,842489,1427398,431079,123775,122959,125973,125978,1222730,1234975,1748097,981342,1,0,
1940,110491303200600,1.9587834,2,stimulus,120,110491288835000,1,1,16,1941,1695173947,1695173947,2,160231,159803,161631,163538,1401797,842653,1427561,431239,123960,123126,126153,126163,1222885,1235138,1748258,981516,1,0,
1941,110491303200600,1.9587834,2,stimulus,120,110491288835000,1,1,16,1942,1695174952,1695174952,2,160105,159705,161533,163456,1401691,842546,1427452,431119,123847,123019,126061,126067,1222771,1235020,1748121,981379,1,0,
1942,110491303200600,1.9587834,2,stimulus,120,110491288835000,1,1,16,1943,1695175957,1695175957,2,159750,159409,161248,163183,1401415,842261,1427150,430791,123494,122710,125754,125763,1222476,1234709,1747801,981033,1,0,
1943,110491303200600,1.9587834,2,stimulus,120,110491288835000,1,1,16,1944,1695176962,1695176962,2,159832,159499,161353,163283,1401529,842381,1427269,430899,123582,122798,125844,125853,1222601,1234831,1747926,981156,1,0,
1944,110491303200600,1.9587834,2,stimulus,120,110491288835000,1,1,16,1945,1695177967,1695177967,2,159954,159613,161467,163398,1401651,842515,1427411,431039,123704,122907,125963,125969,1222755,1234983,1748076,981314,1,0,
1945,110491303200600,1.9587834,2,stimulus,120,110491288835000,1,1,16,1946,1695178972,1695178972,2,160081,159720,161568,163503,1401769,842639,1427544,431171,123826,123014,126066,126069,1222891,1235133,1748216,981464,1,0,
1946,110491310206600,1.9657894,2,stimulus,121,110491305838400,1,1,16,1947,1695179977,1695179977,2,160161,159790,161634,163574,1401848,842714,1427626,431256,123909,123086,126128,126137,1222979,1235218,1748302,981567,1,0,
1947,110491310206600,1.9657894,2,stimulus,121,110491305838400,1,1,16,1948,1695180982,1695180982,2,160264,159879,161707,163654,1401935,842803,1427719,431343,124006,123173,126212,126227,1223067,1235309,1748399,981679,1,0,
1948,110491310206600,1.9657894,2,stimulus,121,110491305838400,1,1,16,1949,1695181987,1695181987,2,160438,160031,161851,163788,1402069,842939,1427859,431495,124176,123337,126364,126378,1223211,1235455,1748558,981856,1,0,
1949,110491310206600,1.9657894,2,stimulus,121,110491305838400,1,1,16,1950,1695182991,1695182991,2,160351,159941,161763,163699,1401970,842849,1427756,431388,124083,123251,126278,126276,1223111,1235360,1748450,981758,1,0,
1950,110491310206600,1.9657894,2,stimulus,121,110491305838400,1,1,16,1951,1695183996,1695183996,2,160178,159776,161603,163542,1401804,842680,1427579,431194,123899,123084,126119,126108,1222938,1235189,1748274,981568,1,0,
1951,110491310206600,1.9657894,2,stimulus,121,110491305838400,1,1,16,1952,1695185001,1695185001,2,160238,159830,161652,163590,1401852,842721,1427623,431234,123955,123132,126166,126158,1222985,1235243,1748322,981624,1,0,
1952,110491310206600,1.9657894,2,stimulus,121,110491305838400,1,1,16,1953,1695186006,1695186006,2,160243,159828,161642,163584,1401837,842712,1427613,431218,123954,123130,126164,126165,1222976,1235232,1748303,981619,1,0,
1953,110491317203700,1.9727865,2,stimulus,121,110491305838400,1,1,16,1954,1695187011,1695187011,2,160251,159831,161645,163583,1401833,842705,1427609,431211,123956,123147,126177,126176,1222967,1235215,1748301,981614,1,0,
1954,110491317203700,1.9727865,2,stimulus,121,110491305838400,1,1,16,1955,1695188016,1695188016,2,160304,159888,161703,163633,1401871,842747,1427654,431256,124013,123207,126237,126230,1223009,1235255,1748338,981655,1,0,
1955,110491317203700,1.9727865,2,stimulus,121,110491305838400,1,1,16,1956,1695189021,1695189021,2,160314,159896,161709,163632,1401868,842733,1427644,431248,124023,123201,126238,126221,1222998,1235245,1748314,981625,1,0,
1956,110491317203700,1.9727865,2,stimulus,121,110491305838400,1,1,16,1957,1695190026,1695190026,2,160183,159766,161577,163505,1401733,842592,1427495,431097,123888,123066,126094,126080,1222842,1235080,1748144,981451,1,0,
1957,110491317203700,1.9727865,2,stimulus,121,110491305838400,1,1,16,1958,1695191031,1695191031,2,160041,159635,161447,163376,1401595,842458,1427353,430947,123761,122925,125958,125949,1222681,1234921,1747983,981284,1,0,
1958,110491317203700,1.9727865,2,stimulus,121,110491305838400,1,1,16,1959,1695192036,1695192036,2,160018,159601,161419,163352,1401554,842419,1427310,430906,123721,122896,125929,125924,1222628,1234878,1747929,981234,1,0,
1959,110491317203700,1.9727865,2,stimulus,121,110491305838400,1,1,16,1960,1695193040,1695193040,2,160125,159698,161520,163453,1401641,842512,1427404,430989,123834,123001,126014,126016,1222725,1234967,1748014,981331,1,0,
1960,110491324226700,1.9798095,2,stimulus,122,110491323110100,1,1,16,1961,1695194045,1695194045,2,160301,159854,161688,163614,1401803,842669,1427574,431157,124032,123173,126184,126196,1222895,1235127,1748178,981507,1,0,
1961,110491324226700,1.9798095,2,stimulus,122,110491323110100,1,1,16,1962,1695195050,1695195050,2,160158,159733,161574,163504,1401675,842547,1427436,431016,123896,123056,126076,126081,1222758,1234988,1748026,981351,1,0,
1962,110491324226700,1.9798095,2,stimulus,122,110491323110100,1,1,16,1963,1695196055,1695196055,2,159809,159428,161285,163242,1401390,842262,1427131,430685,123544,122741,125764,125764,1222460,1234684,1747708,980997,1,0,
1963,110491324226700,1.9798095,2,stimulus,122,110491323110100,1,1,16,1964,1695197060,1695197060,2,159896,159518,161379,163331,1401513,842378,1427258,430799,123628,122832,125864,125860,1222583,1234809,1747829,981126,1,0,
1964,110491324226700,1.9798095,2,stimulus,122,110491323110100,1,1,16,1965,1695198065,1695198065,2,160031,159640,161499,163436,1401651,842523,1427408,430950,123744,122953,125984,126004,1222734,1234967,1747982,981289,1,0,
1965,110491324226700,1.9798095,2,stimulus,122,110491323110100,1,1,16,1966,1695199070,1695199070,2,160149,159749,161598,163533,1401769,842646,1427533,431079,123858,123066,126086,126112,1222876,1235102,1748114,981436,1,0,
1966,110491324226700,1.9798095,2,stimulus,122,110491323110100,1,1,16,1967,1695200075,1695200075,2,160235,159808,161658,163598,1401841,842718,1427613,431162,123928,123143,126151,126180,1222959,1235183,1748201,981531,1,0,
1967,110491331263200,1.986846,2,stimulus,122,110491323110100,1,1,16,1968,1695201080,1695201080,2,160336,159884,161729,163677,1401916,842794,1427695,431251,124016,123219,126224,126270,1223044,1235268,1748299,981635,1,0,
1968,110491331263200,1.986846,2,stimulus,122,110491323110100,1,1,16,1969,1695202085,1695202085,2,160491,160019,161851,163792,1402035,842918,1427827,431384,124176,123371,126365,126411,1223183,1235401,1748443,981803,1,0,
1969,110491331263200,1.986846,2,stimulus,122,110491323110100,1,1,16,1970,1695203090,1695203090,2,160388,159935,161745,163693,1401926,842805,1427714,431256,124080,123265,126248,126308,1223058,1235294,1748325,981686,1,0,
1970,110491331263200,1.986846,2,stimulus,122,110491323110100,1,1,16,1971,1695204095,1695204095,2,160204,159763,161596,163548,1401766,842638,1427540,431068,123904,123082,126073,126136,1222886,1235120,1748146,981507,1,0,
1971,110491331263200,1.986846,2,stimulus,122,110491323110100,1,1,16,1972,1695205100,1695205100,2,160250,159808,161639,163586,1401801,842679,1427577,431098,123954,123118,126106,126173,1222929,1235168,1748183,981556,1,0,
1972,110491331263200,1.986846,2,stimulus,122,110491323110100,1,1,16,1973,1695206105,1695206105,2,160253,159806,161634,163577,1401789,842668,1427558,431084,123953,123127,126101,126167,1222926,1235153,1748173,981554,1,0,
1973,110491331263200,1.986846,2,stimulus,122,110491323110100,1,1,16,1974,1695207110,1695207110,2,160239,159793,161629,163559,1401771,842643,1427539,431060,123944,123122,126095,126161,1222904,1235126,1748151,981548,1,0,
1974,110491338384100,1.9939669,2,stimulus,122,110491323110100,1,1,16,1975,1695208115,1695208115,2,160277,159833,161671,163603,1401796,842668,1427573,431089,123981,123162,126148,126196,1222929,1235154,1748177,981571,1,0,
1975,110491338384100,1.9939669,2,stimulus,122,110491323110100,1,1,16,1976,1695209120,1695209120,2,160281,159840,161660,163596,1401790,842658,1427558,431078,123967,123166,126149,126186,1222906,1235128,1748146,981532,1,0,
1976,110491338384100,1.9939669,2,stimulus,122,110491323110100,1,1,16,1977,1695210125,1695210125,2,160148,159706,161530,163457,1401646,842513,1427406,430923,123827,123025,126006,126050,1222750,1234972,1747971,981352,1,0,
1977,110491338384100,1.9939669,2,stimulus,122,110491323110100,1,1,16,1978,1695211130,1695211130,2,159993,159563,161390,163312,1401496,842357,1427249,430759,123671,122874,125866,125897,1222581,1234806,1747789,981170,1,0,
1978,110491338384100,1.9939669,2,stimulus,122,110491323110100,1,1,16,1979,1695212135,1695212135,2,159934,159520,161346,163264,1401444,842308,1427196,430697,123625,122820,125826,125844,1222523,1234733,1747723,981098,1,0,
1979,110491338384100,1.9939669,2,stimulus,122,110491323110100,1,1,16,1980,1695213140,1695213140,2,160058,159635,161466,163369,1401544,842413,1427302,430803,123748,122940,125940,125967,1222629,1234836,1747834,981211,1,0,
1980,110491338384100,1.9939669,2,stimulus,122,110491323110100,1,1,16,1981,1695214145,1695214145,2,160230,159791,161620,163529,1401690,842563,1427455,430959,123924,123117,126099,126133,1222778,1234989,1747986,981373,1,0,
1981,110491345204000,2.0007868,2,stimulus,123,110491340262100,1,0,16,1982,1695215150,1695215150,2,160066,159664,161484,163408,1401546,842424,1427304,430809,123765,122979,125959,125998,1222629,1234833,1747804,981199,1,0,
1982,110491345204000,2.0007868,2,stimulus,123,110491340262100,1,0,16,1983,1695216155,1695216155,2,159712,159373,161205,163136,1401272,842141,1427008,430487,123413,122656,125654,125704,1222334,1234536,1747484,980853,1,0,
1983,110491345204000,2.0007868,2,stimulus,123,110491340262100,1,0,16,1984,1695217160,1695217160,2,159806,159464,161306,163238,1401381,842251,1427133,430591,123498,122745,125751,125806,1222457,1234661,1747609,980981,1,0,
1984,110491345204000,2.0007868,2,stimulus,123,110491340262100,1,0,16,1985,1695218165,1695218165,2,159949,159584,161428,163359,1401533,842406,1427289,430748,123631,122868,125886,125934,1222626,1234826,1747778,981161,1,0,
1985,110491345204000,2.0007868,2,stimulus,123,110491340262100,1,0,16,1986,1695219170,1695219170,2,160074,159704,161548,163463,1401667,842544,1427424,430885,123760,122980,126011,126047,1222773,1234969,1747926,981316,1,0,
1986,110491345204000,2.0007868,2,stimulus,123,110491340262100,1,0,16,1987,1695220175,1695220175,2,160147,159769,161604,163518,1401735,842609,1427496,430959,123832,123049,126079,126106,1222844,1235044,1748008,981406,1,0,
1987,110491345204000,2.0007868,2,stimulus,123,110491340262100,1,0,16,1988,1695221179,1695221179,2,160243,159846,161671,163580,1401800,842680,1427568,431033,123934,123129,126149,126185,1222926,1235123,1748081,981510,1,0,
1988,110491352199400,2.0077822,2,stimulus,123,110491340262100,1,0,16,1989,1695222184,1695222184,2,160401,159980,161799,163704,1401919,842802,1427704,431161,124093,123268,126290,126323,1223061,1235262,1748224,981671,1,0,
1989,110491352199400,2.0077822,2,stimulus,123,110491340262100,1,0,16,1990,1695223189,1695223189,2,160326,159914,161719,163631,1401841,842716,1427613,431074,124014,123194,126221,126254,1222976,1235176,1748136,981587,1,0,
1990,110491352199400,2.0077822,2,stimulus,123,110491340262100,1,0,16,1991,1695224194,1695224194,2,160168,159764,161571,163493,1401686,842561,1427451,430913,123850,123048,126073,126104,1222818,1235018,1747971,981411,1,0,
1991,110491352199400,2.0077822,2,stimulus,123,110491340262100,1,0,16,1992,1695225199,1695225199,2,160226,159813,161616,163539,1401723,842605,1427497,430955,123908,123106,126114,126143,1222866,1235071,1748023,981469,1,0,
1992,110491352199400,2.0077822,2,stimulus,123,110491340262100,1,0,16,1993,1695226204,1695226204,2,160217,159804,161597,163521,1401711,842588,1427478,430928,123916,123103,126093,126138,1222847,1235051,1748003,981465,1,0,
1993,110491352199400,2.0077822,2,stimulus,123,110491340262100,1,0,16,1994,1695227209,1695227209,2,160213,159786,161581,163506,1401693,842563,1427450,430906,123907,123088,126069,126133,1222832,1235028,1747977,981445,1,0,
1994,110491352199400,2.0077822,2,stimulus,123,110491340262100,1,0,16,1995,1695228214,1695228214,2,160238,159808,161610,163531,1401705,842583,1427469,430918,123937,123124,126091,126161,1222843,1235046,1747994,981457,1,0,
1995,110491359229900,2.0148127,2,stimulus,124,110491355573100,1,0,16,1996,1695229219,1695229219,2,160225,159796,161607,163517,1401681,842564,1427446,430887,123940,123123,126074,126143,1222808,1235013,1747958,981423,1,0,
1996,110491359229900,2.0148127,2,stimulus,124,110491355573100,1,0,16,1997,1695230223,1695230223,2,160073,159669,161467,163390,1401541,842418,1427292,430731,123794,122981,125943,125994,1222650,1234846,1747784,981244,1,0,
1997,110491359229900,2.0148127,2,stimulus,124,110491355573100,1,0,16,1998,1695231228,1695231228,2,159932,159546,161334,163271,1401399,842281,1427142,430579,123646,122846,125806,125857,1222499,1234689,1747616,981070,1,0,
1998,110491359229900,2.0148127,2,stimulus,124,110491355573100,1,0,16,1999,1695232233,1695232233,2,159879,159504,161286,163232,1401351,842228,1427093,430523,123606,122806,125763,125818,1222448,1234628,1747558,981013,1,0,
1999,110491359229900,2.0148127,2,stimulus,124,110491355573100,1,0,16,2000,1695233238,1695233238,2,159979,159598,161382,163322,1401442,842316,1427189,430609,123721,122917,125858,125915,1222537,1234714,1747647,981110,1,0,
2000,110491359229900,2.0148127,2,stimulus,124,110491355573100,1,0,16,2001,1695234244,1695234244,2,160175,159769,161560,163494,1401605,842480,1427357,430788,123914,123085,126029,126086,1222706,1234884,1747814,981291,1,0,
2001,110491359229900,2.0148127,2,stimulus,124,110491355573100,1,0,16,2002,1695235249,1695235249,2,160023,159636,161442,163385,1401473,842351,1427222,430650,123774,122946,125909,125968,1222568,1234738,1747657,981121,1,0,
2002,110491366212600,2.0217954,2,stimulus,124,110491355573100,1,0,16,2003,1695236254,1695236254,2,159706,159365,161181,163133,1401219,842099,1426951,430351,123461,122653,125635,125701,1222301,1234464,1747362,980800,1,0,
2003,110491366212600,2.0217954,2,stimulus,124,110491355573100,1,0,16,2004,1695237259,1695237259,2,159823,159475,161298,163249,1401350,842235,1427096,430486,123567,122755,125751,125824,1222444,1234606,1747500,980945,1,0,
2004,110491366212600,2.0217954,2,stimulus,124,110491355573100,1,0,16,2005,1695238264,1695238264,2,159963,159596,161419,163375,1401493,842378,1427235,430630,123691,122885,125874,125954,1222604,1234768,1747654,981122,1,0,
2005,110491366212600,2.0217954,2,stimulus,124,110491355573100,1,0,16,2006,1695239269,1695239269,2,160099,159722,161525,163489,1401626,842508,1427381,430768,123828,123009,125993,126077,1222750,1234914,1747806,981283,1,0,
2006,110491366212600,2.0217954,2,stimulus,124,110491355573100,1,0,16,2007,1695240274,1695240274,2,160169,159789,161576,163534,1401691,842571,1427449,430831,123898,123065,126053,126132,1222811,1234979,1747881,981363,1,0,
2007,110491366212600,2.0217954,2,stimulus,124,110491355573100,1,0,16,2008,1695241279,1695241279,2,160273,159876,161655,163613,1401766,842646,1427530,430923,123987,123153,126132,126210,1222898,1235071,1747969,981466,1,0,
2008,110491366212600,2.0217954,2,stimulus,124,110491355573100,1,0,16,2009,1695242284,1695242284,2,160444,160029,161795,163757,1401906,842791,1427682,431076,124168,123311,126292,126371,1223056,1235234,1748131,981648,1,0,
2009,110491373251400,2.0288342,2,stimulus,125,110491373221800,1,0,16,2010,1695243289,1695243289,2,160329,159923,161696,163655,1401791,842680,1427561,430958,124064,123207,126196,126261,1222944,1235116,1748014,981534,1,0,
2010,110491373251400,2.0288342,2,stimulus,125,110491373221800,1,0,16,2011,1695244294,1695244294,2,160171,159776,161559,163513,1401636,842524,1427404,430778,123898,123061,126041,126106,1222787,1234956,1747854,981369,1,0,
2011,110491373251400,2.0288342,2,stimulus,125,110491373221800,1,0,16,2012,1695245299,1695245299,2,160247,159849,161618,163574,1401696,842583,1427458,430838,123979,123129,126106,126175,1222844,1235026,1747915,981445,1,0,
2012,110491373251400,2.0288342,2,stimulus,125,110491373221800,1,0,16,2013,1695246304,1695246304,2,160246,159848,161614,163572,1401678,842576,1427442,430826,123983,123124,126115,126176,1222828,1235016,1747904,981442,1,0,
2013,110491373251400,2.0288342,2,stimulus,125,110491373221800,1,0,16,2014,1695247309,1695247309,2,160244,159848,161620,163575,1401671,842563,1427436,430814,123984,123118,126110,126169,1222825,1235010,1747896,981436,1,0,
2014,110491373251400,2.0288342,2,stimulus,125,110491373221800,1,0,16,2015,1695248314,1695248314,2,160283,159876,161665,163614,1401699,842594,1427464,430833,124024,123160,126154,126195,1222856,1235026,1747924,981460,1,0,
2015,110491373251400,2.0288342,2,stimulus,125,110491373221800,1,0,16,2016,1695249320,1695249320,2,160289,159863,161661,163614,1401684,842576,1427448,430813,124011,123144,126148,126183,1222829,1234994,1747888,981431,1,0,
2016,110491380213800,2.0357966,2,stimulus,125,110491373221800,1,0,16,2017,1695250325,1695250325,2,160142,159721,161517,163479,1401539,842421,1427288,430656,123852,122997,125993,126028,1222651,1234820,1747693,981236,1,0,
2017,110491380213800,2.0357966,2,stimulus,125,110491373221800,1,0,16,2018,1695251330,1695251330,2,159998,159584,161381,163353,1401399,842277,1427135,430498,123708,122857,125852,125890,1222493,1234663,1747524,981061,1,0,
2018,110491380213800,2.0357966,2,stimulus,125,110491373221800,1,0,16,2019,1695252335,1695252335,2,159958,159541,161336,163312,1401351,842236,1427082,430441,123669,122814,125831,125858,1222448,1234613,1747474,981001,1,0,
2019,110491380213800,2.0357966,2,stimulus,125,110491373221800,1,0,16,2020,1695253340,1695253340,2,160069,159650,161431,163411,1401444,842336,1427181,430543,123776,122919,125949,125966,1222541,1234711,1747569,981103,1,0,
2020,110491380213800,2.0357966,2,stimulus,125,110491373221800,1,0,16,2021,1695254345,1695254345,2,160262,159821,161604,163589,1401599,842500,1427358,430715,123971,123104,126141,126147,1222709,1234883,1747740,981288,1,0,
2021,110491380213800,2.0357966,2,stimulus,125,110491373221800,1,0,16,2022,1695255350,1695255350,2,160093,159669,161462,163459,1401447,842341,1427201,430541,123799,122957,126004,125998,1222544,1234714,1747555,981099,1,0,
2022,110491380213800,2.0357966,2,stimulus,125,110491373221800,1,0,16,2023,1695256355,1695256355,2,159754,159373,161180,163192,1401176,842069,1426911,430224,123441,122645,125723,125710,1222254,1234415,1747237,980763,1,0,
2023,110491387238300,2.0428211,2,stimulus,125,110491373221800,1,0,16,2024,1695257360,1695257360,2,159860,159483,161300,163307,1401314,842209,1427044,430358,123548,122741,125846,125830,1222398,1234555,1747379,980912,1,0,
2024,110491387238300,2.0428211,2,stimulus,125,110491373221800,1,0,16,2025,1695258365,1695258365,2,159993,159601,161414,163416,1401455,842359,1427191,430511,123671,122862,125985,125956,1222554,1234711,1747534,981081,1,0,
2025,110491387238300,2.0428211,2,stimulus,125,110491373221800,1,0,16,2026,1695259371,1695259371,2,160105,159696,161503,163506,1401559,842466,1427321,430625,123783,122974,126076,126050,1222683,1234834,1747666,981223,1,0,
2026,110491387238300,2.0428211,2,stimulus,125,110491373221800,1,0,16,2027,1695260376,1695260376,2,160186,159772,161561,163561,1401624,842534,1427393,430697,123854,123054,126119,126102,1222757,1234914,1747747,981310,1,0,
2027,110491387238300,2.0428211,2,stimulus,125,110491373221800,1,0,16,2028,1695261381,1695261381,2,160290,159866,161651,163636,1401714,842618,1427484,430799,123959,123153,126193,126184,1222850,1235012,1747844,981418,1,0,
2028,110491387238300,2.0428211,2,stimulus,125,110491373221800,1,0,16,2029,1695262386,1695262386,2,160448,159999,161788,163763,1401843,842748,1427617,430945,124128,123301,126326,126327,1222997,1235156,1747994,981583,1,0,
2029,110491387238300,2.0428211,2,stimulus,125,110491373221800,1,0,16,2030,1695263391,1695263391,2,160348,159887,161699,163661,1401729,842636,1427494,430813,124018,123209,126220,126230,1222882,1235047,1747873,981471,1,0,
2030,110491394239700,2.0498225,2,stimulus,126,110491391250400,1,1,16,2031,1695264397,1695264397,2,160204,159756,161573,163525,1401594,842503,1427343,430650,123864,123073,126086,126091,1222736,1234908,1747724,981318,1,0,
2031,110491394239700,2.0498225,2,stimulus,126,110491391250400,1,1,16,2032,1695265402,1695265402,2,160268,159825,161625,163584,1401654,842559,1427400,430712,123934,123136,126158,126147,1222793,1234971,1747789,981389,1,0,
2032,110491394239700,2.0498225,2,stimulus,126,110491391250400,1,1,16,2033,1695266407,1695266407,2,160251,159793,161600,163564,1401614,842523,1427368,430680,123923,123105,126141,126131,1222765,1234940,1747762,981362,1,0,
2033,110491394239700,2.0498225,2,stimulus,126,110491391250400,1,1,16,2034,1695267412,1695267412,2,160231,159774,161592,163545,1401594,842498,1427350,430656,123918,123096,126130,126118,1222743,1234918,1747726,981345,1,0,
2034,110491394239700,2.0498225,2,stimulus,126,110491391250400,1,1,16,2035,1695268417,1695268417,2,160294,159834,161639,163591,1401641,842541,1427389,430697,123961,123153,126179,126167,1222787,1234955,1747764,981391,1,0,
2035,110491394239700,2.0498225,2,stimulus,126,110491391250400,1,1,16,2036,1695269422,1695269422,2,160322,159856,161668,163613,1401648,842557,1427399,430701,123976,123181,126184,126174,1222783,1234948,1747759,981376,1,0,
2036,110491394239700,2.0498225,2,stimulus,126,110491391250400,1,1,16,2037,1695270428,1695270428,2,160183,159739,161545,163500,1401512,842416,1427260,430553,123839,123064,126054,126041,1222631,1234796,1747593,981204,1,0,
2037,110491401193700,2.0567765,2,stimulus,126,110491391250400,1,1,16,2038,1695271433,1695271433,2,160035,159608,161414,163369,1401378,842278,1427112,430404,123694,122933,125919,125908,1222472,1234640,1747432,981037,1,0,
2038,110491401193700,2.0567765,2,stimulus,126,110491391250400,1,1,16,2039,1695272438,1695272438,2,159983,159557,161378,163336,1401331,842228,1427066,430350,123663,122886,125889,125863,1222421,1234575,1747381,980974,1,0,
2039,110491401193700,2.0567765,2,stimulus,126,110491391250400,1,1,16,2040,1695273443,1695273443,2,160099,159655,161497,163439,1401428,842332,1427171,430451,123783,123001,126008,125968,1222529,1234673,1747473,981079,1,0,
2040,110491401193700,2.0567765,2,stimulus,126,110491391250400,1,1,16,2041,1695274448,1695274448,2,160290,159820,161679,163604,1401594,842498,1427342,430622,123978,123185,126188,126156,1222696,1234844,1747636,981263,1,0,
2041,110491401193700,2.0567765,2,stimulus,126,110491391250400,1,1,16,2042,1695275453,1695275453,2,160131,159674,161538,163482,1401449,842355,1427188,430459,123823,123031,126059,126011,1222537,1234678,1747457,981070,1,0,
2042,110491401193700,2.0567765,2,stimulus,126,110491391250400,1,1,16,2043,1695276458,1695276458,2,159834,159413,161288,163246,1401206,842106,1426933,430178,123511,122739,125796,125742,1222279,1234409,1747170,980769,1,0,
2043,110491401193700,2.0567765,2,stimulus,126,110491391250400,1,1,16,2044,1695277463,1695277463,2,159948,159539,161408,163365,1401346,842248,1427078,430309,123616,122854,125924,125851,1222434,1234566,1747322,980923,1,0,
2044,110491408229100,2.0638119,2,stimulus,127,110491406782700,1,1,16,2045,1695278468,1695278468,2,160100,159681,161545,163498,1401504,842412,1427239,430480,123757,123001,126063,125988,1222606,1234744,1747503,981113,1,0,
2045,110491408229100,2.0638119,2,stimulus,127,110491406782700,1,1,16,2046,1695279473,1695279473,2,160240,159804,161661,163614,1401636,842549,1427379,430624,123891,123126,126178,126102,1222756,1234885,1747652,981276,1,0,
2046,110491408229100,2.0638119,2,stimulus,127,110491406782700,1,1,16,2047,1695280478,1695280478,2,160309,159852,161715,163671,1401701,842609,1427450,430693,123968,123188,126236,126171,1222828,1234962,1747728,981359,1,0,
2047,110491408229100,2.0638119,2,stimulus,127,110491406782700,1,1,16,2048,1695281483,1695281483,2,160420,159934,161794,163746,1401781,842686,1427533,430780,124073,123273,126323,126263,1222923,1235059,1747830,981470,1,0,
2048,110491408229100,2.0638119,2,stimulus,127,110491406782700,1,1,16,2049,1695282488,1695282488,2,160589,160086,161921,163878,1401918,842828,1427681,430931,124239,123429,126455,126406,1223060,1235203,1747980,981638,1,0,
2049,110491408229100,2.0638119,2,stimulus,127,110491406782700,1,1,16,2050,1695283493,1695283493,2,160488,159995,161829,163779,1401809,842728,1427571,430823,124136,123335,126360,126306,1222951,1235093,1747865,981533,1,0,
2050,110491408229100,2.0638119,2,stimulus,127,110491406782700,1,1,16,2051,1695284498,1695284498,2,160345,159858,161708,163651,1401679,842589,1427429,430660,123989,123196,126225,126167,1222813,1234954,1747725,981386,1,0,
2051,110491415213700,2.0707965,2,stimulus,127,110491406782700,1,1,16,2052,1695285503,1695285503,2,160416,159902,161759,163709,1401731,842637,1427474,430705,124046,123256,126284,126219,1222867,1235012,1747779,981448,1,0,
2052,110491415213700,2.0707965,2,stimulus,127,110491406782700,1,1,16,2053,1695286507,1695286507,2,160402,159885,161743,163698,1401711,842619,1427456,430679,124027,123248,126273,126202,1222849,1234992,1747753,981428,1,0,
2053,110491415213700,2.0707965,2,stimulus,127,110491406782700,1,1,16,2054,1695287513,1695287513,2,160389,159876,161731,163686,1401685,842594,1427439,430659,124004,123244,126275,126196,1222826,1234966,1747731,981409,1,0,
2054,110491415213700,2.0707965,2,stimulus,127,110491406782700,1,1,16,2055,1695288518,1695288518,2,160437,159936,161784,163732,1401719,842628,1427478,430694,124055,123293,126326,126250,1222864,1235001,1747763,981454,1,0,
2055,110491415213700,2.0707965,2,stimulus,127,110491406782700,1,1,16,2056,1695289523,1695289523,2,160438,159936,161778,163718,1401704,842618,1427462,430671,124058,123292,126318,126238,1222838,1234973,1747726,981417,1,0,
2056,110491415213700,2.0707965,2,stimulus,127,110491406782700,1,1,16,2057,1695290528,1695290528,2,160277,159788,161641,163569,1401559,842466,1427300,430516,123906,123147,126173,126081,1222665,1234797,1747544,981224,1,0,
2057,110491415213700,2.0707965,2,stimulus,127,110491406782700,1,1,16,2058,1695291533,1695291533,2,160149,159670,161521,163454,1401433,842334,1427163,430374,123781,123021,126046,125963,1222523,1234654,1747397,981061,1,0,
2058,110491422452100,2.0780349,2,stimulus,127,110491406782700,1,1,16,2059,1695292538,1695292538,2,160111,159643,161489,163418,1401391,842288,1427121,430321,123749,122978,126016,125936,1222473,1234608,1747339,981006,1,0,
2059,110491422452100,2.0780349,2,stimulus,127,110491406782700,1,1,16,2060,1695293543,1695293543,2,160224,159743,161586,163519,1401482,842379,1427219,430426,123875,123081,126119,126046,1222573,1234699,1747434,981118,1,0,
2060,110491422452100,2.0780349,2,stimulus,127,110491406782700,1,1,16,2061,1695294548,1695294548,2,160404,159908,161744,163675,1401634,842536,1427378,430583,124053,123244,126286,126223,1222730,1234858,1747594,981293,1,0,
2061,110491422452100,2.0780349,2,stimulus,127,110491406782700,1,1,16,2062,1695295553,1695295553,2,160208,159745,161584,163535,1401469,842374,1427204,430399,123875,123080,126128,126064,1222560,1234686,1747399,981084,1,0,
2062,110491422452100,2.0780349,2,stimulus,127,110491406782700,1,1,16,2063,1695296558,1695296558,2,159897,159469,161333,163288,1401221,842126,1426944,430108,123558,122791,125849,125800,1222297,1234411,1747109,980769,1,0,
2063,110491422452100,2.0780349,2,stimulus,127,110491406782700,1,1,16,2064,1695297563,1695297563,2,160016,159587,161460,163404,1401359,842273,1427088,430251,123661,122909,125968,125919,1222450,1234561,1747258,980929,1,0,
2064,110491422452100,2.0780349,2,stimulus,127,110491406782700,1,1,16,2065,1695298568,1695298568,2,160136,159708,161578,163518,1401494,842416,1427229,430394,123781,123034,126091,126042,1222610,1234715,1747416,981094,1,0,
2065,110491429209100,2.0847919,2,stimulus,128,110491424146400,1,1,16,2066,1695299573,1695299573,2,160246,159802,161669,163613,1401599,842526,1427343,430508,123889,123129,126194,126139,1222724,1234836,1747547,981227,1,0,
2066,110491429209100,2.0847919,2,stimulus,128,110491424146400,1,1,16,2067,1695300578,1695300578,2,160308,159854,161709,163656,1401650,842575,1427394,430565,123939,123174,126234,126181,1222779,1234896,1747609,981301,1,0,
2067,110491429209100,2.0847919,2,stimulus,128,110491424146400,1,1,16,2068,1695301583,1695301583,2,160399,159941,161778,163727,1401725,842651,1427484,430656,124028,123256,126313,126268,1222873,1234985,1747699,981411,1,0,
2068,110491429209100,2.0847919,2,stimulus,128,110491424146400,1,1,16,2069,1695302588,1695302588,2,160549,160079,161906,163861,1401859,842785,1427620,430793,124191,123396,126442,126418,1223015,1235128,1747842,981576,1,0,
2069,110491429209100,2.0847919,2,stimulus,128,110491424146400,1,1,16,2070,1695303594,1695303594,2,160434,159973,161803,163771,1401749,842673,1427504,430673,124089,123292,126336,126324,1222903,1235015,1747726,981454,1,0,
2070,110491429209100,2.0847919,2,stimulus,128,110491424146400,1,1,16,2071,1695304599,1695304599,2,160278,159838,161667,163635,1401604,842524,1427359,430512,123929,123149,126198,126172,1222749,1234863,1747576,981297,1,0,
2071,110491429209100,2.0847919,2,stimulus,128,110491424146400,1,1,16,2072,1695305604,1695305604,2,160343,159894,161710,163679,1401643,842566,1427396,430552,123981,123218,126244,126223,1222798,1234913,1747623,981359,1,0,
2072,110491436281200,2.091864,2,stimulus,128,110491424146400,1,1,16,2073,1695306609,1695306609,2,160333,159874,161688,163658,1401622,842538,1427371,430529,123976,123219,126223,126219,1222768,1234896,1747594,981339,1,0,
2073,110491436281200,2.091864,2,stimulus,128,110491424146400,1,1,16,2074,1695307614,1695307614,2,160328,159863,161673,163644,1401606,842527,1427350,430509,123979,123207,126220,126215,1222750,1234871,1747576,981331,1,0,
2074,110491436281200,2.091864,2,stimulus,128,110491424146400,1,1,16,2075,1695308619,1695308619,2,160388,159912,161716,163693,1401643,842561,1427391,430545,124029,123256,126266,126259,1222788,1234907,1747604,981368,1,0,
2075,110491436281200,2.091864,2,stimulus,128,110491424146400,1,1,16,2076,1695309624,1695309624,2,160386,159901,161705,163676,1401621,842535,1427375,430522,124028,123252,126248,126240,1222751,1234874,1747563,981324,1,0,
2076,110491436281200,2.091864,2,stimulus,128,110491424146400,1,1,16,2077,1695310629,1695310629,2,160248,159774,161573,163549,1401482,842384,1427229,430364,123893,123113,126111,126103,1222591,1234704,1747393,981151,1,0,
2077,110491436281200,2.091864,2,stimulus,128,110491424146400,1,1,16,2078,1695311634,1695311634,2,160106,159647,161434,163417,1401338,842242,1427073,430208,123757,122976,125966,125962,1222437,1234546,1747232,980975,1,0,
2078,110491436281200,2.091864,2,stimulus,128,110491424146400,1,1,16,2079,1695312639,1695312639,2,160069,159610,161384,163374,1401296,842196,1427024,430162,123724,122940,125922,125921,1222385,1234503,1747179,980917,1,0,
2079,110491443261500,2.0988443,2,stimulus,129,110491439429800,1,0,16,2080,1695313644,1695313644,2,160180,159721,161501,163473,1401392,842294,1427128,430259,123834,123049,126034,126029,1222481,1234601,1747279,981023,1,0,
2080,110491443261500,2.0988443,2,stimulus,129,110491439429800,1,0,16,2081,1695314650,1695314650,2,160342,159882,161658,163615,1401534,842438,1427276,430404,124009,123216,126193,126189,1222630,1234745,1747419,981180,1,0,
2081,110491443261500,2.0988443,2,stimulus,129,110491439429800,1,0,16,2082,1695315655,1695315655,2,160138,159704,161496,163463,1401365,842263,1427091,430215,123811,123041,126014,126020,1222441,1234555,1747215,980959,1,0,
2082,110491443261500,2.0988443,2,stimulus,129,110491439429800,1,0,16,2083,1695316660,1695316660,2,159825,159431,161248,163222,1401118,842016,1426826,429930,123487,122748,125740,125764,1222189,1234287,1746931,980656,1,0,
2083,110491443261500,2.0988443,2,stimulus,129,110491439429800,1,0,16,2084,1695317665,1695317665,2,159930,159540,161366,163336,1401243,842151,1426968,430062,123586,122854,125861,125888,1222334,1234434,1747074,980803,1,0,
2084,110491443261500,2.0988443,2,stimulus,129,110491439429800,1,0,16,2085,1695318670,1695318670,2,160055,159659,161484,163456,1401386,842296,1427123,430208,123711,122969,125996,126011,1222491,1234593,1747230,980977,1,0,
2085,110491443261500,2.0988443,2,stimulus,129,110491439429800,1,0,16,2086,1695319675,1695319675,2,160161,159765,161579,163545,1401493,842401,1427233,430324,123811,123058,126086,126115,1222611,1234718,1747355,981112,1,0,
2086,110491450260300,2.1058431,2,stimulus,129,110491439429800,1,0,16,2087,1695320681,1695320681,2,160231,159808,161626,163576,1401551,842456,1427291,430389,123866,123118,126138,126166,1222671,1234783,1747419,981193,1,0,
2087,110491450260300,2.1058431,2,stimulus,129,110491439429800,1,0,16,2088,1695321686,1695321686,2,160331,159888,161697,163650,1401629,842536,1427378,430477,123971,123204,126212,126251,1222768,1234873,1747510,981303,1,0,
2088,110491450260300,2.1058431,2,stimulus,129,110491439429800,1,0,16,2089,1695322691,1695322691,2,160479,160013,161819,163769,1401744,842649,1427502,430611,124131,123349,126333,126382,1222894,1235003,1747653,981454,1,0,
2089,110491450260300,2.1058431,2,stimulus,129,110491439429800,1,0,16,2090,1695323696,1695323696,2,160355,159899,161706,163663,1401618,842519,1427366,430468,124006,123239,126215,126252,1222756,1234865,1747515,981318,1,0,
2090,110491450260300,2.1058431,2,stimulus,129,110491439429800,1,0,16,2091,1695324701,1695324701,2,160200,159762,161572,163529,1401484,842371,1427204,430293,123849,123089,126074,126107,1222602,1234715,1747361,981163,1,0,
2091,110491450260300,2.1058431,2,stimulus,129,110491439429800,1,0,16,2092,1695325706,1695325706,2,160266,159804,161620,163564,1401514,842409,1427253,430340,123906,123140,126126,126153,1222650,1234759,1747406,981226,1,0,
2092,110491450260300,2.1058431,2,stimulus,129,110491439429800,1,0,16,2093,1695326712,1695326712,2,160242,159783,161584,163541,1401480,842377,1427218,430301,123902,123121,126116,126129,1222614,1234728,1747366,981197,1,0,
2093,110491457256700,2.1128395,2,stimulus,130,110491456414700,1,0,16,2094,1695327717,1695327717,2,160228,159768,161573,163519,1401464,842358,1427195,430279,123900,123112,126107,126119,1222594,1234709,1747351,981176,1,0,
2094,110491457256700,2.1128395,2,stimulus,130,110491456414700,1,0,16,2095,1695328722,1695328722,2,160281,159806,161624,163566,1401501,842395,1427229,430316,123958,123158,126155,126162,1222636,1234743,1747381,981208,1,0,
2095,110491457256700,2.1128395,2,stimulus,130,110491456414700,1,0,16,2096,1695329727,1695329727,2,160278,159796,161627,163560,1401483,842377,1427220,430303,123969,123161,126141,126156,1222613,1234716,1747344,981171,1,0,
2096,110491457256700,2.1128395,2,stimulus,130,110491456414700,1,0,16,2097,1695330732,1695330732,2,160138,159680,161507,163434,1401349,842239,1427080,430152,123836,123032,126009,126020,1222462,1234566,1747178,980997,1,0,
2097,110491457256700,2.1128395,2,stimulus,130,110491456414700,1,0,16,2098,1695331737,1695331737,2,160013,159573,161384,163324,1401230,842114,1426947,430013,123706,122919,125890,125892,1222320,1234418,1747027,980843,1,0,
2098,110491457256700,2.1128395,2,stimulus,130,110491456414700,1,0,16,2099,1695332742,1695332742,2,159971,159535,161346,163290,1401191,842069,1426896,429960,123655,122879,125866,125854,1222269,1234362,1746971,980787,1,0,
2099,110491457256700,2.1128395,2,stimulus,130,110491456414700,1,0,16,2100,1695333747,1695333747,2,160084,159632,161449,163382,1401277,842156,1426991,430061,123768,122988,125981,125959,1222362,1234460,1747069,980881,1,0,
2100,110491464196600,2.1197794,2,stimulus,130,110491456414700,1,0,16,2101,1695334753,1695334753,2,160263,159794,161613,163532,1401426,842294,1427150,430218,123946,123155,126145,126127,1222518,1234614,1747224,981045,1,0,
2101,110491464196600,2.1197794,2,stimulus,130,110491456414700,1,0,16,2102,1695335758,1695335758,2,160052,159606,161441,163364,1401248,842120,1426963,430011,123740,122974,125958,125943,1222324,1234414,1747006,980821,1,0,
2102,110491464196600,2.1197794,2,stimulus,130,110491456414700,1,0,16,2103,1695336763,1695336763,2,159756,159350,161193,163131,1401009,841880,1426705,429735,123440,122718,125693,125693,1222072,1234158,1746727,980529,1,0,
2103,110491464196600,2.1197794,2,stimulus,130,110491456414700,1,0,16,2104,1695337768,1695337768,2,159870,159459,161313,163249,1401141,842013,1426844,429864,123547,122834,125807,125811,1222224,1234299,1746868,980674,1,0,
2104,110491464196600,2.1197794,2,stimulus,130,110491456414700,1,0,16,2105,1695338773,1695338773,2,160022,159589,161459,163389,1401305,842173,1427011,430032,123704,122972,125944,125953,1222392,1234479,1747039,980861,1,0,
2105,110491464196600,2.1197794,2,stimulus,130,110491456414700,1,0,16,2106,1695339778,1695339778,2,160136,159686,161546,163488,1401418,842288,1427136,430161,123820,123066,126047,126049,1222513,1234603,1747168,981002,1,0,
2106,110491464196600,2.1197794,2,stimulus,130,110491456414700,1,0,16,2107,1695340783,1695340783,2,160216,159739,161595,163546,1401478,842353,1427201,430229,123889,123125,126104,126108,1222591,1234668,1747246,981082,1,0,
2107,110491471439700,2.1270225,2,stimulus,130,110491456414700,1,0,16,2108,1695341788,1695341788,2,160335,159843,161678,163644,1401574,842451,1427308,430333,124011,123225,126214,126213,1222698,1234782,1747368,981211,1,0,
2108,110491471439700,2.1270225,2,stimulus,130,110491456414700,1,0,16,2109,1695342792,1695342792,2,160502,159985,161811,163772,1401701,842568,1427443,430464,124171,123374,126354,126345,1222831,1234926,1747515,981374,1,0,
2109,110491471439700,2.1270225,2,stimulus,130,110491456414700,1,0,16,2110,1695343797,1695343797,2,160365,159871,161705,163653,1401573,842433,1427306,430326,124043,123251,126229,126220,1222698,1234791,1747373,981237,1,0,
2110,110491471439700,2.1270225,2,stimulus,130,110491456414700,1,0,16,2111,1695344802,1695344802,2,160231,159758,161603,163551,1401455,842319,1427186,430196,123909,123123,126123,126094,1222574,1234671,1747249,981113,1,0,
2111,110491471439700,2.1270225,2,stimulus,130,110491456414700,1,0,16,2112,1695345807,1695345807,2,160307,159828,161661,163608,1401509,842378,1427244,430252,123973,123181,126193,126162,1222636,1234732,1747311,981192,1,0,
2112,110491471439700,2.1270225,2,stimulus,130,110491456414700,1,0,16,2113,1695346812,1695346812,2,160280,159796,161634,163583,1401478,842339,1427205,430213,123951,123154,126178,126154,1222608,1234699,1747276,981167,1,0,
2113,110491471439700,2.1270225,2,stimulus,130,110491456414700,1,0,16,2114,1695347817,1695347817,2,160265,159785,161621,163573,1401474,842329,1427190,430198,123946,123148,126179,126162,1222597,1234687,1747258,981148,1,0,
2114,110491478245900,2.1338287,2,stimulus,131,110491472437700,1,0,16,2115,1695348822,1695348822,2,160315,159834,161664,163612,1401508,842361,1427228,430229,124004,123188,126221,126208,1222629,1234718,1747286,981180,1,0,
2115,110491478245900,2.1338287,2,stimulus,131,110491472437700,1,0,16,2116,1695349827,1695349827,2,160303,159814,161663,163603,1401484,842336,1427208,430208,123987,123177,126207,126187,1222589,1234683,1747246,981145,1,0,
2116,110491478245900,2.1338287,2,stimulus,131,110491472437700,1,0,16,2117,1695350832,1695350832,2,160163,159685,161518,163471,1401336,842188,1427047,430039,123843,123044,126061,126031,1222429,1234513,1747069,980964,1,0,
2117,110491478245900,2.1338287,2,stimulus,131,110491472437700,1,0,16,2118,1695351837,1695351837,2,160033,159551,161384,163345,1401204,842050,1426901,429886,123711,122913,125924,125893,1222288,1234354,1746906,980794,1,0,
2118,110491478245900,2.1338287,2,stimulus,131,110491472437700,1,0,16,2119,1695352843,1695352843,2,160004,159523,161361,163317,1401169,842013,1426865,429851,123683,122882,125891,125858,1222241,1234313,1746854,980751,1,0,
2119,110491478245900,2.1338287,2,stimulus,131,110491472437700,1,0,16,2120,1695353848,1695353848,2,160120,159638,161485,163425,1401268,842121,1426973,429963,123809,123007,126015,125978,1222341,1234421,1746968,980874,1,0,
2120,110491478245900,2.1338287,2,stimulus,131,110491472437700,1,0,16,2121,1695354853,1695354853,2,160311,159819,161648,163590,1401420,842276,1427136,430135,123996,123193,126176,126161,1222506,1234580,1747118,981038,1,0,
2121,110491485232000,2.1408148,2,stimulus,131,110491472437700,1,0,16,2122,1695355858,1695355858,2,160089,159622,161460,163413,1401226,842083,1426925,429911,123773,122989,125973,125979,1222297,1234371,1746894,980789,1,0,
2122,110491485232000,2.1408148,2,stimulus,131,110491472437700,1,0,16,2123,1695356863,1695356863,2,159801,159368,161222,163174,1401004,841843,1426680,429636,123465,122712,125727,125719,1222053,1234118,1746633,980504,1,0,
2123,110491485232000,2.1408148,2,stimulus,131,110491472437700,1,0,16,2124,1695357868,1695357868,2,159921,159494,161345,163298,1401146,841984,1426824,429783,123584,122826,125854,125846,1222215,1234271,1746786,980666,1,0,
2124,110491485232000,2.1408148,2,stimulus,131,110491472437700,1,0,16,2125,1695358873,1695358873,2,160056,159623,161470,163424,1401298,842131,1426984,429933,123729,122953,125984,125982,1222380,1234437,1746944,980841,1,0,
2125,110491485232000,2.1408148,2,stimulus,131,110491472437700,1,0,16,2126,1695359878,1695359878,2,160179,159729,161560,163526,1401410,842241,1427120,430057,123836,123060,126091,126081,1222504,1234564,1747077,980989,1,0,
2126,110491485232000,2.1408148,2,stimulus,131,110491472437700,1,0,16,2127,1695360883,1695360883,2,160258,159791,161616,163582,1401471,842311,1427186,430133,123908,123121,126147,126133,1222578,1234641,1747154,981074,1,0,
2127,110491485232000,2.1408148,2,stimulus,131,110491472437700,1,0,16,2128,1695361888,1695361888,2,160371,159884,161711,163654,1401560,842403,1427270,430230,124018,123217,126242,126220,1222686,1234746,1747254,981188,1,0,
2128,110491492181200,2.147764,2,stimulus,132,110491489949100,1,1,16,2129,1695362893,1695362893,2,160533,160018,161847,163783,1401688,842528,1427408,430370,124183,123361,126384,126369,1222824,1234890,1747400,981365,1,0,
2129,110491492181200,2.147764,2,stimulus,132,110491489949100,1,1,16,2130,1695363898,1695363898,2,160421,159923,161751,163689,1401586,842418,1427297,430253,124074,123267,126282,126275,1222711,1234776,1747284,981252,1,0,
2130,110491492181200,2.147764,2,stimulus,132,110491489949100,1,1,16,2131,1695364903,1695364903,2,160278,159798,161633,163564,1401458,842291,1427163,430104,123933,123144,126157,126157,1222578,1234648,1747150,981104,1,0,
2131,110491492181200,2.147764,2,stimulus,132,110491489949100,1,1,16,2132,1695365908,1695365908,2,160341,159852,161691,163614,1401507,842341,1427211,430149,123989,123197,126201,126218,1222626,1234699,1747203,981173,1,0,
2132,110491492181200,2.147764,2,stimulus,132,110491489949100,1,1,16,2133,1695366913,1695366913,2,160321,159833,161658,163599,1401466,842309,1427171,430111,123969,123176,126171,126184,1222589,1234658,1747164,981143,1,0,
2133,110491492181200,2.147764,2,stimulus,132,110491489949100,1,1,16,2134,1695367918,1695367918,2,160316,159828,161660,163593,1401453,842293,1427161,430093,123957,123186,126172,126178,1222570,1234648,1747156,981128,1,0,
2134,110491492181200,2.147764,2,stimulus,132,110491489949100,1,1,16,2135,1695368923,1695368923,2,160364,159871,161717,163635,1401491,842325,1427204,430136,123998,123239,126228,126228,1222615,1234688,1747182,981167,1,0,
2135,110491499201400,2.1547842,2,stimulus,132,110491489949100,1,1,16,2136,1695369928,1695369928,2,160358,159863,161700,163617,1401474,842294,1427175,430111,123989,123217,126207,126204,1222581,1234643,1747134,981118,1,0,
2136,110491499201400,2.1547842,2,stimulus,132,110491489949100,1,1,16,2137,1695370933,1695370933,2,160219,159722,161566,163489,1401320,842150,1427021,429953,123845,123075,126061,126057,1222413,1234463,1746959,980928,1,0,
2137,110491499201400,2.1547842,2,stimulus,132,110491489949100,1,1,16,2138,1695371938,1695371938,2,160096,159599,161458,163390,1401204,842033,1426895,429819,123724,122961,125948,125946,1222279,1234331,1746820,980782,1,0,
2138,110491499201400,2.1547842,2,stimulus,132,110491489949100,1,1,16,2139,1695372943,1695372943,2,160083,159583,161446,163380,1401190,842011,1426876,429791,123711,122945,125926,125929,1222257,1234309,1746791,980748,1,0,
2139,110491499201400,2.1547842,2,stimulus,132,110491489949100,1,1,16,2140,1695373948,1695373948,2,160214,159701,161578,163492,1401299,842120,1426991,429908,123863,123076,126049,126049,1222376,1234428,1746899,980874,1,0,
2140,110491499201400,2.1547842,2,stimulus,132,110491489949100,1,1,16,2141,1695374953,1695374953,2,160383,159859,161726,163646,1401446,842269,1427144,430065,124038,123238,126209,126221,1222524,1234574,1747051,981038,1,0,
2141,110491499201400,2.1547842,2,stimulus,132,110491489949100,1,1,16,2142,1695375958,1695375958,2,160124,159645,161523,163454,1401231,842058,1426921,429828,123804,123023,126003,126004,1222298,1234335,1746803,980774,1,0,
2142,110491506294400,2.1618772,2,stimulus,133,110491506087200,1,1,16,2143,1695376963,1695376963,2,159841,159408,161314,163247,1401021,841844,1426684,429574,123522,122770,125764,125759,1222070,1234102,1746548,980501,1,0,
2143,110491506294400,2.1618772,2,stimulus,133,110491506087200,1,1,16,2144,1695377968,1695377968,2,159986,159539,161452,163387,1401181,842001,1426855,429733,123653,122909,125908,125908,1222243,1234279,1746719,980682,1,0,
2144,110491506294400,2.1618772,2,stimulus,133,110491506087200,1,1,16,2145,1695378973,1695378973,2,160125,159678,161595,163516,1401330,842154,1427020,429894,123804,123048,126044,126055,1222419,1234456,1746893,980871,1,0,
2145,110491506294400,2.1618772,2,stimulus,133,110491506087200,1,1,16,2146,1695379978,1695379978,2,160238,159785,161706,163618,1401454,842275,1427146,430020,123926,123164,126147,126167,1222558,1234591,1747036,981016,1,0,
2146,110491506294400,2.1618772,2,stimulus,133,110491506087200,1,1,16,2147,1695380982,1695380982,2,160324,159846,161766,163658,1401514,842343,1427208,430095,123999,123226,126201,126214,1222627,1234659,1747106,981103,1,0,
2147,110491506294400,2.1618772,2,stimulus,133,110491506087200,1,1,16,2148,1695381987,1695381987,2,160442,159948,161852,163740,1401600,842430,1427308,430196,124109,123323,126300,126318,1222722,1234760,1747216,981231,1,0,
2148,110491506294400,2.1618772,2,stimulus,133,110491506087200,1,1,16,2149,1695382992,1695382992,2,160586,160086,161974,163868,1401724,842554,1427441,430329,124265,123455,126433,126446,1222855,1234896,1747364,981391,1,0,
2149,110491513201200,2.168784,2,stimulus,133,110491506087200,1,1,16,2150,1695383997,1695383997,2,160445,159963,161847,163747,1401591,842416,1427297,430176,124123,123341,126305,126312,1222718,1234756,1747211,981244,1,0,
2150,110491513201200,2.168784,2,stimulus,133,110491506087200,1,1,16,2151,1695385002,1695385002,2,160322,159857,161733,163636,1401473,842289,1427168,430034,123972,123214,126201,126197,1222592,1234634,1747083,981113,1,0,
2151,110491513201200,2.168784,2,stimulus,133,110491506087200,1,1,16,2152,1695386007,1695386007,2,160374,159913,161775,163666,1401515,842326,1427213,430075,124020,123261,126246,126244,1222643,1234681,1747133,981170,1,0,
2152,110491513201200,2.168784,2,stimulus,133,110491506087200,1,1,16,2153,1695387012,1695387012,2,160358,159893,161756,163647,1401496,842314,1427190,430049,124014,123249,126229,126226,1222625,1234656,1747106,981152,1,0,
2153,110491513201200,2.168784,2,stimulus,133,110491506087200,1,1,16,2154,1695388016,1695388016,2,160359,159890,161761,163654,1401499,842308,1427183,430046,124024,123254,126233,126238,1222615,1234653,1747095,981151,1,0,
2154,110491513201200,2.168784,2,stimulus,133,110491506087200,1,1,16,2155,1695389021,1695389021,2,160401,159924,161805,163697,1401523,842333,1427209,430071,124069,123279,126266,126283,1222643,1234677,1747118,981184,1,0,
2155,110491513201200,2.168784,2,stimulus,133,110491506087200,1,1,16,2156,1695390026,1695390026,2,160369,159883,161764,163662,1401471,842284,1427161,430016,124038,123237,126221,126239,1222583,1234615,1747049,981115,1,0,
2156,110491520218300,2.1758011,2,stimulus,133,110491506087200,1,1,16,2157,1695391031,1695391031,2,160194,159734,161616,163519,1401307,842126,1426998,429841,123876,123081,126071,126082,1222401,1234436,1746863,980914,1,0,
2157,110491520218300,2.1758011,2,stimulus,133,110491506087200,1,1,16,2158,1695392036,1695392036,2,160058,159619,161503,163406,1401189,842001,1426860,429705,123751,122969,125948,125969,1222268,1234297,1746718,980758,1,0,
2158,110491520218300,2.1758011,2,stimulus,133,110491506087200,1,1,16,2159,1695393041,1695393041,2,160051,159605,161478,163394,1401165,841976,1426833,429679,123729,122938,125935,125949,1222239,1234263,1746681,980724,1,0,
2159,110491520218300,2.1758011,2,stimulus,133,110491506087200,1,1,16,2160,1695394046,1695394046,2,160179,159720,161586,163490,1401263,842077,1426948,429780,123849,123048,126053,126063,1222348,1234374,1746789,980838,1,0,
2160,110491520218300,2.1758011,2,stimulus,133,110491506087200,1,1,16,2161,1695395051,1695395051,2,160331,159871,161741,163623,1401396,842201,1427086,429924,124029,123213,126201,126214,1222487,1234511,1746927,980982,1,0,
2161,110491520218300,2.1758011,2,stimulus,133,110491506087200,1,1,16,2162,1695396056,1695396056,2,160081,159657,161543,163431,1401185,841989,1426866,429694,123794,123006,125994,126007,1222256,1234281,1746680,980723,1,0,
2162,110491520218300,2.1758011,2,stimulus,133,110491506087200,1,1,16,2163,1695397061,1695397061,2,159811,159413,161314,163223,1400981,841782,1426631,429438,123509,122758,125754,125768,1222028,1234052,1746425,980461,1,0,
2163,110491527328700,2.1829115,2,stimulus,134,110491523194300,1,1,16,2164,1695398066,1695398066,2,159928,159529,161435,163339,1401122,841924,1426783,429574,123632,122872,125876,125906,1222188,1234209,1746580,980618,1,0,
2164,110491527328700,2.1829115,2,stimulus,134,110491523194300,1,1,16,2165,1695399071,1695399071,2,160052,159641,161548,163448,1401255,842059,1426929,429720,123759,122987,125998,126027,1222341,1234361,1746738,980779,1,0,
2165,110491527328700,2.1829115,2,stimulus,134,110491523194300,1,1,16,2166,1695400076,1695400076,2,160165,159733,161643,163530,1401358,842165,1427034,429834,123859,123088,126096,126123,1222456,1234477,1746861,980913,1,0,
2166,110491527328700,2.1829115,2,stimulus,134,110491523194300,1,1,16,2167,1695401080,1695401080,2,160240,159788,161693,163573,1401414,842223,1427102,429901,123917,123136,126148,126175,1222522,1234547,1746928,980998,1,0,
2167,110491527328700,2.1829115,2,stimulus,134,110491523194300,1,1,16,2168,1695402085,1695402085,2,160356,159889,161771,163660,1401506,842322,1427208,430005,124030,123253,126248,126275,1222624,1234651,1747038,981123,1,0,
2168,110491527328700,2.1829115,2,stimulus,134,110491523194300,1,1,16,2169,1695403090,1695403090,2,160517,160033,161896,163783,1401636,842448,1427341,430147,124203,123408,126382,126413,1222763,1234791,1747188,981284,1,0,
2169,110491527328700,2.1829115,2,stimulus,134,110491523194300,1,1,16,2170,1695404095,1695404095,2,160388,159915,161783,163686,1401518,842316,1427208,430014,124072,123294,126262,126296,1222639,1234666,1747055,981150,1,0,
2170,110491534217000,2.1897998,2,stimulus,134,110491523194300,1,1,16,2171,1695405100,1695405100,2,160258,159797,161675,163571,1401402,842194,1427076,429870,123950,123159,126151,126183,1222515,1234536,1746929,981023,1,0,
2171,110491534217000,2.1897998,2,stimulus,134,110491523194300,1,1,16,2172,1695406105,1695406105,2,160334,159859,161724,163631,1401453,842254,1427136,429923,124030,123221,126217,126247,1222579,1234591,1746995,981098,1,0,
2172,110491534217000,2.1897998,2,stimulus,134,110491523194300,1,1,16,2173,1695407110,1695407110,2,160316,159846,161683,163620,1401430,842227,1427114,429897,124021,123209,126199,126233,1222557,1234577,1746963,981077,1,0,
2173,110491534217000,2.1897998,2,stimulus,134,110491523194300,1,1,16,2174,1695408115,1695408115,2,160300,159836,161671,163616,1401410,842206,1427094,429868,124013,123203,126197,126229,1222536,1234552,1746944,981061,1,0,
2174,110491534217000,2.1897998,2,stimulus,134,110491523194300,1,1,16,2175,1695409120,1695409120,2,160354,159878,161720,163651,1401436,842235,1427131,429902,124069,123247,126243,126264,1222571,1234581,1746972,981087,1,0,
2175,110491534217000,2.1897998,2,stimulus,134,110491523194300,1,1,16,2176,1695410125,1695410125,2,160337,159853,161689,163627,1401405,842198,1427093,429867,124051,123214,126216,126225,1222523,1234531,1746915,981030,1,0,
2176,110491534217000,2.1897998,2,stimulus,134,110491523194300,1,1,16,2177,1695411130,1695411130,2,160193,159709,161546,163494,1401256,842039,1426928,429709,123903,123062,126064,126064,1222350,1234356,1746726,980840,1,0,
2177,110491541191100,2.1967739,2,stimulus,135,110491539112300,1,0,16,2178,1695412135,1695412135,2,160067,159593,161441,163381,1401138,841917,1426804,429571,123777,122951,125938,125938,1222216,1234224,1746584,980690,1,0,
2178,110491541191100,2.1967739,2,stimulus,135,110491539112300,1,0,16,2179,1695413140,1695413140,2,160047,159571,161424,163359,1401106,841891,1426777,429539,123761,122931,125917,125922,1222187,1234195,1746549,980644,1,0,
2179,110491541191100,2.1967739,2,stimulus,135,110491539112300,1,0,16,2180,1695414145,1695414145,2,160177,159708,161549,163481,1401226,842006,1426906,429664,123903,123083,126049,126053,1222310,1234314,1746666,980785,1,0,
2180,110491541191100,2.1967739,2,stimulus,135,110491539112300,1,0,16,2181,1695415150,1695415150,2,160353,159883,161718,163648,1401383,842163,1427064,429827,124069,123265,126230,126221,1222470,1234476,1746831,980959,1,0,
2181,110491541191100,2.1967739,2,stimulus,135,110491539112300,1,0,16,2182,1695416155,1695416155,2,160112,159673,161511,163460,1401175,841963,1426846,429598,123824,123056,126020,126024,1222247,1234249,1746584,980692,1,0,
2182,110491541191100,2.1967739,2,stimulus,135,110491539112300,1,0,16,2183,1695417161,1695417161,2,159859,159443,161295,163269,1400978,841758,1426631,429361,123557,122822,125804,125804,1222040,1234028,1746354,980443,1,0,
2183,110491541191100,2.1967739,2,stimulus,135,110491539112300,1,0,16,2184,1695418166,1695418166,2,159986,159571,161417,163382,1401119,841901,1426789,429501,123672,122934,125936,125936,1222201,1234191,1746511,980607,1,0,
2184,110491548276200,2.203859,2,stimulus,135,110491539112300,1,0,16,2185,1695419171,1695419171,2,160136,159703,161556,163511,1401274,842056,1426956,429659,123812,123063,126069,126081,1222366,1234364,1746679,980788,1,0,
2185,110491548276200,2.203859,2,stimulus,135,110491539112300,1,0,16,2186,1695420176,1695420176,2,160274,159815,161664,163621,1401401,842180,1427088,429796,123926,123176,126199,126193,1222504,1234507,1746821,980944,1,0,
2186,110491548276200,2.203859,2,stimulus,135,110491539112300,1,0,16,2187,1695421181,1695421181,2,160347,159874,161716,163678,1401459,842246,1427148,429861,123991,123234,126264,126241,1222569,1234576,1746887,981031,1,0,
2187,110491548276200,2.203859,2,stimulus,135,110491539112300,1,0,16,2188,1695422186,1695422186,2,160452,159971,161805,163754,1401544,842329,1427239,429956,124096,123328,126359,126338,1222662,1234672,1746996,981148,1,0,
2188,110491548276200,2.203859,2,stimulus,135,110491539112300,1,0,16,2189,1695423191,1695423191,2,160591,160092,161914,163863,1401653,842434,1427355,430084,124234,123448,126493,126467,1222784,1234792,1747122,981289,1,0,
2189,110491548276200,2.203859,2,stimulus,135,110491539112300,1,0,16,2190,1695424196,1695424196,2,160441,159944,161778,163736,1401511,842293,1427212,429924,124096,123308,126363,126338,1222640,1234642,1746963,981138,1,0,
2190,110491548276200,2.203859,2,stimulus,135,110491539112300,1,0,16,2191,1695425201,1695425201,2,160308,159818,161661,163631,1401392,842161,1427068,429777,123968,123179,126232,126203,1222506,1234512,1746833,981002,1,0,
2191,110491555326600,2.2109094,2,stimulus,136,110491554963000,1,0,16,2192,1695426206,1695426206,2,160369,159865,161709,163678,1401431,842202,1427108,429819,124025,123231,126279,126244,1222556,1234559,1746874,981055,1,0,
2192,110491555326600,2.2109094,2,stimulus,136,110491554963000,1,0,16,2193,1695427211,1695427211,2,160346,159850,161683,163654,1401398,842174,1427083,429784,124014,123223,126272,126228,1222533,1234534,1746850,981038,1,0,
2193,110491555326600,2.2109094,2,stimulus,136,110491554963000,1,0,16,2194,1695428216,1695428216,2,160357,159857,161698,163669,1401404,842179,1427092,429794,124034,123226,126291,126247,1222539,1234541,1746859,981056,1,0,
2194,110491555326600,2.2109094,2,stimulus,136,110491554963000,1,0,16,2195,1695429221,1695429221,2,160415,159895,161738,163707,1401442,842215,1427124,429828,124089,123275,126324,126284,1222569,1234569,1746884,981086,1,0,
2195,110491555326600,2.2109094,2,stimulus,136,110491554963000,1,0,16,2196,1695430226,1695430226,2,160378,159854,161694,163664,1401384,842155,1427064,429768,124048,123236,126268,126224,1222499,1234493,1746806,981004,1,0,
2196,110491555326600,2.2109094,2,stimulus,136,110491554963000,1,0,16,2197,1695431231,1695431231,2,160215,159709,161546,163513,1401227,841990,1426894,429600,123891,123076,126101,126063,1222323,1234313,1746613,980799,1,0,
2197,110491555326600,2.2109094,2,stimulus,136,110491554963000,1,0,16,2198,1695432235,1695432235,2,160094,159595,161419,163405,1401113,841873,1426775,429474,123771,122949,125986,125954,1222192,1234175,1746470,980649,1,0,
2198,110491562189400,2.2177722,2,stimulus,136,110491554963000,1,0,16,2199,1695433240,1695433240,2,160076,159573,161403,163399,1401080,841845,1426745,429445,123754,122927,125974,125937,1222163,1234148,1746429,980621,1,0,
2199,110491562189400,2.2177722,2,stimulus,136,110491554963000,1,0,16,2200,1695434245,1695434245,2,160215,159699,161532,163519,1401189,841955,1426862,429569,123897,123063,126098,126049,1222275,1234267,1746549,980743,1,0,
2200,110491562189400,2.2177722,2,stimulus,136,110491554963000,1,0,16,2201,1695435250,1695435250,2,160386,159861,161681,163673,1401334,842099,1427014,429721,124078,123221,126264,126207,1222429,1234415,1746703,980901,1,0,
2201,110491562189400,2.2177722,2,stimulus,136,110491554963000,1,0,16,2202,1695436255,1695436255,2,160116,159633,161464,163471,1401109,841867,1426774,429461,123819,122983,126048,125986,1222185,1234170,1746435,980626,1,0,
2202,110491562189400,2.2177722,2,stimulus,136,110491554963000,1,0,16,2203,1695437260,1695437260,2,159840,159406,161246,163270,1400899,841658,1426559,429211,123533,122734,125807,125774,1221964,1233951,1746199,980361,1,0,
2203,110491562189400,2.2177722,2,stimulus,136,110491554963000,1,0,16,2204,1695438265,1695438265,2,159961,159526,161366,163398,1401043,841803,1426709,429348,123641,122855,125924,125918,1222123,1234096,1746351,980521,1,0,
2204,110491562189400,2.2177722,2,stimulus,136,110491554963000,1,0,16,2205,1695439269,1695439269,2,160096,159663,161494,163519,1401192,841956,1426866,429508,123778,122988,126048,126051,1222283,1234256,1746516,980693,1,0,
2205,110491569341600,2.2249244,2,stimulus,136,110491554963000,1,0,16,2206,1695440274,1695440274,2,160216,159765,161596,163609,1401308,842071,1426993,429633,123896,123106,126148,126149,1222419,1234389,1746651,980839,1,0,
2206,110491569341600,2.2249244,2,stimulus,136,110491554963000,1,0,16,2207,1695441279,1695441279,2,160284,159827,161647,163649,1401365,842130,1427054,429702,123961,123173,126210,126193,1222493,1234456,1746716,980921,1,0,
2207,110491569341600,2.2249244,2,stimulus,136,110491554963000,1,0,16,2208,1695442284,1695442284,2,160406,159936,161734,163739,1401458,842224,1427158,429806,124088,123283,126317,126304,1222596,1234571,1746830,981048,1,0,
2208,110491569341600,2.2249244,2,stimulus,136,110491554963000,1,0,16,2209,1695443289,1695443289,2,160547,160066,161851,163852,1401571,842333,1427268,429920,124234,123408,126433,126429,1222715,1234689,1746957,981191,1,0,
2209,110491569341600,2.2249244,2,stimulus,136,110491554963000,1,0,16,2210,1695444294,1695444294,2,160393,159923,161707,163711,1401419,842178,1427109,429761,124070,123261,126289,126282,1222551,1234529,1746791,981031,1,0,
2210,110491569341600,2.2249244,2,stimulus,136,110491554963000,1,0,16,2211,1695445298,1695445298,2,160284,159819,161611,163605,1401312,842065,1426995,429641,123941,123147,126181,126181,1222440,1234424,1746676,980921,1,0,
2211,110491569341600,2.2249244,2,stimulus,136,110491554963000,1,0,16,2212,1695446303,1695446303,2,160346,159874,161671,163643,1401361,842109,1427042,429691,124010,123209,126233,126228,1222491,1234475,1746731,980980,1,0,
2212,110491576185200,2.231768,2,stimulus,137,110491572636300,1,0,16,2213,1695447308,1695447308,2,160303,159836,161655,163606,1401323,842069,1427015,429656,123994,123194,126214,126205,1222465,1234439,1746694,980946,1,0,
2213,110491576185200,2.231768,2,stimulus,137,110491572636300,1,0,16,2214,1695448313,1695448313,2,160294,159826,161645,163591,1401303,842049,1426994,429631,123991,123184,126211,126196,1222449,1234426,1746674,980924,1,0,
2214,110491576185200,2.231768,2,stimulus,137,110491572636300,1,0,16,2215,1695449319,1695449319,2,160336,159869,161682,163626,1401334,842080,1427018,429658,124036,123232,126246,126222,1222472,1234449,1746697,980956,1,0,
2215,110491576185200,2.231768,2,stimulus,137,110491572636300,1,0,16,2216,1695450324,1695450324,2,160313,159853,161668,163604,1401309,842052,1426987,429629,124021,123214,126216,126184,1222430,1234402,1746643,980908,1,0,
2216,110491576185200,2.231768,2,stimulus,137,110491572636300,1,0,16,2217,1695451329,1695451329,2,160167,159722,161528,163477,1401164,841896,1426834,429471,123870,123062,126059,126027,1222264,1234237,1746468,980713,1,0,
2217,110491576185200,2.231768,2,stimulus,137,110491572636300,1,0,16,2218,1695452334,1695452334,2,160041,159608,161416,163368,1401039,841773,1426700,429332,123753,122934,125948,125903,1222130,1234100,1746325,980559,1,0,
2218,110491576185200,2.231768,2,stimulus,137,110491572636300,1,0,16,2219,1695453339,1695453339,2,160035,159606,161426,163366,1401024,841763,1426689,429317,123746,122943,125959,125900,1222112,1234082,1746313,980561,1,0,
2219,110491583217100,2.2387999,2,stimulus,137,110491572636300,1,0,16,2220,1695454343,1695454343,2,160179,159740,161566,163504,1401154,841894,1426828,429447,123892,123092,126101,126051,1222246,1234209,1746444,980696,1,0,
2220,110491583217100,2.2387999,2,stimulus,137,110491572636300,1,0,16,2221,1695455348,1695455348,2,160355,159891,161736,163659,1401301,842041,1426986,429601,124070,123257,126274,126214,1222398,1234355,1746593,980859,1,0,
2221,110491583217100,2.2387999,2,stimulus,137,110491572636300,1,0,16,2222,1695456353,1695456353,2,160098,159661,161517,163447,1401077,841814,1426751,429348,123808,123015,126056,126001,1222154,1234111,1746322,980576,1,0,
2222,110491583217100,2.2387999,2,stimulus,137,110491572636300,1,0,16,2223,1695457358,1695457358,2,159841,159448,161317,163265,1400888,841620,1426543,429121,123557,122774,125841,125794,1221951,1233909,1746106,980338,1,0,
2223,110491583217100,2.2387999,2,stimulus,137,110491572636300,1,0,16,2224,1695458363,1695458363,2,159954,159564,161437,163380,1401022,841756,1426686,429264,123678,122888,125962,125919,1222111,1234063,1746258,980491,1,0,
2224,110491583217100,2.2387999,2,stimulus,137,110491572636300,1,0,16,2225,1695459368,1695459368,2,160079,159692,161547,163494,1401158,841896,1426829,429410,123796,123015,126085,126044,1222260,1234223,1746407,980658,1,0,
2225,110491583217100,2.2387999,2,stimulus,137,110491572636300,1,0,16,2226,1695460373,1695460373,2,160207,159792,161653,163597,1401275,842014,1426961,429534,123916,123124,126199,126150,1222389,1234346,1746544,980807,1,0,
2226,110491590106100,2.2456889,2,stimulus,138,110491588881800,1,1,16,2227,1695461378,1695461378,2,160294,159853,161713,163654,1401341,842081,1427033,429604,123988,123189,126269,126213,1222461,1234429,1746623,980891,1,0,
2227,110491590106100,2.2456889,2,stimulus,138,110491588881800,1,1,16,2228,1695462383,1695462383,2,160406,159959,161802,163739,1401430,842169,1427126,429706,124095,123295,126366,126298,1222568,1234524,1746726,981014,1,0,
2228,110491590106100,2.2456889,2,stimulus,138,110491588881800,1,1,16,2229,1695463388,1695463388,2,160549,160085,161911,163843,1401537,842284,1427247,429828,124239,123417,126481,126426,1222689,1234656,1746848,981160,1,0,
2229,110491590106100,2.2456889,2,stimulus,138,110491588881800,1,1,16,2230,1695464393,1695464393,2,160393,159948,161772,163712,1401392,842139,1427090,429669,124093,123289,126334,126282,1222538,1234506,1746692,981003,1,0,
2230,110491590106100,2.2456889,2,stimulus,138,110491588881800,1,1,16,2231,1695465398,1695465398,2,160274,159849,161675,163619,1401288,842024,1426983,429544,123979,123179,126228,126179,1222419,1234386,1746582,980886,1,0,
2231,110491590106100,2.2456889,2,stimulus,138,110491588881800,1,1,16,2232,1695466402,1695466402,2,160341,159900,161731,163681,1401344,842068,1427033,429591,124046,123238,126287,126239,1222478,1234441,1746641,980958,1,0,
2232,110491590106100,2.2456889,2,stimulus,138,110491588881800,1,1,16,2233,1695467407,1695467407,2,160311,159871,161684,163645,1401303,842028,1426990,429556,124036,123217,126255,126220,1222444,1234408,1746606,980926,1,0,
2233,110491597195900,2.2527787,2,stimulus,138,110491588881800,1,1,16,2234,1695468412,1695468412,2,160308,159864,161683,163634,1401288,842017,1426980,429532,124036,123204,126254,126223,1222428,1234394,1746594,980913,1,0,
2234,110491597195900,2.2527787,2,stimulus,138,110491588881800,1,1,16,2235,1695469417,1695469417,2,160370,159911,161740,163680,1401321,842057,1427014,429574,124086,123247,126296,126268,1222472,1234426,1746624,980944,1,0,
2235,110491597195900,2.2527787,2,stimulus,138,110491588881800,1,1,16,2236,1695470422,1695470422,2,160338,159879,161706,163641,1401278,842003,1426971,429519,124054,123206,126251,126228,1222413,1234365,1746549,980878,1,0,
2236,110491597195900,2.2527787,2,stimulus,138,110491588881800,1,1,16,2237,1695471427,1695471427,2,160165,159718,161543,163477,1401112,841834,1426792,429338,123887,123040,126082,126056,1222224,1234178,1746347,980661,1,0,
2237,110491597195900,2.2527787,2,stimulus,138,110491588881800,1,1,16,2238,1695472432,1695472432,2,160051,159600,161431,163370,1401003,841718,1426666,429209,123765,122926,125968,125934,1222100,1234045,1746208,980512,1,0,
2238,110491597195900,2.2527787,2,stimulus,138,110491588881800,1,1,16,2239,1695473437,1695473437,2,160033,159586,161416,163349,1400974,841688,1426646,429178,123747,122911,125943,125908,1222071,1234014,1746168,980477,1,0,
2239,110491597195900,2.2527787,2,stimulus,138,110491588881800,1,1,16,2240,1695474442,1695474442,2,160156,159705,161534,163461,1401079,841789,1426756,429293,123876,123041,126064,126029,1222185,1234129,1746278,980603,1,0,
2240,110491604210400,2.2597932,2,stimulus,138,110491588881800,1,1,16,2241,1695475447,1695475447,2,160321,159855,161686,163609,1401214,841929,1426901,429447,124054,123203,126216,126193,1222324,1234263,1746428,980748,1,0,
2241,110491604210400,2.2597932,2,stimulus,138,110491588881800,1,1,16,2242,1695476452,1695476452,2,160061,159621,161469,163388,1400984,841694,1426656,429179,123789,122953,125978,125958,1222068,1234003,1746153,980451,1,0,
2242,110491604210400,2.2597932,2,stimulus,138,110491588881800,1,1,16,2243,1695477457,1695477457,2,159823,159431,161278,163211,1400813,841516,1426465,428961,123534,122733,125776,125758,1221874,1233809,1745948,980237,1,0,
2243,110491604210400,2.2597932,2,stimulus,138,110491588881800,1,1,16,2244,1695478462,1695478462,2,159967,159566,161423,163354,1400969,841678,1426641,429136,123664,122884,125919,125908,1222065,1233992,1746129,980417,1,0,
2244,110491604210400,2.2597932,2,stimulus,138,110491588881800,1,1,16,2245,1695479466,1695479466,2,160096,159679,161548,163473,1401107,841823,1426788,429289,123786,123017,126046,126045,1222221,1234154,1746281,980586,1,0,
2245,110491604210400,2.2597932,2,stimulus,138,110491588881800,1,1,16,2246,1695480471,1695480471,2,160208,159773,161639,163566,1401212,841923,1426898,429402,123894,123109,126128,126144,1222338,1234271,1746406,980729,1,0,
2246,110491604210400,2.2597932,2,stimulus,138,110491588881800,1,1,16,2247,1695481476,1695481476,2,160277,159839,161691,163607,1401281,841981,1426956,429464,123955,123166,126191,126201,1222401,1234344,1746476,980808,1,0,
2247,110491611218400,2.2668012,2,stimulus,139,110491605080200,1,1,16,2248,1695482481,1695482481,2,160394,159951,161788,163706,1401377,842087,1427074,429576,124080,123273,126303,126305,1222511,1234459,1746589,980942,1,0,
2248,110491611218400,2.2668012,2,stimulus,139,110491605080200,1,1,16,2249,1695483486,1695483486,2,160536,160083,161911,163828,1401485,842199,1427193,429703,124230,123396,126435,126429,1222638,1234577,1746719,981089,1,0,
2249,110491611218400,2.2668012,2,stimulus,139,110491605080200,1,1,16,2250,1695484491,1695484491,2,160384,159944,161764,163688,1401337,842041,1427028,429534,124072,123244,126280,126281,1222480,1234419,1746549,980917,1,0,
2250,110491611218400,2.2668012,2,stimulus,139,110491605080200,1,1,16,2251,1695485497,1695485497,2,160268,159833,161658,163582,1401230,841928,1426915,429399,123953,123139,126164,126178,1222360,1234306,1746433,980805,1,0,
2251,110491611218400,2.2668012,2,stimulus,139,110491605080200,1,1,16,2252,1695486502,1695486502,2,160331,159870,161714,163614,1401261,841964,1426954,429442,123996,123183,126213,126219,1222400,1234351,1746474,980858,1,0,
2252,110491611218400,2.2668012,2,stimulus,139,110491605080200,1,1,16,2253,1695487506,1695487506,2,160296,159838,161692,163584,1401223,841924,1426910,429411,123964,123161,126178,126181,1222364,1234314,1746441,980818,1,0,
2253,110491611218400,2.2668012,2,stimulus,139,110491605080200,1,1,16,2254,1695488512,1695488512,2,160304,159851,161705,163596,1401229,841928,1426921,429401,123994,123166,126184,126195,1222364,1234313,1746443,980827,1,0,
2254,110491618287200,2.27387,2,stimulus,139,110491605080200,1,1,16,2255,1695489517,1695489517,2,160353,159888,161736,163640,1401264,841956,1426951,429427,124049,123201,126226,126229,1222392,1234344,1746468,980854,1,0,
2255,110491618287200,2.27387,2,stimulus,139,110491605080200,1,1,16,2256,1695490522,1695490522,2,160320,159839,161688,163599,1401207,841899,1426893,429372,124009,123159,126181,126179,1222327,1234279,1746385,980773,1,0,
2256,110491618287200,2.27387,2,stimulus,139,110491605080200,1,1,16,2257,1695491527,1695491527,2,160160,159683,161528,163453,1401039,841731,1426723,429198,123839,123001,126019,126019,1222148,1234091,1746196,980568,1,0,
2257,110491618287200,2.27387,2,stimulus,139,110491605080200,1,1,16,2258,1695492532,1695492532,2,160036,159575,161418,163345,1400931,841614,1426603,429069,123720,122898,125911,125900,1222022,1233963,1746063,980434,1,0,
2258,110491618287200,2.27387,2,stimulus,139,110491605080200,1,1,16,2259,1695493537,1695493537,2,160026,159556,161408,163336,1400916,841601,1426584,429053,123703,122884,125906,125878,1221996,1233934,1746034,980399,1,0,
2259,110491618287200,2.27387,2,stimulus,139,110491605080200,1,1,16,2260,1695494542,1695494542,2,160174,159683,161534,163443,1401027,841712,1426699,429181,123846,123011,126038,126009,1222121,1234059,1746158,980535,1,0,
2260,110491618287200,2.27387,2,stimulus,139,110491605080200,1,1,16,2261,1695495547,1695495547,2,160350,159849,161698,163607,1401179,841860,1426861,429344,124026,123191,126210,126198,1222279,1234213,1746306,980706,1,0,
2261,110491625190300,2.2807731,2,stimulus,140,110491622837600,1,1,16,2262,1695496552,1695496552,2,160051,159597,161454,163374,1400935,841610,1426596,429068,123749,122920,125955,125956,1222008,1233938,1746010,980396,1,0,
2262,110491625190300,2.2807731,2,stimulus,140,110491622837600,1,1,16,2263,1695497557,1695497557,2,159806,159404,161271,163209,1400766,841436,1426409,428857,123507,122708,125752,125774,1221825,1233749,1745806,980174,1,0,
2263,110491625190300,2.2807731,2,stimulus,140,110491622837600,1,1,16,2264,1695498562,1695498562,2,159931,159532,161387,163334,1400906,841582,1426559,429000,123623,122833,125882,125909,1221982,1233906,1745967,980331,1,0,
2264,110491625190300,2.2807731,2,stimulus,140,110491622837600,1,1,16,2265,1695499567,1695499567,2,160048,159641,161490,163440,1401029,841713,1426698,429134,123745,122949,125996,126018,1222131,1234049,1746114,980483,1,0,
2265,110491625190300,2.2807731,2,stimulus,140,110491622837600,1,1,16,2266,1695500572,1695500572,2,160163,159739,161586,163535,1401138,841825,1426816,429251,123858,123054,126088,126108,1222258,1234174,1746241,980624,1,0,
2266,110491625190300,2.2807731,2,stimulus,140,110491622837600,1,1,16,2267,1695501577,1695501577,2,160227,159801,161641,163581,1401194,841881,1426884,429318,123918,123110,126136,126155,1222316,1234236,1746311,980702,1,0,
2267,110491625190300,2.2807731,2,stimulus,140,110491622837600,1,1,16,2268,1695502582,1695502582,2,160339,159902,161728,163673,1401283,841977,1426981,429418,124024,123208,126221,126258,1222421,1234342,1746417,980825,1,0,
2268,110491632227000,2.2878098,2,stimulus,140,110491622837600,1,1,16,2269,1695503587,1695503587,2,160468,160010,161832,163766,1401383,842073,1427083,429531,124161,123327,126324,126373,1222534,1234458,1746533,980964,1,0,
2269,110491632227000,2.2878098,2,stimulus,140,110491622837600,1,1,16,2270,1695504592,1695504592,2,160326,159868,161694,163635,1401246,841938,1426935,429382,124016,123195,126183,126236,1222384,1234308,1746381,980804,1,0,
2270,110491632227000,2.2878098,2,stimulus,140,110491622837600,1,1,16,2271,1695505597,1695505597,2,160228,159776,161598,163544,1401151,841840,1426820,429258,123908,123099,126079,126127,1222278,1234207,1746268,980696,1,0,
2271,110491632227000,2.2878098,2,stimulus,140,110491622837600,1,1,16,2272,1695506602,1695506602,2,160286,159823,161644,163585,1401183,841874,1426859,429293,123956,123158,126122,126174,1222319,1234251,1746319,980751,1,0,
2272,110491632227000,2.2878098,2,stimulus,140,110491622837600,1,1,16,2273,1695507607,1695507607,2,160244,159788,161604,163554,1401140,841829,1426821,429244,123912,123132,126095,126139,1222284,1234208,1746273,980713,1,0,
2273,110491632227000,2.2878098,2,stimulus,140,110491622837600,1,1,16,2274,1695508612,1695508612,2,160254,159811,161628,163574,1401152,841840,1426828,429256,123931,123149,126123,126165,1222296,1234218,1746284,980724,1,0,
2274,110491632227000,2.2878098,2,stimulus,140,110491622837600,1,1,16,2275,1695509617,1695509617,2,160301,159857,161668,163603,1401179,841870,1426863,429279,123973,123178,126168,126203,1222318,1234245,1746298,980746,1,0,
2275,110491639277100,2.2948599,2,stimulus,140,110491622837600,1,1,16,2276,1695510622,1695510622,2,160261,159820,161625,163551,1401124,841810,1426803,429219,123924,123129,126109,126153,1222246,1234174,1746216,980669,1,0,
2276,110491639277100,2.2948599,2,stimulus,140,110491622837600,1,1,16,2277,1695511627,1695511627,2,160107,159659,161471,163399,1400961,841645,1426624,429044,123754,122978,125947,125982,1222059,1233988,1746018,980469,1,0,
2277,110491639277100,2.2948599,2,stimulus,140,110491622837600,1,1,16,2278,1695512632,1695512632,2,159976,159527,161356,163279,1400837,841518,1426492,428908,123618,122856,125836,125846,1221919,1233841,1745873,980313,1,0,
2278,110491639277100,2.2948599,2,stimulus,140,110491622837600,1,1,16,2279,1695513637,1695513637,2,159964,159513,161351,163271,1400814,841498,1426475,428889,123595,122849,125834,125831,1221899,1233818,1745849,980281,1,0,
2279,110491639277100,2.2948599,2,stimulus,140,110491622837600,1,1,16,2280,1695514642,1695514642,2,160106,159646,161472,163394,1400930,841622,1426604,429008,123737,122980,125973,125958,1222014,1233939,1745973,980418,1,0,
2280,110491639277100,2.2948599,2,stimulus,140,110491622837600,1,1,16,2281,1695515647,1695515647,2,160270,159796,161619,163541,1401069,841763,1426750,429153,123911,123136,126131,126117,1222159,1234081,1746114,980571,1,0,
2281,110491639277100,2.2948599,2,stimulus,140,110491622837600,1,1,16,2282,1695516652,1695516652,2,159976,159544,161383,163316,1400823,841513,1426485,428876,123639,122879,125875,125870,1221907,1233809,1745823,980268,1,0,
2282,110491646197600,2.3017804,2,stimulus,141,110491639868800,1,0,16,2283,1695517657,1695517657,2,159766,159367,161224,163172,1400680,841359,1426324,428693,123431,122689,125693,125700,1221743,1233651,1745642,980078,1,0,
2283,110491646197600,2.3017804,2,stimulus,141,110491639868800,1,0,16,2284,1695518662,1695518662,2,159910,159505,161371,163317,1400845,841523,1426500,428864,123569,122838,125843,125856,1221918,1233825,1745819,980256,1,0,
2284,110491646197600,2.3017804,2,stimulus,141,110491639868800,1,0,16,2285,1695519667,1695519667,2,160041,159628,161503,163442,1400988,841674,1426649,429018,123708,122973,125974,125984,1222078,1233993,1745992,980438,1,0,
2285,110491646197600,2.3017804,2,stimulus,141,110491639868800,1,0,16,2286,1695520672,1695520672,2,160158,159739,161601,163542,1401101,841786,1426769,429139,123818,123073,126079,126083,1222204,1234119,1746122,980581,1,0,
2286,110491646197600,2.3017804,2,stimulus,141,110491639868800,1,0,16,2287,1695521677,1695521677,2,160232,159788,161655,163587,1401153,841845,1426828,429206,123879,123116,126133,126138,1222276,1234183,1746184,980658,1,0,
2287,110491646197600,2.3017804,2,stimulus,141,110491639868800,1,0,16,2288,1695522682,1695522682,2,160347,159891,161748,163678,1401251,841940,1426937,429316,123994,123214,126243,126241,1222378,1234294,1746298,980781,1,0,
2288,110491646197600,2.3017804,2,stimulus,141,110491639868800,1,0,16,2289,1695523687,1695523687,2,160476,160001,161861,163781,1401350,842041,1427054,429423,124119,123328,126368,126361,1222493,1234403,1746419,980913,1,0,
2289,110491653192000,2.3087748,2,stimulus,141,110491639868800,1,0,16,2290,1695524692,1695524692,2,160319,159858,161713,163654,1401199,841892,1426891,429252,123959,123184,126221,126220,1222339,1234246,1746257,980751,1,0,
2290,110491653192000,2.3087748,2,stimulus,141,110491639868800,1,0,16,2291,1695525697,1695525697,2,160211,159766,161616,163566,1401103,841795,1426781,429138,123849,123079,126126,126126,1222242,1234149,1746149,980642,1,0,
2291,110491653192000,2.3087748,2,stimulus,141,110491639868800,1,0,16,2292,1695526702,1695526702,2,160269,159809,161661,163604,1401147,841831,1426833,429186,123913,123133,126175,126179,1222281,1234197,1746200,980704,1,0,
2292,110491653192000,2.3087748,2,stimulus,141,110491639868800,1,0,16,2293,1695527707,1695527707,2,160246,159779,161643,163581,1401112,841796,1426801,429154,123894,123113,126153,126156,1222252,1234166,1746169,980673,1,0,
2293,110491653192000,2.3087748,2,stimulus,141,110491639868800,1,0,16,2294,1695528712,1695528712,2,160245,159785,161642,163578,1401102,841793,1426788,429148,123908,123124,126150,126170,1222248,1234158,1746158,980666,1,0,
2294,110491653192000,2.3087748,2,stimulus,141,110491639868800,1,0,16,2295,1695529717,1695529717,2,160295,159835,161685,163624,1401138,841836,1426826,429188,123971,123171,126205,126215,1222280,1234189,1746184,980704,1,0,
2295,110491653192000,2.3087748,2,stimulus,141,110491639868800,1,0,16,2296,1695530722,1695530722,2,160261,159796,161651,163589,1401094,841786,1426777,429140,123938,123138,126161,126174,1222221,1234134,1746114,980634,1,0,
2296,110491660191000,2.3157738,2,stimulus,142,110491655997200,1,0,16,2297,1695531727,1695531727,2,160110,159655,161513,163450,1400938,841635,1426615,428968,123781,123003,126018,126012,1222056,1233956,1745931,980442,1,0,
2297,110491660191000,2.3157738,2,stimulus,142,110491655997200,1,0,16,2298,1695532732,1695532732,2,160006,159551,161419,163359,1400831,841534,1426506,428858,123673,122899,125908,125916,1221942,1233831,1745796,980309,1,0,
2298,110491660191000,2.3157738,2,stimulus,142,110491655997200,1,0,16,2299,1695533737,1695533737,2,160003,159534,161402,163341,1400814,841505,1426480,428827,123659,122889,125877,125899,1221907,1233803,1745766,980271,1,0,
2299,110491660191000,2.3157738,2,stimulus,142,110491655997200,1,0,16,2300,1695534742,1695534742,2,160148,159666,161519,163462,1400924,841620,1426595,428946,123802,123026,126005,126028,1222029,1233922,1745886,980409,1,0,
2300,110491660191000,2.3157738,2,stimulus,142,110491655997200,1,0,16,2301,1695535748,1695535748,2,160299,159813,161661,163602,1401049,841757,1426736,429093,123969,123185,126156,126181,1222167,1234060,1746022,980551,1,0,
2301,110491660191000,2.3157738,2,stimulus,142,110491655997200,1,0,16,2302,1695536753,1695536753,2,159999,159544,161411,163354,1400793,841491,1426456,428799,123667,122911,125901,125919,1221883,1233776,1745719,980224,1,0,
2302,110491660191000,2.3157738,2,stimulus,142,110491655997200,1,0,16,2303,1695537758,1695537758,2,159782,159366,161248,163194,1400644,841333,1426299,428608,123452,122713,125739,125742,1221725,1233600,1745540,980034,1,0,
2303,110491667328700,2.3229115,2,stimulus,142,110491655997200,1,0,16,2304,1695538763,1695538763,2,159903,159488,161371,163324,1400798,841484,1426459,428759,123586,122846,125871,125868,1221883,1233771,1745707,980199,1,0,
2304,110491667328700,2.3229115,2,stimulus,142,110491655997200,1,0,16,2305,1695539768,1695539768,2,160041,159620,161496,163442,1400935,841636,1426608,428909,123718,122980,125993,125995,1222041,1233934,1745863,980369,1,0,
2305,110491667328700,2.3229115,2,stimulus,142,110491655997200,1,0,16,2306,1695540773,1695540773,2,160146,159718,161589,163517,1401032,841738,1426721,429026,123818,123076,126088,126084,1222159,1234053,1745979,980507,1,0,
2306,110491667328700,2.3229115,2,stimulus,142,110491655997200,1,0,16,2307,1695541778,1695541778,2,160206,159774,161631,163558,1401088,841794,1426781,429088,123874,123118,126145,126138,1222218,1234114,1746042,980585,1,0,
2307,110491667328700,2.3229115,2,stimulus,142,110491655997200,1,0,16,2308,1695542783,1695542783,2,160348,159900,161741,163656,1401201,841913,1426899,429209,124011,123239,126264,126258,1222339,1234239,1746177,980725,1,0,
2308,110491667328700,2.3229115,2,stimulus,142,110491655997200,1,0,16,2309,1695543788,1695543788,2,160491,160027,161857,163764,1401311,842022,1427013,429336,124161,123365,126385,126381,1222461,1234356,1746301,980867,1,0,
2309,110491667328700,2.3229115,2,stimulus,142,110491655997200,1,0,16,2310,1695544792,1695544792,2,160317,159869,161702,163617,1401149,841856,1426840,429149,123996,123208,126221,126238,1222293,1234187,1746121,980693,1,0,
2310,110491674276500,2.3298593,2,stimulus,143,110491673181800,1,0,16,2311,1695545797,1695545797,2,160216,159781,161613,163534,1401054,841758,1426740,429040,123894,123108,126124,126161,1222197,1234092,1746027,980586,1,0,
2311,110491674276500,2.3298593,2,stimulus,143,110491673181800,1,0,16,2312,1695546802,1695546802,2,160275,159833,161662,163588,1401099,841801,1426789,429091,123964,123165,126178,126215,1222249,1234144,1746078,980645,1,0,
2312,110491674276500,2.3298593,2,stimulus,143,110491673181800,1,0,16,2313,1695547808,1695547808,2,160231,159794,161629,163568,1401056,841766,1426746,429050,123941,123130,126152,126188,1222216,1234107,1746039,980611,1,0,
2313,110491674276500,2.3298593,2,stimulus,143,110491673181800,1,0,16,2314,1695548813,1695548813,2,160234,159793,161632,163574,1401051,841764,1426739,429039,123943,123128,126158,126191,1222213,1234100,1746034,980609,1,0,
2314,110491674276500,2.3298593,2,stimulus,143,110491673181800,1,0,16,2315,1695549818,1695549818,2,160291,159844,161682,163618,1401086,841799,1426781,429079,123984,123184,126206,126234,1222242,1234130,1746061,980643,1,0,
2315,110491674276500,2.3298593,2,stimulus,143,110491673181800,1,0,16,2316,1695550822,1695550822,2,160268,159826,161646,163594,1401043,841754,1426736,429037,123955,123149,126168,126196,1222189,1234066,1745999,980580,1,0,
2316,110491674276500,2.3298593,2,stimulus,143,110491673181800,1,0,16,2317,1695551827,1695551827,2,160093,159671,161481,163433,1400880,841591,1426560,428850,123791,122981,125999,126014,1221998,1233869,1745803,980369,1,0,
2317,110491681194600,2.3367774,2,stimulus,143,110491673181800,1,0,16,2318,1695552832,1695552832,2,159974,159559,161361,163319,1400749,841464,1426423,428714,123671,122866,125868,125896,1221863,1233739,1745658,980214,1,0,
2318,110491681194600,2.3367774,2,stimulus,143,110491673181800,1,0,16,2319,1695553837,1695553837,2,159965,159539,161340,163304,1400718,841435,1426393,428676,123658,122838,125844,125869,1221832,1233707,1745615,980184,1,0,
2319,110491681194600,2.3367774,2,stimulus,143,110491673181800,1,0,16,2320,1695554842,1695554842,2,160119,159665,161462,163434,1400841,841551,1426517,428803,123806,122972,125980,125997,1221950,1233829,1745734,980311,1,0,
2320,110491681194600,2.3367774,2,stimulus,143,110491673181800,1,0,16,2321,1695555848,1695555848,2,160284,159808,161607,163579,1400986,841686,1426663,428955,123966,123129,126136,126160,1222092,1233981,1745872,980458,1,0,
2321,110491681194600,2.3367774,2,stimulus,143,110491673181800,1,0,16,2322,1695556853,1695556853,2,159965,159531,161341,163323,1400709,841421,1426380,428651,123651,122854,125868,125893,1221803,1233681,1745556,980124,1,0,
2322,110491681194600,2.3367774,2,stimulus,143,110491673181800,1,0,16,2323,1695557858,1695557858,2,159772,159379,161200,163183,1400571,841279,1426229,428479,123452,122679,125703,125738,1221654,1233522,1745396,979948,1,0,
2323,110491681194600,2.3367774,2,stimulus,143,110491673181800,1,0,16,2324,1695558863,1695558863,2,159907,159513,161349,163327,1400726,841443,1426396,428642,123593,122804,125821,125879,1221830,1233701,1745566,980128,1,0,
2324,110491688188400,2.3437712,2,stimulus,143,110491673181800,1,0,16,2325,1695559868,1695559868,2,160033,159634,161464,163439,1400861,841575,1426542,428784,123728,122918,125937,126005,1221979,1233853,1745717,980292,1,0,
2325,110491688188400,2.3437712,2,stimulus,143,110491673181800,1,0,16,2326,1695560873,1695560873,2,160129,159719,161548,163514,1400964,841673,1426651,428893,123836,123008,126027,126091,1222099,1233959,1745838,980421,1,0,
2326,110491688188400,2.3437712,2,stimulus,143,110491673181800,1,0,16,2327,1695561878,1695561878,2,160191,159769,161593,163553,1401009,841726,1426699,428948,123903,123065,126078,126136,1222153,1234022,1745902,980498,1,0,
2327,110491688188400,2.3437712,2,stimulus,143,110491673181800,1,0,16,2328,1695562883,1695562883,2,160338,159898,161714,163657,1401123,841839,1426816,429070,124043,123199,126195,126262,1222273,1234154,1746032,980647,1,0,
2328,110491688188400,2.3437712,2,stimulus,143,110491673181800,1,0,16,2329,1695563888,1695563888,2,160478,160023,161841,163780,1401236,841951,1426934,429196,124196,123334,126323,126388,1222393,1234278,1746166,980788,1,0,
2329,110491688188400,2.3437712,2,stimulus,143,110491673181800,1,0,16,2330,1695564893,1695564893,2,160316,159879,161686,163641,1401080,841797,1426768,429020,124030,123183,126178,126238,1222226,1234109,1745998,980616,1,0,
2330,110491688188400,2.3437712,2,stimulus,143,110491673181800,1,0,16,2331,1695565898,1695565898,2,160228,159803,161598,163559,1401001,841710,1426683,428916,123933,123091,126091,126154,1222134,1234019,1745910,980528,1,0,
2331,110491695186300,2.3507691,2,stimulus,144,110491689257900,1,1,16,2332,1695566903,1695566903,2,160293,159861,161644,163606,1401044,841756,1426728,428963,123996,123148,126136,126210,1222183,1234073,1745950,980581,1,0,
2332,110491695186300,2.3507691,2,stimulus,144,110491689257900,1,1,16,2333,1695567908,1695567908,2,160274,159839,161619,163578,1401009,841723,1426691,428928,123978,123129,126121,126186,1222158,1234047,1745918,980556,1,0,
2333,110491695186300,2.3507691,2,stimulus,144,110491689257900,1,1,16,2334,1695568913,1695568913,2,160304,159873,161654,163603,1401028,841743,1426711,428949,124006,123168,126146,126225,1222180,1234064,1745938,980588,1,0,
2334,110491695186300,2.3507691,2,stimulus,144,110491689257900,1,1,16,2335,1695569918,1695569918,2,160342,159916,161699,163638,1401064,841772,1426746,428978,124040,123218,126179,126273,1222204,1234084,1745961,980615,1,0,
2335,110491695186300,2.3507691,2,stimulus,144,110491689257900,1,1,16,2336,1695570923,1695570923,2,160284,159876,161652,163587,1401006,841718,1426692,428916,124000,123173,126131,126229,1222134,1234014,1745891,980539,1,0,
2336,110491695186300,2.3507691,2,stimulus,144,110491689257900,1,1,16,2337,1695571928,1695571928,2,160125,159728,161514,163447,1400853,841562,1426523,428753,123853,123021,125984,126058,1221966,1233848,1745712,980339,1,0,
2337,110491695186300,2.3507691,2,stimulus,144,110491689257900,1,1,16,2338,1695572933,1695572933,2,160013,159616,161402,163347,1400743,841451,1426406,428633,123748,122914,125871,125938,1221838,1233728,1745566,980199,1,0,
2338,110491702217300,2.3578001,2,stimulus,144,110491689257900,1,1,16,2339,1695573938,1695573938,2,159990,159598,161393,163338,1400717,841425,1426376,428603,123744,122901,125850,125916,1221811,1233689,1745536,980167,1,0,
2339,110491702217300,2.3578001,2,stimulus,144,110491689257900,1,1,16,2340,1695574943,1695574943,2,160113,159719,161521,163452,1400815,841528,1426489,428718,123867,123028,125971,126039,1221928,1233796,1745649,980290,1,0,
2340,110491702217300,2.3578001,2,stimulus,144,110491689257900,1,1,16,2341,1695575948,1695575948,2,160256,159851,161644,163583,1400928,841651,1426619,428843,124010,123171,126114,126186,1222050,1233920,1745766,980415,1,0,
2341,110491702217300,2.3578001,2,stimulus,144,110491689257900,1,1,16,2342,1695576953,1695576953,2,159931,159558,161360,163326,1400659,841369,1426321,428529,123682,122875,125844,125903,1221743,1233618,1745441,980071,1,0,
2342,110491702217300,2.3578001,2,stimulus,144,110491689257900,1,1,16,2343,1695577958,1695577958,2,159739,159391,161221,163188,1400524,841228,1426170,428360,123473,122695,125690,125745,1221601,1233467,1745279,979896,1,0,
2343,110491702217300,2.3578001,2,stimulus,144,110491689257900,1,1,16,2344,1695578963,1695578963,2,159880,159529,161361,163324,1400688,841393,1426339,428518,123618,122828,125833,125901,1221778,1233645,1745463,980083,1,0,
2344,110491702217300,2.3578001,2,stimulus,144,110491689257900,1,1,16,2345,1695579967,1695579967,2,160014,159643,161482,163430,1400823,841541,1426486,428666,123751,122957,125958,126020,1221928,1233794,1745611,980248,1,0,
2345,110491709210000,2.3647928,2,stimulus,145,110491705243900,1,1,16,2346,1695580973,1695580973,2,160121,159735,161565,163506,1400917,841634,1426597,428775,123838,123059,126052,126106,1222039,1233911,1745728,980371,1,0,
2346,110491709210000,2.3647928,2,stimulus,145,110491705243900,1,1,16,2347,1695581978,1695581978,2,160175,159765,161583,163538,1400952,841672,1426636,428823,123874,123092,126089,126138,1222084,1233952,1745782,980434,1,0,
2347,110491709210000,2.3647928,2,stimulus,145,110491705243900,1,1,16,2348,1695582983,1695582983,2,160306,159868,161683,163623,1401056,841776,1426730,428940,124001,123203,126194,126245,1222198,1234072,1745898,980575,1,0,
2348,110491709210000,2.3647928,2,stimulus,145,110491705243900,1,1,16,2349,1695583987,1695583987,2,160444,159993,161797,163721,1401156,841878,1426845,429039,124136,123325,126305,126350,1222306,1234191,1746011,980706,1,0,
2349,110491709210000,2.3647928,2,stimulus,145,110491705243900,1,1,16,2350,1695584992,1695584992,2,160289,159837,161644,163574,1400991,841709,1426682,428863,123951,123163,126143,126198,1222141,1234020,1745836,980524,1,0,
2350,110491709210000,2.3647928,2,stimulus,145,110491705243900,1,1,16,2351,1695585997,1695585997,2,160204,159758,161570,163499,1400908,841624,1426590,428766,123853,123076,126058,126123,1222061,1233936,1745753,980436,1,0,
2351,110491709210000,2.3647928,2,stimulus,145,110491705243900,1,1,16,2352,1695587002,1695587002,2,160273,159829,161629,163560,1400968,841682,1426649,428830,123933,123138,126124,126189,1222120,1234006,1745817,980509,1,0,
2352,110491716148400,2.3717312,2,stimulus,145,110491705243900,1,1,16,2353,1695588007,1695588007,2,160252,159798,161598,163547,1400944,841648,1426619,428801,123910,123136,126104,126163,1222095,1233974,1745791,980482,1,0,
2353,110491716148400,2.3717312,2,stimulus,145,110491705243900,1,1,16,2354,1695589012,1695589012,2,160264,159803,161604,163548,1400939,841651,1426618,428793,123926,123146,126111,126158,1222092,1233966,1745783,980484,1,0,
2354,110491716148400,2.3717312,2,stimulus,145,110491705243900,1,1,16,2355,1695590016,1695590016,2,160317,159842,161644,163581,1400975,841686,1426658,428833,123987,123191,126155,126194,1222124,1234003,1745805,980518,1,0,
2355,110491716148400,2.3717312,2,stimulus,145,110491705243900,1,1,16,2356,1695591021,1695591021,2,160286,159814,161612,163553,1400931,841649,1426608,428786,123958,123161,126119,126153,1222072,1233948,1745749,980452,1,0,
2356,110491716148400,2.3717312,2,stimulus,145,110491705243900,1,1,16,2357,1695592026,1695592026,2,160126,159679,161462,163410,1400769,841501,1426441,428617,123803,123015,125964,126001,1221893,1233773,1745561,980257,1,0,
2357,110491716148400,2.3717312,2,stimulus,145,110491705243900,1,1,16,2358,1695593031,1695593031,2,160021,159583,161373,163311,1400672,841392,1426336,428509,123696,122917,125866,125899,1221773,1233650,1745438,980126,1,0,
2358,110491716148400,2.3717312,2,stimulus,145,110491705243900,1,1,16,2359,1695594035,1695594035,2,160023,159580,161365,163308,1400669,841382,1426328,428493,123691,122918,125864,125896,1221764,1233636,1745423,980113,1,0,
2359,110491723263900,2.3788467,2,stimulus,146,110491722928000,1,1,16,2360,1695595040,1695595040,2,160172,159726,161504,163444,1400803,841517,1426471,428636,123853,123074,126011,126033,1221904,1233772,1745561,980259,1,0,
2360,110491723263900,2.3788467,2,stimulus,146,110491722928000,1,1,16,2361,1695596045,1695596045,2,160330,159876,161656,163591,1400930,841656,1426612,428778,124019,123230,126166,126186,1222045,1233913,1745693,980407,1,0,
2361,110491723263900,2.3788467,2,stimulus,146,110491722928000,1,1,16,2362,1695597050,1695597050,2,159988,159582,161374,163333,1400641,841364,1426305,428449,123696,122927,125874,125895,1221731,1233594,1745357,980046,1,0,
2362,110491723263900,2.3788467,2,stimulus,146,110491722928000,1,1,16,2363,1695598055,1695598055,2,159796,159421,161234,163187,1400503,841231,1426164,428288,123496,122767,125714,125734,1221593,1233448,1745206,979874,1,0,
2363,110491723263900,2.3788467,2,stimulus,146,110491722928000,1,1,16,2364,1695599060,1695599060,2,159929,159540,161361,163309,1400653,841378,1426324,428440,123605,122892,125833,125876,1221753,1233611,1745364,980041,1,0,
2364,110491723263900,2.3788467,2,stimulus,146,110491722928000,1,1,16,2365,1695600065,1695600065,2,160059,159653,161476,163421,1400791,841515,1426464,428578,123724,123011,125948,125993,1221904,1233764,1745519,980209,1,0,
2365,110491723263900,2.3788467,2,stimulus,146,110491722928000,1,1,16,2366,1695601070,1695601070,2,160176,159760,161570,163514,1400898,841621,1426579,428700,123840,123109,126058,126090,1222024,1233891,1745649,980354,1,0,
2366,110491730201700,2.3857845,2,stimulus,146,110491722928000,1,1,16,2367,1695602075,1695602075,2,160248,159820,161615,163556,1400956,841688,1426637,428768,123902,123163,126116,126146,1222092,1233954,1745718,980432,1,0,
2367,110491730201700,2.3857845,2,stimulus,146,110491722928000,1,1,16,2368,1695603080,1695603080,2,160382,159937,161724,163661,1401069,841803,1426754,428883,124041,123284,126236,126252,1222218,1234078,1745850,980574,1,0,
2368,110491730201700,2.3857845,2,stimulus,146,110491722928000,1,1,16,2369,1695604085,1695604085,2,160508,160044,161826,163756,1401159,841896,1426854,428992,124167,123399,126347,126353,1222321,1234189,1745961,980703,1,0,
2369,110491730201700,2.3857845,2,stimulus,146,110491722928000,1,1,16,2370,1695605090,1695605090,2,160337,159899,161680,163617,1400991,841736,1426681,428815,123997,123243,126194,126193,1222158,1234024,1745785,980526,1,0,
2370,110491730201700,2.3857845,2,stimulus,146,110491722928000,1,1,16,2371,1695606095,1695606095,2,160234,159824,161618,163548,1400918,841653,1426601,428729,123910,123166,126115,126111,1222076,1233945,1745704,980443,1,0,
2371,110491730201700,2.3857845,2,stimulus,146,110491722928000,1,1,16,2372,1695607100,1695607100,2,160288,159876,161657,163589,1400959,841686,1426640,428769,123966,123214,126159,126165,1222119,1233986,1745757,980502,1,0,
2372,110491730201700,2.3857845,2,stimulus,146,110491722928000,1,1,16,2373,1695608105,1695608105,2,160266,159846,161634,163563,1400934,841653,1426605,428737,123949,123198,126142,126147,1222094,1233958,1745726,980474,1,0,
2373,110491737351000,2.3929338,2,stimulus,146,110491722928000,1,1,16,2374,1695609110,1695609110,2,160281,159861,161645,163578,1400931,841654,1426605,428733,123966,123204,126154,126166,1222088,1233963,1745719,980482,1,0,
2374,110491737351000,2.3929338,2,stimulus,146,110491722928000,1,1,16,2375,1695610115,1695610115,2,160329,159910,161686,163612,1400959,841687,1426631,428755,124006,123231,126198,126204,1222111,1233987,1745734,980506,1,0,
2375,110491737351000,2.3929338,2,stimulus,146,110491722928000,1,1,16,2376,1695611120,1695611120,2,160285,159867,161639,163566,1400898,841631,1426574,428690,123954,123186,126144,126141,1222038,1233906,1745656,980421,1,0,
2376,110491737351000,2.3929338,2,stimulus,146,110491722928000,1,1,16,2377,1695612125,1695612125,2,160133,159719,161497,163426,1400748,841474,1426415,428535,123801,123038,125994,125983,1221874,1233734,1745479,980231,1,0,
2377,110491737351000,2.3929338,2,stimulus,146,110491722928000,1,1,16,2378,1695613130,1695613130,2,160031,159624,161409,163329,1400644,841374,1426306,428429,123698,122944,125901,125881,1221762,1233621,1745355,980108,1,0,
2378,110491737351000,2.3929338,2,stimulus,146,110491722928000,1,1,16,2379,1695614135,1695614135,2,160034,159616,161414,163331,1400639,841369,1426299,428418,123703,122936,125910,125873,1221755,1233608,1745341,980094,1,0,
2379,110491737351000,2.3929338,2,stimulus,146,110491722928000,1,1,16,2380,1695615140,1695615140,2,160198,159766,161568,163476,1400784,841509,1426444,428559,123883,123081,126066,126026,1221903,1233746,1745489,980255,1,0,
2380,110491744207100,2.3997899,2,stimulus,147,110491738883200,1,0,16,2381,1695616145,1695616145,2,160364,159927,161723,163623,1400929,841651,1426596,428698,124049,123230,126212,126192,1222048,1233894,1745628,980401,1,0,
2381,110491744207100,2.3997899,2,stimulus,147,110491738883200,1,0,16,2382,1695617150,1695617150,2,160044,159651,161458,163372,1400656,841378,1426311,428397,123726,122937,125934,125913,1221761,1233594,1745311,980063,1,0,
2382,110491744207100,2.3997899,2,stimulus,147,110491738883200,1,0,16,2383,1695618155,1695618155,2,159870,159515,161324,163260,1400539,841266,1426182,428254,123552,122779,125799,125784,1221644,1233469,1745183,979914,1,0,
2383,110491744207100,2.3997899,2,stimulus,147,110491738883200,1,0,16,2384,1695619160,1695619160,2,160004,159653,161466,163399,1400708,841427,1426346,428423,123690,122917,125950,125935,1221813,1233643,1745356,980096,1,0,
2384,110491744207100,2.3997899,2,stimulus,147,110491738883200,1,0,16,2385,1695620165,1695620165,2,160130,159763,161584,163503,1400835,841554,1426484,428561,123815,123035,126059,126056,1221956,1233793,1745503,980249,1,0,
2385,110491744207100,2.3997899,2,stimulus,147,110491738883200,1,0,16,2386,1695621170,1695621170,2,160261,159867,161696,163610,1400949,841681,1426616,428696,123939,123164,126165,126171,1222095,1233934,1745636,980406,1,0,
2386,110491744207100,2.3997899,2,stimulus,147,110491738883200,1,0,16,2387,1695622175,1695622175,2,160321,159925,161749,163662,1401009,841745,1426687,428765,124006,123225,126224,126233,1222164,1234008,1745717,980496,1,0,
2387,110491751260600,2.4068434,2,stimulus,147,110491738883200,1,0,16,2388,1695623180,1695623180,2,160451,160034,161852,163768,1401114,841848,1426794,428881,124119,123334,126331,126337,1222269,1234119,1745836,980632,1,0,
2388,110491751260600,2.4068434,2,stimulus,147,110491738883200,1,0,16,2389,1695624185,1695624185,2,160571,160128,161943,163853,1401193,841936,1426878,428976,124224,123441,126428,126429,1222370,1234218,1745936,980739,1,0,
2389,110491751260600,2.4068434,2,stimulus,147,110491738883200,1,0,16,2390,1695625190,1695625190,2,160398,159969,161788,163698,1401032,841769,1426705,428788,124055,123285,126269,126269,1222195,1234046,1745754,980548,1,0,
2390,110491751260600,2.4068434,2,stimulus,147,110491738883200,1,0,16,2391,1695626195,1695626195,2,160319,159901,161715,163628,1400959,841690,1426624,428691,123968,123202,126194,126196,1222114,1233963,1745673,980469,1,0,
2391,110491751260600,2.4068434,2,stimulus,147,110491738883200,1,0,16,2392,1695627200,1695627200,2,160366,159939,161758,163675,1400994,841725,1426661,428734,124028,123247,126245,126247,1222154,1234009,1745721,980525,1,0,
2392,110491751260600,2.4068434,2,stimulus,147,110491738883200,1,0,16,2393,1695628205,1695628205,2,160331,159902,161728,163641,1400956,841689,1426628,428697,124002,123232,126226,126229,1222122,1233974,1745684,980494,1,0,
2393,110491751260600,2.4068434,2,stimulus,147,110491738883200,1,0,16,2394,1695629210,1695629210,2,160331,159904,161741,163636,1400952,841685,1426621,428693,124016,123227,126227,126238,1222115,1233978,1745683,980496,1,0,
2394,110491758248000,2.4138308,2,stimulus,148,110491756215000,1,0,16,2395,1695630215,1695630215,2,160380,159943,161772,163673,1400974,841706,1426643,428705,124053,123266,126256,126271,1222138,1233998,1745700,980520,1,0,
2395,110491758248000,2.4138308,2,stimulus,148,110491756215000,1,0,16,2396,1695631220,1695631220,2,160341,159889,161720,163614,1400912,841639,1426568,428636,123989,123209,126191,126195,1222059,1233906,1745614,980418,1,0,
2396,110491758248000,2.4138308,2,stimulus,148,110491756215000,1,0,16,2397,1695632225,1695632225,2,160183,159744,161583,163478,1400760,841479,1426399,428463,123830,123061,126038,126038,1221888,1233729,1745422,980221,1,0,
2397,110491758248000,2.4138308,2,stimulus,148,110491756215000,1,0,16,2398,1695633229,1695633229,2,160072,159642,161489,163396,1400659,841377,1426299,428363,123739,122962,125943,125944,1221778,1233621,1745306,980098,1,0,
2398,110491758248000,2.4138308,2,stimulus,148,110491756215000,1,0,16,2399,1695634234,1695634234,2,160078,159646,161497,163410,1400654,841379,1426295,428364,123756,122966,125958,125956,1221766,1233611,1745291,980091,1,0,
2399,110491758248000,2.4138308,2,stimulus,148,110491756215000,1,0,16,2400,1695635239,1695635239,2,160241,159802,161639,163546,1400790,841514,1426439,428499,123908,123114,126116,126113,1221908,1233750,1745430,980250,1,0,
2400,110491758248000,2.4138308,2,stimulus,148,110491756215000,1,0,16,2401,1695636245,1695636245,2,160388,159937,161765,163666,1400908,841643,1426564,428627,124046,123256,126256,126252,1222036,1233876,1745555,980388,1,0,
2401,110491765195300,2.4207781,2,stimulus,148,110491756215000,1,0,16,2402,1695637249,1695637249,2,160057,159635,161484,163399,1400621,841358,1426257,428303,123723,122954,125965,125959,1221731,1233563,1745225,980029,1,0,
2402,110491765195300,2.4207781,2,stimulus,148,110491756215000,1,0,16,2403,1695638254,1695638254,2,159894,159493,161358,163276,1400517,841235,1426129,428158,123551,122807,125843,125824,1221613,1233448,1745093,979879,1,0,
2403,110491765195300,2.4207781,2,stimulus,148,110491756215000,1,0,16,2404,1695639259,1695639259,2,160024,159615,161484,163392,1400658,841383,1426283,428306,123662,122926,125981,125954,1221763,1233612,1745252,980038,1,0,
2404,110491765195300,2.4207781,2,stimulus,148,110491756215000,1,0,16,2405,1695640264,1695640264,2,160164,159739,161602,163511,1400788,841526,1426431,428454,123791,123051,126099,126085,1221914,1233761,1745398,980207,1,0,
2405,110491765195300,2.4207781,2,stimulus,148,110491756215000,1,0,16,2406,1695641269,1695641269,2,160273,159846,161690,163604,1400888,841628,1426545,428568,123898,123153,126186,126186,1222039,1233881,1745519,980343,1,0,
2406,110491765195300,2.4207781,2,stimulus,148,110491756215000,1,0,16,2407,1695642274,1695642274,2,160329,159889,161730,163634,1400938,841681,1426596,428631,123949,123188,126221,126236,1222088,1233929,1745575,980410,1,0,
2407,110491765195300,2.4207781,2,stimulus,148,110491756215000,1,0,16,2408,1695643279,1695643279,2,160458,159981,161831,163729,1401042,841783,1426706,428739,124075,123293,126325,126343,1222201,1234040,1745697,980546,1,0,
2408,110491772207600,2.4277904,2,stimulus,149,110491771858100,1,0,16,2409,1695644284,1695644284,2,160563,160079,161931,163834,1401121,841861,1426794,428838,124192,123401,126421,126434,1222294,1234136,1745796,980658,1,0,
2409,110491772207600,2.4277904,2,stimulus,149,110491771858100,1,0,16,2410,1695645289,1695645289,2,160378,159916,161773,163676,1400951,841685,1426611,428648,124018,123229,126253,126266,1222121,1233960,1745606,980469,1,0,
2410,110491772207600,2.4277904,2,stimulus,149,110491771858100,1,0,16,2411,1695646294,1695646294,2,160291,159855,161696,163601,1400880,841605,1426534,428562,123924,123168,126181,126191,1222044,1233879,1745528,980396,1,0,
2411,110491772207600,2.4277904,2,stimulus,149,110491771858100,1,0,16,2412,1695647299,1695647299,2,160334,159896,161723,163634,1400905,841645,1426565,428594,123971,123209,126216,126239,1222083,1233923,1745569,980445,1,0,
2412,110491772207600,2.4277904,2,stimulus,149,110491771858100,1,0,16,2413,1695648304,1695648304,2,160288,159863,161669,163598,1400846,841598,1426506,428536,123933,123158,126174,126201,1222029,1233871,1745514,980390,1,0,
2413,110491772207600,2.4277904,2,stimulus,149,110491771858100,1,0,16,2414,1695649309,1695649309,2,160303,159881,161696,163615,1400863,841610,1426527,428545,123958,123171,126199,126234,1222041,1233888,1745531,980406,1,0,
2414,110491772207600,2.4277904,2,stimulus,149,110491771858100,1,0,16,2415,1695650314,1695650314,2,160362,159928,161743,163658,1400899,841643,1426562,428578,124007,123220,126235,126285,1222073,1233917,1745564,980446,1,0,
2415,110491779163700,2.4347465,2,stimulus,149,110491771858100,1,0,16,2416,1695651319,1695651319,2,160308,159869,161670,163613,1400831,841574,1426482,428503,123938,123162,126163,126224,1221991,1233831,1745471,980353,1,0,
2416,110491779163700,2.4347465,2,stimulus,149,110491771858100,1,0,16,2417,1695652324,1695652324,2,160135,159703,161509,163454,1400661,841403,1426305,428315,123769,122994,125995,126058,1221804,1233645,1745271,980136,1,0,
2417,110491779163700,2.4347465,2,stimulus,149,110491771858100,1,0,16,2418,1695653329,1695653329,2,160026,159602,161414,163341,1400556,841298,1426196,428201,123673,122896,125894,125948,1221684,1233522,1745141,980004,1,0,
2418,110491779163700,2.4347465,2,stimulus,149,110491771858100,1,0,16,2419,1695654334,1695654334,2,160008,159590,161411,163324,1400538,841271,1426169,428181,123666,122883,125871,125937,1221667,1233494,1745113,979976,1,0,
2419,110491779163700,2.4347465,2,stimulus,149,110491771858100,1,0,16,2420,1695655339,1695655339,2,160173,159742,161554,163469,1400672,841404,1426315,428327,123829,123026,126022,126094,1221804,1233628,1745259,980131,1,0,
2420,110491779163700,2.4347465,2,stimulus,149,110491771858100,1,0,16,2421,1695656344,1695656344,2,160308,159879,161681,163599,1400794,841533,1426438,428457,123975,123167,126154,126240,1221929,1233753,1745373,980262,1,0,
2421,110491779163700,2.4347465,2,stimulus,149,110491771858100,1,0,16,2422,1695657349,1695657349,2,159949,159579,161379,163306,1400493,841234,1426123,428116,123619,122848,125846,125935,1221606,1233426,1745023,979890,1,0,
2422,110491786211600,2.4417944,2,stimulus,149,110491771858100,1,0,16,2423,1695658354,1695658354,2,159786,159446,161251,163183,1400374,841119,1426006,427971,123450,122684,125695,125791,1221490,1233309,1744896,979741,1,0,
2423,110491786211600,2.4417944,2,stimulus,149,110491771858100,1,0,16,2424,1695659359,1695659359,2,159927,159588,161389,163311,1400528,841266,1426169,428129,123573,122816,125823,125937,1221659,1233478,1745069,979916,1,0,
2424,110491786211600,2.4417944,2,stimulus,149,110491771858100,1,0,16,2425,1695660364,1695660364,2,160063,159719,161511,163438,1400672,841416,1426322,428286,123703,122955,125946,126069,1221828,1233646,1745230,980093,1,0,
2425,110491786211600,2.4417944,2,stimulus,149,110491771858100,1,0,16,2426,1695661369,1695661369,2,160163,159806,161584,163513,1400766,841514,1426419,428393,123800,123036,126041,126146,1221933,1233758,1745339,980225,1,0,
2426,110491786211600,2.4417944,2,stimulus,149,110491771858100,1,0,16,2427,1695662374,1695662374,2,160224,159844,161623,163541,1400813,841564,1426465,428439,123861,123085,126083,126166,1221984,1233804,1745397,980286,1,0,
2427,110491786211600,2.4417944,2,stimulus,149,110491771858100,1,0,16,2428,1695663379,1695663379,2,160359,159954,161739,163651,1400925,841677,1426581,428559,124000,123211,126206,126275,1222104,1233933,1745530,980436,1,0,
2428,110491786211600,2.4417944,2,stimulus,149,110491771858100,1,0,16,2429,1695664384,1695664384,2,160474,160046,161821,163735,1401012,841764,1426671,428650,124114,123303,126309,126371,1222188,1234033,1745621,980546,1,0,
2429,110491793137300,2.4487201,3,fixation_after,150,110491790590600,0,0,16,2430,1695665389,1695665389,2,160283,159869,161641,163563,1400826,841576,1426480,428455,123927,123125,126137,126186,1221994,1233841,1745421,980346,1,0,
2430,110491793137300,2.4487201,3,fixation_after,150,110491790590600,0,0,16,2431,1695666394,1695666394,2,160217,159812,161596,163514,1400764,841518,1426419,428386,123865,123074,126086,126128,1221934,1233774,1745363,980286,1,0,
2431,110491793137300,2.4487201,3,fixation_after,150,110491790590600,0,0,16,2432,1695667399,1695667399,2,160278,159858,161649,163558,1400811,841562,1426464,428426,123928,123126,126134,126171,1221984,1233823,1745419,980344,1,0,
2432,110491793137300,2.4487201,3,fixation_after,150,110491790590600,0,0,16,2433,1695668404,1695668404,2,160251,159816,161622,163529,1400769,841521,1426418,428388,123898,123123,126118,126135,1221949,1233783,1745379,980308,1,0,
2433,110491793137300,2.4487201,3,fixation_after,150,110491790590600,0,0,16,2434,1695669409,1695669409,2,160276,159826,161636,163544,1400775,841529,1426426,428396,123918,123146,126133,126158,1221965,1233783,1745383,980314,1,0,
2434,110491793137300,2.4487201,3,fixation_after,150,110491790590600,0,0,16,2435,1695670414,1695670414,2,160324,159864,161678,163586,1400814,841558,1426461,428430,123974,123188,126166,126191,1221995,1233814,1745404,980338,1,0,
2435,110491793137300,2.4487201,3,fixation_after,150,110491790590600,0,0,16,2436,1695671419,1695671419,2,160255,159796,161618,163516,1400738,841485,1426383,428343,123916,123128,126106,126114,1221896,1233723,1745303,980247,1,0,
2436,110491800222700,2.4558055,3,fixation_after,150,110491790590600,0,0,16,2437,1695672424,1695672424,2,160089,159658,161470,163366,1400580,841323,1426206,428166,123758,122974,125958,125956,1221718,1233545,1745117,980046,1,0,
2437,110491800222700,2.4558055,3,fixation_after,150,110491790590600,0,0,16,2438,1695673429,1695673429,2,159993,159575,161385,163286,1400480,841229,1426104,428068,123658,122889,125872,125857,1221616,1233436,1745006,979925,1,0,
2438,110491800222700,2.4558055,3,fixation_after,150,110491790590600,0,0,16,2439,1695674434,1695674434,2,160006,159586,161398,163300,1400483,841233,1426115,428074,123673,122899,125891,125878,1221623,1233436,1745006,979923,1,0,
2439,110491800222700,2.4558055,3,fixation_after,150,110491790590600,0,0,16,2440,1695675439,1695675439,2,160179,159744,161569,163448,1400629,841378,1426267,428229,123843,123060,126046,126029,1221773,1233588,1745151,980088,1,0,
2440,110491800222700,2.4558055,3,fixation_after,150,110491790590600,0,0,16,2441,1695676444,1695676444,2,160308,159878,161695,163584,1400750,841497,1426389,428351,123994,123196,126189,126156,1221889,1233708,1745268,980219,1,0,
2441,110491800222700,2.4558055,3,fixation_after,150,110491790590600,0,0,16,2442,1695677449,1695677449,2,159938,159554,161384,163293,1400440,841184,1426056,428001,123631,122861,125888,125835,1221554,1233364,1744899,979834,1,0,
2442,110491800222700,2.4558055,3,fixation_after,150,110491790590600,0,0,16,2443,1695678454,1695678454,2,159791,159444,161283,163192,1400344,841090,1425966,427895,123479,122723,125791,125726,1221463,1233266,1744787,979713,1,0,
2443,110491807271900,2.4628547,3,fixation_after,151,110491806186100,0,0,16,2444,1695679459,1695679459,2,159914,159573,161408,163324,1400484,841238,1426129,428046,123610,122851,125919,125864,1221622,1233432,1744953,979876,1,0,
2444,110491807271900,2.4628547,3,fixation_after,151,110491806186100,0,0,16,2445,1695680464,1695680464,2,160037,159682,161519,163433,1400617,841371,1426265,428176,123731,122963,126036,125978,1221764,1233573,1745095,980036,1,0,
2445,110491807271900,2.4628547,3,fixation_after,151,110491806186100,0,0,16,2446,1695681469,1695681469,2,160146,159757,161592,163503,1400699,841462,1426353,428276,123828,123029,126118,126053,1221879,1233678,1745206,980153,1,0,
2446,110491807271900,2.4628547,3,fixation_after,151,110491806186100,0,0,16,2447,1695682474,1695682474,2,160214,159800,161643,163557,1400756,841511,1426411,428343,123886,123071,126158,126106,1221938,1233743,1745274,980234,1,0,
2447,110491807271900,2.4628547,3,fixation_after,151,110491806186100,0,0,16,2448,1695683479,1695683479,2,160350,159919,161764,163666,1400875,841625,1426533,428468,124024,123204,126279,126234,1222055,1233868,1745411,980379,1,0,
2448,110491807271900,2.4628547,3,fixation_after,151,110491806186100,0,0,16,2449,1695684484,1695684484,2,160464,160018,161861,163758,1400963,841719,1426628,428565,124139,123321,126381,126331,1222146,1233971,1745511,980491,1,0,
2449,110491807271900,2.4628547,3,fixation_after,151,110491806186100,0,0,16,2450,1695685489,1695685489,2,160279,159853,161705,163586,1400794,841547,1426452,428366,123956,123154,126215,126152,1221974,1233796,1745321,980304,1,0,
2450,110491814221300,2.4698041,3,fixation_after,151,110491806186100,0,0,16,2451,1695686495,1695686495,2,160207,159796,161654,163526,1400726,841487,1426373,428287,123871,123098,126138,126088,1221911,1233726,1745256,980240,1,0,
2451,110491814221300,2.4698041,3,fixation_after,151,110491806186100,0,0,16,2452,1695687499,1695687499,2,160259,159833,161703,163561,1400763,841511,1426409,428324,123924,123148,126179,126132,1221951,1233765,1745293,980296,1,0,
2452,110491814221300,2.4698041,3,fixation_after,151,110491806186100,0,0,16,2453,1695688504,1695688504,2,160224,159798,161668,163534,1400716,841473,1426368,428283,123914,123120,126149,126096,1221913,1233723,1745252,980253,1,0,
2453,110491814221300,2.4698041,3,fixation_after,151,110491806186100,0,0,16,2454,1695689509,1695689509,2,160245,159811,161682,163539,1400713,841484,1426370,428289,123933,123128,126161,126107,1221917,1233729,1745260,980255,1,0,
2454,110491814221300,2.4698041,3,fixation_after,151,110491806186100,0,0,16,2455,1695690514,1695690514,2,160302,159856,161724,163577,1400758,841512,1426412,428322,123984,123174,126208,126157,1221950,1233759,1745290,980291,1,0,
2455,110491814221300,2.4698041,3,fixation_after,151,110491806186100,0,0,16,2456,1695691519,1695691519,2,160241,159798,161649,163524,1400691,841444,1426336,428247,123928,123113,126146,126098,1221863,1233673,1745189,980194,1,0,
2456,110491814221300,2.4698041,3,fixation_after,151,110491806186100,0,0,16,2457,1695692524,1695692524,2,160080,159639,161492,163371,1400531,841278,1426170,428077,123767,122951,125990,125940,1221676,1233487,1744997,979998,1,0,
2457,110491821217900,2.4768007,3,fixation_after,151,110491806186100,0,0,16,2458,1695693529,1695693529,2,159968,159543,161388,163269,1400418,841176,1426056,427959,123663,122853,125882,125828,1221556,1233364,1744867,979858,1,0,
2458,110491821217900,2.4768007,3,fixation_after,151,110491806186100,0,0,16,2459,1695694534,1695694534,2,159971,159548,161396,163268,1400406,841164,1426047,427938,123671,122855,125880,125829,1221543,1233352,1744853,979844,1,0,
2459,110491821217900,2.4768007,3,fixation_after,151,110491806186100,0,0,16,2460,1695695538,1695695538,2,160150,159709,161569,163419,1400561,841324,1426203,428098,123846,123026,126042,125988,1221702,1233511,1745016,980010,1,0,
2460,110491821217900,2.4768007,3,fixation_after,151,110491806186100,0,0,16,2461,1695696543,1695696543,2,160291,159838,161705,163549,1400676,841441,1426326,428218,123986,123161,126169,126127,1221821,1233629,1745126,980129,1,0,
2461,110491821217900,2.4768007,3,fixation_after,151,110491806186100,0,0,16,2462,1695697548,1695697548,2,159922,159516,161378,163253,1400354,841124,1425994,427864,123608,122819,125847,125809,1221478,1233284,1744761,979746,1,0,
2462,110491821217900,2.4768007,3,fixation_after,151,110491806186100,0,0,16,2463,1695698553,1695698553,2,159785,159398,161268,163157,1400270,841033,1425894,427752,123454,122697,125746,125703,1221388,1233188,1744656,979631,1,0,
2463,110491821217900,2.4768007,3,fixation_after,151,110491806186100,0,0,16,2464,1695699558,1695699558,2,159904,159514,161394,163275,1400409,841178,1426048,427896,123574,122809,125877,125835,1221547,1233349,1744806,979796,1,0,
2464,110491828216800,2.4837996,3,fixation_after,152,110491822263600,0,0,16,2465,1695700563,1695700563,2,160024,159625,161502,163394,1400538,841305,1426191,428047,123699,122924,125997,125949,1221688,1233496,1744956,979954,1,0,
2465,110491828216800,2.4837996,3,fixation_after,152,110491822263600,0,0,16,2466,1695701568,1695701568,2,160138,159709,161602,163480,1400638,841412,1426298,428155,123803,123028,126093,126040,1221810,1233618,1745079,980087,1,0,
2466,110491828216800,2.4837996,3,fixation_after,152,110491822263600,0,0,16,2467,1695702573,1695702573,2,160208,159772,161656,163528,1400694,841478,1426361,428216,123876,123088,126134,126096,1221873,1233688,1745146,980168,1,0,
2467,110491828216800,2.4837996,3,fixation_after,152,110491822263600,0,0,16,2468,1695703578,1695703578,2,160351,159901,161764,163646,1400811,841597,1426488,428346,124026,123218,126254,126221,1222002,1233814,1745277,980325,1,0,
2468,110491828216800,2.4837996,3,fixation_after,152,110491822263600,0,0,16,2469,1695704583,1695704583,2,160451,159995,161844,163737,1400891,841664,1426564,428426,124122,123302,126344,126325,1222089,1233895,1745371,980422,1,0,
2469,110491828216800,2.4837996,3,fixation_after,152,110491822263600,0,0,16,2470,1695705588,1695705588,2,160258,159838,161683,163583,1400723,841486,1426381,428229,123933,123124,126166,126164,1221908,1233708,1745183,980228,1,0,
2470,110491828216800,2.4837996,3,fixation_after,152,110491822263600,0,0,16,2471,1695706593,1695706593,2,160198,159796,161635,163550,1400671,841433,1426324,428165,123873,123066,126112,126116,1221851,1233656,1745133,980175,1,0,
2471,110491835285000,2.4908678,3,fixation_after,152,110491822263600,0,0,16,2472,1695707598,1695707598,2,160239,159840,161668,163588,1400698,841470,1426360,428202,123932,123107,126159,126163,1221889,1233701,1745169,980230,1,0,
2472,110491835285000,2.4908678,3,fixation_after,152,110491822263600,0,0,16,2473,1695708603,1695708603,2,160204,159812,161634,163561,1400665,841434,1426326,428170,123914,123079,126156,126140,1221860,1233676,1745129,980206,1,0,
2473,110491835285000,2.4908678,3,fixation_after,152,110491822263600,0,0,16,2474,1695709607,1695709607,2,160220,159817,161649,163576,1400674,841439,1426331,428184,123926,123093,126169,126146,1221864,1233673,1745138,980206,1,0,
2474,110491835285000,2.4908678,3,fixation_after,152,110491822263600,0,0,16,2475,1695710612,1695710612,2,160276,159859,161696,163615,1400701,841468,1426359,428203,123979,123136,126204,126179,1221893,1233689,1745155,980223,1,0,
2475,110491835285000,2.4908678,3,fixation_after,152,110491822263600,0,0,16,2476,1695711618,1695711618,2,160218,159803,161627,163554,1400633,841392,1426283,428122,123929,123076,126138,126109,1221813,1233604,1745059,980126,1,0,
2476,110491835285000,2.4908678,3,fixation_after,152,110491822263600,0,0,16,2477,1695712623,1695712623,2,160055,159654,161480,163412,1400476,841236,1426124,427956,123766,122925,125987,125951,1221628,1233430,1744866,979926,1,0,
2477,110491835285000,2.4908678,3,fixation_after,152,110491822263600,0,0,16,2478,1695713628,1695713628,2,159960,159561,161393,163331,1400388,841136,1426018,427858,123666,122831,125901,125857,1221526,1233325,1744761,979811,1,0,
2478,110491842211800,2.4977946,3,fixation_after,153,110491839436800,0,0,16,2479,1695714633,1695714633,2,159972,159584,161404,163344,1400391,841150,1426021,427865,123684,122844,125916,125863,1221534,1233323,1744760,979809,1,0,
2479,110491842211800,2.4977946,3,fixation_after,153,110491839436800,0,0,16,2480,1695715638,1695715638,2,160131,159744,161566,163488,1400535,841284,1426176,428012,123843,123013,126067,126009,1221681,1233463,1744911,979976,1,0,
2480,110491842211800,2.4977946,3,fixation_after,153,110491839436800,0,0,16,2481,1695716643,1695716643,2,160259,159844,161673,163602,1400629,841384,1426278,428122,123952,123138,126173,126133,1221778,1233558,1745003,980079,1,0,
2481,110491842211800,2.4977946,3,fixation_after,153,110491839436800,0,0,16,2482,1695717648,1695717648,2,159890,159525,161354,163314,1400316,841067,1425944,427762,123587,122803,125846,125814,1221434,1233213,1744644,979691,1,0,
2482,110491842211800,2.4977946,3,fixation_after,153,110491839436800,0,0,16,2483,1695718652,1695718652,2,159768,159429,161256,163218,1400236,840989,1425861,427650,123454,122674,125750,125724,1221355,1233137,1744549,979582,1,0,
2483,110491842211800,2.4977946,3,fixation_after,153,110491839436800,0,0,16,2484,1695719657,1695719657,2,159909,159561,161388,163342,1400393,841152,1426026,427814,123584,122797,125899,125869,1221531,1233309,1744723,979761,1,0,
2484,110491842211800,2.4977946,3,fixation_after,153,110491839436800,0,0,16,2485,1695720662,1695720662,2,160043,159684,161523,163469,1400530,841297,1426178,427964,123713,122929,126036,126004,1221688,1233475,1744888,979943,1,0,
2485,110491849183300,2.5047661,3,fixation_after,153,110491839436800,0,0,16,2486,1695721667,1695721667,2,160152,159767,161613,163551,1400630,841402,1426283,428076,123821,123032,126130,126101,1221805,1233593,1745007,980070,1,0,
2486,110491849183300,2.5047661,3,fixation_after,153,110491839436800,0,0,16,2487,1695722672,1695722672,2,160209,159822,161646,163599,1400690,841453,1426339,428136,123884,123093,126172,126148,1221867,1233645,1745060,980152,1,0,
2487,110491849183300,2.5047661,3,fixation_after,153,110491839436800,0,0,16,2488,1695723677,1695723677,2,160358,159953,161769,163720,1400807,841580,1426468,428274,124038,123242,126310,126273,1221999,1233786,1745204,980309,1,0,
2488,110491849183300,2.5047661,3,fixation_after,153,110491839436800,0,0,16,2489,1695724682,1695724682,2,160448,160024,161838,163789,1400869,841634,1426539,428341,124129,123319,126389,126352,1222059,1233854,1745276,980389,1,0,
2489,110491849183300,2.5047661,3,fixation_after,153,110491839436800,0,0,16,2490,1695725687,1695725687,2,160255,159855,161672,163627,1400699,841459,1426351,428143,123936,123145,126211,126192,1221876,1233669,1745081,980194,1,0,
2490,110491849183300,2.5047661,3,fixation_after,153,110491839436800,0,0,16,2491,1695726692,1695726692,2,160205,159811,161631,163591,1400650,841411,1426297,428081,123884,123105,126178,126145,1221839,1233628,1745034,980154,1,0,
2491,110491849183300,2.5047661,3,fixation_after,153,110491839436800,0,0,16,2492,1695727697,1695727697,2,160248,159846,161670,163618,1400671,841436,1426330,428114,123930,123143,126215,126174,1221876,1233659,1745074,980198,1,0,
2492,110491856195200,2.511778,3,fixation_after,154,110491856214100,0,0,16,2493,1695728702,1695728702,2,160217,159819,161645,163586,1400636,841397,1426286,428069,123909,123120,126183,126140,1221834,1233622,1745034,980160,1,0,
2493,110491856195200,2.511778,3,fixation_after,154,110491856214100,0,0,16,2494,1695729707,1695729707,2,160236,159841,161679,163603,1400658,841419,1426299,428084,123941,123150,126207,126163,1221845,1233643,1745047,980176,1,0,
2494,110491856195200,2.511778,3,fixation_after,154,110491856214100,0,0,16,2495,1695730711,1695730711,2,160292,159885,161730,163642,1400685,841445,1426337,428121,124006,123199,126247,126201,1221877,1233673,1745074,980205,1,0,
2495,110491856195200,2.511778,3,fixation_after,154,110491856214100,0,0,16,2496,1695731716,1695731716,2,160237,159829,161674,163574,1400616,841376,1426264,428039,123950,123141,126178,126142,1221798,1233583,1744976,980108,1,0,
2496,110491856195200,2.511778,3,fixation_after,154,110491856214100,0,0,16,2497,1695732721,1695732721,2,160076,159671,161526,163428,1400461,841218,1426104,427868,123786,122986,126016,125988,1221617,1233397,1744783,979906,1,0,
2497,110491856195200,2.511778,3,fixation_after,154,110491856214100,0,0,16,2498,1695733726,1695733726,2,159988,159576,161444,163344,1400363,841119,1426001,427774,123701,122897,125923,125892,1221513,1233296,1744676,979783,1,0,
2498,110491856195200,2.511778,3,fixation_after,154,110491856214100,0,0,16,2499,1695734731,1695734731,2,160003,159586,161467,163365,1400370,841131,1426009,427779,123725,122915,125941,125908,1221523,1233299,1744679,979789,1,0,
2499,110491863274800,2.5188576,3,fixation_after,154,110491856214100,0,0,16,2500,1695735736,1695735736,2,160167,159726,161618,163503,1400510,841274,1426152,427921,123886,123066,126087,126058,1221666,1233445,1744829,979949,1,0,
2500,110491863274800,2.5188576,3,fixation_after,154,110491856214100,0,0,16,2501,1695736741,1695736741,2,160277,159830,161729,163599,1400606,841364,1426247,428017,124002,123183,126198,126159,1221761,1233536,1744916,980048,1,0,
2501,110491863274800,2.5188576,3,fixation_after,154,110491856214100,0,0,16,2502,1695737746,1695737746,2,159877,159483,161400,163284,1400278,841031,1425894,427649,123613,122832,125861,125818,1221395,1233174,1744530,979643,1,0,
2502,110491863274800,2.5188576,3,fixation_after,154,110491856214100,0,0,16,2503,1695738751,1695738751,2,159750,159386,161316,163204,1400204,840961,1425815,427547,123483,122714,125769,125729,1221319,1233086,1744448,979548,1,0,
2503,110491863274800,2.5188576,3,fixation_after,154,110491856214100,0,0,16,2504,1695739756,1695739756,2,159894,159519,161444,163336,1400362,841124,1425985,427707,123619,122858,125904,125870,1221501,1233263,1744623,979726,1,0,
2504,110491863274800,2.5188576,3,fixation_after,154,110491856214100,0,0,16,2505,1695740761,1695740761,2,160016,159629,161541,163439,1400484,841248,1426128,427836,123734,122971,126005,125976,1221638,1233406,1744757,979876,1,0,
2505,110491863274800,2.5188576,3,fixation_after,154,110491856214100,0,0,16,2506,1695741766,1695741766,2,160099,159699,161604,163499,1400568,841329,1426211,427928,123813,123054,126072,126040,1221728,1233494,1744853,979984,1,0,
2506,110491870322400,2.5259052,3,fixation_after,154,110491856214100,0,0,16,2507,1695742771,1695742771,2,160160,159738,161648,163529,1400598,841365,1426253,427981,123868,123100,126113,126064,1221775,1233553,1744902,980055,1,0,
2507,110491870322400,2.5259052,3,fixation_after,154,110491856214100,0,0,16,2508,1695743776,1695743776,2,160300,159855,161754,163643,1400706,841476,1426371,428098,124004,123219,126228,126178,1221893,1233679,1745037,980193,1,0,
2508,110491870322400,2.5259052,3,fixation_after,154,110491856214100,0,0,16,2509,1695744781,1695744781,2,160399,159940,161824,163711,1400776,841544,1426446,428171,124096,123298,126309,126266,1221968,1233744,1745114,980277,1,0,
2509,110491870322400,2.5259052,3,fixation_after,154,110491856214100,0,0,16,2510,1695745786,1695745786,2,160202,159769,161636,163533,1400586,841364,1426248,427966,123903,123109,126129,126094,1221776,1233550,1744911,980073,1,0,
2510,110491870322400,2.5259052,3,fixation_after,154,110491856214100,0,0,16,2511,1695746791,1695746791,2,160156,159730,161579,163491,1400539,841313,1426188,427904,123848,123056,126078,126052,1221719,1233506,1744858,980028,1,0,
2511,110491870322400,2.5259052,3,fixation_after,154,110491856214100,0,0,16,2512,1695747796,1695747796,2,160208,159780,161635,163533,1400586,841348,1426228,427951,123899,123108,126122,126111,1221767,1233554,1744909,980086,1,0,
2512,110491870322400,2.5259052,3,fixation_after,154,110491856214100,0,0,16,2513,1695748801,1695748801,2,160181,159749,161609,163506,1400551,841316,1426196,427915,123871,123087,126108,126110,1221739,1233518,1744873,980054,1,0,
2513,110491877199700,2.5327825,3,fixation_after,155,110491873191000,0,0,16,2514,1695749805,1695749805,2,160203,159769,161634,163524,1400561,841331,1426214,427921,123896,123111,126144,126140,1221759,1233540,1744885,980074,1,0,
2514,110491877199700,2.5327825,3,fixation_after,155,110491873191000,0,0,16,2515,1695750810,1695750810,2,160257,159816,161686,163567,1400598,841364,1426254,427958,123949,123160,126186,126178,1221789,1233568,1744908,980105,1,0,
2515,110491877199700,2.5327825,3,fixation_after,155,110491873191000,0,0,16,2516,1695751815,1695751815,2,160206,159764,161629,163504,1400528,841299,1426181,427889,123884,123096,126124,126104,1221711,1233486,1744817,980016,1,0,
2516,110491877199700,2.5327825,3,fixation_after,155,110491873191000,0,0,16,2517,1695752820,1695752820,2,160054,159622,161484,163371,1400384,841140,1426027,427729,123738,122953,125964,125945,1221536,1233313,1744638,979826,1,0,
2517,110491877199700,2.5327825,3,fixation_after,155,110491873191000,0,0,16,2518,1695753825,1695753825,2,159948,159527,161398,163279,1400291,841050,1425921,427620,123645,122871,125868,125846,1221422,1233201,1744518,979701,1,0,
2518,110491877199700,2.5327825,3,fixation_after,155,110491873191000,0,0,16,2519,1695754829,1695754829,2,159946,159541,161407,163288,1400281,841052,1425917,427619,123654,122879,125866,125851,1221414,1233188,1744501,979693,1,0,
2519,110491877199700,2.5327825,3,fixation_after,155,110491873191000,0,0,16,2520,1695755834,1695755834,2,160107,159693,161549,163428,1400406,841188,1426062,427768,123820,123030,126009,126009,1221558,1233333,1744648,979846,1,0,
2520,110491884261600,2.5398444,3,fixation_after,155,110491873191000,0,0,16,2521,1695756839,1695756839,2,160227,159799,161666,163539,1400505,841286,1426156,427879,123943,123141,126116,126130,1221663,1233433,1744746,979951,1,0,
2521,110491884261600,2.5398444,3,fixation_after,155,110491873191000,0,0,16,2522,1695757844,1695757844,2,159821,159448,161333,163215,1400166,840942,1425798,427489,123553,122776,125764,125785,1221295,1233063,1744351,979531,1,0,
2522,110491884261600,2.5398444,3,fixation_after,155,110491873191000,0,0,16,2523,1695758849,1695758849,2,159694,159358,161261,163151,1400107,840876,1425728,427391,123439,122674,125676,125704,1221229,1233002,1744276,979441,1,0,
2523,110491884261600,2.5398444,3,fixation_after,155,110491873191000,0,0,16,2524,1695759854,1695759854,2,159828,159485,161390,163280,1400263,841030,1425888,427553,123576,122809,125801,125844,1221404,1233166,1744446,979621,1,0,
2524,110491884261600,2.5398444,3,fixation_after,155,110491873191000,0,0,16,2525,1695760859,1695760859,2,159947,159595,161495,163386,1400385,841164,1426021,427694,123698,122928,125910,125966,1221542,1233301,1744584,979775,1,0,
2525,110491884261600,2.5398444,3,fixation_after,155,110491873191000,0,0,16,2526,1695761864,1695761864,2,160049,159682,161579,163477,1400471,841261,1426122,427793,123799,123017,126001,126058,1221658,1233418,1744698,979903,1,0,
2526,110491884261600,2.5398444,3,fixation_after,155,110491873191000,0,0,16,2527,1695762869,1695762869,2,160128,159738,161628,163533,1400531,841319,1426193,427863,123874,123072,126061,126103,1221731,1233489,1744773,979985,1,0,
2527,110491891225200,2.546808,3,fixation_after,156,110491888828900,0,0,16,2528,1695763874,1695763874,2,160281,159861,161748,163661,1400656,841444,1426323,428001,124034,123205,126203,126246,1221866,1233634,1744918,980153,1,0,
2528,110491891225200,2.546808,3,fixation_after,156,110491888828900,0,0,16,2529,1695764879,1695764879,2,160355,159934,161818,163718,1400716,841500,1426383,428066,124124,123281,126293,126323,1221931,1233701,1744983,980224,1,0,
2529,110491891225200,2.546808,3,fixation_after,156,110491888828900,0,0,16,2530,1695765884,1695765884,2,160156,159759,161644,163538,1400529,841311,1426179,427855,123926,123086,126110,126136,1221738,1233499,1744781,980011,1,0,
2530,110491891225200,2.546808,3,fixation_after,156,110491888828900,0,0,16,2531,1695766888,1695766888,2,160113,159729,161614,163502,1400491,841271,1426128,427806,123884,123051,126070,126093,1221696,1233460,1744741,979982,1,0,
2531,110491891225200,2.546808,3,fixation_after,156,110491888828900,0,0,16,2532,1695767893,1695767893,2,160145,159758,161633,163517,1400507,841290,1426152,427826,123928,123088,126084,126108,1221718,1233488,1744766,980016,1,0,
2532,110491891225200,2.546808,3,fixation_after,156,110491888828900,0,0,16,2533,1695768898,1695768898,2,160121,159730,161598,163484,1400468,841249,1426109,427777,123891,123059,126049,126072,1221680,1233444,1744722,979976,1,0,
2533,110491891225200,2.546808,3,fixation_after,156,110491888828900,0,0,16,2534,1695769903,1695769903,2,160156,159768,161628,163505,1400490,841266,1426137,427795,123934,123083,126089,126096,1221697,1233472,1744739,980005,1,0,
2534,110491898255900,2.5538387,3,fixation_after,156,110491888828900,0,0,16,2535,1695770908,1695770908,2,160208,159811,161673,163541,1400525,841300,1426173,427831,123995,123126,126125,126134,1221726,1233500,1744765,980033,1,0,
2535,110491898255900,2.5538387,3,fixation_after,156,110491888828900,0,0,16,2536,1695771912,1695771912,2,160128,159720,161593,163456,1400436,841204,1426071,427737,123914,123050,126031,126033,1221609,1233379,1744641,979900,1,0,
2536,110491898255900,2.5538387,3,fixation_after,156,110491888828900,0,0,16,2537,1695772917,1695772917,2,159968,159557,161440,163298,1400266,841039,1425900,427559,123754,122893,125874,125853,1221429,1233184,1744441,979691,1,0,
2537,110491898255900,2.5538387,3,fixation_after,156,110491888828900,0,0,16,2538,1695773922,1695773922,2,159879,159464,161349,163217,1400164,840946,1425812,427456,123659,122807,125793,125754,1221328,1233079,1744334,979576,1,0,
2538,110491898255900,2.5538387,3,fixation_after,156,110491888828900,0,0,16,2539,1695774927,1695774927,2,159909,159494,161369,163238,1400184,840961,1425824,427464,123676,122833,125836,125784,1221345,1233099,1744346,979588,1,0,
2539,110491898255900,2.5538387,3,fixation_after,156,110491888828900,0,0,16,2540,1695775932,1695775932,2,160069,159652,161506,163378,1400320,841101,1425959,427598,123835,122986,125988,125936,1221480,1233239,1744483,979743,1,0,
2540,110491898255900,2.5538387,3,fixation_after,156,110491888828900,0,0,16,2541,1695776937,1695776937,2,160177,159755,161609,163482,1400399,841193,1426054,427689,123941,123091,126083,126046,1221568,1233334,1744571,979835,1,0,
2541,110491905178900,2.5607617,3,fixation_after,157,110491904582200,0,0,16,2542,1695777942,1695777942,2,159774,159395,161284,163164,1400063,840857,1425694,427312,123537,122728,125724,125694,1221206,1232958,1744178,979427,1,0,
2542,110491905178900,2.5607617,3,fixation_after,157,110491904582200,0,0,16,2543,1695778947,1695778947,2,159678,159328,161228,163102,1400021,840809,1425639,427233,123429,122644,125659,125619,1221155,1232902,1744112,979357,1,0,
2543,110491905178900,2.5607617,3,fixation_after,157,110491904582200,0,0,16,2544,1695779951,1695779951,2,159824,159461,161359,163238,1400179,840962,1425799,427391,123561,122774,125791,125751,1221326,1233074,1744276,979523,1,0,
2544,110491905178900,2.5607617,3,fixation_after,157,110491904582200,0,0,16,2545,1695780957,1695780957,2,159946,159567,161457,163337,1400303,841079,1425933,427524,123676,122882,125898,125859,1221458,1233214,1744425,979674,1,0,
2545,110491905178900,2.5607617,3,fixation_after,157,110491904582200,0,0,16,2546,1695781961,1695781961,2,160034,159647,161523,163410,1400392,841174,1426032,427618,123761,122974,125981,125946,1221556,1233316,1744524,979791,1,0,
2546,110491905178900,2.5607617,3,fixation_after,157,110491904582200,0,0,16,2547,1695782966,1695782966,2,160088,159689,161560,163444,1400426,841223,1426078,427665,123812,123031,126022,125988,1221613,1233365,1744574,979863,1,0,
2547,110491905178900,2.5607617,3,fixation_after,157,110491904582200,0,0,16,2548,1695783971,1695783971,2,160230,159824,161689,163559,1400546,841348,1426204,427799,123960,123178,126156,126124,1221746,1233503,1744722,980025,1,0,
2548,110491912399600,2.5679824,3,fixation_after,157,110491904582200,0,0,16,2549,1695784976,1695784976,2,160314,159886,161756,163618,1400599,841404,1426265,427854,124038,123257,126226,126191,1221808,1233571,1744787,980094,1,0,
2549,110491912399600,2.5679824,3,fixation_after,157,110491904582200,0,0,16,2550,1695785981,1695785981,2,160127,159710,161577,163439,1400422,841216,1426069,427649,123843,123066,126047,126018,1221608,1233374,1744581,979888,1,0,
2550,110491912399600,2.5679824,3,fixation_after,157,110491904582200,0,0,16,2551,1695786986,1695786986,2,160089,159685,161543,163393,1400373,841174,1426023,427596,123803,123020,126016,125981,1221573,1233335,1744543,979849,1,0,
2551,110491912399600,2.5679824,3,fixation_after,157,110491904582200,0,0,16,2552,1695787991,1695787991,2,160125,159718,161571,163426,1400403,841192,1426054,427617,123848,123063,126044,126026,1221614,1233374,1744578,979898,1,0,
2552,110491912399600,2.5679824,3,fixation_after,157,110491904582200,0,0,16,2553,1695788996,1695788996,2,160089,159675,161536,163411,1400366,841158,1426014,427578,123827,123032,126013,126009,1221581,1233338,1744547,979861,1,0,
2553,110491912399600,2.5679824,3,fixation_after,157,110491904582200,0,0,16,2554,1695790001,1695790001,2,160117,159698,161568,163435,1400382,841178,1426030,427590,123871,123055,126049,126028,1221591,1233359,1744568,979886,1,0,
2554,110491912399600,2.5679824,3,fixation_after,157,110491904582200,0,0,16,2555,1695791005,1695791005,2,160166,159750,161609,163480,1400414,841209,1426062,427618,123926,123090,126099,126061,1221617,1233381,1744588,979914,1,0,
2555,110491919248600,2.5748314,3,fixation_after,157,110491904582200,0,0,16,2556,1695792010,1695792010,2,160086,159673,161526,163415,1400330,841121,1425966,427529,123844,123007,126021,125971,1221520,1233279,1744472,979791,1,0,
2556,110491919248600,2.5748314,3,fixation_after,157,110491904582200,0,0,16,2557,1695793015,1695793015,2,159931,159528,161382,163276,1400168,840969,1425799,427356,123672,122860,125860,125823,1221341,1233103,1744284,979594,1,0,
2557,110491919248600,2.5748314,3,fixation_after,157,110491904582200,0,0,16,2558,1695794020,1695794020,2,159848,159453,161301,163213,1400090,840891,1425708,427266,123588,122786,125781,125749,1221248,1233003,1744179,979489,1,0,
2558,110491919248600,2.5748314,3,fixation_after,157,110491904582200,0,0,16,2559,1695795025,1695795025,2,159869,159463,161314,163220,1400097,840896,1425719,427275,123607,122801,125803,125763,1221257,1233007,1744181,979493,1,0,
2559,110491919248600,2.5748314,3,fixation_after,157,110491904582200,0,0,16,2560,1695796030,1695796030,2,160049,159613,161473,163370,1400242,841035,1425872,427424,123778,122961,125964,125929,1221405,1233156,1744343,979655,1,0,
2560,110491919248600,2.5748314,3,fixation_after,157,110491904582200,0,0,16,2561,1695797035,1695797035,2,160157,159717,161582,163492,1400336,841124,1425971,427516,123889,123086,126080,126043,1221499,1233249,1744423,979759,1,0,
2561,110491919248600,2.5748314,3,fixation_after,157,110491904582200,0,0,16,2562,1695798039,1695798039,2,159759,159369,161241,163175,1400007,840786,1425616,427140,123495,122724,125736,125700,1221143,1232886,1744027,979348,1,0,
2562,110491926164100,2.5817469,3,fixation_after,158,110491922287400,0,0,16,2563,1695799044,1695799044,2,159663,159289,161173,163118,1399951,840739,1425559,427064,123374,122634,125662,125634,1221091,1232824,1743971,979274,1,0,
2563,110491926164100,2.5817469,3,fixation_after,158,110491922287400,0,0,16,2564,1695800049,1695800049,2,159786,159407,161300,163241,1400094,840891,1425710,427214,123499,122757,125788,125760,1221253,1232983,1744129,979448,1,0,
2564,110491926164100,2.5817469,3,fixation_after,158,110491922287400,0,0,16,2565,1695801054,1695801054,2,159909,159517,161411,163350,1400223,841012,1425846,427353,123632,122870,125903,125872,1221389,1233134,1744272,979603,1,0,
2565,110491926164100,2.5817469,3,fixation_after,158,110491922287400,0,0,16,2566,1695802059,1695802059,2,160005,159607,161483,163429,1400316,841106,1425946,427464,123736,122959,125994,125963,1221501,1233240,1744375,979721,1,0,
2566,110491926164100,2.5817469,3,fixation_after,158,110491922287400,0,0,16,2567,1695803064,1695803064,2,160078,159666,161532,163470,1400371,841165,1426002,427525,123799,123004,126042,126018,1221563,1233303,1744448,979796,1,0,
2567,110491926164100,2.5817469,3,fixation_after,158,110491922287400,0,0,16,2568,1695804069,1695804069,2,160233,159801,161656,163579,1400480,841284,1426126,427658,123943,123134,126171,126145,1221691,1233434,1744594,979954,1,0,
2568,110491926164100,2.5817469,3,fixation_after,158,110491922287400,0,0,16,2569,1695805074,1695805074,2,160292,159863,161707,163627,1400521,841318,1426176,427703,124007,123193,126222,126193,1221742,1233483,1744639,980023,1,0,
2569,110491933105100,2.5886879,3,fixation_after,158,110491922287400,0,0,16,2570,1695806079,1695806079,2,160101,159673,161526,163451,1400329,841131,1425977,427488,123809,123008,126037,126004,1221534,1233285,1744426,979808,1,0,
2570,110491933105100,2.5886879,3,fixation_after,158,110491922287400,0,0,16,2571,1695807084,1695807084,2,160072,159641,161501,163426,1400291,841091,1425931,427446,123766,122967,126006,125973,1221495,1233250,1744394,979775,1,0,
2571,110491933105100,2.5886879,3,fixation_after,158,110491922287400,0,0,16,2572,1695808089,1695808089,2,160121,159685,161528,163453,1400322,841113,1425958,427478,123801,123011,126033,126011,1221532,1233280,1744423,979816,1,0,
2572,110491933105100,2.5886879,3,fixation_after,158,110491922287400,0,0,16,2573,1695809093,1695809093,2,160108,159658,161507,163432,1400292,841086,1425935,427441,123789,123000,126004,125990,1221513,1233256,1744399,979784,1,0,
2573,110491933105100,2.5886879,3,fixation_after,158,110491922287400,0,0,16,2574,1695810098,1695810098,2,160129,159677,161520,163443,1400304,841093,1425939,427454,123799,123024,126026,126010,1221512,1233259,1744408,979800,1,0,
2574,110491933105100,2.5886879,3,fixation_after,158,110491922287400,0,0,16,2575,1695811103,1695811103,2,160167,159727,161559,163476,1400324,841123,1425965,427483,123837,123059,126056,126044,1221534,1233273,1744424,979826,1,0,
2575,110491933105100,2.5886879,3,fixation_after,158,110491922287400,0,0,16,2576,1695812108,1695812108,2,160084,159664,161489,163406,1400238,841037,1425878,427393,123765,122979,125971,125959,1221439,1233174,1744311,979705,1,0,
2576,110491940176400,2.5957592,3,fixation_after,159,110491938358400,0,0,16,2577,1695813113,1695813113,2,159906,159509,161322,163244,1400069,840861,1425698,427209,123588,122808,125806,125786,1221244,1232980,1744111,979488,1,0,
2577,110491940176400,2.5957592,3,fixation_after,159,110491938358400,0,0,16,2578,1695814118,1695814118,2,159809,159426,161229,163142,1399963,840759,1425594,427096,123489,122724,125717,125684,1221133,1232865,1743999,979363,1,0,
2578,110491940176400,2.5957592,3,fixation_after,159,110491938358400,0,0,16,2579,1695815123,1695815123,2,159824,159437,161249,163153,1399977,840771,1425608,427101,123511,122736,125735,125703,1221134,1232869,1743998,979369,1,0,
2579,110491940176400,2.5957592,3,fixation_after,159,110491938358400,0,0,16,2580,1695816128,1695816128,2,159991,159574,161400,163297,1400117,840910,1425743,427249,123684,122884,125896,125859,1221281,1233012,1744144,979526,1,0,
2580,110491940176400,2.5957592,3,fixation_after,159,110491938358400,0,0,16,2581,1695817133,1695817133,2,160083,159659,161483,163393,1400193,840980,1425823,427332,123791,122973,125989,125949,1221361,1233094,1744218,979616,1,0,
2581,110491940176400,2.5957592,3,fixation_after,159,110491938358400,0,0,16,2582,1695818138,1695818138,2,159684,159304,161146,163066,1399853,840635,1425464,426948,123399,122606,125629,125606,1220996,1232726,1743828,979201,1,0,
2582,110491940176400,2.5957592,3,fixation_after,159,110491938358400,0,0,16,2583,1695819143,1695819143,2,159600,159252,161108,163023,1399826,840608,1425428,426895,123312,122536,125566,125553,1220961,1232686,1743778,979145,1,0,
2583,110491947176600,2.6027594,3,fixation_after,159,110491938358400,0,0,16,2584,1695820148,1695820148,2,159726,159379,161223,163138,1399969,840764,1425586,427046,123436,122672,125686,125684,1221119,1232848,1743945,979306,1,0,
2584,110491947176600,2.6027594,3,fixation_after,159,110491938358400,0,0,16,2585,1695821153,1695821153,2,159853,159499,161336,163239,1400099,840891,1425720,427192,123569,122793,125791,125794,1221269,1232997,1744093,979465,1,0,
2585,110491947176600,2.6027594,3,fixation_after,159,110491938358400,0,0,16,2586,1695822158,1695822158,2,159954,159591,161427,163331,1400197,840994,1425823,427297,123667,122884,125884,125881,1221375,1233104,1744206,979591,1,0,
2586,110491947176600,2.6027594,3,fixation_after,159,110491938358400,0,0,16,2587,1695823162,1695823162,2,160033,159643,161476,163383,1400251,841047,1425885,427364,123723,122948,125938,125949,1221438,1233166,1744269,979668,1,0,
2587,110491947176600,2.6027594,3,fixation_after,159,110491938358400,0,0,16,2588,1695824167,1695824167,2,160184,159769,161599,163506,1400366,841159,1426015,427496,123869,123091,126054,126084,1221564,1233302,1744401,979828,1,0,
2588,110491947176600,2.6027594,3,fixation_after,159,110491938358400,0,0,16,2589,1695825173,1695825173,2,160260,159829,161659,163563,1400409,841208,1426067,427546,123937,123146,126114,126143,1221618,1233363,1744453,979891,1,0,
2589,110491947176600,2.6027594,3,fixation_after,159,110491938358400,0,0,16,2590,1695826178,1695826178,2,160053,159650,161470,163389,1400224,841011,1425865,427335,123736,122953,125929,125953,1221414,1233165,1744245,979676,1,0,
2590,110491954242800,2.6098256,3,fixation_after,159,110491938358400,0,0,16,2591,1695827183,1695827183,2,160024,159622,161454,163373,1400195,840979,1425826,427294,123702,122931,125891,125924,1221384,1233132,1744221,979658,1,0,
2591,110491954242800,2.6098256,3,fixation_after,159,110491938358400,0,0,16,2592,1695828188,1695828188,2,160064,159640,161477,163397,1400220,841005,1425844,427317,123734,122976,125926,125961,1221414,1233159,1744254,979693,1,0,
2592,110491954242800,2.6098256,3,fixation_after,159,110491938358400,0,0,16,2593,1695829193,1695829193,2,160034,159611,161440,163359,1400178,840964,1425807,427271,123695,122946,125901,125936,1221377,1233121,1744215,979652,1,0,
2593,110491954242800,2.6098256,3,fixation_after,159,110491938358400,0,0,16,2594,1695830198,1695830198,2,160073,159636,161471,163381,1400191,840986,1425831,427292,123728,122969,125939,125965,1221399,1233136,1744233,979673,1,0,
2594,110491954242800,2.6098256,3,fixation_after,159,110491938358400,0,0,16,2595,1695831204,1695831204,2,160112,159673,161499,163409,1400203,841012,1425846,427314,123763,122989,125976,125991,1221413,1233146,1744246,979688,1,0,
2595,110491954242800,2.6098256,3,fixation_after,159,110491938358400,0,0,16,2596,1695832209,1695832209,2,160028,159597,161420,163331,1400114,840919,1425751,427214,123692,122906,125883,125914,1221307,1233041,1744125,979575,1,0,
2596,110491954242800,2.6098256,3,fixation_after,159,110491938358400,0,0,16,2597,1695833214,1695833214,2,159871,159444,161263,163181,1399961,840761,1425584,427035,123543,122753,125719,125754,1221129,1232864,1743931,979373,1,0,
2597,110491961187400,2.6167702,3,fixation_after,160,110491955520900,0,0,16,2598,1695834219,1695834219,2,159793,159374,161191,163117,1399887,840675,1425499,426952,123461,122690,125651,125673,1221037,1232774,1743841,979271,1,0,
2598,110491961187400,2.6167702,3,fixation_after,160,110491955520900,0,0,16,2599,1695835224,1695835224,2,159822,159408,161222,163144,1399907,840698,1425517,426969,123488,122706,125688,125704,1221056,1232786,1743859,979289,1,0,
2599,110491961187400,2.6167702,3,fixation_after,160,110491955520900,0,0,16,2600,1695836229,1695836229,2,159993,159553,161374,163294,1400046,840845,1425670,427125,123667,122866,125846,125873,1221207,1232932,1744007,979450,1,0,
2600,110491961187400,2.6167702,3,fixation_after,160,110491955520900,0,0,16,2601,1695837234,1695837234,2,160089,159641,161475,163403,1400127,840936,1425759,427221,123773,122967,125949,125977,1221299,1233018,1744081,979533,1,0,
2601,110491961187400,2.6167702,3,fixation_after,160,110491955520900,0,0,16,2602,1695838239,1695838239,2,159708,159286,161153,163084,1399804,840602,1425399,426843,123379,122604,125608,125637,1220939,1232656,1743698,979126,1,0,
2602,110491961187400,2.6167702,3,fixation_after,160,110491955520900,0,0,16,2603,1695839244,1695839244,2,159639,159238,161104,163036,1399779,840571,1425364,426789,123293,122541,125556,125585,1220911,1232626,1743656,979078,1,0,
2603,110491961187400,2.6167702,3,fixation_after,160,110491955520900,0,0,16,2604,1695840249,1695840249,2,159768,159367,161225,163148,1399909,840717,1425518,426941,123428,122671,125688,125715,1221071,1232782,1743816,979248,1,0,
2604,110491968339500,2.6239223,3,fixation_after,160,110491955520900,0,0,16,2605,1695841254,1695841254,2,159888,159481,161335,163243,1400039,840845,1425658,427084,123562,122793,125800,125838,1221217,1232932,1743954,979411,1,0,
2605,110491968339500,2.6239223,3,fixation_after,160,110491955520900,0,0,16,2606,1695842259,1695842259,2,159997,159575,161415,163330,1400138,840947,1425764,427189,123669,122888,125894,125922,1221325,1233044,1744068,979536,1,0,
2606,110491968339500,2.6239223,3,fixation_after,160,110491955520900,0,0,16,2607,1695843263,1695843263,2,160083,159634,161474,163392,1400197,841013,1425836,427254,123747,122968,125957,125970,1221397,1233113,1744153,979621,1,0,
2607,110491968339500,2.6239223,3,fixation_after,160,110491955520900,0,0,16,2608,1695844268,1695844268,2,160238,159761,161607,163521,1400313,841136,1425967,427397,123901,123113,126092,126105,1221536,1233259,1744303,979785,1,0,
2608,110491968339500,2.6239223,3,fixation_after,160,110491955520900,0,0,16,2609,1695845273,1695845273,2,160301,159816,161673,163591,1400368,841193,1426007,427451,123976,123177,126159,126168,1221583,1233311,1744354,979858,1,0,
2609,110491968339500,2.6239223,3,fixation_after,160,110491955520900,0,0,16,2610,1695846278,1695846278,2,160116,159648,161503,163434,1400197,841016,1425824,427250,123781,122993,125983,125996,1221403,1233125,1744167,979660,1,0,
2610,110491968339500,2.6239223,3,fixation_after,160,110491955520900,0,0,16,2611,1695847283,1695847283,2,160096,159639,161473,163427,1400168,840989,1425798,427218,123746,122974,125952,125978,1221381,1233100,1744141,979633,1,0,
2611,110491975175100,2.6307579,3,fixation_after,161,110491971543100,0,0,16,2612,1695848288,1695848288,2,160122,159656,161495,163450,1400184,841009,1425820,427235,123781,123001,125977,126008,1221398,1233129,1744159,979671,1,0,
2612,110491975175100,2.6307579,3,fixation_after,161,110491971543100,0,0,16,2613,1695849292,1695849292,2,160075,159625,161459,163411,1400138,840964,1425766,427186,123750,122969,125954,125968,1221363,1233084,1744121,979628,1,0,
2613,110491975175100,2.6307579,3,fixation_after,161,110491971543100,0,0,16,2614,1695850297,1695850297,2,160114,159653,161481,163440,1400161,840983,1425782,427206,123774,123000,125991,125994,1221379,1233101,1744135,979639,1,0,
2614,110491975175100,2.6307579,3,fixation_after,161,110491971543100,0,0,16,2615,1695851302,1695851302,2,160166,159697,161519,163484,1400188,841004,1425818,427241,123814,123046,126040,126024,1221404,1233120,1744158,979664,1,0,
2615,110491975175100,2.6307579,3,fixation_after,161,110491971543100,0,0,16,2616,1695852307,1695852307,2,160093,159623,161450,163411,1400109,840922,1425736,427151,123732,122966,125973,125950,1221303,1233023,1744049,979554,1,0,
2616,110491975175100,2.6307579,3,fixation_after,161,110491971543100,0,0,16,2617,1695853312,1695853312,2,159933,159479,161303,163262,1399947,840763,1425566,426978,123564,122811,125813,125794,1221121,1232844,1743849,979358,1,0,
2617,110491975175100,2.6307579,3,fixation_after,161,110491971543100,0,0,16,2618,1695854317,1695854317,2,159854,159402,161224,163178,1399861,840674,1425466,426879,123480,122720,125733,125721,1221024,1232742,1743752,979246,1,0,
2618,110491982161600,2.6377444,3,fixation_after,161,110491971543100,0,0,16,2619,1695855322,1695855322,2,159884,159425,161254,163194,1399871,840696,1425484,426899,123502,122744,125764,125753,1221040,1232749,1743766,979259,1,0,
2619,110491982161600,2.6377444,3,fixation_after,161,110491971543100,0,0,16,2620,1695856327,1695856327,2,160058,159583,161409,163343,1400019,840851,1425641,427054,123673,122907,125928,125921,1221192,1232899,1743919,979428,1,0,
2620,110491982161600,2.6377444,3,fixation_after,161,110491971543100,0,0,16,2621,1695857332,1695857332,2,160150,159687,161506,163443,1400107,840940,1425736,427141,123783,123013,126036,126019,1221278,1232984,1743998,979516,1,0,
2621,110491982161600,2.6377444,3,fixation_after,161,110491971543100,0,0,16,2622,1695858336,1695858336,2,159755,159343,161174,163134,1399778,840605,1425382,426764,123380,122648,125682,125682,1220927,1232634,1743613,979109,1,0,
2622,110491982161600,2.6377444,3,fixation_after,161,110491971543100,0,0,16,2623,1695859341,1695859341,2,159698,159303,161144,163105,1399763,840584,1425357,426721,123312,122588,125636,125647,1220914,1232616,1743583,979076,1,0,
2623,110491982161600,2.6377444,3,fixation_after,161,110491971543100,0,0,16,2624,1695860346,1695860346,2,159832,159427,161281,163228,1399912,840739,1425521,426873,123449,122719,125776,125781,1221084,1232776,1743740,979246,1,0,
2624,110491982161600,2.6377444,3,fixation_after,161,110491971543100,0,0,16,2625,1695861351,1695861351,2,159966,159529,161388,163324,1400034,840856,1425646,427010,123562,122841,125904,125898,1221227,1232922,1743890,979404,1,0,
2625,110491989119200,2.644702,3,fixation_after,162,110491987983000,0,0,16,2626,1695862356,1695862356,2,160071,159609,161473,163404,1400133,840959,1425755,427124,123658,122931,126006,125998,1221331,1233033,1744006,979528,1,0,
2626,110491989119200,2.644702,3,fixation_after,162,110491987983000,0,0,16,2627,1695863361,1695863361,2,160141,159668,161529,163453,1400186,841020,1425816,427193,123737,122996,126051,126051,1221395,1233097,1744074,979606,1,0,
2627,110491989119200,2.644702,3,fixation_after,162,110491987983000,0,0,16,2628,1695864366,1695864366,2,160296,159794,161649,163573,1400305,841137,1425948,427323,123904,123139,126174,126169,1221524,1233232,1744213,979766,1,0,
2628,110491989119200,2.644702,3,fixation_after,162,110491987983000,0,0,16,2629,1695865371,1695865371,2,160356,159832,161692,163636,1400338,841176,1425991,427360,123978,123186,126226,126219,1221564,1233271,1744262,979825,1,0,
2629,110491989119200,2.644702,3,fixation_after,162,110491987983000,0,0,16,2630,1695866376,1695866376,2,160156,159659,161521,163470,1400154,841001,1425796,427162,123782,123001,126048,126041,1221375,1233076,1744077,979626,1,0,
2630,110491989119200,2.644702,3,fixation_after,162,110491987983000,0,0,16,2631,1695867381,1695867381,2,160141,159651,161508,163464,1400146,840978,1425771,427131,123769,122986,126018,126024,1221362,1233065,1744054,979618,1,0,
2631,110491989119200,2.644702,3,fixation_after,162,110491987983000,0,0,16,2632,1695868386,1695868386,2,160176,159686,161549,163495,1400169,840996,1425790,427151,123809,123025,126041,126045,1221393,1233093,1744083,979651,1,0,
2632,110491996206200,2.651789,3,fixation_after,162,110491987983000,0,0,16,2633,1695869391,1695869391,2,160140,159666,161520,163455,1400129,840961,1425750,427112,123778,123006,126012,126023,1221352,1233058,1744048,979615,1,0,
2633,110491996206200,2.651789,3,fixation_after,162,110491987983000,0,0,16,2634,1695870396,1695870396,2,160169,159693,161548,163473,1400144,840980,1425769,427126,123806,123041,126033,126056,1221359,1233069,1744052,979630,1,0,
2634,110491996206200,2.651789,3,fixation_after,162,110491987983000,0,0,16,2635,1695871401,1695871401,2,160226,159744,161608,163524,1400186,841018,1425807,427169,123882,123099,126086,126103,1221396,1233106,1744074,979663,1,0,
2635,110491996206200,2.651789,3,fixation_after,162,110491987983000,0,0,16,2636,1695872406,1695872406,2,160151,159670,161533,163444,1400093,840932,1425714,427069,123801,123019,125992,126017,1221299,1232998,1743956,979535,1,0,
2636,110491996206200,2.651789,3,fixation_after,162,110491987983000,0,0,16,2637,1695873411,1695873411,2,159997,159530,161396,163313,1399946,840779,1425558,426904,123651,122876,125848,125864,1221124,1232821,1743784,979355,1,0,
2637,110491996206200,2.651789,3,fixation_after,162,110491987983000,0,0,16,2638,1695874416,1695874416,2,159914,159468,161329,163247,1399867,840705,1425481,426819,123586,122818,125797,125792,1221045,1232731,1743694,979262,1,0,
2638,110491996206200,2.651789,3,fixation_after,162,110491987983000,0,0,16,2639,1695875421,1695875421,2,159951,159499,161354,163273,1399893,840729,1425501,426842,123613,122851,125826,125819,1221069,1232756,1743713,979277,1,0,
2639,110492003201800,2.6587846,3,fixation_after,162,110491987983000,0,0,16,2640,1695876426,1695876426,2,160143,159667,161514,163433,1400045,840880,1425658,427004,123801,123026,126001,125985,1221231,1232918,1743871,979446,1,0,
2640,110492003201800,2.6587846,3,fixation_after,162,110491987983000,0,0,16,2641,1695877431,1695877431,2,160223,159748,161591,163524,1400110,840951,1425736,427074,123901,123108,126086,126070,1221293,1232988,1743929,979518,1,0,
2641,110492003201800,2.6587846,3,fixation_after,162,110491987983000,0,0,16,2642,1695878436,1695878436,2,159794,159397,161234,163191,1399756,840596,1425361,426681,123491,122729,125724,125714,1220916,1232606,1743529,979086,1,0,
2642,110492003201800,2.6587846,3,fixation_after,162,110491987983000,0,0,16,2643,1695879441,1695879441,2,159736,159342,161197,163159,1399744,840586,1425339,426638,123418,122675,125684,125676,1220900,1232581,1743501,979054,1,0,
2643,110492003201800,2.6587846,3,fixation_after,162,110491987983000,0,0,16,2644,1695880446,1695880446,2,159880,159469,161336,163289,1399896,840750,1425509,426803,123554,122809,125821,125821,1221075,1232754,1743676,979241,1,0,
2644,110492003201800,2.6587846,3,fixation_after,162,110491987983000,0,0,16,2645,1695881451,1695881451,2,160017,159594,161447,163404,1400025,840891,1425655,426958,123683,122924,125950,125949,1221230,1232909,1743829,979405,1,0,
2645,110492003201800,2.6587846,3,fixation_after,162,110491987983000,0,0,16,2646,1695882456,1695882456,2,160114,159679,161519,163481,1400121,840978,1425751,427059,123773,123011,126044,126027,1221340,1233013,1743939,979532,1,0,
2646,110492010206400,2.6657892,3,fixation_after,163,110492005219200,0,0,16,2647,1695883461,1695883461,2,160190,159736,161576,163537,1400182,841038,1425812,427126,123841,123076,126100,126069,1221399,1233085,1744008,979616,1,0,
2647,110492010206400,2.6657892,3,fixation_after,163,110492005219200,0,0,16,2648,1695884466,1695884466,2,160346,159878,161711,163666,1400309,841178,1425952,427274,124001,123224,126243,126207,1221543,1233229,1744162,979790,1,0,
2648,110492010206400,2.6657892,3,fixation_after,163,110492005219200,0,0,16,2649,1695885471,1695885471,2,160390,159915,161740,163696,1400334,841203,1425980,427302,124044,123278,126280,126252,1221579,1233263,1744190,979834,1,0,
2649,110492010206400,2.6657892,3,fixation_after,163,110492005219200,0,0,16,2650,1695886476,1695886476,2,160173,159726,161542,163514,1400138,840996,1425765,427079,123831,123074,126081,126065,1221369,1233051,1743971,979601,1,0,
2650,110492010206400,2.6657892,3,fixation_after,163,110492005219200,0,0,16,2651,1695887481,1695887481,2,160159,159720,161531,163501,1400123,840979,1425748,427051,123819,123047,126071,126051,1221356,1233036,1743964,979591,1,0,
2651,110492010206400,2.6657892,3,fixation_after,163,110492005219200,0,0,16,2652,1695888487,1695888487,2,160184,159754,161544,163519,1400131,840986,1425764,427061,123851,123083,126088,126071,1221372,1233055,1743984,979621,1,0,
2652,110492010206400,2.6657892,3,fixation_after,163,110492005219200,0,0,16,2653,1695889491,1695889491,2,160137,159726,161504,163486,1400090,840949,1425716,427023,123827,123067,126051,126048,1221324,1233019,1743941,979590,1,0,
2653,110492017231400,2.6728142,3,fixation_after,163,110492005219200,0,0,16,2654,1695890497,1695890497,2,160164,159737,161535,163521,1400111,840972,1425741,427044,123861,123101,126074,126066,1221345,1233042,1743960,979613,1,0,
2654,110492017231400,2.6728142,3,fixation_after,163,110492005219200,0,0,16,2655,1695891501,1695891501,2,160203,159784,161579,163561,1400140,840999,1425771,427078,123909,123144,126104,126098,1221372,1233064,1743974,979630,1,0,
2655,110492017231400,2.6728142,3,fixation_after,163,110492005219200,0,0,16,2656,1695892506,1695892506,2,160126,159709,161503,163491,1400059,840914,1425679,426983,123833,123053,126021,126023,1221271,1232961,1743858,979515,1,0,
2656,110492017231400,2.6728142,3,fixation_after,163,110492005219200,0,0,16,2657,1695893511,1695893511,2,159979,159569,161357,163351,1399904,840754,1425519,426812,123681,122902,125868,125878,1221102,1232791,1743688,979329,1,0,
2657,110492017231400,2.6728142,3,fixation_after,163,110492005219200,0,0,16,2658,1695894516,1695894516,2,159902,159499,161282,163273,1399824,840671,1425428,426718,123607,122826,125783,125794,1221008,1232689,1743591,979219,1,0,
2658,110492017231400,2.6728142,3,fixation_after,163,110492005219200,0,0,16,2659,1695895521,1695895521,2,159946,159530,161321,163304,1399853,840704,1425459,426746,123635,122861,125806,125833,1221034,1232713,1743606,979249,1,0,
2659,110492017231400,2.6728142,3,fixation_after,163,110492005219200,0,0,16,2660,1695896526,1695896526,2,160124,159691,161481,163457,1400008,840848,1425624,426906,123810,123024,125978,126015,1221197,1232876,1743759,979424,1,0,
2660,110492024185300,2.6797681,3,fixation_after,163,110492005219200,0,0,16,2661,1695897531,1695897531,2,160192,159762,161559,163536,1400068,840911,1425691,426974,123890,123109,126056,126091,1221254,1232939,1743819,979476,1,0,
2661,110492024185300,2.6797681,3,fixation_after,163,110492005219200,0,0,16,2662,1695898536,1695898536,2,159788,159408,161211,163204,1399727,840566,1425325,426580,123473,122732,125695,125730,1220885,1232556,1743418,979052,1,0,
2662,110492024185300,2.6797681,3,fixation_after,163,110492005219200,0,0,16,2663,1695899541,1695899541,2,159742,159386,161192,163173,1399718,840559,1425311,426559,123403,122675,125673,125723,1220885,1232550,1743405,979037,1,0,
2663,110492024185300,2.6797681,3,fixation_after,163,110492005219200,0,0,16,2664,1695900546,1695900546,2,159869,159514,161337,163299,1399864,840714,1425473,426724,123543,122813,125811,125863,1221058,1232724,1743583,979221,1,0,
2664,110492024185300,2.6797681,3,fixation_after,163,110492005219200,0,0,16,2665,1695901551,1695901551,2,160007,159635,161449,163409,1400002,840851,1425624,426871,123695,122943,125930,125979,1221218,1232872,1743738,979388,1,0,
2665,110492024185300,2.6797681,3,fixation_after,163,110492005219200,0,0,16,2666,1695902556,1695902556,2,160126,159728,161536,163484,1400101,840953,1425732,426973,123812,123033,126020,126066,1221324,1232981,1743848,979513,1,0,
2666,110492024185300,2.6797681,3,fixation_after,163,110492005219200,0,0,16,2667,1695903561,1695903561,2,160192,159778,161574,163524,1400150,840997,1425776,427032,123869,123084,126061,126109,1221373,1233045,1743906,979583,1,0,
2667,110492031189900,2.6867727,3,fixation_after,163,110492005219200,0,0,16,2668,1695904566,1695904566,2,160348,159896,161698,163657,1400266,841123,1425909,427169,124018,123221,126199,126243,1221503,1233181,1744047,979743,1,0,
2668,110492031189900,2.6867727,3,fixation_after,163,110492005219200,0,0,16,2669,1695905571,1695905571,2,160394,159934,161734,163698,1400286,841154,1425932,427211,124072,123271,126239,126280,1221539,1233219,1744088,979791,1,0,
2669,110492031189900,2.6867727,3,fixation_after,163,110492005219200,0,0,16,2670,1695906576,1695906576,2,160196,159751,161555,163521,1400112,840966,1425740,427001,123877,123091,126054,126090,1221348,1233027,1743883,979584,1,0,
2670,110492031189900,2.6867727,3,fixation_after,163,110492005219200,0,0,16,2671,1695907581,1695907581,2,160174,159739,161539,163505,1400090,840943,1425709,426964,123862,123073,126041,126070,1221335,1233006,1743864,979567,1,0,
2671,110492031189900,2.6867727,3,fixation_after,163,110492005219200,0,0,16,2672,1695908585,1695908585,2,160194,159758,161558,163518,1400111,840961,1425726,426979,123906,123114,126068,126094,1221356,1233019,1743884,979594,1,0,
2672,110492031189900,2.6867727,3,fixation_after,163,110492005219200,0,0,16,2673,1695909590,1695909590,2,160160,159725,161535,163480,1400073,840922,1425694,426935,123878,123084,126037,126077,1221319,1232984,1743854,979563,1,0,
2673,110492031189900,2.6867727,3,fixation_after,163,110492005219200,0,0,16,2674,1695910595,1695910595,2,160179,159740,161553,163499,1400068,840928,1425699,426942,123903,123096,126054,126093,1221328,1232992,1743859,979579,1,0,
2674,110492038198600,2.6937814,3,fixation_after,164,110492036974300,0,0,16,2675,1695911600,1695911600,2,160221,159769,161580,163536,1400093,840946,1425717,426969,123937,123131,126085,126112,1221348,1233011,1743872,979591,1,0,
2675,110492038198600,2.6937814,3,fixation_after,164,110492036974300,0,0,16,2676,1695912605,1695912605,2,160140,159696,161501,163456,1400007,840853,1425628,426869,123848,123038,126005,126023,1221236,1232904,1743749,979461,1,0,
2676,110492038198600,2.6937814,3,fixation_after,164,110492036974300,0,0,16,2677,1695913609,1695913609,2,159978,159545,161346,163304,1399845,840689,1425464,426700,123677,122871,125849,125858,1221053,1232714,1743555,979252,1,0,
2677,110492038198600,2.6937814,3,fixation_after,164,110492036974300,0,0,16,2678,1695914614,1695914614,2,159891,159464,161272,163213,1399759,840600,1425365,426601,123593,122792,125755,125766,1220954,1232615,1743451,979148,1,0,
2678,110492038198600,2.6937814,3,fixation_after,164,110492036974300,0,0,16,2679,1695915619,1695915619,2,159912,159483,161298,163239,1399773,840618,1425383,426614,123628,122816,125789,125795,1220968,1232630,1743468,979158,1,0,
2679,110492038198600,2.6937814,3,fixation_after,164,110492036974300,0,0,16,2680,1695916624,1695916624,2,160087,159636,161453,163388,1399917,840769,1425537,426766,123798,122979,125956,125959,1221122,1232778,1743622,979337,1,0,
2680,110492038198600,2.6937814,3,fixation_after,164,110492036974300,0,0,16,2681,1695917629,1695917629,2,160168,159711,161531,163456,1399979,840830,1425603,426836,123871,123059,126039,126043,1221183,1232837,1743677,979393,1,0,
2681,110492045164600,2.7007474,3,fixation_after,164,110492036974300,0,0,16,2682,1695918634,1695918634,2,159769,159361,161193,163126,1399641,840495,1425240,426456,123463,122688,125679,125683,1220818,1232465,1743283,978976,1,0,
2682,110492045164600,2.7007474,3,fixation_after,164,110492036974300,0,0,16,2683,1695919639,1695919639,2,159720,159337,161176,163121,1399640,840491,1425238,426435,123404,122659,125661,125661,1220820,1232460,1743273,978960,1,0,
2683,110492045164600,2.7007474,3,fixation_after,164,110492036974300,0,0,16,2684,1695920644,1695920644,2,159846,159461,161299,163248,1399785,840636,1425389,426580,123531,122784,125799,125793,1220980,1232618,1743434,979128,1,0,
2684,110492045164600,2.7007474,3,fixation_after,164,110492036974300,0,0,16,2685,1695921650,1695921650,2,159964,159576,161403,163349,1399900,840763,1425522,426707,123651,122879,125911,125904,1221124,1232759,1743576,979289,1,0,
2685,110492045164600,2.7007474,3,fixation_after,164,110492036974300,0,0,16,2686,1695922655,1695922655,2,160058,159662,161478,163411,1399994,840850,1425618,426811,123749,122953,125995,125983,1221218,1232861,1743677,979399,1,0,
2686,110492045164600,2.7007474,3,fixation_after,164,110492036974300,0,0,16,2687,1695923660,1695923660,2,160134,159717,161534,163463,1400054,840904,1425677,426880,123827,123010,126046,126041,1221284,1232930,1743739,979479,1,0,
2687,110492045164600,2.7007474,3,fixation_after,164,110492036974300,0,0,16,2688,1695924665,1695924665,2,160289,159844,161661,163576,1400179,841025,1425805,427013,123972,123149,126177,126178,1221419,1233073,1743881,979643,1,0,
2688,110492052193200,2.707776,3,fixation_after,164,110492036974300,0,0,16,2689,1695925670,1695925670,2,160336,159877,161697,163608,1400205,841053,1425834,427041,124020,123197,126217,126221,1221444,1233098,1743914,979689,1,0,
2689,110492052193200,2.707776,3,fixation_after,164,110492036974300,0,0,16,2690,1695926675,1695926675,2,160133,159683,161528,163436,1400014,840864,1425634,426825,123813,123015,126027,126031,1221247,1232896,1743708,979481,1,0,
2690,110492052193200,2.707776,3,fixation_after,164,110492036974300,0,0,16,2691,1695927680,1695927680,2,160110,159665,161509,163424,1399988,840836,1425616,426800,123799,122996,126009,126021,1221230,1232879,1743697,979469,1,0,
2691,110492052193200,2.707776,3,fixation_after,164,110492036974300,0,0,16,2692,1695928685,1695928685,2,160136,159695,161531,163445,1400007,840859,1425634,426821,123842,123026,126033,126053,1221258,1232901,1743718,979501,1,0,
2692,110492052193200,2.707776,3,fixation_after,164,110492036974300,0,0,16,2693,1695929690,1695929690,2,160106,159676,161501,163416,1399974,840831,1425599,426785,123836,123003,126014,126037,1221224,1232873,1743691,979474,1,0,
2693,110492052193200,2.707776,3,fixation_after,164,110492036974300,0,0,16,2694,1695930695,1695930695,2,160143,159713,161528,163465,1400009,840861,1425634,426817,123876,123048,126065,126078,1221256,1232909,1743721,979506,1,0,
2694,110492052193200,2.707776,3,fixation_after,164,110492036974300,0,0,16,2695,1695931700,1695931700,2,160179,159746,161555,163503,1400031,840884,1425659,426841,123909,123092,126098,126108,1221279,1232918,1743733,979521,1,0,
2695,110492059166000,2.7147488,3,fixation_after,164,110492036974300,0,0,16,2696,1695932705,1695932705,2,160095,159656,161464,163416,1399931,840782,1425546,426730,123809,123008,126003,126004,1221154,1232798,1743603,979383,1,0,
2696,110492059166000,2.7147488,3,fixation_after,164,110492036974300,0,0,16,2697,1695933710,1695933710,2,159931,159498,161303,163268,1399763,840616,1425370,426551,123644,122849,125841,125830,1220966,1232609,1743405,979179,1,0,
2697,110492059166000,2.7147488,3,fixation_after,164,110492036974300,0,0,16,2698,1695934715,1695934715,2,159847,159423,161228,163188,1399684,840538,1425280,426458,123566,122760,125769,125746,1220872,1232512,1743298,979076,1,0,
2698,110492059166000,2.7147488,3,fixation_after,164,110492036974300,0,0,16,2699,1695935720,1695935720,2,159883,159450,161262,163223,1399711,840567,1425303,426483,123606,122789,125808,125776,1220896,1232528,1743323,979105,1,0,
2699,110492059166000,2.7147488,3,fixation_after,164,110492036974300,0,0,16,2700,1695936725,1695936725,2,160063,159614,161427,163375,1399862,840715,1425468,426653,123784,122963,125974,125952,1221063,1232689,1743487,979276,1,0,
2700,110492059166000,2.7147488,3,fixation_after,164,110492036974300,0,0,16,2701,1695937730,1695937730,2,160131,159688,161496,163448,1399921,840776,1425534,426707,123857,123048,126051,126034,1221112,1232748,1743535,979334,1,0,
2701,110492059166000,2.7147488,3,fixation_after,164,110492036974300,0,0,16,2702,1695938735,1695938735,2,159724,159327,161158,163118,1399571,840431,1425165,426310,123443,122668,125681,125670,1220733,1232373,1743136,978907,1,0,
2702,110492066190800,2.7217736,3,fixation_after,164,110492036974300,0,0,16,2703,1695939739,1695939739,2,159693,159312,161157,163109,1399577,840439,1425172,426307,123414,122639,125674,125664,1220763,1232389,1743140,978909,1,0,
2703,110492066190800,2.7217736,3,fixation_after,164,110492036974300,0,0,16,2704,1695940744,1695940744,2,159835,159449,161286,163236,1399729,840596,1425331,426472,123545,122755,125813,125798,1220924,1232552,1743313,979079,1,0,
2704,110492066190800,2.7217736,3,fixation_after,164,110492036974300,0,0,16,2705,1695941749,1695941749,2,159961,159570,161390,163343,1399858,840721,1425463,426606,123653,122860,125926,125909,1221063,1232694,1743452,979239,1,0,
2705,110492066190800,2.7217736,3,fixation_after,164,110492036974300,0,0,16,2706,1695942754,1695942754,2,160061,159653,161474,163411,1399949,840812,1425561,426707,123749,122961,126004,125988,1221176,1232801,1743554,979359,1,0,
2706,110492066190800,2.7217736,3,fixation_after,164,110492036974300,0,0,16,2707,1695943759,1695943759,2,160138,159722,161528,163474,1400011,840876,1425634,426776,123833,123019,126061,126049,1221244,1232875,1743626,979449,1,0,
2707,110492066190800,2.7217736,3,fixation_after,164,110492036974300,0,0,16,2708,1695944764,1695944764,2,160288,159866,161658,163611,1400139,841011,1425775,426923,123996,123163,126202,126195,1221389,1233023,1743784,979622,1,0,
2708,110492066190800,2.7217736,3,fixation_after,164,110492036974300,0,0,16,2709,1695945769,1695945769,2,160333,159909,161699,163650,1400171,841034,1425804,426959,124042,123216,126243,126248,1221423,1233061,1743821,979670,1,0,
2709,110492073403000,2.7289858,3,fixation_after,165,110492067856200,0,0,16,2710,1695946774,1695946774,2,160140,159728,161520,163482,1399984,840850,1425603,426752,123853,123032,126064,126055,1221225,1232860,1743617,979466,1,0,
2710,110492073403000,2.7289858,3,fixation_after,165,110492067856200,0,0,16,2711,1695947779,1695947779,2,160130,159721,161516,163469,1399969,840836,1425589,426729,123838,123015,126068,126041,1221212,1232846,1743609,979462,1,0,
2711,110492073403000,2.7289858,3,fixation_after,165,110492067856200,0,0,16,2712,1695948783,1695948783,2,160153,159746,161529,163493,1399979,840848,1425609,426744,123861,123042,126102,126071,1221230,1232865,1743624,979484,1,0,
2712,110492073403000,2.7289858,3,fixation_after,165,110492067856200,0,0,16,2713,1695949788,1695949788,2,160123,159711,161504,163476,1399948,840818,1425580,426710,123839,123027,126089,126057,1221204,1232838,1743596,979454,1,0,
2713,110492073403000,2.7289858,3,fixation_after,165,110492067856200,0,0,16,2714,1695950793,1695950793,2,160168,159731,161543,163498,1399975,840838,1425601,426733,123872,123068,126123,126104,1221227,1232866,1743613,979473,1,0,
2714,110492073403000,2.7289858,3,fixation_after,165,110492067856200,0,0,16,2715,1695951798,1695951798,2,160202,159746,161549,163521,1399981,840844,1425607,426731,123896,123096,126147,126115,1221228,1232861,1743605,979466,1,0,
2715,110492073403000,2.7289858,3,fixation_after,165,110492067856200,0,0,16,2716,1695952803,1695952803,2,160112,159649,161451,163431,1399878,840739,1425489,426622,123792,123001,126047,126003,1221104,1232727,1743469,979328,1,0,
2716,110492080349800,2.7359326,3,fixation_after,166,110492074479400,0,0,16,2717,1695953808,1695953808,2,159958,159484,161300,163274,1399714,840572,1425315,426446,123629,122848,125873,125833,1220919,1232549,1743276,979134,1,0,
2717,110492080349800,2.7359326,3,fixation_after,166,110492074479400,0,0,16,2718,1695954813,1695954813,2,159876,159401,161224,163201,1399622,840484,1425224,426348,123558,122771,125781,125754,1220817,1232444,1743169,979029,1,0,
2718,110492080349800,2.7359326,3,fixation_after,167,110492080861300,0,0,16,2719,1695955817,1695955817,2,159928,159456,161271,163245,1399654,840524,1425275,426384,123618,122820,125813,125809,1220861,1232483,1743208,979064,1,0,
2719,110492080349800,2.7359326,3,fixation_after,167,110492080861300,0,0,16,2720,1695956822,1695956822,2,160121,159638,161446,163415,1399822,840684,1425451,426564,123818,122998,125976,126004,1221034,1232656,1743381,979248,1,0,
2720,110492080349800,2.7359326,3,fixation_after,167,110492080861300,0,0,16,2721,1695957827,1695957827,2,160163,159686,161499,163459,1399866,840721,1425479,426604,123869,123051,126018,126055,1221061,1232686,1743409,979284,1,0,
2721,110492080349800,2.7359326,3,fixation_after,167,110492080861300,0,0,16,2722,1695958832,1695958832,2,159750,159317,161148,163120,1399514,840373,1425104,426203,123449,122678,125649,125688,1220676,1232301,1743003,978845,1,0,
2722,110492080349800,2.7359326,3,fixation_after,167,110492080861300,0,0,16,2723,1695959837,1695959837,2,159734,159310,161151,163131,1399539,840392,1425123,426203,123426,122664,125649,125686,1220712,1232322,1743023,978859,1,0,
2723,110492087222800,2.7428056,3,fixation_after,167,110492080861300,0,0,16,2724,1695960842,1695960842,2,159876,159439,161288,163258,1399695,840550,1425284,426368,123569,122802,125786,125835,1220878,1232498,1743186,979037,1,0,
2724,110492087222800,2.7428056,3,fixation_after,167,110492080861300,0,0,16,2725,1695961846,1695961846,2,160005,159549,161399,163373,1399818,840679,1425418,426508,123699,122916,125906,125961,1221024,1232642,1743334,979204,1,0,
2725,110492087222800,2.7428056,3,fixation_after,167,110492080861300,0,0,16,2726,1695962851,1695962851,2,160094,159628,161478,163439,1399902,840756,1425510,426599,123790,122990,125993,126026,1221118,1232739,1743432,979311,1,0,
2726,110492087222800,2.7428056,3,fixation_after,167,110492080861300,0,0,16,2727,1695963856,1695963856,2,160157,159675,161513,163470,1399933,840800,1425554,426653,123850,123036,126046,126064,1221167,1232787,1743491,979382,1,0,
2727,110492087222800,2.7428056,3,fixation_after,167,110492080861300,0,0,16,2728,1695964861,1695964861,2,160313,159821,161651,163609,1400064,840942,1425699,426801,124008,123192,126196,126201,1221319,1232940,1743641,979559,1,0,
2728,110492087222800,2.7428056,3,fixation_after,167,110492080861300,0,0,16,2729,1695965866,1695965866,2,160348,159851,161677,163639,1400083,840960,1425719,426820,124046,123228,126239,126227,1221346,1232967,1743669,979590,1,0,
2729,110492087222800,2.7428056,3,fixation_after,167,110492080861300,0,0,16,2730,1695966870,1695966870,2,160152,159675,161509,163464,1399901,840776,1425524,426613,123846,123040,126067,126041,1221147,1232764,1743469,979383,1,0,
2730,110492094368100,2.7499509,3,fixation_after,167,110492080861300,0,0,16,2731,1695967875,1695967875,2,160154,159690,161516,163466,1399902,840769,1425517,426604,123841,123040,126073,126042,1221143,1232773,1743475,979394,1,0,
2731,110492094368100,2.7499509,3,fixation_after,167,110492080861300,0,0,16,2732,1695968880,1695968880,2,160178,159721,161537,163494,1399923,840783,1425529,426629,123882,123066,126105,126070,1221165,1232793,1743496,979423,1,0,
2732,110492094368100,2.7499509,3,fixation_after,167,110492080861300,0,0,16,2733,1695969884,1695969884,2,160153,159700,161513,163465,1399891,840746,1425501,426590,123864,123034,126084,126049,1221140,1232761,1743463,979391,1,0,
2733,110492094368100,2.7499509,3,fixation_after,167,110492080861300,0,0,16,2734,1695970889,1695970889,2,160183,159731,161545,163490,1399908,840773,1425521,426614,123895,123058,126104,126084,1221164,1232784,1743474,979408,1,0,
2734,110492094368100,2.7499509,3,fixation_after,167,110492080861300,0,0,16,2735,1695971894,1695971894,2,160213,159766,161576,163523,1399928,840781,1425536,426634,123926,123078,126123,126103,1221171,1232793,1743479,979419,1,0,
2735,110492094368100,2.7499509,3,fixation_after,167,110492080861300,0,0,16,2736,1695972899,1695972899,2,160124,159681,161499,163443,1399826,840674,1425434,426523,123824,122982,126027,126008,1221049,1232666,1743351,979286,1,0,
2736,110492094368100,2.7499509,3,fixation_after,167,110492080861300,0,0,16,2737,1695973904,1695973904,2,159954,159543,161354,163301,1399672,840515,1425271,426351,123671,122833,125874,125853,1220875,1232489,1743162,979091,1,0,
2737,110492101232800,2.7568156,3,fixation_after,167,110492080861300,0,0,16,2738,1695974908,1695974908,2,159870,159480,161282,163230,1399598,840446,1425195,426272,123617,122773,125808,125786,1220797,1232409,1743072,979010,1,0,
2738,110492101232800,2.7568156,3,fixation_after,167,110492080861300,0,0,16,2739,1695975913,1695975913,2,159914,159511,161321,163268,1399633,840477,1425229,426311,123666,122811,125853,125828,1220821,1232440,1743099,979041,1,0,
2739,110492101232800,2.7568156,3,fixation_after,167,110492080861300,0,0,16,2740,1695976918,1695976918,2,160098,159670,161488,163429,1399783,840630,1425394,426470,123843,122994,126020,126005,1220982,1232597,1743266,979212,1,0,
2740,110492101232800,2.7568156,3,fixation_after,167,110492080861300,0,0,16,2741,1695977923,1695977923,2,160128,159716,161532,163466,1399813,840660,1425417,426501,123872,123037,126060,126039,1221011,1232618,1743276,979226,1,0,
2741,110492101232800,2.7568156,3,fixation_after,167,110492080861300,0,0,16,2742,1695978927,1695978927,2,159719,159371,161179,163135,1399467,840316,1425044,426111,123459,122663,125701,125684,1220643,1232239,1742881,978805,1,0,
2742,110492101232800,2.7568156,3,fixation_after,167,110492080861300,0,0,16,2743,1695979932,1695979932,2,159702,159369,161179,163148,1399498,840339,1425070,426123,123438,122653,125698,125698,1220669,1232270,1742903,978823,1,0,
2743,110492101232800,2.7568156,3,fixation_after,167,110492080861300,0,0,16,2744,1695980937,1695980937,2,159844,159497,161325,163278,1399657,840492,1425233,426285,123576,122795,125827,125846,1220841,1232441,1743073,978998,1,0,
2744,110492108503200,2.764086,3,fixation_after,167,110492080861300,0,0,16,2745,1695981942,1695981942,2,159990,159623,161459,163389,1399796,840631,1425380,426437,123712,122923,125949,125974,1221004,1232597,1743231,979172,1,0,
2745,110492108503200,2.764086,3,fixation_after,167,110492080861300,0,0,16,2746,1695982947,1695982947,2,160080,159694,161537,163451,1399869,840710,1425471,426532,123791,122997,126017,126049,1221096,1232690,1743327,979284,1,0,
2746,110492108503200,2.764086,3,fixation_after,167,110492080861300,0,0,16,2747,1695983952,1695983952,2,160144,159748,161588,163498,1399913,840764,1425529,426593,123848,123054,126062,126103,1221158,1232754,1743398,979358,1,0,
2747,110492108503200,2.764086,3,fixation_after,167,110492080861300,0,0,16,2748,1695984956,1695984956,2,160319,159909,161731,163644,1400060,840914,1425680,426753,124031,123228,126218,126273,1221314,1232918,1743564,979536,1,0,
2748,110492108503200,2.764086,3,fixation_after,167,110492080861300,0,0,16,2749,1695985961,1695985961,2,160347,159945,161747,163651,1400069,840918,1425685,426757,124056,123240,126239,126294,1221321,1232927,1743581,979563,1,0,
2749,110492108503200,2.764086,3,fixation_after,167,110492080861300,0,0,16,2750,1695986966,1695986966,2,160131,159744,161556,163456,1399868,840704,1425466,426539,123833,123026,126039,126082,1221107,1232714,1743351,979336,1,0,
2750,110492108503200,2.764086,3,fixation_after,167,110492080861300,0,0,16,2751,1695987970,1695987970,2,160139,159749,161554,163453,1399861,840707,1425460,426528,123829,123033,126043,126089,1221111,1232709,1743354,979338,1,0,
2751,110492115239400,2.7708222,3,fixation_after,167,110492080861300,0,0,16,2752,1695988975,1695988975,2,160164,159776,161563,163464,1399871,840725,1425474,426539,123863,123054,126073,126127,1221126,1232733,1743373,979362,1,0,
2752,110492115239400,2.7708222,3,fixation_after,167,110492080861300,0,0,16,2753,1695989980,1695989980,2,160128,159754,161521,163433,1399844,840688,1425433,426501,123840,123023,126053,126104,1221100,1232699,1743336,979328,1,0,
2753,110492115239400,2.7708222,3,fixation_after,167,110492080861300,0,0,16,2754,1695990984,1695990984,2,160163,159792,161563,163471,1399867,840706,1425465,426534,123884,123056,126096,126137,1221119,1232717,1743354,979358,1,0,
2754,110492115239400,2.7708222,3,fixation_after,167,110492080861300,0,0,16,2755,1695991989,1695991989,2,160196,159833,161604,163505,1399891,840733,1425496,426559,123933,123098,126136,126163,1221129,1232731,1743369,979372,1,0,
2755,110492115239400,2.7708222,3,fixation_after,167,110492080861300,0,0,16,2756,1695992993,1695992993,2,160107,159741,161516,163419,1399788,840626,1425382,426442,123828,123007,126036,126062,1221011,1232615,1743246,979235,1,0,
2756,110492115239400,2.7708222,3,fixation_after,167,110492080861300,0,0,16,2757,1695993998,1695993998,2,159960,159608,161381,163290,1399639,840468,1425225,426284,123677,122860,125890,125903,1220845,1232447,1743070,979052,1,0,
2757,110492115239400,2.7708222,3,fixation_after,167,110492080861300,0,0,16,2758,1695995003,1695995003,2,159893,159545,161313,163232,1399569,840404,1425151,426213,123614,122799,125831,125835,1220770,1232359,1742982,978969,1,0,
2758,110492122204300,2.7777871,3,fixation_after,169,110492119880400,0,0,16,2759,1695996007,1695996007,2,159939,159583,161352,163268,1399604,840436,1425191,426251,123669,122843,125878,125879,1220808,1232396,1743013,979004,1,0,
2759,110492122204300,2.7777871,3,fixation_after,169,110492119880400,0,0,16,2760,1695997012,1695997012,2,160120,159744,161518,163429,1399757,840580,1425345,426409,123836,123006,126048,126039,1220960,1232554,1743172,979170,1,0,
2760,110492122204300,2.7777871,3,fixation_after,169,110492119880400,0,0,16,2761,1695998016,1695998016,2,160146,159768,161553,163467,1399774,840598,1425375,426419,123864,123044,126088,126079,1220981,1232574,1743176,979183,1,0,
2761,110492122204300,2.7777871,3,fixation_after,169,110492119880400,0,0,16,2762,1695999021,1695999021,2,159733,159406,161201,163128,1399424,840253,1425000,426031,123453,122666,125728,125723,1220611,1232193,1742766,978755,1,0,
2762,110492122204300,2.7777871,3,fixation_after,169,110492119880400,0,0,16,2763,1696000026,1696000026,2,159743,159427,161216,163153,1399466,840287,1425038,426056,123444,122681,125742,125744,1220653,1232232,1742803,978791,1,0,
2763,110492122204300,2.7777871,3,fixation_after,169,110492119880400,0,0,16,2764,1696001030,1696001030,2,159878,159540,161346,163281,1399614,840432,1425202,426211,123571,122813,125866,125880,1220816,1232394,1742969,978964,1,0,
2764,110492122204300,2.7777871,3,fixation_after,169,110492119880400,0,0,16,2765,1696002035,1696002035,2,160015,159655,161451,163389,1399739,840564,1425338,426354,123708,122928,125986,126003,1220960,1232545,1743116,979120,1,0,
2765,110492129314600,2.7848974,3,fixation_after,169,110492119880400,0,0,16,2766,1696003039,1696003039,2,160110,159744,161532,163470,1399831,840654,1425433,426449,123809,123015,126061,126079,1221058,1232644,1743223,979234,1,0,
2766,110492129314600,2.7848974,3,fixation_after,169,110492119880400,0,0,16,2767,1696004044,1696004044,2,160188,159816,161591,163523,1399893,840717,1425498,426525,123887,123079,126120,126150,1221134,1232714,1743297,979331,1,0,
2767,110492129314600,2.7848974,3,fixation_after,169,110492119880400,0,0,16,2768,1696005049,1696005049,2,160355,159965,161729,163653,1400033,840859,1425638,426678,124042,123242,126259,126301,1221283,1232866,1743452,979506,1,0,
2768,110492129314600,2.7848974,3,fixation_after,169,110492119880400,0,0,16,2769,1696006054,1696006054,2,160364,159974,161746,163661,1400033,840850,1425634,426671,124062,123252,126273,126313,1221281,1232863,1743446,979513,1,0,
2769,110492129314600,2.7848974,3,fixation_after,169,110492119880400,0,0,16,2770,1696007058,1696007058,2,160149,159781,161559,163479,1399829,840640,1425426,426451,123857,123033,126067,126123,1221074,1232656,1743239,979295,1,0,
2770,110492129314600,2.7848974,3,fixation_after,169,110492119880400,0,0,16,2771,1696008063,1696008063,2,160144,159779,161559,163476,1399821,840633,1425408,426438,123848,123028,126059,126122,1221069,1232646,1743234,979296,1,0,
2771,110492129314600,2.7848974,3,fixation_after,169,110492119880400,0,0,16,2772,1696009068,1696009068,2,160154,159781,161548,163473,1399816,840629,1425416,426432,123854,123035,126066,126130,1221069,1232649,1743234,979305,1,0,
2772,110492136093900,2.7916767,3,fixation_after,170,110492127696200,0,0,16,2773,1696010072,1696010072,2,160122,159746,161505,163439,1399765,840585,1425368,426382,123824,122995,126022,126091,1221026,1232618,1743186,979266,1,0,
2773,110492136093900,2.7916767,3,fixation_after,170,110492127696200,0,0,16,2774,1696011077,1696011077,2,160177,159792,161552,163484,1399798,840620,1425404,426432,123885,123043,126062,126136,1221058,1232651,1743221,979301,1,0,
2774,110492136093900,2.7916767,3,fixation_after,170,110492127696200,0,0,16,2775,1696012082,1696012082,2,160209,159817,161577,163516,1399821,840634,1425418,426445,123927,123078,126089,126155,1221063,1232653,1743228,979308,1,0,
2775,110492136093900,2.7916767,3,fixation_after,170,110492127696200,0,0,16,2776,1696013086,1696013086,2,160092,159712,161478,163412,1399703,840517,1425294,426323,123818,122966,125976,126038,1220926,1232517,1743079,979152,1,0,
2776,110492136093900,2.7916767,3,fixation_after,170,110492127696200,0,0,16,2777,1696014091,1696014091,2,159925,159551,161334,163265,1399543,840354,1425128,426146,123653,122805,125823,125874,1220755,1232338,1742896,978961,1,0,
2777,110492136093900,2.7916767,3,fixation_after,170,110492127696200,0,0,16,2778,1696015096,1696015096,2,159859,159487,161281,163213,1399477,840279,1425062,426069,123593,122743,125766,125806,1220678,1232258,1742814,978882,1,0,
2778,110492136093900,2.7916767,3,fixation_after,170,110492127696200,0,0,16,2779,1696016100,1696016100,2,159919,159530,161324,163255,1399519,840319,1425097,426115,123652,122795,125822,125849,1220723,1232297,1742850,978922,1,0,
2779,110492143191800,2.7987746,3,fixation_after,170,110492127696200,0,0,16,2780,1696017105,1696017105,2,160101,159701,161505,163421,1399681,840478,1425263,426286,123840,122971,126005,126021,1220886,1232468,1743013,979107,1,0,
2780,110492143191800,2.7987746,3,fixation_after,170,110492127696200,0,0,16,2781,1696018110,1696018110,2,160124,159738,161544,163456,1399703,840499,1425293,426302,123877,123018,126043,126064,1220903,1232490,1743024,979119,1,0,
2781,110492143191800,2.7987746,3,fixation_after,170,110492127696200,0,0,16,2782,1696019115,1696019115,2,159709,159387,161214,163117,1399354,840153,1424924,425909,123458,122638,125689,125708,1220543,1232110,1742635,978695,1,0,
2782,110492143191800,2.7987746,3,fixation_after,170,110492127696200,0,0,16,2783,1696020119,1696020119,2,159703,159413,161231,163134,1399383,840192,1424963,425935,123451,122633,125704,125718,1220579,1232144,1742654,978720,1,0,
2783,110492143191800,2.7987746,3,fixation_after,170,110492127696200,0,0,16,2784,1696021124,1696021124,2,159839,159546,161356,163259,1399534,840340,1425118,426090,123598,122756,125823,125853,1220748,1232306,1742816,978895,1,0,
2784,110492143191800,2.7987746,3,fixation_after,170,110492127696200,0,0,16,2785,1696022129,1696022129,2,159974,159663,161478,163390,1399679,840477,1425261,426250,123738,122887,125948,125978,1220905,1232476,1742981,979068,1,0,
2785,110492143191800,2.7987746,3,fixation_after,170,110492127696200,0,0,16,2786,1696023133,1696023133,2,160068,159747,161551,163471,1399768,840566,1425361,426343,123831,122974,126033,126056,1221003,1232578,1743082,979186,1,0,
2786,110492150187600,2.8057704,3,fixation_after,170,110492127696200,0,0,16,2787,1696024138,1696024138,2,160137,159803,161594,163509,1399822,840614,1425423,426404,123899,123035,126080,126114,1221065,1232639,1743148,979262,1,0,
2787,110492150187600,2.8057704,3,fixation_after,170,110492127696200,0,0,16,2788,1696025143,1696025143,2,160302,159944,161741,163642,1399953,840748,1425568,426555,124059,123190,126229,126254,1221213,1232789,1743308,979435,1,0,
2788,110492150187600,2.8057704,3,fixation_after,170,110492127696200,0,0,16,2789,1696026147,1696026147,2,160318,159947,161748,163659,1399955,840752,1425568,426548,124069,123214,126254,126261,1221214,1232788,1743316,979450,1,0,
2789,110492150187600,2.8057704,3,fixation_after,170,110492127696200,0,0,16,2790,1696027152,1696027152,2,160116,159767,161566,163497,1399779,840570,1425371,426346,123866,123038,126065,126081,1221024,1232598,1743114,979250,1,0,
2790,110492150187600,2.8057704,3,fixation_after,170,110492127696200,0,0,16,2791,1696028157,1696028157,2,160128,159776,161562,163503,1399777,840571,1425366,426336,123856,123036,126066,126089,1221028,1232604,1743124,979266,1,0,
2791,110492150187600,2.8057704,3,fixation_after,170,110492127696200,0,0,16,2792,1696029162,1696029162,2,160156,159791,161581,163517,1399791,840576,1425389,426354,123884,123068,126088,126119,1221039,1232615,1743143,979286,1,0,
2792,110492150187600,2.8057704,3,fixation_after,170,110492127696200,0,0,16,2793,1696030166,1696030166,2,160135,159766,161553,163485,1399761,840543,1425358,426321,123869,123058,126068,126097,1221014,1232591,1743113,979263,1,0,
2793,110492157198800,2.8127816,3,fixation_after,170,110492127696200,0,0,16,2794,1696031171,1696031171,2,160175,159798,161585,163514,1399788,840568,1425384,426341,123909,123084,126101,126133,1221044,1232624,1743130,979289,1,0,
2794,110492157198800,2.8127816,3,fixation_after,170,110492127696200,0,0,16,2795,1696032175,1696032175,2,160209,159824,161603,163539,1399809,840581,1425401,426361,123951,123098,126134,126148,1221054,1232628,1743136,979299,1,0,
2795,110492157198800,2.8127816,3,fixation_after,170,110492127696200,0,0,16,2796,1696033180,1696033180,2,160118,159738,161511,163446,1399704,840479,1425279,426253,123859,122999,126041,126039,1220928,1232508,1743007,979162,1,0,
2796,110492157198800,2.8127816,3,fixation_after,170,110492127696200,0,0,16,2797,1696034185,1696034185,2,159978,159606,161388,163315,1399564,840331,1425132,426103,123714,122867,125898,125889,1220774,1232341,1742834,978983,1,0,
2797,110492157198800,2.8127816,3,fixation_after,170,110492127696200,0,0,16,2798,1696035189,1696035189,2,159905,159537,161317,163246,1399483,840254,1425056,426016,123640,122801,125811,125811,1220693,1232257,1742744,978889,1,0,
2798,110492157198800,2.8127816,3,fixation_after,170,110492127696200,0,0,16,2799,1696036194,1696036194,2,159956,159591,161371,163293,1399529,840293,1425102,426058,123709,122853,125873,125873,1220733,1232299,1742786,978932,1,0,
2799,110492157198800,2.8127816,3,fixation_after,170,110492127696200,0,0,16,2800,1696037199,1696037199,2,160145,159763,161551,163451,1399688,840453,1425269,426226,123889,123029,126056,126056,1220895,1232456,1742952,979115,1,0,
2800,110492164215700,2.8197985,3,fixation_after,171,110492159482600,0,0,16,2801,1696038203,1696038203,2,160162,159778,161572,163468,1399698,840461,1425274,426232,123900,123063,126081,126081,1220901,1232461,1742952,979115,1,0,
2801,110492164215700,2.8197985,3,fixation_after,171,110492159482600,0,0,16,2802,1696039208,1696039208,2,159753,159421,161214,163136,1399352,840107,1424909,425848,123489,122691,125713,125713,1220529,1232083,1742545,978689,1,0,
2802,110492164215700,2.8197985,3,fixation_after,171,110492159482600,0,0,16,2803,1696040213,1696040213,2,159768,159450,161257,163166,1399413,840158,1424962,425885,123503,122718,125729,125759,1220588,1232134,1742591,978736,1,0,
2803,110492164215700,2.8197985,3,fixation_after,171,110492159482600,0,0,16,2804,1696041218,1696041218,2,159908,159574,161389,163285,1399564,840304,1425119,426048,123645,122848,125861,125898,1220758,1232306,1742755,978913,1,0,
2804,110492164215700,2.8197985,3,fixation_after,171,110492159482600,0,0,16,2805,1696042222,1696042222,2,160037,159684,161489,163384,1399684,840441,1425256,426181,123765,122966,125978,126017,1220898,1232446,1742905,979068,1,0,
2805,110492164215700,2.8197985,3,fixation_after,171,110492159482600,0,0,16,2806,1696043227,1696043227,2,160116,159746,161557,163438,1399750,840508,1425333,426254,123838,123029,126041,126068,1220969,1232529,1742987,979159,1,0,
2806,110492164215700,2.8197985,3,fixation_after,171,110492159482600,0,0,16,2807,1696044232,1696044232,2,160181,159793,161600,163476,1399801,840556,1425384,426314,123889,123086,126089,126109,1221028,1232584,1743043,979236,1,0,
2807,110492171227100,2.8268099,3,fixation_after,171,110492159482600,0,0,16,2808,1696045236,1696045236,2,160351,159932,161736,163621,1399931,840698,1425524,426463,124049,123242,126241,126257,1221181,1232731,1743199,979413,1,0,
2808,110492171227100,2.8268099,3,fixation_after,171,110492159482600,0,0,16,2809,1696046241,1696046241,2,160339,159910,161732,163609,1399911,840674,1425496,426447,124045,123228,126234,126257,1221156,1232711,1743183,979399,1,0,
2809,110492171227100,2.8268099,3,fixation_after,171,110492159482600,0,0,16,2810,1696047246,1696047246,2,160127,159709,161534,163425,1399714,840472,1425289,426227,123826,123028,126038,126064,1220950,1232506,1742973,979180,1,0,
2810,110492171227100,2.8268099,3,fixation_after,171,110492159482600,0,0,16,2811,1696048250,1696048250,2,160142,159717,161549,163443,1399716,840473,1425299,426225,123831,123035,126052,126071,1220954,1232518,1742983,979204,1,0,
2811,110492171227100,2.8268099,3,fixation_after,171,110492159482600,0,0,16,2812,1696049255,1696049255,2,160163,159731,161559,163459,1399719,840482,1425306,426233,123853,123047,126071,126084,1220967,1232523,1742991,979222,1,0,
2812,110492171227100,2.8268099,3,fixation_after,171,110492159482600,0,0,16,2813,1696050259,1696050259,2,160118,159691,161523,163416,1399676,840427,1425259,426184,123818,123011,126041,126055,1220920,1232482,1742941,979173,1,0,
2813,110492171227100,2.8268099,3,fixation_after,171,110492159482600,0,0,16,2814,1696051264,1696051264,2,160152,159733,161559,163446,1399703,840453,1425286,426210,123858,123044,126087,126088,1220948,1232506,1742970,979207,1,0,
2814,110492178261300,2.8338441,3,fixation_after,173,110492176821000,0,0,16,2815,1696052268,1696052268,2,160180,159769,161588,163463,1399720,840468,1425302,426231,123891,123073,126108,126116,1220957,1232513,1742969,979203,1,0,
2815,110492178261300,2.8338441,3,fixation_after,173,110492176821000,0,0,16,2816,1696053273,1696053273,2,160068,159658,161482,163361,1399604,840341,1425173,426104,123781,122963,126000,125989,1220821,1232371,1742812,979051,1,0,
2816,110492178261300,2.8338441,3,fixation_after,173,110492176821000,0,0,16,2817,1696054277,1696054277,2,159917,159501,161334,163226,1399451,840184,1425008,425933,123632,122824,125845,125834,1220646,1232193,1742641,978866,1,0,
2817,110492178261300,2.8338441,3,fixation_after,173,110492176821000,0,0,16,2818,1696055282,1696055282,2,159847,159427,161267,163169,1399376,840110,1424926,425855,123573,122760,125778,125768,1220566,1232103,1742552,978773,1,0,
2818,110492178261300,2.8338441,3,fixation_after,173,110492176821000,0,0,16,2819,1696056287,1696056287,2,159895,159472,161306,163211,1399412,840147,1424971,425891,123633,122808,125824,125816,1220605,1232142,1742585,978809,1,0,
2819,110492178261300,2.8338441,3,fixation_after,173,110492176821000,0,0,16,2820,1696057291,1696057291,2,160086,159648,161475,163377,1399573,840313,1425148,426067,123825,122981,125999,125990,1220771,1232311,1742753,978993,1,0,
2820,110492178261300,2.8338441,3,fixation_after,173,110492176821000,0,0,16,2821,1696058296,1696058296,2,160097,159667,161500,163408,1399579,840328,1425155,426073,123854,123001,126036,126018,1220778,1232319,1742748,978999,1,0,
2821,110492185162900,2.8407457,3,fixation_after,173,110492176821000,0,0,16,2822,1696059300,1696059300,2,159693,159309,161168,163089,1399248,839986,1424797,425688,123451,122623,125694,125668,1220416,1231948,1742359,978584,1,0,
2822,110492185162900,2.8407457,3,fixation_after,173,110492176821000,0,0,16,2823,1696060305,1696060305,2,159728,159351,161202,163135,1399315,840048,1424859,425741,123472,122658,125731,125720,1220484,1232014,1742422,978646,1,0,
2823,110492185162900,2.8407457,3,fixation_after,173,110492176821000,0,0,16,2824,1696061310,1696061310,2,159871,159497,161349,163271,1399478,840204,1425026,425919,123628,122806,125874,125876,1220663,1232193,1742598,978835,1,0,
2824,110492185162900,2.8407457,3,fixation_after,173,110492176821000,0,0,16,2825,1696062314,1696062314,2,160005,159607,161461,163376,1399606,840336,1425166,426053,123746,122929,125983,125996,1220814,1232339,1742745,978998,1,0,
2825,110492185162900,2.8407457,3,fixation_after,173,110492176821000,0,0,16,2826,1696063319,1696063319,2,160088,159665,161523,163436,1399673,840412,1425248,426139,123823,123011,126041,126077,1220894,1232427,1742829,979093,1,0,
2826,110492185162900,2.8407457,3,fixation_after,173,110492176821000,0,0,16,2827,1696064324,1696064324,2,160158,159736,161581,163495,1399737,840473,1425311,426213,123893,123079,126109,126143,1220964,1232495,1742906,979178,1,0,
2827,110492185162900,2.8407457,3,fixation_after,173,110492176821000,0,0,16,2828,1696065328,1696065328,2,160309,159874,161714,163617,1399867,840600,1425444,426351,124056,123224,126250,126279,1221105,1232638,1743059,979343,1,0,
2828,110492192317600,2.8479004,3,fixation_after,174,110492190854700,0,0,16,2829,1696066333,1696066333,2,160310,159869,161703,163593,1399836,840587,1425420,426326,124055,123221,126243,126273,1221088,1232624,1743043,979337,1,0,
2829,110492192317600,2.8479004,3,fixation_after,174,110492190854700,0,0,16,2830,1696067337,1696067337,2,160110,159684,161523,163418,1399638,840393,1425220,426116,123843,123026,126056,126074,1220891,1232420,1742826,979124,1,0,
2830,110492192317600,2.8479004,3,fixation_after,174,110492190854700,0,0,16,2831,1696068342,1696068342,2,160126,159694,161537,163433,1399655,840400,1425236,426123,123856,123044,126066,126080,1220904,1232440,1742839,979149,1,0,
2831,110492192317600,2.8479004,3,fixation_after,174,110492190854700,0,0,16,2832,1696069347,1696069347,2,160137,159697,161537,163439,1399657,840399,1425229,426109,123865,123054,126074,126073,1220904,1232433,1742845,979161,1,0,
2832,110492192317600,2.8479004,3,fixation_after,174,110492190854700,0,0,16,2833,1696070351,1696070351,2,160111,159666,161511,163408,1399623,840372,1425191,426083,123845,123035,126058,126052,1220869,1232405,1742816,979133,1,0,
2833,110492192317600,2.8479004,3,fixation_after,174,110492190854700,0,0,16,2834,1696071356,1696071356,2,160142,159702,161537,163433,1399640,840390,1425219,426111,123868,123071,126098,126088,1220893,1232426,1742831,979149,1,0,
2834,110492192317600,2.8479004,3,fixation_after,174,110492190854700,0,0,16,2835,1696072361,1696072361,2,160178,159738,161556,163437,1399654,840406,1425236,426122,123883,123094,126113,126103,1220898,1232430,1742832,979146,1,0,
2835,110492199092900,2.8546757,3,fixation_after,174,110492190854700,0,0,16,2836,1696073365,1696073365,2,160074,159634,161452,163324,1399534,840287,1425109,425995,123773,122984,125999,125996,1220764,1232299,1742683,978992,1,0,
2836,110492199092900,2.8546757,3,fixation_after,174,110492190854700,0,0,16,2837,1696074370,1696074370,2,159908,159479,161301,163168,1399370,840116,1424933,425818,123604,122821,125843,125835,1220574,1232113,1742491,978790,1,0,
2837,110492199092900,2.8546757,3,fixation_after,174,110492190854700,0,0,16,2838,1696075375,1696075375,2,159836,159417,161238,163109,1399304,840044,1424859,425738,123538,122746,125772,125773,1220504,1232026,1742401,978702,1,0,
2838,110492199092900,2.8546757,3,fixation_after,174,110492190854700,0,0,16,2839,1696076380,1696076380,2,159901,159474,161289,163157,1399348,840086,1424901,425790,123601,122794,125826,125841,1220556,1232068,1742440,978754,1,0,
2839,110492199092900,2.8546757,3,fixation_after,174,110492190854700,0,0,16,2840,1696077384,1696077384,2,160089,159635,161458,163318,1399505,840249,1425061,425953,123794,122968,126005,126028,1220713,1232232,1742608,978928,1,0,
2840,110492199092900,2.8546757,3,fixation_after,174,110492190854700,0,0,16,2841,1696078389,1696078389,2,160089,159650,161489,163345,1399519,840264,1425079,425959,123823,122982,126022,126045,1220714,1232237,1742609,978926,1,0,
2841,110492199092900,2.8546757,3,fixation_after,174,110492190854700,0,0,16,2842,1696079394,1696079394,2,159683,159285,161161,163031,1399181,839924,1424731,425580,123423,122609,125661,125696,1220361,1231869,1742220,978513,1,0,
2842,110492206465500,2.8620483,3,fixation_after,174,110492190854700,0,0,16,2843,1696080399,1696080399,2,159698,159316,161198,163077,1399239,839986,1424786,425628,123437,122639,125697,125740,1220419,1231936,1742277,978571,1,0,
2843,110492206465500,2.8620483,3,fixation_after,175,110492206849200,0,0,16,2844,1696081403,1696081403,2,159840,159463,161325,163213,1399401,840148,1424953,425794,123574,122776,125843,125890,1220596,1232109,1742449,978758,1,0,
2844,110492206465500,2.8620483,3,fixation_after,175,110492206849200,0,0,16,2845,1696082408,1696082408,2,159976,159596,161447,163328,1399540,840283,1425101,425942,123711,122898,125974,126011,1220745,1232257,1742603,978922,1,0,
2845,110492206465500,2.8620483,3,fixation_after,175,110492206849200,0,0,16,2846,1696083413,1696083413,2,160055,159663,161506,163391,1399611,840369,1425186,426028,123796,122974,126044,126082,1220833,1232339,1742694,979025,1,0,
2846,110492206465500,2.8620483,3,fixation_after,175,110492206849200,0,0,16,2847,1696084418,1696084418,2,160129,159711,161567,163449,1399664,840431,1425253,426098,123867,123036,126098,126140,1220897,1232412,1742764,979113,1,0,
2847,110492206465500,2.8620483,3,fixation_after,175,110492206849200,0,0,16,2848,1696085423,1696085423,2,160306,159871,161721,163584,1399811,840566,1425407,426261,124036,123203,126249,126298,1221050,1232576,1742931,979297,1,0,
2848,110492206465500,2.8620483,3,fixation_after,175,110492206849200,0,0,16,2849,1696086427,1696086427,2,160293,159867,161718,163572,1399798,840551,1425388,426239,124028,123208,126243,126290,1221047,1232561,1742914,979294,1,0,
2849,110492213210400,2.8687932,3,fixation_after,175,110492206849200,0,0,16,2850,1696087432,1696087432,2,160089,159696,161546,163394,1399610,840370,1425189,426029,123825,123015,126070,126106,1220849,1232378,1742713,979089,1,0,
2850,110492213210400,2.8687932,3,fixation_after,175,110492206849200,0,0,16,2851,1696088437,1696088437,2,160124,159731,161586,163433,1399640,840394,1425216,426056,123861,123051,126108,126134,1220879,1232412,1742751,979128,1,0,
2851,110492213210400,2.8687932,3,fixation_after,175,110492206849200,0,0,16,2852,1696089442,1696089442,2,160131,159739,161596,163443,1399645,840393,1425216,426066,123883,123078,126129,126136,1220889,1232413,1742757,979140,1,0,
2852,110492213210400,2.8687932,3,fixation_after,175,110492206849200,0,0,16,2853,1696090447,1696090447,2,160107,159716,161571,163429,1399620,840371,1425191,426042,123875,123056,126111,126111,1220860,1232389,1742726,979111,1,0,
2853,110492213210400,2.8687932,3,fixation_after,175,110492206849200,0,0,16,2854,1696091451,1696091451,2,160152,159755,161596,163464,1399653,840393,1425218,426073,123917,123097,126144,126144,1220888,1232424,1742754,979148,1,0,
2854,110492213210400,2.8687932,3,fixation_after,175,110492206849200,0,0,16,2855,1696092456,1696092456,2,160167,159777,161609,163481,1399658,840401,1425218,426078,123933,123116,126162,126151,1220888,1232419,1742748,979138,1,0,
2855,110492213210400,2.8687932,3,fixation_after,175,110492206849200,0,0,16,2856,1696093461,1696093461,2,160048,159664,161496,163371,1399528,840277,1425083,425941,123814,122999,126034,126023,1220740,1232273,1742586,978986,1,0,
2856,110492220257700,2.8758405,3,fixation_after,175,110492206849200,0,0,16,2857,1696094466,1696094466,2,159897,159516,161356,163246,1399369,840123,1424923,425774,123664,122852,125878,125860,1220572,1232099,1742398,978793,1,0,
2857,110492220257700,2.8758405,3,fixation_after,175,110492206849200,0,0,16,2858,1696095470,1696095470,2,159833,159446,161280,163174,1399291,840040,1424844,425690,123594,122786,125803,125799,1220491,1232016,1742312,978698,1,0,
2858,110492220257700,2.8758405,3,fixation_after,175,110492206849200,0,0,16,2859,1696096475,1696096475,2,159898,159497,161346,163224,1399341,840086,1424892,425739,123653,122858,125862,125863,1220533,1232065,1742357,978746,1,0,
2859,110492220257700,2.8758405,3,fixation_after,175,110492206849200,0,0,16,2860,1696097480,1696097480,2,160087,159666,161514,163391,1399502,840250,1425058,425912,123826,123045,126041,126031,1220703,1232224,1742518,978918,1,0,
2860,110492220257700,2.8758405,3,fixation_after,175,110492206849200,0,0,16,2861,1696098485,1696098485,2,160082,159677,161513,163399,1399506,840247,1425053,425905,123821,123044,126043,126040,1220694,1232207,1742501,978899,1,0,
2861,110492220257700,2.8758405,3,fixation_after,175,110492206849200,0,0,16,2862,1696099489,1696099489,2,159680,159339,161168,163070,1399174,839907,1424698,425526,123427,122669,125688,125694,1220338,1231844,1742118,978490,1,0,
2862,110492220257700,2.8758405,3,fixation_after,175,110492206849200,0,0,16,2863,1696100494,1696100494,2,159709,159379,161214,163121,1399226,839973,1424759,425578,123445,122699,125725,125733,1220405,1231914,1742178,978542,1,0,
2863,110492227356200,2.882939,3,fixation_after,176,110492225464500,0,0,16,2864,1696101499,1696101499,2,159848,159519,161340,163241,1399380,840126,1424926,425738,123579,122830,125864,125865,1220566,1232083,1742342,978719,1,0,
2864,110492227356200,2.882939,3,fixation_after,176,110492225464500,0,0,16,2865,1696102503,1696102503,2,159989,159649,161463,163359,1399527,840274,1425067,425891,123715,122959,125986,125996,1220727,1232240,1742508,978893,1,0,
2865,110492227356200,2.882939,3,fixation_after,176,110492225464500,0,0,16,2866,1696103508,1696103508,2,160086,159729,161537,163429,1399607,840355,1425162,425986,123816,123044,126057,126076,1220827,1232336,1742609,979009,1,0,
2866,110492227356200,2.882939,3,fixation_after,176,110492225464500,0,0,16,2867,1696104512,1696104512,2,160163,159786,161590,163487,1399664,840416,1425231,426053,123897,123116,126118,126137,1220896,1232411,1742678,979100,1,0,
2867,110492227356200,2.882939,3,fixation_after,176,110492225464500,0,0,16,2868,1696105517,1696105517,2,160323,159924,161736,163626,1399800,840557,1425376,426198,124057,123274,126269,126291,1221037,1232560,1742835,979271,1,0,
2868,110492227356200,2.882939,3,fixation_after,176,110492225464500,0,0,16,2869,1696106522,1696106522,2,160315,159906,161716,163603,1399769,840530,1425349,426173,124051,123246,126263,126276,1221004,1232532,1742807,979249,1,0,
2869,110492227356200,2.882939,3,fixation_after,176,110492225464500,0,0,16,2870,1696107526,1696107526,2,160128,159719,161543,163427,1399583,840344,1425153,425971,123868,123049,126076,126084,1220816,1232346,1742603,979043,1,0,
2870,110492234312600,2.8898954,3,fixation_after,176,110492225464500,0,0,16,2871,1696108531,1696108531,2,160153,159736,161569,163440,1399591,840356,1425161,425982,123893,123068,126096,126095,1220841,1232365,1742626,979078,1,0,
2871,110492234312600,2.8898954,3,fixation_after,176,110492225464500,0,0,16,2872,1696109536,1696109536,2,160157,159738,161579,163444,1399589,840354,1425154,425983,123916,123079,126119,126097,1220836,1232369,1742631,979084,1,0,
2872,110492234312600,2.8898954,3,fixation_after,176,110492225464500,0,0,16,2873,1696110541,1696110541,2,160146,159729,161569,163430,1399568,840329,1425135,425960,123908,123064,126107,126087,1220813,1232342,1742601,979059,1,0,
2873,110492234312600,2.8898954,3,fixation_after,176,110492225464500,0,0,16,2874,1696111546,1696111546,2,160183,159766,161602,163464,1399594,840353,1425164,425991,123941,123104,126141,126136,1220839,1232370,1742622,979098,1,0,
2874,110492234312600,2.8898954,3,fixation_after,176,110492225464500,0,0,16,2875,1696112550,1696112550,2,160224,159803,161629,163485,1399611,840375,1425186,426008,123976,123144,126168,126161,1220847,1232376,1742629,979106,1,0,
2875,110492234312600,2.8898954,3,fixation_after,176,110492225464500,0,0,16,2876,1696113555,1696113555,2,160109,159703,161527,163375,1399501,840256,1425060,425884,123879,123029,126053,126051,1220714,1232237,1742477,978953,1,0,
2876,110492234312600,2.8898954,3,fixation_after,176,110492225464500,0,0,16,2877,1696114560,1696114560,2,159954,159561,161389,163239,1399356,840107,1424899,425717,123731,122879,125906,125901,1220549,1232065,1742301,978758,1,0,
2877,110492241331700,2.8969145,3,fixation_after,176,110492225464500,0,0,16,2878,1696115564,1696115564,2,159887,159488,161321,163182,1399279,840033,1424825,425640,123671,122813,125837,125833,1220478,1231988,1742226,978668,1,0,
2878,110492241331700,2.8969145,3,fixation_after,176,110492225464500,0,0,16,2879,1696116569,1696116569,2,159946,159531,161363,163243,1399318,840074,1424866,425685,123729,122865,125887,125890,1220511,1232026,1742264,978714,1,0,
2879,110492241331700,2.8969145,3,fixation_after,176,110492225464500,0,0,16,2880,1696117574,1696117574,2,160124,159697,161524,163401,1399461,840218,1425027,425841,123906,123031,126053,126059,1220664,1232175,1742408,978880,1,0,
2880,110492241331700,2.8969145,3,fixation_after,176,110492225464500,0,0,16,2881,1696118579,1696118579,2,160108,159691,161501,163404,1399448,840201,1425009,425811,123889,123019,126038,126052,1220641,1232150,1742372,978853,1,0,
2881,110492241331700,2.8969145,3,fixation_after,176,110492225464500,0,0,16,2882,1696119583,1696119583,2,159703,159346,161164,163083,1399116,839867,1424647,425433,123488,122652,125695,125711,1220279,1231789,1741991,978438,1,0,
2882,110492241331700,2.8969145,3,fixation_after,176,110492225464500,0,0,16,2883,1696120588,1696120588,2,159748,159403,161219,163139,1399183,839937,1424726,425502,123527,122687,125752,125771,1220356,1231871,1742066,978512,1,0,
2883,110492241331700,2.8969145,3,fixation_after,177,110492241590900,0,0,16,2884,1696121593,1696121593,2,159878,159534,161342,163263,1399322,840086,1424888,425653,123662,122808,125886,125903,1220524,1232032,1742228,978685,1,0,
2884,110492248168300,2.9037511,3,fixation_after,177,110492241590900,0,0,16,2885,1696122597,1696122597,2,160007,159648,161451,163370,1399455,840221,1425024,425791,123788,122924,126011,126006,1220677,1232178,1742378,978854,1,0,
2885,110492248168300,2.9037511,3,fixation_after,177,110492241590900,0,0,16,2886,1696123602,1696123602,2,160089,159708,161518,163429,1399532,840289,1425101,425871,123853,122996,126079,126060,1220756,1232265,1742461,978949,1,0,
2886,110492248168300,2.9037511,3,fixation_after,177,110492241590900,0,0,16,2887,1696124607,1696124607,2,160158,159769,161572,163481,1399589,840338,1425161,425941,123918,123053,126130,126108,1220806,1232323,1742521,979028,1,0,
2887,110492248168300,2.9037511,3,fixation_after,177,110492241590900,0,0,16,2888,1696125612,1696125612,2,160322,159922,161723,163616,1399728,840479,1425302,426094,124084,123212,126282,126266,1220959,1232481,1742676,979206,1,0,
2888,110492248168300,2.9037511,3,fixation_after,177,110492241590900,0,0,16,2889,1696126616,1696126616,2,160293,159893,161688,163581,1399683,840442,1425254,426040,124059,123189,126265,126236,1220924,1232449,1742643,979171,1,0,
2889,110492248168300,2.9037511,3,fixation_after,177,110492241590900,0,0,16,2890,1696127621,1696127621,2,160092,159703,161504,163409,1399495,840252,1425056,425839,123862,123006,126083,126061,1220733,1232252,1742449,978972,1,0,
2890,110492248168300,2.9037511,3,fixation_after,177,110492241590900,0,0,16,2891,1696128626,1696128626,2,160135,159733,161553,163452,1399528,840281,1425094,425874,123882,123046,126118,126097,1220768,1232278,1742488,979022,1,0,
2891,110492255269300,2.9108521,3,fixation_after,177,110492241590900,0,0,16,2892,1696129631,1696129631,2,160146,159741,161561,163468,1399536,840288,1425092,425873,123893,123074,126128,126111,1220773,1232286,1742496,979035,1,0,
2892,110492255269300,2.9108521,3,fixation_after,177,110492241590900,0,0,16,2893,1696130636,1696130636,2,160131,159729,161551,163457,1399518,840269,1425073,425848,123883,123084,126113,126104,1220757,1232271,1742471,979006,1,0,
2893,110492255269300,2.9108521,3,fixation_after,177,110492241590900,0,0,16,2894,1696131640,1696131640,2,160178,159778,161605,163501,1399546,840306,1425112,425885,123931,123136,126163,126149,1220791,1232314,1742501,979050,1,0,
2894,110492255269300,2.9108521,3,fixation_after,177,110492241590900,0,0,16,2895,1696132645,1696132645,2,160209,159795,161620,163512,1399561,840311,1425114,425893,123949,123151,126179,126153,1220789,1232307,1742493,979044,1,0,
2895,110492255269300,2.9108521,3,fixation_after,177,110492241590900,0,0,16,2896,1696133650,1696133650,2,160069,159670,161493,163388,1399425,840167,1424967,425745,123809,123024,126052,126009,1220636,1232140,1742321,978866,1,0,
2896,110492255269300,2.9108521,3,fixation_after,177,110492241590900,0,0,16,2897,1696134655,1696134655,2,159906,159517,161342,163242,1399264,840005,1424799,425573,123634,122865,125892,125851,1220457,1231957,1742137,978668,1,0,
2897,110492255269300,2.9108521,3,fixation_after,177,110492241590900,0,0,16,2898,1696135660,1696135660,2,159838,159453,161271,163167,1399189,839935,1424718,425494,123566,122794,125822,125779,1220374,1231874,1742052,978581,1,0,
2898,110492262327100,2.9179099,3,fixation_after,178,110492260632100,0,0,16,2899,1696136664,1696136664,2,159910,159528,161339,163234,1399246,839997,1424785,425555,123633,122864,125886,125855,1220437,1231938,1742112,978649,1,0,
2899,110492262327100,2.9179099,3,fixation_after,178,110492260632100,0,0,16,2900,1696137669,1696137669,2,160099,159706,161519,163413,1399406,840157,1424963,425731,123829,123059,126061,126036,1220608,1232104,1742274,978827,1,0,
2900,110492262327100,2.9179099,3,fixation_after,178,110492260632100,0,0,16,2901,1696138674,1696138674,2,160079,159689,161504,163406,1399384,840136,1424928,425710,123828,123048,126039,126025,1220575,1232071,1742235,978788,1,0,
2901,110492262327100,2.9179099,3,fixation_after,178,110492260632100,0,0,16,2902,1696139679,1696139679,2,159671,159326,161146,163070,1399038,839785,1424559,425314,123416,122674,125670,125664,1220196,1231698,1741845,978368,1,0,
2902,110492262327100,2.9179099,3,fixation_after,178,110492260632100,0,0,16,2903,1696140684,1696140684,2,159713,159369,161201,163129,1399107,839849,1424636,425371,123451,122717,125720,125722,1220277,1231771,1741920,978433,1,0,
2903,110492262327100,2.9179099,3,fixation_after,178,110492260632100,0,0,16,2904,1696141689,1696141689,2,159844,159492,161316,163251,1399256,840004,1424785,425527,123587,122839,125841,125854,1220446,1231939,1742077,978606,1,0,
2904,110492262327100,2.9179099,3,fixation_after,178,110492260632100,0,0,16,2905,1696142693,1696142693,2,159962,159599,161414,163349,1399379,840132,1424916,425662,123699,122940,125951,125964,1220576,1232075,1742221,978763,1,0,
2905,110492269215400,2.9247982,3,fixation_after,178,110492260632100,0,0,16,2906,1696143698,1696143698,2,160041,159669,161476,163397,1399447,840206,1424994,425744,123761,123001,126016,126034,1220658,1232156,1742309,978863,1,0,
2906,110492269215400,2.9247982,3,fixation_after,178,110492260632100,0,0,16,2907,1696144703,1696144703,2,160123,159745,161534,163461,1399504,840266,1425068,425814,123840,123055,126084,126096,1220733,1232223,1742377,978941,1,0,
2907,110492269215400,2.9247982,3,fixation_after,178,110492260632100,0,0,16,2908,1696145708,1696145708,2,160280,159878,161648,163585,1399623,840387,1425195,425953,124011,123200,126206,126234,1220864,1232366,1742515,979101,1,0,
2908,110492269215400,2.9247982,3,fixation_after,178,110492260632100,0,0,16,2909,1696146713,1696146713,2,160249,159838,161611,163548,1399583,840347,1425149,425905,123980,123177,126165,126196,1220820,1232326,1742471,979067,1,0,
2909,110492269215400,2.9247982,3,fixation_after,178,110492260632100,0,0,16,2910,1696147718,1696147718,2,160055,159664,161444,163386,1399399,840166,1424956,425697,123787,122991,125991,126031,1220638,1232137,1742275,978868,1,0,
2910,110492269215400,2.9247982,3,fixation_after,178,110492260632100,0,0,16,2911,1696148723,1696148723,2,160089,159699,161476,163404,1399421,840181,1424981,425714,123811,123013,126016,126069,1220662,1232164,1742305,978908,1,0,
2911,110492269215400,2.9247982,3,fixation_after,178,110492260632100,0,0,16,2912,1696149728,1696149728,2,160089,159693,161479,163404,1399413,840174,1424980,425712,123812,123023,126016,126069,1220660,1232165,1742306,978911,1,0,
2912,110492276331500,2.9319143,3,fixation_after,178,110492260632100,0,0,16,2913,1696150733,1696150733,2,160068,159664,161453,163379,1399377,840149,1424948,425681,123786,122993,126000,126053,1220624,1232127,1742274,978878,1,0,
2913,110492276331500,2.9319143,3,fixation_after,178,110492260632100,0,0,16,2914,1696151738,1696151738,2,160124,159704,161501,163413,1399414,840183,1424977,425710,123828,123032,126050,126094,1220655,1232156,1742301,978911,1,0,
2914,110492276331500,2.9319143,3,fixation_after,178,110492260632100,0,0,16,2915,1696152742,1696152742,2,160140,159719,161519,163430,1399426,840192,1424982,425713,123847,123041,126076,126106,1220656,1232150,1742293,978896,1,0,
2915,110492276331500,2.9319143,3,fixation_after,178,110492260632100,0,0,16,2916,1696153747,1696153747,2,160008,159596,161397,163312,1399293,840061,1424842,425571,123718,122915,125952,125973,1220503,1231997,1742130,978736,1,0,
2916,110492276331500,2.9319143,3,fixation_after,178,110492260632100,0,0,16,2917,1696154752,1696154752,2,159856,159440,161245,163158,1399129,839889,1424669,425402,123548,122757,125796,125793,1220324,1231812,1741939,978539,1,0,
2917,110492276331500,2.9319143,3,fixation_after,178,110492260632100,0,0,16,2918,1696155757,1696155757,2,159794,159366,161177,163086,1399051,839811,1424588,425321,123472,122691,125739,125736,1220243,1231726,1741846,978446,1,0,
2918,110492276331500,2.9319143,3,fixation_after,178,110492260632100,0,0,16,2919,1696156762,1696156762,2,159868,159431,161234,163145,1399102,839863,1424639,425371,123552,122756,125801,125798,1220299,1231778,1741898,978506,1,0,
2919,110492292218500,2.9478013,8,finished,180,110492278078000,0,0,16,2920,1696157767,1696157767,2,160041,159598,161384,163303,1399242,840011,1424786,425524,123725,122933,125951,125958,1220446,1231933,1742051,978666,1,0,
2920,110492292218500,2.9478013,8,finished,180,110492278078000,0,0,16,2921,1696158771,1696158771,2,159981,159553,161350,163272,1399197,839966,1424740,425474,123676,122914,125913,125924,1220396,1231867,1741979,978593,1,0,
2921,110492292218500,2.9478013,8,finished,180,110492278078000,0,0,16,2922,1696159776,1696159776,2,159581,159193,161029,162951,1398869,839637,1424391,425101,123283,122544,125548,125587,1220047,1231517,1741603,978196,1,0,
2922,110492292218500,2.9478013,8,finished,180,110492278078000,0,0,16,2923,1696160781,1696160781,2,159637,159266,161112,163023,1398956,839723,1424479,425181,123341,122594,125614,125668,1220147,1231615,1741696,978289,1,0,
2923,110492292218500,2.9478013,8,finished,180,110492278078000,0,0,16,2924,1696161786,1696161786,2,159776,159396,161248,163160,1399108,839888,1424655,425341,123473,122723,125753,125812,1220321,1231790,1741868,978472,1,0,
2924,110492292218500,2.9478013,8,finished,180,110492278078000,0,0,16,2925,1696162791,1696162791,2,159925,159512,161377,163267,1399246,840021,1424802,425488,123611,122843,125875,125938,1220464,1231944,1742023,978648,1,0,
2925,110492292218500,2.9478013,8,finished,180,110492278078000,0,0,16,2926,1696163796,1696163796,2,160004,159578,161443,163321,1399314,840094,1424869,425571,123693,122924,125934,125989,1220546,1232019,1742108,978741,1,0,
